%time,field.linear.x,field.linear.y,field.linear.z,field.angular.x,field.angular.y,field.angular.z
1779681614244886333,0.0,0.0,0.0,0.0,0.0,0.0
1779681614345509476,0.0,0.0,0.0,0.0,0.0,0.0
1779681614446075077,0.0,0.0,0.0,0.0,0.0,0.0
1779681614546542356,0.0,0.0,0.0,0.0,0.0,0.0
1779681614646776254,0.0,0.0,0.0,0.0,0.0,0.0
1779681614746969788,0.0,0.0,0.0,0.0,0.0,0.0
1779681614847362426,0.0,0.0,0.0,0.0,0.0,0.0
1779681614947553058,0.0,0.0,0.0,0.0,0.0,0.0
1779681615047971103,0.0,0.0,0.0,0.0,0.0,0.0
1779681615148539442,0.0,0.0,0.0,0.0,0.0,0.0
1779681615248642275,0.0,0.0,0.0,0.0,0.0,0.0
1779681615348863655,0.0,0.0,0.0,0.0,0.0,0.0
1779681615449304005,0.0,0.0,0.0,0.0,0.0,0.0
1779681615549675382,0.0,0.0,0.0,0.0,0.0,0.0
1779681615649845548,0.0,0.0,0.0,0.0,0.0,0.0
1779681615749908908,0.0,0.0,0.0,0.0,0.0,0.0
1779681615850174865,0.0,0.0,0.0,0.0,0.0,0.0
1779681615950613781,0.0,0.0,0.0,0.0,0.0,0.0
1779681616050831411,0.0,0.0,0.0,0.0,0.0,0.0
1779681616151141467,0.0,0.0,0.0,0.0,0.0,0.0
1779681616251513977,0.0,0.0,0.0,0.0,0.0,0.0
1779681616351900797,0.0,0.0,0.0,0.0,0.0,0.0
1779681616452093213,0.0,0.0,0.0,0.0,0.0,0.0
1779681616552490823,0.0,0.0,0.0,0.0,0.0,0.0
1779681616652795183,0.0,0.0,0.0,0.0,0.0,0.0
1779681616753109822,0.0,0.0,0.0,0.0,0.0,0.0
1779681616853413108,0.0,0.0,0.0,0.0,0.0,0.0
1779681616953648055,0.0,0.0,0.0,0.0,0.0,0.0
1779681617053757690,0.0,0.0,0.0,0.0,0.0,0.0
1779681617153953830,0.0,0.0,0.0,0.0,0.0,0.0
1779681617254587639,0.0,0.0,0.0,0.0,0.0,0.0
1779681617354662645,0.0,0.0,0.0,0.0,0.0,0.0
1779681617455138646,0.0,0.0,0.0,0.0,0.0,0.0
1779681617555361912,0.0,0.0,0.0,0.0,0.0,0.0
1779681617655811826,0.0,0.0,0.0,0.0,0.0,0.0
1779681617756457283,0.0,0.0,0.0,0.0,0.0,0.0
1779681617856640117,0.0,0.0,0.0,0.0,0.0,0.0
1779681617957180049,0.0,0.0,0.0,0.0,0.0,0.0
1779681618057336979,0.0,0.0,0.0,0.0,0.0,0.0
1779681618157702543,0.0,0.0,0.0,0.0,0.0,0.0
1779681618257816827,0.0,0.0,0.0,0.0,0.0,0.0
1779681618358079047,0.0,0.0,0.0,0.0,0.0,0.0
1779681618458946966,0.0,0.0,0.0,0.0,0.0,0.0
1779681618559378278,0.0,0.0,0.0,0.0,0.0,0.0
1779681618660001802,0.0,0.0,0.0,0.0,0.0,0.0
1779681618760168412,0.0,0.0,0.0,0.0,0.0,0.0
1779681618860384659,0.0,0.0,0.0,0.0,0.0,0.0
1779681618960931499,0.0,0.0,0.0,0.0,0.0,0.0
1779681619061254102,0.0,0.0,0.0,0.0,0.0,0.0
1779681619161517350,0.0,0.0,0.0,0.0,0.0,0.0
1779681619261988198,0.0,0.0,0.0,0.0,0.0,0.0
1779681619362118406,0.0,0.0,0.0,0.0,0.0,0.0
1779681619462253287,0.0,0.0,0.0,0.0,0.0,0.0
1779681619562538103,0.0,0.0,0.0,0.0,0.0,0.0
1779681619662751142,0.0,0.0,0.0,0.0,0.0,0.0
1779681619763245679,0.0,0.0,0.0,0.0,0.0,0.0
1779681619863311601,0.0,0.0,0.0,0.0,0.0,0.0
1779681619919339844,0.0,0.0,0.0,0.0,0.0,0.0
1779681620019852074,0.0,0.0,0.0,0.0,0.0,0.0
1779681620120367048,0.0,0.0,0.0,0.0,0.0,0.0
1779681620220614967,0.0,0.0,0.0,0.0,0.0,0.0
1779681620321385777,0.0,0.0,0.0,0.0,0.0,0.0
1779681620421535844,0.0,0.0,0.0,0.0,0.0,0.0
1779681620521830578,0.0,0.0,0.0,0.0,0.0,0.0
1779681620622009539,0.0,0.0,0.0,0.0,0.0,0.0
1779681620722329163,0.0,0.0,0.0,0.0,0.0,0.0
1779681620822832272,0.0,0.0,0.0,0.0,0.0,0.0
1779681620923404561,0.0,0.0,0.0,0.0,0.0,0.0
1779681621023600295,0.0,0.0,0.0,0.0,0.0,0.0
1779681621124315648,0.0,0.0,0.0,0.0,0.0,0.0
1779681621224494218,0.0,0.0,0.0,0.0,0.0,0.0
1779681621324778182,0.0,0.0,0.0,0.0,0.0,0.0
1779681621425102416,0.0,0.0,0.0,0.0,0.0,0.0
1779681621525369990,0.0,0.0,0.0,0.0,0.0,0.0
1779681621625486584,0.0,0.0,0.0,0.0,0.0,0.0
1779681621725773039,0.0,0.0,0.0,0.0,0.0,0.0
1779681621826040986,0.0,0.0,0.0,0.0,0.0,0.0
1779681621926421752,0.0,0.0,0.0,0.0,0.0,0.0
1779681622026822722,0.0,0.0,0.0,0.0,0.0,0.0
1779681622127371756,0.0,0.0,0.0,0.0,0.0,0.0
1779681622227568877,0.0,0.0,0.0,0.0,0.0,0.0
1779681622327828394,0.0,0.0,0.0,0.0,0.0,0.0
1779681622428666771,0.0,0.0,0.0,0.0,0.0,0.0
1779681622528818177,0.0,0.0,0.0,0.0,0.0,0.0
1779681622624469745,0.005,0.0,0.0,0.0,0.0,0.0
1779681622724845850,0.01,0.0,0.0,0.0,0.0,0.0
1779681622825104473,0.01,0.0,0.0,0.0,0.0,0.0
1779681622925335041,0.01,0.0,0.0,0.0,0.0,0.0
1779681623025698324,0.01,0.0,0.0,0.0,0.0,0.0
1779681623125880743,0.01,0.0,0.0,0.0,0.0,0.0
1779681623226122220,0.01,0.0,0.0,0.0,0.0,0.0
1779681623326852924,0.01,0.0,0.0,0.0,0.0,0.0
1779681623427273908,0.01,0.0,0.0,0.0,0.0,0.0
1779681623527599009,0.01,0.0,0.0,0.0,0.0,0.0
1779681623627920475,0.01,0.0,0.0,0.0,0.0,0.0
1779681623728334975,0.01,0.0,0.0,0.0,0.0,0.0
1779681623828534270,0.01,0.0,0.0,0.0,0.0,0.0
1779681623929384533,0.01,0.0,0.0,0.0,0.0,0.0
1779681624029566300,0.01,0.0,0.0,0.0,0.0,0.0
1779681624129927216,0.01,0.0,0.0,0.0,0.0,0.0
1779681624230296091,0.01,0.0,0.0,0.0,0.0,0.0
1779681624330650632,0.01,0.0,0.0,0.0,0.0,0.0
1779681624431054200,0.01,0.0,0.0,0.0,0.0,0.0
1779681624531547892,0.01,0.0,0.0,0.0,0.0,0.0
1779681624631850857,0.01,0.0,0.0,0.0,0.0,0.0
1779681624732471488,0.01,0.0,0.0,0.0,0.0,0.0
1779681624833160778,0.01,0.0,0.0,0.0,0.0,0.0
1779681624933383156,0.01,0.0,0.0,0.0,0.0,0.0
1779681625033723539,0.01,0.0,0.0,0.0,0.0,0.0
1779681625133983307,0.01,0.0,0.0,0.0,0.0,0.0
1779681625235071432,0.01,0.0,0.0,0.0,0.0,0.0
1779681625335470767,0.01,0.0,0.0,0.0,0.0,0.0
1779681625435942011,0.01,0.0,0.0,0.0,0.0,0.0
1779681625536363746,0.01,0.0,0.0,0.0,0.0,0.0
1779681625636642147,0.01,0.0,0.0,0.0,0.0,0.0
1779681625736976775,0.01,0.0,0.0,0.0,0.0,0.0
1779681625837681535,0.01,0.0,0.0,0.0,0.0,0.0
1779681625937886230,0.01,0.0,0.0,0.0,0.0,0.0
1779681626038787477,0.01,0.0,0.0,0.0,0.0,0.0
1779681626139208759,0.01,0.0,0.0,0.0,0.0,0.0
1779681626239608577,0.01,0.0,0.0,0.0,0.0,0.0
1779681626339959721,0.01,0.0,0.0,0.0,0.0,0.0
1779681626440795788,0.01,0.0,0.0,0.0,0.0,0.0
1779681626540963302,0.01,0.0,0.0,0.0,0.0,0.0
1779681626641454693,0.01,0.0,0.0,0.0,0.0,0.0
1779681626741587264,0.01,0.0,0.0,0.0,0.0,0.0
1779681626841861054,0.01,0.0,0.0,0.0,0.0,0.0
1779681626942505221,0.01,0.0,0.0,0.0,0.0,0.0
1779681627042760348,0.01,0.0,0.0,0.0,0.0,0.0
1779681627143360089,0.01,0.0,0.0,0.0,0.0,0.0
1779681627243814806,0.01,0.0,0.0,0.0,0.0,0.0
1779681627344005630,0.01,0.0,0.0,0.0,0.0,0.0
1779681627444587881,0.01,0.0,0.0,0.0,0.0,0.0
1779681627544850234,0.01,0.0,0.0,0.0,0.0,0.0
1779681627645207612,0.01,0.0,0.0,0.0,0.0,0.0
1779681627745500742,0.01,0.0,0.0,0.0,0.0,0.0
1779681627845908972,0.01,0.0,0.0,0.0,0.0,0.0
1779681627946211706,0.01,0.0,0.0,0.0,0.0,0.0
1779681628046325217,0.01,0.0,0.0,0.0,0.0,0.0
1779681628146658340,0.01,0.0,0.0,0.0,0.0,0.0
1779681628246844442,0.01,0.0,0.0,0.0,0.0,0.0
1779681628347148096,0.01,0.0,0.0,0.0,0.0,0.0
1779681628447804072,0.01,0.0,0.0,0.0,0.0,0.0
1779681628547784171,0.01,0.0,0.0,0.0,0.0,0.0
1779681628647969064,0.01,0.0,0.0,0.0,0.0,0.0
1779681628748356218,0.01,0.0,0.0,0.0,0.0,0.0
1779681628848662839,0.01,0.0,0.0,0.0,0.0,0.0
1779681628948913178,0.01,0.0,0.0,0.0,0.0,0.0
1779681629049335382,0.01,0.0,0.0,0.0,0.0,0.0
1779681629149445684,0.01,0.0,0.0,0.0,0.0,0.0
1779681629250001144,0.01,0.0,0.0,0.0,0.0,0.0
1779681629350026003,0.01,0.0,0.0,0.0,0.0,0.0
1779681629451035559,0.01,0.0,0.0,0.0,0.0,0.0
1779681629551019218,0.01,0.0,0.0,0.0,0.0,0.0
1779681629651466055,0.01,0.0,0.0,0.0,0.0,0.0
1779681629751744259,0.01,0.0,0.0,0.0,0.0,0.0
1779681629852555775,0.01,0.0,0.0,0.0,0.0,0.0
1779681629952644119,0.01,0.0,0.0,0.0,0.0,0.0
1779681630053112681,0.01,0.0,0.0,0.0,0.0,0.0
1779681630153545035,0.01,0.0,0.0,0.0,0.0,0.0
1779681630253785794,0.01,0.0,0.0,0.0,0.0,0.0
1779681630354130487,0.01,0.0,0.0,0.0,0.0,0.0
1779681630454728231,0.01,0.0,0.0,0.0,0.0,0.0
1779681630554963759,0.01,0.0,0.0,0.0,0.0,0.0
1779681630655434166,0.01,0.0,0.0,0.0,0.0,0.0
1779681630755538460,0.01,0.0,0.0,0.0,0.0,0.0
1779681630856938200,0.01,0.0,0.0,0.0,0.0,0.0
1779681630956969430,0.01,0.0,0.0,0.0,0.0,0.0
1779681631057383908,0.01,0.0,0.0,0.0,0.0,0.0
1779681631158034104,0.01,0.0,0.0,0.0,0.0,0.0
1779681631258502460,0.01,0.0,0.0,0.0,0.0,0.0
1779681631358895036,0.01,0.0,0.0,0.0,0.0,0.0
1779681631459824738,0.01,0.0,0.0,0.0,0.0,0.0
1779681631560925482,0.01,0.0,0.0,0.0,0.0,0.0
1779681631661130762,0.01,0.0,0.0,0.0,0.0,0.0
1779681631761453811,0.01,0.0,0.0,0.0,0.0,0.0
1779681631861652608,0.01,0.0,0.0,0.0,0.0,0.0
1779681631962072699,0.01,0.0,0.0,0.0,0.0,0.0
1779681632062528438,0.01,0.0,0.0,0.0,0.0,0.0
1779681632163353141,0.01,0.0,0.0,0.0,0.0,0.0
1779681632263623289,0.01,0.0,0.0,0.0,0.0,0.0
1779681632363937281,0.01,0.0,0.0,0.0,0.0,0.0
1779681632464560705,0.01,0.0,0.0,0.0,0.0,0.0
1779681632564825933,0.01,0.0,0.0,0.0,0.0,0.0
1779681632665478222,0.01,0.0,0.0,0.0,0.0,0.0
1779681632765732529,0.01,0.0,0.0,0.0,0.0,0.0
1779681632866030198,0.01,0.0,0.0,0.0,0.0,0.0
1779681632966551705,0.01,0.0,0.0,0.0,0.0,0.0
1779681633066917406,0.01,0.0,0.0,0.0,0.0,0.0
1779681633167785644,0.01,0.0,0.0,0.0,0.0,0.0
1779681633267536201,0.01,0.0,0.0,0.0,0.0,0.0
1779681633367778749,0.01,0.0,0.0,0.0,0.0,0.0
1779681633467914693,0.01,0.0,0.0,0.0,0.0,0.0
1779681633568212762,0.01,0.0,0.0,0.0,0.0,0.0
1779681633668622457,0.01,0.0,0.0,0.0,0.0,0.0
1779681633769127782,0.01,0.0,0.0,0.0,0.0,0.0
1779681633869415171,0.01,0.0,0.0,0.0,0.0,0.0
1779681633969562250,0.01,0.0,0.0,0.0,0.0,0.0
1779681634069854268,0.01,0.0,0.0,0.0,0.0,0.0
1779681634170228888,0.01,0.0,0.0,0.0,0.0,0.0
1779681634270275079,0.01,0.0,0.0,0.0,0.0,0.0
1779681634370890380,0.01,0.0,0.0,0.0,0.0,0.0
1779681634471039497,0.01,0.0,0.0,0.0,0.0,0.0
1779681634571383902,0.01,0.0,0.0,0.0,0.0,0.0
1779681634671956765,0.01,0.0,0.0,0.0,0.0,0.0
1779681634772348749,0.01,0.0,0.0,0.0,0.0,0.0
1779681634872483513,0.01,0.0,0.0,0.0,0.0,0.0
1779681634972731177,0.01,0.0,0.0,0.0,0.0,0.0
1779681635073224592,0.01,0.0,0.0,0.0,0.0,0.0
1779681635173799844,0.01,0.0,0.0,0.0,0.0,0.0
1779681635273829486,0.01,0.0,0.0,0.0,0.0,0.0
1779681635374338856,0.01,0.0,0.0,0.0,0.0,0.0
1779681635474692713,0.01,0.0,0.0,0.0,0.0,0.0
1779681635574907573,0.01,0.0,0.0,0.0,0.0,0.0
1779681635675424297,0.01,0.0,0.0,0.0,0.0,0.0
1779681635775584190,0.01,0.0,0.0,0.0,0.0,0.0
1779681635876216963,0.01,0.0,0.0,0.0,0.0,0.0
1779681635979303464,0.01,0.0,0.0,0.0,0.0,0.0
1779681636076769788,0.01,0.0,0.0,0.0,0.0,0.0
1779681636177276531,0.01,0.0,0.0,0.0,0.0,0.0
1779681636277536239,0.01,0.0,0.0,0.0,0.0,0.0
1779681636377715382,0.01,0.0,0.0,0.0,0.0,0.0
1779681636477926510,0.01,0.0,0.0,0.0,0.0,0.0
1779681636578504227,0.01,0.0,0.0,0.0,0.0,0.0
1779681636678972015,0.01,0.0,0.0,0.0,0.0,0.0
1779681636779083908,0.01,0.0,0.0,0.0,0.0,0.0
1779681636879843980,0.01,0.0,0.0,0.0,0.0,0.0
1779681636980327490,0.01,0.0,0.0,0.0,0.0,0.0
1779681637080565510,0.01,0.0,0.0,0.0,0.0,0.0
1779681637181079431,0.01,0.0,0.0,0.0,0.0,0.0
1779681637281478195,0.01,0.0,0.0,0.0,0.0,0.0
1779681637382091169,0.01,0.0,0.0,0.0,0.0,0.0
1779681637482126661,0.01,0.0,0.0,0.0,0.0,0.0
1779681637582411676,0.01,0.0,0.0,0.0,0.0,0.0
1779681637682682498,0.01,0.0,0.0,0.0,0.0,0.0
1779681637783384114,0.01,0.0,0.0,0.0,0.0,0.0
1779681637883598998,0.01,0.0,0.0,0.0,0.0,0.0
1779681637983929313,0.01,0.0,0.0,0.0,0.0,0.0
1779681638085000428,0.01,0.0,0.0,0.0,0.0,0.0
1779681638185263792,0.01,0.0,0.0,0.0,0.0,0.0
1779681638285549138,0.01,0.0,0.0,0.0,0.0,0.0
1779681638385873841,0.01,0.0,0.0,0.0,0.0,0.0
1779681638486265310,0.01,0.0,0.0,0.0,0.0,0.0
1779681638586704705,0.01,0.0,0.0,0.0,0.0,0.0
1779681638687141989,0.01,0.0,0.0,0.0,0.0,0.0
1779681638789952279,0.01,0.0,0.0,0.0,0.0,0.0
1779681638889825217,0.01,0.0,0.0,0.0,0.0,0.0
1779681638990514239,0.01,0.0,0.0,0.0,0.0,0.0
1779681639090591175,0.01,0.0,0.0,0.0,0.0,0.0
1779681639191596326,0.01,0.0,0.0,0.0,0.0,0.0
1779681639291954753,0.01,0.0,0.0,0.0,0.0,0.0
1779681639392336939,0.01,0.0,0.0,0.0,0.0,0.0
1779681639492878900,0.01,0.0,0.0,0.0,0.0,0.0
1779681639593158416,0.01,0.0,0.0,0.0,0.0,0.0
1779681639693404663,0.01,0.0,0.0,0.0,0.0,0.0
1779681639793683683,0.01,0.0,0.0,0.0,0.0,0.0
1779681639893910167,0.01,0.0,0.0,0.0,0.0,0.0
1779681639994247203,0.01,0.0,0.0,0.0,0.0,0.0
1779681640094573411,0.01,0.0,0.0,0.0,0.0,0.0
1779681640195163697,0.01,0.0,0.0,0.0,0.0,0.0
1779681640295532152,0.01,0.0,0.0,0.0,0.0,0.0
1779681640395826415,0.01,0.0,0.0,0.0,0.0,0.0
1779681640496043589,0.01,0.0,0.0,0.0,0.0,0.0
1779681640596434322,0.01,0.0,0.0,0.0,0.0,0.0
1779681640696801733,0.01,0.0,0.0,0.0,0.0,0.0
1779681640797180533,0.01,0.0,0.0,0.0,0.0,0.0
1779681640897868806,0.01,0.0,0.0,0.0,0.0,0.0
1779681640997795201,0.01,0.0,0.0,0.0,0.0,0.0
1779681641098239920,0.01,0.0,0.0,0.0,0.0,0.0
1779681641198452883,0.01,0.0,0.0,0.0,0.0,0.0
1779681641298782554,0.01,0.0,0.0,0.0,0.0,0.0
1779681641399521880,0.01,0.0,0.0,0.0,0.0,0.0
1779681641499598349,0.01,0.0,0.0,0.0,0.0,0.0
1779681641600295061,0.01,0.0,0.0,0.0,0.0,0.0
1779681641701224348,0.01,0.0,0.0,0.0,0.0,0.0
1779681641800992611,0.01,0.0,0.0,0.0,0.0,0.0
1779681641901510396,0.01,0.0,0.0,0.0,0.0,0.0
1779681642001833415,0.01,0.0,0.0,0.0,0.0,0.0
1779681642102131790,0.01,0.0,0.0,0.0,0.0,0.0
1779681642202759034,0.01,0.0,0.0,0.0,0.0,0.0
1779681642302983550,0.01,0.0,0.0,0.0,0.0,0.0
1779681642403576087,0.01,0.0,0.0,0.0,0.0,0.0
1779681642504032258,0.01,0.0,0.0,0.0,0.0,0.0
1779681642604358366,0.01,0.0,0.0,0.0,0.0,0.0
1779681642704792364,0.01,0.0,0.0,0.0,0.0,0.0
1779681642804970545,0.01,0.0,0.0,0.0,0.0,0.0
1779681642905584687,0.01,0.0,0.0,0.0,0.0,0.0
1779681643006313760,0.01,0.0,0.0,0.0,0.0,0.0
1779681643107237403,0.01,0.0,0.0,0.0,0.0,0.0
1779681643207339277,0.01,0.0,0.0,0.0,0.0,0.0
1779681643307638216,0.01,0.0,0.0,0.0,0.0,0.0
1779681643408249408,0.01,0.0,0.0,0.0,0.0,0.0
1779681643508454279,0.01,0.0,0.0,0.0,0.0,0.0
1779681643608693954,0.01,0.0,0.0,0.0,0.0,0.0
1779681643708947966,0.01,0.0,0.0,0.0,0.0,0.0
1779681643809358078,0.01,0.0,0.0,0.0,0.0,0.0
1779681643909748374,0.01,0.0,0.0,0.0,0.0,0.0
1779681644010273565,0.01,0.0,0.0,0.0,0.0,0.0
1779681644110857733,0.01,0.0,0.0,0.0,0.0,0.0
1779681644211212984,0.01,0.0,0.0,0.0,0.0,0.0
1779681644311520940,0.01,0.0,0.0,0.0,0.0,0.0
1779681644412154100,0.01,0.0,0.0,0.0,0.0,0.0
1779681644512410179,0.01,0.0,0.0,0.0,0.0,0.0
1779681644612719659,0.01,0.0,0.0,0.0,0.0,0.0
1779681644712942875,0.01,0.0,0.0,0.0,0.0,0.0
1779681644813443013,0.01,0.0,0.0,0.0,0.0,0.0
1779681644913766132,0.01,0.0,0.0,0.0,0.0,0.0
1779681645015531707,0.01,0.0,0.0,0.0,0.0,0.0
1779681645116184865,0.01,0.0,0.0,0.0,0.0,0.0
1779681645216393324,0.01,0.0,0.0,0.0,0.0,0.0
1779681645316710314,0.01,0.0,0.0,0.0,0.0,0.0
1779681645417233394,0.01,0.0,0.0,0.0,0.0,0.0
1779681645517360292,0.01,0.0,0.0,0.0,0.0,0.0
1779681645617813790,0.01,0.0,0.0,0.0,0.0,0.0
1779681645718043551,0.01,0.0,0.0,0.0,0.0,0.0
1779681645818223841,0.01,0.0,0.0,0.0,0.0,0.0
1779681645918653601,0.01,0.0,0.0,0.0,0.0,0.0
1779681646019178509,0.01,0.0,0.0,0.0,0.0,0.0
1779681646119702181,0.01,0.0,0.0,0.0,0.0,0.0
1779681646219919126,0.01,0.0,0.0,0.0,0.0,0.0
1779681646320392253,0.01,0.0,0.0,0.0,0.0,0.0
1779681646420805272,0.01,0.0,0.0,0.0,0.0,0.0
1779681646521717965,0.01,0.0,0.0,0.0,0.0,0.0
1779681646621696211,0.01,0.0,0.0,0.0,0.0,0.0
1779681646722753252,0.01,0.0,0.0,0.0,0.0,0.0
1779681646823132720,0.01,0.0,0.0,0.0,0.0,0.0
1779681646923427181,0.01,0.0,0.0,0.0,0.0,0.0
1779681647023654808,0.01,0.0,0.0,0.0,0.0,0.0
1779681647124340057,0.01,0.0,0.0,0.0,0.0,0.0
1779681647224747619,0.01,0.0,0.0,0.0,0.0,0.0
1779681647325145671,0.01,0.0,0.0,0.0,0.0,0.0
1779681647425268304,0.01,0.0,0.0,0.0,0.0,0.0
1779681647526292947,0.01,0.0,0.0,0.0,0.0,0.0
1779681647626702965,0.01,0.0,0.0,0.0,0.0,0.0
1779681647726916173,0.01,0.0,0.0,0.0,0.0,0.0
1779681647827160841,0.01,0.0,0.0,0.0,0.0,0.0
1779681647927918984,0.01,0.0,0.0,0.0,0.0,0.0
1779681648028090786,0.01,0.0,0.0,0.0,0.0,0.0
1779681648128476655,0.01,0.0,0.0,0.0,0.0,0.0
1779681648228818304,0.01,0.0,0.0,0.0,0.0,0.0
1779681648329518977,0.01,0.0,0.0,0.0,0.0,0.0
1779681648429775348,0.01,0.0,0.0,0.0,0.0,0.0
1779681648530070514,0.01,0.0,0.0,0.0,0.0,0.0
1779681648630395302,0.01,0.0,0.0,0.0,0.0,0.0
1779681648730701608,0.01,0.0,0.0,0.0,0.0,0.0
1779681648831095920,0.01,0.0,0.0,0.0,0.0,0.0
1779681648931533786,0.01,0.0,0.0,0.0,0.0,0.0
1779681649031614564,0.01,0.0,0.0,0.0,0.0,0.0
1779681649131968260,0.01,0.0,0.0,0.0,0.0,0.0
1779681649232446445,0.01,0.0,0.0,0.0,0.0,0.0
1779681649332891322,0.01,0.0,0.0,0.0,0.0,0.0
1779681649434866831,0.01,0.0,0.0,0.0,0.0,0.0
1779681649535202640,0.01,0.0,0.0,0.0,0.0,0.0
1779681649635312046,0.01,0.0,0.0,0.0,0.0,0.0
1779681649735934742,0.01,0.0,0.0,0.0,0.0,0.0
1779681649836339053,0.01,0.0,0.0,0.0,0.0,0.0
1779681649936559611,0.01,0.0,0.0,0.0,0.0,0.0
1779681650036798314,0.01,0.0,0.0,0.0,0.0,0.0
1779681650101779354,0.01,0.0,0.0,0.0,0.0,-0.05
1779681650201974310,0.01,0.0,0.0,0.0,0.0,-0.1
1779681650302342521,0.01,0.0,0.0,0.0,0.0,-0.1
1779681650402728390,0.01,0.0,0.0,0.0,0.0,-0.1
1779681650502856919,0.01,0.0,0.0,0.0,0.0,-0.1
1779681650603163723,0.01,0.0,0.0,0.0,0.0,-0.1
1779681650703431233,0.01,0.0,0.0,0.0,0.0,-0.1
1779681650803766541,0.01,0.0,0.0,0.0,0.0,-0.1
1779681650904018818,0.01,0.0,0.0,0.0,0.0,-0.1
1779681651004026823,0.01,0.0,0.0,0.0,0.0,-0.1
1779681651104493987,0.01,0.0,0.0,0.0,0.0,-0.1
1779681651204786838,0.01,0.0,0.0,0.0,0.0,-0.1
1779681651305101158,0.01,0.0,0.0,0.0,0.0,-0.1
1779681651405381044,0.01,0.0,0.0,0.0,0.0,-0.1
1779681651505722228,0.01,0.0,0.0,0.0,0.0,-0.1
1779681651606057052,0.01,0.0,0.0,0.0,0.0,-0.1
1779681651706990958,0.01,0.0,0.0,0.0,0.0,-0.1
1779681651807244552,0.01,0.0,0.0,0.0,0.0,-0.1
1779681651907470804,0.01,0.0,0.0,0.0,0.0,-0.1
1779681652007672578,0.01,0.0,0.0,0.0,0.0,-0.1
1779681652108457596,0.01,0.0,0.0,0.0,0.0,-0.1
1779681652208470492,0.01,0.0,0.0,0.0,0.0,-0.1
1779681652308664849,0.01,0.0,0.0,0.0,0.0,-0.1
1779681652409012419,0.01,0.0,0.0,0.0,0.0,-0.1
1779681652509338506,0.01,0.0,0.0,0.0,0.0,-0.1
1779681652609614518,0.01,0.0,0.0,0.0,0.0,-0.1
1779681652710394867,0.01,0.0,0.0,0.0,0.0,-0.1
1779681652810669494,0.01,0.0,0.0,0.0,0.0,-0.1
1779681652910921094,0.01,0.0,0.0,0.0,0.0,-0.1
1779681653011327906,0.01,0.0,0.0,0.0,0.0,-0.1
1779681653112471818,0.01,0.0,0.0,0.0,0.0,-0.1
1779681653212780479,0.01,0.0,0.0,0.0,0.0,-0.1
1779681653313055061,0.01,0.0,0.0,0.0,0.0,-0.1
1779681653413549525,0.01,0.0,0.0,0.0,0.0,-0.1
1779681653513878344,0.01,0.0,0.0,0.0,0.0,-0.1
1779681653614193625,0.01,0.0,0.0,0.0,0.0,-0.1
1779681653714644883,0.01,0.0,0.0,0.0,0.0,-0.1
1779681653815137292,0.01,0.0,0.0,0.0,0.0,-0.1
1779681653915195855,0.01,0.0,0.0,0.0,0.0,-0.1
1779681654015604351,0.01,0.0,0.0,0.0,0.0,-0.1
1779681654115924967,0.01,0.0,0.0,0.0,0.0,-0.1
1779681654216470287,0.01,0.0,0.0,0.0,0.0,-0.1
1779681654316861349,0.01,0.0,0.0,0.0,0.0,-0.1
1779681654417656396,0.01,0.0,0.0,0.0,0.0,-0.1
1779681654517865833,0.01,0.0,0.0,0.0,0.0,-0.1
1779681654618097910,0.01,0.0,0.0,0.0,0.0,-0.1
1779681654718563633,0.01,0.0,0.0,0.0,0.0,-0.1
1779681654818834757,0.01,0.0,0.0,0.0,0.0,-0.1
1779681654919292068,0.01,0.0,0.0,0.0,0.0,-0.1
1779681655019877206,0.01,0.0,0.0,0.0,0.0,-0.1
1779681655120235788,0.01,0.0,0.0,0.0,0.0,-0.1
1779681655220413291,0.01,0.0,0.0,0.0,0.0,-0.1
1779681655320826147,0.01,0.0,0.0,0.0,0.0,-0.1
1779681655421259929,0.01,0.0,0.0,0.0,0.0,-0.1
1779681655521294036,0.01,0.0,0.0,0.0,0.0,-0.1
1779681655621768415,0.01,0.0,0.0,0.0,0.0,-0.1
1779681655722086631,0.01,0.0,0.0,0.0,0.0,-0.1
1779681655730469026,0.0,0.0,0.0,0.0,0.0,0.0
1779681655830756113,0.0,0.0,0.0,0.0,0.0,0.0
1779681655931113170,0.0,0.0,0.0,0.0,0.0,0.0
1779681656031267387,0.0,0.0,0.0,0.0,0.0,0.0
1779681656131725675,0.0,0.0,0.0,0.0,0.0,0.0
1779681656192782075,0.005,0.0,0.0,0.0,0.0,0.0
1779681656293803919,0.01,0.0,0.0,0.0,0.0,0.0
1779681656393771806,0.01,0.0,0.0,0.0,0.0,0.0
1779681656494121579,0.01,0.0,0.0,0.0,0.0,0.0
1779681656594501942,0.01,0.0,0.0,0.0,0.0,0.0
1779681656694968541,0.01,0.0,0.0,0.0,0.0,0.0
1779681656795336893,0.01,0.0,0.0,0.0,0.0,0.0
1779681656895521702,0.01,0.0,0.0,0.0,0.0,0.0
1779681656995884999,0.01,0.0,0.0,0.0,0.0,0.0
1779681657096044048,0.01,0.0,0.0,0.0,0.0,0.0
1779681657196740491,0.01,0.0,0.0,0.0,0.0,0.0
1779681657297101108,0.01,0.0,0.0,0.0,0.0,0.0
1779681657397496775,0.01,0.0,0.0,0.0,0.0,0.0
1779681657497602820,0.01,0.0,0.0,0.0,0.0,0.0
1779681657598414937,0.01,0.0,0.0,0.0,0.0,0.0
1779681657698885692,0.01,0.0,0.0,0.0,0.0,0.0
1779681657799003405,0.01,0.0,0.0,0.0,0.0,0.0
1779681657899327121,0.01,0.0,0.0,0.0,0.0,0.0
1779681657999553206,0.01,0.0,0.0,0.0,0.0,0.0
1779681658099942703,0.01,0.0,0.0,0.0,0.0,0.0
1779681658200217335,0.01,0.0,0.0,0.0,0.0,0.0
1779681658300662877,0.01,0.0,0.0,0.0,0.0,0.0
1779681658400743114,0.01,0.0,0.0,0.0,0.0,0.0
1779681658501133864,0.01,0.0,0.0,0.0,0.0,0.0
1779681658601386018,0.01,0.0,0.0,0.0,0.0,0.0
1779681658701615147,0.01,0.0,0.0,0.0,0.0,0.0
1779681658802076612,0.01,0.0,0.0,0.0,0.0,0.0
1779681658902146310,0.01,0.0,0.0,0.0,0.0,0.0
1779681659003027099,0.01,0.0,0.0,0.0,0.0,0.0
1779681659103287007,0.01,0.0,0.0,0.0,0.0,0.0
1779681659203463317,0.01,0.0,0.0,0.0,0.0,0.0
1779681659303818466,0.01,0.0,0.0,0.0,0.0,0.0
1779681659404104560,0.01,0.0,0.0,0.0,0.0,0.0
1779681659504347964,0.01,0.0,0.0,0.0,0.0,0.0
1779681659604679035,0.01,0.0,0.0,0.0,0.0,0.0
1779681659704845365,0.01,0.0,0.0,0.0,0.0,0.0
1779681659805331734,0.01,0.0,0.0,0.0,0.0,0.0
1779681659905581797,0.01,0.0,0.0,0.0,0.0,0.0
1779681660005870187,0.01,0.0,0.0,0.0,0.0,0.0
1779681660106034192,0.01,0.0,0.0,0.0,0.0,0.0
1779681660206278455,0.01,0.0,0.0,0.0,0.0,0.0
1779681660306682498,0.01,0.0,0.0,0.0,0.0,0.0
1779681660407090870,0.01,0.0,0.0,0.0,0.0,0.0
1779681660507811449,0.01,0.0,0.0,0.0,0.0,0.0
1779681660607915682,0.01,0.0,0.0,0.0,0.0,0.0
1779681660708843350,0.01,0.0,0.0,0.0,0.0,0.0
1779681660809140960,0.01,0.0,0.0,0.0,0.0,0.0
1779681660909448513,0.01,0.0,0.0,0.0,0.0,0.0
1779681661009992854,0.01,0.0,0.0,0.0,0.0,0.0
1779681661110433358,0.01,0.0,0.0,0.0,0.0,0.0
1779681661210646038,0.01,0.0,0.0,0.0,0.0,0.0
1779681661311214236,0.01,0.0,0.0,0.0,0.0,0.0
1779681661411373450,0.01,0.0,0.0,0.0,0.0,0.0
1779681661511575241,0.01,0.0,0.0,0.0,0.0,0.0
1779681661611971414,0.01,0.0,0.0,0.0,0.0,0.0
1779681661712356612,0.01,0.0,0.0,0.0,0.0,0.0
1779681661812642946,0.01,0.0,0.0,0.0,0.0,0.0
1779681661912865079,0.01,0.0,0.0,0.0,0.0,0.0
1779681662013138865,0.01,0.0,0.0,0.0,0.0,0.0
1779681662113233799,0.01,0.0,0.0,0.0,0.0,0.0
1779681662213671264,0.01,0.0,0.0,0.0,0.0,0.0
1779681662314113160,0.01,0.0,0.0,0.0,0.0,0.0
1779681662414631789,0.01,0.0,0.0,0.0,0.0,0.0
1779681662514858744,0.01,0.0,0.0,0.0,0.0,0.0
1779681662615067396,0.01,0.0,0.0,0.0,0.0,0.0
1779681662715546298,0.01,0.0,0.0,0.0,0.0,0.0
1779681662815806285,0.01,0.0,0.0,0.0,0.0,0.0
1779681662916331458,0.01,0.0,0.0,0.0,0.0,0.0
1779681663016787727,0.01,0.0,0.0,0.0,0.0,0.0
1779681663117057277,0.01,0.0,0.0,0.0,0.0,0.0
1779681663217234902,0.01,0.0,0.0,0.0,0.0,0.0
1779681663317549536,0.01,0.0,0.0,0.0,0.0,0.0
1779681663417815663,0.01,0.0,0.0,0.0,0.0,0.0
1779681663518125821,0.01,0.0,0.0,0.0,0.0,0.0
1779681663618441152,0.01,0.0,0.0,0.0,0.0,0.0
1779681663718702398,0.01,0.0,0.0,0.0,0.0,0.0
1779681663819062594,0.01,0.0,0.0,0.0,0.0,0.0
1779681663919327317,0.01,0.0,0.0,0.0,0.0,0.0
1779681664019628338,0.01,0.0,0.0,0.0,0.0,0.0
1779681664120085882,0.01,0.0,0.0,0.0,0.0,0.0
1779681664220321154,0.01,0.0,0.0,0.0,0.0,0.0
1779681664320628796,0.01,0.0,0.0,0.0,0.0,0.0
1779681664420998100,0.01,0.0,0.0,0.0,0.0,0.0
1779681664521225698,0.01,0.0,0.0,0.0,0.0,0.0
1779681664621397384,0.01,0.0,0.0,0.0,0.0,0.0
1779681664721886532,0.01,0.0,0.0,0.0,0.0,0.0
1779681664822177760,0.01,0.0,0.0,0.0,0.0,0.0
1779681664922504493,0.01,0.0,0.0,0.0,0.0,0.0
1779681665022777029,0.01,0.0,0.0,0.0,0.0,0.0
1779681665123176662,0.01,0.0,0.0,0.0,0.0,0.0
1779681665224257880,0.01,0.0,0.0,0.0,0.0,0.0
1779681665325008573,0.01,0.0,0.0,0.0,0.0,0.0
1779681665425075020,0.01,0.0,0.0,0.0,0.0,0.0
1779681665525565864,0.01,0.0,0.0,0.0,0.0,0.0
1779681665625598146,0.01,0.0,0.0,0.0,0.0,0.0
1779681665726107104,0.01,0.0,0.0,0.0,0.0,0.0
1779681665826163065,0.01,0.0,0.0,0.0,0.0,0.0
1779681665926332495,0.01,0.0,0.0,0.0,0.0,0.0
1779681666026568492,0.01,0.0,0.0,0.0,0.0,0.0
1779681666126905753,0.01,0.0,0.0,0.0,0.0,0.0
1779681666227272330,0.01,0.0,0.0,0.0,0.0,0.0
1779681666327729088,0.01,0.0,0.0,0.0,0.0,0.0
1779681666429634461,0.01,0.0,0.0,0.0,0.0,0.0
1779681666529823452,0.01,0.0,0.0,0.0,0.0,0.0
1779681666633349107,0.01,0.0,0.0,0.0,0.0,0.0
1779681666730694425,0.01,0.0,0.0,0.0,0.0,0.0
1779681666830712666,0.01,0.0,0.0,0.0,0.0,0.0
1779681666932813256,0.01,0.0,0.0,0.0,0.0,0.0
1779681667032908563,0.01,0.0,0.0,0.0,0.0,0.0
1779681667133036029,0.01,0.0,0.0,0.0,0.0,0.0
1779681667233637852,0.01,0.0,0.0,0.0,0.0,0.0
1779681667333705419,0.01,0.0,0.0,0.0,0.0,0.0
1779681667433992213,0.01,0.0,0.0,0.0,0.0,0.0
1779681667534181674,0.01,0.0,0.0,0.0,0.0,0.0
1779681667634504827,0.01,0.0,0.0,0.0,0.0,0.0
1779681667734938616,0.01,0.0,0.0,0.0,0.0,0.0
1779681667835296861,0.01,0.0,0.0,0.0,0.0,0.0
1779681667935549379,0.01,0.0,0.0,0.0,0.0,0.0
1779681668035826556,0.01,0.0,0.0,0.0,0.0,0.0
1779681668136213825,0.01,0.0,0.0,0.0,0.0,0.0
1779681668236452369,0.01,0.0,0.0,0.0,0.0,0.0
1779681668336728557,0.01,0.0,0.0,0.0,0.0,0.0
1779681668437112235,0.01,0.0,0.0,0.0,0.0,0.0
1779681668538203865,0.01,0.0,0.0,0.0,0.0,0.0
1779681668638325917,0.01,0.0,0.0,0.0,0.0,0.0
1779681668738584714,0.01,0.0,0.0,0.0,0.0,0.0
1779681668838982553,0.01,0.0,0.0,0.0,0.0,0.0
1779681668939463656,0.01,0.0,0.0,0.0,0.0,0.0
1779681669039690291,0.01,0.0,0.0,0.0,0.0,0.0
1779681669140233399,0.01,0.0,0.0,0.0,0.0,0.0
1779681669240340148,0.01,0.0,0.0,0.0,0.0,0.0
1779681669340473766,0.01,0.0,0.0,0.0,0.0,0.0
1779681669440840025,0.01,0.0,0.0,0.0,0.0,0.0
1779681669540990070,0.01,0.0,0.0,0.0,0.0,0.0
1779681669641285595,0.01,0.0,0.0,0.0,0.0,0.0
1779681669741415856,0.01,0.0,0.0,0.0,0.0,0.0
1779681669841666376,0.01,0.0,0.0,0.0,0.0,0.0
1779681669942283770,0.01,0.0,0.0,0.0,0.0,0.0
1779681670042713071,0.01,0.0,0.0,0.0,0.0,0.0
1779681670142980509,0.01,0.0,0.0,0.0,0.0,0.0
1779681670243499663,0.01,0.0,0.0,0.0,0.0,0.0
1779681670343950225,0.01,0.0,0.0,0.0,0.0,0.0
1779681670444115841,0.01,0.0,0.0,0.0,0.0,0.0
1779681670544401218,0.01,0.0,0.0,0.0,0.0,0.0
1779681670644818681,0.01,0.0,0.0,0.0,0.0,0.0
1779681670745137697,0.01,0.0,0.0,0.0,0.0,0.0
1779681670845376531,0.01,0.0,0.0,0.0,0.0,0.0
1779681670945859505,0.01,0.0,0.0,0.0,0.0,0.0
1779681671046067993,0.01,0.0,0.0,0.0,0.0,0.0
1779681671146520520,0.01,0.0,0.0,0.0,0.0,0.0
1779681671246841856,0.01,0.0,0.0,0.0,0.0,0.0
1779681671347174489,0.01,0.0,0.0,0.0,0.0,0.0
1779681671447584670,0.01,0.0,0.0,0.0,0.0,0.0
1779681671547993297,0.01,0.0,0.0,0.0,0.0,0.0
1779681671648215634,0.01,0.0,0.0,0.0,0.0,0.0
1779681671748520904,0.01,0.0,0.0,0.0,0.0,0.0
1779681671848628180,0.01,0.0,0.0,0.0,0.0,0.0
1779681671948914007,0.01,0.0,0.0,0.0,0.0,0.0
1779681672049274152,0.01,0.0,0.0,0.0,0.0,0.0
1779681672149471259,0.01,0.0,0.0,0.0,0.0,0.0
1779681672249897764,0.01,0.0,0.0,0.0,0.0,0.0
1779681672350206399,0.01,0.0,0.0,0.0,0.0,0.0
1779681672450733130,0.01,0.0,0.0,0.0,0.0,0.0
1779681672550927299,0.01,0.0,0.0,0.0,0.0,0.0
1779681672651209477,0.01,0.0,0.0,0.0,0.0,0.0
1779681672751627524,0.01,0.0,0.0,0.0,0.0,0.0
1779681672851721762,0.01,0.0,0.0,0.0,0.0,0.0
1779681672952066796,0.01,0.0,0.0,0.0,0.0,0.0
1779681673052528516,0.01,0.0,0.0,0.0,0.0,0.0
1779681673152672892,0.01,0.0,0.0,0.0,0.0,0.0
1779681673253193077,0.01,0.0,0.0,0.0,0.0,0.0
1779681673353455146,0.01,0.0,0.0,0.0,0.0,0.0
1779681673453982492,0.01,0.0,0.0,0.0,0.0,0.0
1779681673554311404,0.01,0.0,0.0,0.0,0.0,0.0
1779681673654538029,0.01,0.0,0.0,0.0,0.0,0.0
1779681673755003810,0.01,0.0,0.0,0.0,0.0,0.0
1779681673855660059,0.01,0.0,0.0,0.0,0.0,0.0
1779681673955836891,0.01,0.0,0.0,0.0,0.0,0.0
1779681674056135855,0.01,0.0,0.0,0.0,0.0,0.0
1779681674156713882,0.01,0.0,0.0,0.0,0.0,0.0
1779681674257112484,0.01,0.0,0.0,0.0,0.0,0.0
1779681674357638932,0.01,0.0,0.0,0.0,0.0,0.0
1779681674457857344,0.01,0.0,0.0,0.0,0.0,0.0
1779681674558305647,0.01,0.0,0.0,0.0,0.0,0.0
1779681674658835116,0.01,0.0,0.0,0.0,0.0,0.0
1779681674759039911,0.01,0.0,0.0,0.0,0.0,0.0
1779681674859437532,0.01,0.0,0.0,0.0,0.0,0.0
1779681674959502930,0.01,0.0,0.0,0.0,0.0,0.0
1779681675059853409,0.01,0.0,0.0,0.0,0.0,0.0
1779681675160292684,0.01,0.0,0.0,0.0,0.0,0.0
1779681675260458149,0.01,0.0,0.0,0.0,0.0,0.0
1779681675360716705,0.01,0.0,0.0,0.0,0.0,0.0
1779681675461289970,0.01,0.0,0.0,0.0,0.0,0.0
1779681675561607114,0.01,0.0,0.0,0.0,0.0,0.0
1779681675661933500,0.01,0.0,0.0,0.0,0.0,0.0
1779681675762213037,0.01,0.0,0.0,0.0,0.0,0.0
1779681675862352046,0.01,0.0,0.0,0.0,0.0,0.0
1779681675962429318,0.01,0.0,0.0,0.0,0.0,0.0
1779681676062928174,0.01,0.0,0.0,0.0,0.0,0.0
1779681676163125395,0.01,0.0,0.0,0.0,0.0,0.0
1779681676263539234,0.01,0.0,0.0,0.0,0.0,0.0
1779681676363871042,0.01,0.0,0.0,0.0,0.0,0.0
1779681676464117573,0.01,0.0,0.0,0.0,0.0,0.0
1779681676564415952,0.01,0.0,0.0,0.0,0.0,0.0
1779681676664623027,0.01,0.0,0.0,0.0,0.0,0.0
1779681676765150462,0.01,0.0,0.0,0.0,0.0,0.0
1779681676865397816,0.01,0.0,0.0,0.0,0.0,0.0
1779681676966329466,0.01,0.0,0.0,0.0,0.0,0.0
1779681677066273792,0.01,0.0,0.0,0.0,0.0,0.0
1779681677166650489,0.01,0.0,0.0,0.0,0.0,0.0
1779681677266900576,0.01,0.0,0.0,0.0,0.0,0.0
1779681677367402281,0.01,0.0,0.0,0.0,0.0,0.0
1779681677467438770,0.01,0.0,0.0,0.0,0.0,0.0
1779681677567908297,0.01,0.0,0.0,0.0,0.0,0.0
1779681677667912288,0.01,0.0,0.0,0.0,0.0,0.0
1779681677770044829,0.01,0.0,0.0,0.0,0.0,0.0
1779681677870302440,0.01,0.0,0.0,0.0,0.0,0.0
1779681677970533712,0.01,0.0,0.0,0.0,0.0,0.0
1779681678070791513,0.01,0.0,0.0,0.0,0.0,0.0
1779681678170932623,0.01,0.0,0.0,0.0,0.0,0.0
1779681678271069041,0.01,0.0,0.0,0.0,0.0,0.0
1779681678371533399,0.01,0.0,0.0,0.0,0.0,0.0
1779681678471641013,0.01,0.0,0.0,0.0,0.0,0.0
1779681678571830229,0.01,0.0,0.0,0.0,0.0,0.0
1779681678673323411,0.01,0.0,0.0,0.0,0.0,0.0
1779681678772661960,0.01,0.0,0.0,0.0,0.0,0.0
1779681678872749886,0.01,0.0,0.0,0.0,0.0,0.0
1779681678973185903,0.01,0.0,0.0,0.0,0.0,0.0
1779681679073479394,0.01,0.0,0.0,0.0,0.0,0.0
1779681679173810446,0.01,0.0,0.0,0.0,0.0,0.0
1779681679274616932,0.01,0.0,0.0,0.0,0.0,0.0
1779681679375155669,0.01,0.0,0.0,0.0,0.0,0.0
1779681679475290114,0.01,0.0,0.0,0.0,0.0,0.0
1779681679575875691,0.01,0.0,0.0,0.0,0.0,0.0
1779681679676055290,0.01,0.0,0.0,0.0,0.0,0.0
1779681679776580506,0.01,0.0,0.0,0.0,0.0,0.0
1779681679876857906,0.01,0.0,0.0,0.0,0.0,0.0
1779681679976897386,0.01,0.0,0.0,0.0,0.0,0.0
1779681680077301856,0.01,0.0,0.0,0.0,0.0,0.0
1779681680177913408,0.01,0.0,0.0,0.0,0.0,0.0
1779681680278497415,0.01,0.0,0.0,0.0,0.0,0.0
1779681680378693014,0.01,0.0,0.0,0.0,0.0,0.0
1779681680479403918,0.01,0.0,0.0,0.0,0.0,0.0
1779681680579643899,0.01,0.0,0.0,0.0,0.0,0.0
1779681680680469957,0.01,0.0,0.0,0.0,0.0,0.0
1779681680780554883,0.01,0.0,0.0,0.0,0.0,0.0
1779681680880940807,0.01,0.0,0.0,0.0,0.0,0.0
1779681680981124393,0.01,0.0,0.0,0.0,0.0,0.0
1779681681082618775,0.01,0.0,0.0,0.0,0.0,0.0
1779681681183268643,0.01,0.0,0.0,0.0,0.0,0.0
1779681681283593053,0.01,0.0,0.0,0.0,0.0,0.0
1779681681383918443,0.01,0.0,0.0,0.0,0.0,0.0
1779681681484825344,0.01,0.0,0.0,0.0,0.0,0.0
1779681681584967872,0.01,0.0,0.0,0.0,0.0,0.0
1779681681685366626,0.01,0.0,0.0,0.0,0.0,0.0
1779681681785829181,0.01,0.0,0.0,0.0,0.0,0.0
1779681681885938867,0.01,0.0,0.0,0.0,0.0,0.0
1779681681986731979,0.01,0.0,0.0,0.0,0.0,0.0
1779681682087005272,0.01,0.0,0.0,0.0,0.0,0.0
1779681682187444031,0.01,0.0,0.0,0.0,0.0,0.0
1779681682287604935,0.01,0.0,0.0,0.0,0.0,0.0
1779681682388300362,0.01,0.0,0.0,0.0,0.0,0.0
1779681682488304501,0.01,0.0,0.0,0.0,0.0,0.0
1779681682588708963,0.01,0.0,0.0,0.0,0.0,0.0
1779681682688820461,0.01,0.0,0.0,0.0,0.0,0.0
1779681682789347613,0.01,0.0,0.0,0.0,0.0,0.0
1779681682889418080,0.01,0.0,0.0,0.0,0.0,0.0
1779681682989585527,0.01,0.0,0.0,0.0,0.0,0.0
1779681683090007921,0.01,0.0,0.0,0.0,0.0,0.0
1779681683190373217,0.01,0.0,0.0,0.0,0.0,0.0
1779681683290497228,0.01,0.0,0.0,0.0,0.0,0.0
1779681683390793751,0.01,0.0,0.0,0.0,0.0,0.0
1779681683491321538,0.01,0.0,0.0,0.0,0.0,0.0
1779681683591382390,0.01,0.0,0.0,0.0,0.0,0.0
1779681683691695610,0.01,0.0,0.0,0.0,0.0,0.0
1779681683791943991,0.01,0.0,0.0,0.0,0.0,0.0
1779681683892420247,0.01,0.0,0.0,0.0,0.0,0.0
1779681683992837739,0.01,0.0,0.0,0.0,0.0,0.0
1779681684092986933,0.01,0.0,0.0,0.0,0.0,0.0
1779681684193253986,0.01,0.0,0.0,0.0,0.0,0.0
1779681684293471578,0.01,0.0,0.0,0.0,0.0,0.0
1779681684394009475,0.01,0.0,0.0,0.0,0.0,0.0
1779681684494493168,0.01,0.0,0.0,0.0,0.0,0.0
1779681684594621752,0.01,0.0,0.0,0.0,0.0,0.0
1779681684695065458,0.01,0.0,0.0,0.0,0.0,0.0
1779681684795524589,0.01,0.0,0.0,0.0,0.0,0.0
1779681684895976969,0.01,0.0,0.0,0.0,0.0,0.0
1779681684996392814,0.01,0.0,0.0,0.0,0.0,0.0
1779681685096735393,0.01,0.0,0.0,0.0,0.0,0.0
1779681685197344774,0.01,0.0,0.0,0.0,0.0,0.0
1779681685297852472,0.01,0.0,0.0,0.0,0.0,0.0
1779681685398109748,0.01,0.0,0.0,0.0,0.0,0.0
1779681685498361220,0.01,0.0,0.0,0.0,0.0,0.0
1779681685598822350,0.01,0.0,0.0,0.0,0.0,0.0
1779681685699149468,0.01,0.0,0.0,0.0,0.0,0.0
1779681685799342063,0.01,0.0,0.0,0.0,0.0,0.0
1779681685899641776,0.01,0.0,0.0,0.0,0.0,0.0
1779681686000171864,0.01,0.0,0.0,0.0,0.0,0.0
1779681686100336337,0.01,0.0,0.0,0.0,0.0,0.0
1779681686200770514,0.01,0.0,0.0,0.0,0.0,0.0
1779681686301434845,0.01,0.0,0.0,0.0,0.0,0.0
1779681686401995344,0.01,0.0,0.0,0.0,0.0,0.0
1779681686502042316,0.01,0.0,0.0,0.0,0.0,0.0
1779681686602653373,0.01,0.0,0.0,0.0,0.0,0.0
1779681686702932166,0.01,0.0,0.0,0.0,0.0,0.0
1779681686803068577,0.01,0.0,0.0,0.0,0.0,0.0
1779681686903790391,0.01,0.0,0.0,0.0,0.0,0.0
1779681687003788803,0.01,0.0,0.0,0.0,0.0,0.0
1779681687104131029,0.01,0.0,0.0,0.0,0.0,0.0
1779681687204765219,0.01,0.0,0.0,0.0,0.0,0.0
1779681687304879323,0.01,0.0,0.0,0.0,0.0,0.0
1779681687405286832,0.01,0.0,0.0,0.0,0.0,0.0
1779681687505348403,0.01,0.0,0.0,0.0,0.0,0.0
1779681687605896713,0.01,0.0,0.0,0.0,0.0,0.0
1779681687706354440,0.01,0.0,0.0,0.0,0.0,0.0
1779681687806730851,0.01,0.0,0.0,0.0,0.0,0.0
1779681687906819021,0.01,0.0,0.0,0.0,0.0,0.0
1779681688007222894,0.01,0.0,0.0,0.0,0.0,0.0
1779681688107626073,0.01,0.0,0.0,0.0,0.0,0.0
1779681688208114207,0.01,0.0,0.0,0.0,0.0,0.0
1779681688309009775,0.01,0.0,0.0,0.0,0.0,0.0
1779681688409370358,0.01,0.0,0.0,0.0,0.0,0.0
1779681688509668722,0.01,0.0,0.0,0.0,0.0,0.0
1779681688609890355,0.01,0.0,0.0,0.0,0.0,0.0
1779681688710185349,0.01,0.0,0.0,0.0,0.0,0.0
1779681688810614376,0.01,0.0,0.0,0.0,0.0,0.0
1779681688910986425,0.01,0.0,0.0,0.0,0.0,0.0
1779681689011354710,0.01,0.0,0.0,0.0,0.0,0.0
1779681689112384430,0.01,0.0,0.0,0.0,0.0,0.0
1779681689212492441,0.01,0.0,0.0,0.0,0.0,0.0
1779681689312864853,0.01,0.0,0.0,0.0,0.0,0.0
1779681689413158825,0.01,0.0,0.0,0.0,0.0,0.0
1779681689513642167,0.01,0.0,0.0,0.0,0.0,0.0
1779681689613670053,0.01,0.0,0.0,0.0,0.0,0.0
1779681689713944081,0.01,0.0,0.0,0.0,0.0,0.0
1779681689814382839,0.01,0.0,0.0,0.0,0.0,0.0
1779681689914729523,0.01,0.0,0.0,0.0,0.0,0.0
1779681690015191450,0.01,0.0,0.0,0.0,0.0,0.0
1779681690115266231,0.01,0.0,0.0,0.0,0.0,0.0
1779681690216093290,0.01,0.0,0.0,0.0,0.0,0.0
1779681690316399891,0.01,0.0,0.0,0.0,0.0,0.0
1779681690416621321,0.01,0.0,0.0,0.0,0.0,0.0
1779681690516973240,0.01,0.0,0.0,0.0,0.0,0.0
1779681690617503432,0.01,0.0,0.0,0.0,0.0,0.0
1779681690718758681,0.01,0.0,0.0,0.0,0.0,0.0
1779681690818685760,0.01,0.0,0.0,0.0,0.0,0.0
1779681690919272699,0.01,0.0,0.0,0.0,0.0,0.0
1779681691019430475,0.01,0.0,0.0,0.0,0.0,0.0
1779681691119784196,0.01,0.0,0.0,0.0,0.0,0.0
1779681691220190115,0.01,0.0,0.0,0.0,0.0,0.0
1779681691320792824,0.01,0.0,0.0,0.0,0.0,0.0
1779681691420968951,0.01,0.0,0.0,0.0,0.0,0.0
1779681691521485921,0.01,0.0,0.0,0.0,0.0,0.0
1779681691621767132,0.01,0.0,0.0,0.0,0.0,0.0
1779681691722118246,0.01,0.0,0.0,0.0,0.0,0.0
1779681691822519366,0.01,0.0,0.0,0.0,0.0,0.0
1779681691922808334,0.01,0.0,0.0,0.0,0.0,0.0
1779681692023262713,0.01,0.0,0.0,0.0,0.0,0.0
1779681692123395825,0.01,0.0,0.0,0.0,0.0,0.0
1779681692223750724,0.01,0.0,0.0,0.0,0.0,0.0
1779681692324097220,0.01,0.0,0.0,0.0,0.0,0.0
1779681692424487155,0.01,0.0,0.0,0.0,0.0,0.0
1779681692525294529,0.01,0.0,0.0,0.0,0.0,0.0
1779681692625546414,0.01,0.0,0.0,0.0,0.0,0.0
1779681692725719710,0.01,0.0,0.0,0.0,0.0,0.0
1779681692826111017,0.01,0.0,0.0,0.0,0.0,0.0
1779681692926474398,0.01,0.0,0.0,0.0,0.0,0.0
1779681693026704425,0.01,0.0,0.0,0.0,0.0,0.0
1779681693127070581,0.01,0.0,0.0,0.0,0.0,0.0
1779681693227316853,0.01,0.0,0.0,0.0,0.0,0.0
1779681693327675003,0.01,0.0,0.0,0.0,0.0,0.0
1779681693427885482,0.01,0.0,0.0,0.0,0.0,0.0
1779681693528292885,0.01,0.0,0.0,0.0,0.0,0.0
1779681693628700271,0.01,0.0,0.0,0.0,0.0,0.0
1779681693729217107,0.01,0.0,0.0,0.0,0.0,0.0
1779681693829436555,0.01,0.0,0.0,0.0,0.0,0.0
1779681693929573294,0.01,0.0,0.0,0.0,0.0,0.0
1779681694030689056,0.01,0.0,0.0,0.0,0.0,0.0
1779681694131794195,0.01,0.0,0.0,0.0,0.0,0.0
1779681694231642797,0.01,0.0,0.0,0.0,0.0,0.0
1779681694332187440,0.01,0.0,0.0,0.0,0.0,0.0
1779681694433721920,0.01,0.0,0.0,0.0,0.0,0.0
1779681694533482589,0.01,0.0,0.0,0.0,0.0,0.0
1779681694633757618,0.01,0.0,0.0,0.0,0.0,0.0
1779681694734050410,0.01,0.0,0.0,0.0,0.0,0.0
1779681694834436996,0.01,0.0,0.0,0.0,0.0,0.0
1779681694934744838,0.01,0.0,0.0,0.0,0.0,0.0
1779681695035332988,0.01,0.0,0.0,0.0,0.0,0.0
1779681695136274781,0.01,0.0,0.0,0.0,0.0,0.0
1779681695236439215,0.01,0.0,0.0,0.0,0.0,0.0
1779681695336592497,0.01,0.0,0.0,0.0,0.0,0.0
1779681695436923296,0.01,0.0,0.0,0.0,0.0,0.0
1779681695537340365,0.01,0.0,0.0,0.0,0.0,0.0
1779681695637541919,0.01,0.0,0.0,0.0,0.0,0.0
1779681695737885079,0.01,0.0,0.0,0.0,0.0,0.0
1779681695838153709,0.01,0.0,0.0,0.0,0.0,0.0
1779681695938636473,0.01,0.0,0.0,0.0,0.0,0.0
1779681696038855434,0.01,0.0,0.0,0.0,0.0,0.0
1779681696139219901,0.01,0.0,0.0,0.0,0.0,0.0
1779681696239750653,0.01,0.0,0.0,0.0,0.0,0.0
1779681696340162677,0.01,0.0,0.0,0.0,0.0,0.0
1779681696440445478,0.01,0.0,0.0,0.0,0.0,0.0
1779681696540631070,0.01,0.0,0.0,0.0,0.0,0.0
1779681696640938893,0.01,0.0,0.0,0.0,0.0,0.0
1779681696741431608,0.01,0.0,0.0,0.0,0.0,0.0
1779681696842236664,0.01,0.0,0.0,0.0,0.0,0.0
1779681696942328573,0.01,0.0,0.0,0.0,0.0,0.0
1779681697042788279,0.01,0.0,0.0,0.0,0.0,0.0
1779681697143073951,0.01,0.0,0.0,0.0,0.0,0.0
1779681697243480244,0.01,0.0,0.0,0.0,0.0,0.0
1779681697343957791,0.01,0.0,0.0,0.0,0.0,0.0
1779681697444367593,0.01,0.0,0.0,0.0,0.0,0.0
1779681697544788830,0.01,0.0,0.0,0.0,0.0,0.0
1779681697644874089,0.01,0.0,0.0,0.0,0.0,0.0
1779681697745127481,0.01,0.0,0.0,0.0,0.0,0.0
1779681697845542256,0.01,0.0,0.0,0.0,0.0,0.0
1779681697945881131,0.01,0.0,0.0,0.0,0.0,0.0
1779681698046628787,0.01,0.0,0.0,0.0,0.0,0.0
1779681698146860884,0.01,0.0,0.0,0.0,0.0,0.0
1779681698247391035,0.01,0.0,0.0,0.0,0.0,0.0
1779681698348047878,0.01,0.0,0.0,0.0,0.0,0.0
1779681698447749396,0.01,0.0,0.0,0.0,0.0,0.0
1779681698548080440,0.01,0.0,0.0,0.0,0.0,0.0
1779681698648386290,0.01,0.0,0.0,0.0,0.0,0.0
1779681698748873360,0.01,0.0,0.0,0.0,0.0,0.0
1779681698849592056,0.01,0.0,0.0,0.0,0.0,0.0
1779681698949716925,0.01,0.0,0.0,0.0,0.0,0.0
1779681699050021780,0.01,0.0,0.0,0.0,0.0,0.0
1779681699150262823,0.01,0.0,0.0,0.0,0.0,0.0
1779681699250633062,0.01,0.0,0.0,0.0,0.0,0.0
1779681699351025466,0.01,0.0,0.0,0.0,0.0,0.0
1779681699451463458,0.01,0.0,0.0,0.0,0.0,0.0
1779681699551745813,0.01,0.0,0.0,0.0,0.0,0.0
1779681699651958132,0.01,0.0,0.0,0.0,0.0,0.0
1779681699752210628,0.01,0.0,0.0,0.0,0.0,0.0
1779681699852727661,0.01,0.0,0.0,0.0,0.0,0.0
1779681699953003446,0.01,0.0,0.0,0.0,0.0,0.0
1779681700053284209,0.01,0.0,0.0,0.0,0.0,0.0
1779681700153541764,0.01,0.0,0.0,0.0,0.0,0.0
1779681700253584277,0.01,0.0,0.0,0.0,0.0,0.0
1779681700353907891,0.01,0.0,0.0,0.0,0.0,0.0
1779681700454244089,0.01,0.0,0.0,0.0,0.0,0.0
1779681700554423269,0.01,0.0,0.0,0.0,0.0,0.0
1779681700654805549,0.01,0.0,0.0,0.0,0.0,0.0
1779681700754918967,0.01,0.0,0.0,0.0,0.0,0.0
1779681700855317176,0.01,0.0,0.0,0.0,0.0,0.0
1779681700955580912,0.01,0.0,0.0,0.0,0.0,0.0
1779681701055883640,0.01,0.0,0.0,0.0,0.0,0.0
1779681701156429961,0.01,0.0,0.0,0.0,0.0,0.0
1779681701256612460,0.01,0.0,0.0,0.0,0.0,0.0
1779681701356807877,0.01,0.0,0.0,0.0,0.0,0.0
1779681701457187405,0.01,0.0,0.0,0.0,0.0,0.0
1779681701557362155,0.01,0.0,0.0,0.0,0.0,0.0
1779681701657662687,0.01,0.0,0.0,0.0,0.0,0.0
1779681701758169957,0.01,0.0,0.0,0.0,0.0,0.0
1779681701858508664,0.01,0.0,0.0,0.0,0.0,0.0
1779681701958834344,0.01,0.0,0.0,0.0,0.0,0.0
1779681702059246240,0.01,0.0,0.0,0.0,0.0,0.0
1779681702159400197,0.01,0.0,0.0,0.0,0.0,0.0
1779681702259651404,0.01,0.0,0.0,0.0,0.0,0.0
1779681702360035711,0.01,0.0,0.0,0.0,0.0,0.0
1779681702460336304,0.01,0.0,0.0,0.0,0.0,0.0
1779681702560998908,0.01,0.0,0.0,0.0,0.0,0.0
1779681702661802743,0.01,0.0,0.0,0.0,0.0,0.0
1779681702761846840,0.01,0.0,0.0,0.0,0.0,0.0
1779681702862350217,0.01,0.0,0.0,0.0,0.0,0.0
1779681702962477028,0.01,0.0,0.0,0.0,0.0,0.0
1779681703062714321,0.01,0.0,0.0,0.0,0.0,0.0
1779681703162818659,0.01,0.0,0.0,0.0,0.0,0.0
1779681703263141922,0.01,0.0,0.0,0.0,0.0,0.0
1779681703363344455,0.01,0.0,0.0,0.0,0.0,0.0
1779681703463742648,0.01,0.0,0.0,0.0,0.0,0.0
1779681703564041389,0.01,0.0,0.0,0.0,0.0,0.0
1779681703664402297,0.01,0.0,0.0,0.0,0.0,0.0
1779681703764653290,0.01,0.0,0.0,0.0,0.0,0.0
1779681703865092610,0.01,0.0,0.0,0.0,0.0,0.0
1779681703965492955,0.01,0.0,0.0,0.0,0.0,0.0
1779681704065716234,0.01,0.0,0.0,0.0,0.0,0.0
1779681704165938324,0.01,0.0,0.0,0.0,0.0,0.0
1779681704266289798,0.01,0.0,0.0,0.0,0.0,0.0
1779681704366579944,0.01,0.0,0.0,0.0,0.0,0.0
1779681704466806473,0.01,0.0,0.0,0.0,0.0,0.0
1779681704566952146,0.01,0.0,0.0,0.0,0.0,0.0
1779681704667537452,0.01,0.0,0.0,0.0,0.0,0.0
1779681704767756096,0.01,0.0,0.0,0.0,0.0,0.0
1779681704868035062,0.01,0.0,0.0,0.0,0.0,0.0
1779681704968345578,0.01,0.0,0.0,0.0,0.0,0.0
1779681705068594794,0.01,0.0,0.0,0.0,0.0,0.0
1779681705168885363,0.01,0.0,0.0,0.0,0.0,0.0
1779681705269364667,0.01,0.0,0.0,0.0,0.0,0.0
1779681705370054878,0.01,0.0,0.0,0.0,0.0,0.0
1779681705470093845,0.01,0.0,0.0,0.0,0.0,0.0
1779681705570322865,0.01,0.0,0.0,0.0,0.0,0.0
1779681705670685890,0.01,0.0,0.0,0.0,0.0,0.0
1779681705770910447,0.01,0.0,0.0,0.0,0.0,0.0
1779681705871437168,0.01,0.0,0.0,0.0,0.0,0.0
1779681705971409679,0.01,0.0,0.0,0.0,0.0,0.0
1779681706071860654,0.01,0.0,0.0,0.0,0.0,0.0
1779681706172092190,0.01,0.0,0.0,0.0,0.0,0.0
1779681706272550082,0.01,0.0,0.0,0.0,0.0,0.0
1779681706372583659,0.01,0.0,0.0,0.0,0.0,0.0
1779681706472811217,0.01,0.0,0.0,0.0,0.0,0.0
1779681706573136971,0.01,0.0,0.0,0.0,0.0,0.0
1779681706673473822,0.01,0.0,0.0,0.0,0.0,0.0
1779681706773828857,0.01,0.0,0.0,0.0,0.0,0.0
1779681706874123599,0.01,0.0,0.0,0.0,0.0,0.0
1779681706974377848,0.01,0.0,0.0,0.0,0.0,0.0
1779681707074961810,0.01,0.0,0.0,0.0,0.0,0.0
1779681707175156562,0.01,0.0,0.0,0.0,0.0,0.0
1779681707275476378,0.01,0.0,0.0,0.0,0.0,0.0
1779681707375633604,0.01,0.0,0.0,0.0,0.0,0.0
1779681707476040831,0.01,0.0,0.0,0.0,0.0,0.0
1779681707576369419,0.01,0.0,0.0,0.0,0.0,0.0
1779681707677037225,0.01,0.0,0.0,0.0,0.0,0.0
1779681707777189436,0.01,0.0,0.0,0.0,0.0,0.0
1779681707877616570,0.01,0.0,0.0,0.0,0.0,0.0
1779681707977788448,0.01,0.0,0.0,0.0,0.0,0.0
1779681708078517562,0.01,0.0,0.0,0.0,0.0,0.0
1779681708178410042,0.01,0.0,0.0,0.0,0.0,0.0
1779681708278808430,0.01,0.0,0.0,0.0,0.0,0.0
1779681708379429579,0.01,0.0,0.0,0.0,0.0,0.0
1779681708479668159,0.01,0.0,0.0,0.0,0.0,0.0
1779681708579875462,0.01,0.0,0.0,0.0,0.0,0.0
1779681708680451252,0.01,0.0,0.0,0.0,0.0,0.0
1779681708781200677,0.01,0.0,0.0,0.0,0.0,0.0
1779681708881715569,0.01,0.0,0.0,0.0,0.0,0.0
1779681708981910879,0.01,0.0,0.0,0.0,0.0,0.0
1779681709082579518,0.01,0.0,0.0,0.0,0.0,0.0
1779681709182914498,0.01,0.0,0.0,0.0,0.0,0.0
1779681709283265902,0.01,0.0,0.0,0.0,0.0,0.0
1779681709383648984,0.01,0.0,0.0,0.0,0.0,0.0
1779681709484176484,0.01,0.0,0.0,0.0,0.0,0.0
1779681709584444826,0.01,0.0,0.0,0.0,0.0,0.0
1779681709685105469,0.01,0.0,0.0,0.0,0.0,0.0
1779681709785416902,0.01,0.0,0.0,0.0,0.0,0.0
1779681709885688932,0.01,0.0,0.0,0.0,0.0,0.0
1779681709985793074,0.01,0.0,0.0,0.0,0.0,0.0
1779681710086580913,0.01,0.0,0.0,0.0,0.0,0.0
1779681710186769725,0.01,0.0,0.0,0.0,0.0,0.0
1779681710286971659,0.01,0.0,0.0,0.0,0.0,0.0
1779681710387458332,0.01,0.0,0.0,0.0,0.0,0.0
1779681710487643279,0.01,0.0,0.0,0.0,0.0,0.0
1779681710588072043,0.01,0.0,0.0,0.0,0.0,0.0
1779681710688620037,0.01,0.0,0.0,0.0,0.0,0.0
1779681710789167728,0.01,0.0,0.0,0.0,0.0,0.0
1779681710889609147,0.01,0.0,0.0,0.0,0.0,0.0
1779681710990064874,0.01,0.0,0.0,0.0,0.0,0.0
1779681711090589137,0.01,0.0,0.0,0.0,0.0,0.0
1779681711191179788,0.01,0.0,0.0,0.0,0.0,0.0
1779681711291558259,0.01,0.0,0.0,0.0,0.0,0.0
1779681711391724092,0.01,0.0,0.0,0.0,0.0,0.0
1779681711492108679,0.01,0.0,0.0,0.0,0.0,0.0
1779681711592270652,0.01,0.0,0.0,0.0,0.0,0.0
1779681711692659989,0.01,0.0,0.0,0.0,0.0,0.0
1779681711792814054,0.01,0.0,0.0,0.0,0.0,0.0
1779681711893144009,0.01,0.0,0.0,0.0,0.0,0.0
1779681711993503811,0.01,0.0,0.0,0.0,0.0,0.0
1779681712094859448,0.01,0.0,0.0,0.0,0.0,0.0
1779681712194917417,0.01,0.0,0.0,0.0,0.0,0.0
1779681712295389490,0.01,0.0,0.0,0.0,0.0,0.0
1779681712395859815,0.01,0.0,0.0,0.0,0.0,0.0
1779681712496367387,0.01,0.0,0.0,0.0,0.0,0.0
1779681712596648730,0.01,0.0,0.0,0.0,0.0,0.0
1779681712696931733,0.01,0.0,0.0,0.0,0.0,0.0
1779681712797267628,0.01,0.0,0.0,0.0,0.0,0.0
1779681712897555952,0.01,0.0,0.0,0.0,0.0,0.0
1779681712998036575,0.01,0.0,0.0,0.0,0.0,0.0
1779681713098420238,0.01,0.0,0.0,0.0,0.0,0.0
1779681713198821932,0.01,0.0,0.0,0.0,0.0,0.0
1779681713299441748,0.01,0.0,0.0,0.0,0.0,0.0
1779681713400117461,0.01,0.0,0.0,0.0,0.0,0.0
1779681713500560678,0.01,0.0,0.0,0.0,0.0,0.0
1779681713600945100,0.01,0.0,0.0,0.0,0.0,0.0
1779681713701248543,0.01,0.0,0.0,0.0,0.0,0.0
1779681713801586090,0.01,0.0,0.0,0.0,0.0,0.0
1779681713901996465,0.01,0.0,0.0,0.0,0.0,0.0
1779681714002313013,0.01,0.0,0.0,0.0,0.0,0.0
1779681714102443768,0.01,0.0,0.0,0.0,0.0,0.0
1779681714203141125,0.01,0.0,0.0,0.0,0.0,0.0
1779681714303601480,0.01,0.0,0.0,0.0,0.0,0.0
1779681714403906087,0.01,0.0,0.0,0.0,0.0,0.0
1779681714504442275,0.01,0.0,0.0,0.0,0.0,0.0
1779681714605104866,0.01,0.0,0.0,0.0,0.0,0.0
1779681714705365256,0.01,0.0,0.0,0.0,0.0,0.0
1779681714806626472,0.01,0.0,0.0,0.0,0.0,0.0
1779681714907625861,0.01,0.0,0.0,0.0,0.0,0.0
1779681715008442339,0.01,0.0,0.0,0.0,0.0,0.0
1779681715108483085,0.01,0.0,0.0,0.0,0.0,0.0
1779681715208624893,0.01,0.0,0.0,0.0,0.0,0.0
1779681715308951630,0.01,0.0,0.0,0.0,0.0,0.0
1779681715409448966,0.01,0.0,0.0,0.0,0.0,0.0
1779681715509697046,0.01,0.0,0.0,0.0,0.0,0.0
1779681715609932621,0.01,0.0,0.0,0.0,0.0,0.0
1779681715710219117,0.01,0.0,0.0,0.0,0.0,0.0
1779681715810321126,0.01,0.0,0.0,0.0,0.0,0.0
1779681715910527709,0.01,0.0,0.0,0.0,0.0,0.0
1779681716010966595,0.01,0.0,0.0,0.0,0.0,0.0
1779681716111516408,0.01,0.0,0.0,0.0,0.0,0.0
1779681716211555907,0.01,0.0,0.0,0.0,0.0,0.0
1779681716312120656,0.01,0.0,0.0,0.0,0.0,0.0
1779681716412703637,0.01,0.0,0.0,0.0,0.0,0.0
1779681716512808875,0.01,0.0,0.0,0.0,0.0,0.0
1779681716613805905,0.01,0.0,0.0,0.0,0.0,0.0
1779681716713946912,0.01,0.0,0.0,0.0,0.0,0.0
1779681716814276811,0.01,0.0,0.0,0.0,0.0,0.0
1779681716914840670,0.01,0.0,0.0,0.0,0.0,0.0
1779681717015094622,0.01,0.0,0.0,0.0,0.0,0.0
1779681717115925077,0.01,0.0,0.0,0.0,0.0,0.0
1779681717216289440,0.01,0.0,0.0,0.0,0.0,0.0
1779681717316502328,0.01,0.0,0.0,0.0,0.0,0.0
1779681717416868305,0.01,0.0,0.0,0.0,0.0,0.0
1779681717517292206,0.01,0.0,0.0,0.0,0.0,0.0
1779681717617503726,0.01,0.0,0.0,0.0,0.0,0.0
1779681717717935257,0.01,0.0,0.0,0.0,0.0,0.0
1779681717818288241,0.01,0.0,0.0,0.0,0.0,0.0
1779681717918558433,0.01,0.0,0.0,0.0,0.0,0.0
1779681718018716575,0.01,0.0,0.0,0.0,0.0,0.0
1779681718119053816,0.01,0.0,0.0,0.0,0.0,0.0
1779681718219250263,0.01,0.0,0.0,0.0,0.0,0.0
1779681718319783759,0.01,0.0,0.0,0.0,0.0,0.0
1779681718420118999,0.01,0.0,0.0,0.0,0.0,0.0
1779681718520506295,0.01,0.0,0.0,0.0,0.0,0.0
1779681718620897569,0.01,0.0,0.0,0.0,0.0,0.0
1779681718721215629,0.01,0.0,0.0,0.0,0.0,0.0
1779681718821269433,0.01,0.0,0.0,0.0,0.0,0.0
1779681718921480243,0.01,0.0,0.0,0.0,0.0,0.0
1779681719021841112,0.01,0.0,0.0,0.0,0.0,0.0
1779681719122344431,0.01,0.0,0.0,0.0,0.0,0.0
1779681719222445634,0.01,0.0,0.0,0.0,0.0,0.0
1779681719322884427,0.01,0.0,0.0,0.0,0.0,0.0
1779681719423145588,0.01,0.0,0.0,0.0,0.0,0.0
1779681719523310831,0.01,0.0,0.0,0.0,0.0,0.0
1779681719623640940,0.01,0.0,0.0,0.0,0.0,0.0
1779681719723869022,0.01,0.0,0.0,0.0,0.0,0.0
1779681719824367553,0.01,0.0,0.0,0.0,0.0,0.0
1779681719924573402,0.01,0.0,0.0,0.0,0.0,0.0
1779681720025550695,0.01,0.0,0.0,0.0,0.0,0.0
1779681720125687251,0.01,0.0,0.0,0.0,0.0,0.0
1779681720225882083,0.01,0.0,0.0,0.0,0.0,0.0
1779681720326279815,0.01,0.0,0.0,0.0,0.0,0.0
1779681720426353946,0.01,0.0,0.0,0.0,0.0,0.0
1779681720526917105,0.01,0.0,0.0,0.0,0.0,0.0
1779681720627075058,0.01,0.0,0.0,0.0,0.0,0.0
1779681720727965274,0.01,0.0,0.0,0.0,0.0,0.0
1779681720828018738,0.01,0.0,0.0,0.0,0.0,0.0
1779681720928337634,0.01,0.0,0.0,0.0,0.0,0.0
1779681721028567141,0.01,0.0,0.0,0.0,0.0,0.0
1779681721128860494,0.01,0.0,0.0,0.0,0.0,0.0
1779681721229500615,0.01,0.0,0.0,0.0,0.0,0.0
1779681721329743233,0.01,0.0,0.0,0.0,0.0,0.0
1779681721430174494,0.01,0.0,0.0,0.0,0.0,0.0
1779681721530418015,0.01,0.0,0.0,0.0,0.0,0.0
1779681721630721992,0.01,0.0,0.0,0.0,0.0,0.0
1779681721730902067,0.01,0.0,0.0,0.0,0.0,0.0
1779681721831257542,0.01,0.0,0.0,0.0,0.0,0.0
1779681721932487857,0.01,0.0,0.0,0.0,0.0,0.0
1779681722032826218,0.01,0.0,0.0,0.0,0.0,0.0
1779681722133100533,0.01,0.0,0.0,0.0,0.0,0.0
1779681722233575535,0.01,0.0,0.0,0.0,0.0,0.0
1779681722333777753,0.01,0.0,0.0,0.0,0.0,0.0
1779681722434121349,0.01,0.0,0.0,0.0,0.0,0.0
1779681722535317014,0.01,0.0,0.0,0.0,0.0,0.0
1779681722635728819,0.01,0.0,0.0,0.0,0.0,0.0
1779681722735860085,0.01,0.0,0.0,0.0,0.0,0.0
1779681722836124467,0.01,0.0,0.0,0.0,0.0,0.0
1779681722936733013,0.01,0.0,0.0,0.0,0.0,0.0
1779681723036775919,0.01,0.0,0.0,0.0,0.0,0.0
1779681723137426418,0.01,0.0,0.0,0.0,0.0,0.0
1779681723237554808,0.01,0.0,0.0,0.0,0.0,0.0
1779681723337961684,0.01,0.0,0.0,0.0,0.0,0.0
1779681723438508489,0.01,0.0,0.0,0.0,0.0,0.0
1779681723538583817,0.01,0.0,0.0,0.0,0.0,0.0
1779681723639006227,0.01,0.0,0.0,0.0,0.0,0.0
1779681723739317291,0.01,0.0,0.0,0.0,0.0,0.0
1779681723839704275,0.01,0.0,0.0,0.0,0.0,0.0
1779681723940137986,0.01,0.0,0.0,0.0,0.0,0.0
1779681724040621698,0.01,0.0,0.0,0.0,0.0,0.0
1779681724140960842,0.01,0.0,0.0,0.0,0.0,0.0
1779681724241395538,0.01,0.0,0.0,0.0,0.0,0.0
1779681724341989427,0.01,0.0,0.0,0.0,0.0,0.0
1779681724442315902,0.01,0.0,0.0,0.0,0.0,0.0
1779681724542660674,0.01,0.0,0.0,0.0,0.0,0.0
1779681724642843226,0.01,0.0,0.0,0.0,0.0,0.0
1779681724743409157,0.01,0.0,0.0,0.0,0.0,0.0
1779681724844025050,0.01,0.0,0.0,0.0,0.0,0.0
1779681724944184091,0.01,0.0,0.0,0.0,0.0,0.0
1779681725044441053,0.01,0.0,0.0,0.0,0.0,0.0
1779681725144747035,0.01,0.0,0.0,0.0,0.0,0.0
1779681725245277188,0.01,0.0,0.0,0.0,0.0,0.0
1779681725345605538,0.01,0.0,0.0,0.0,0.0,0.0
1779681725445912215,0.01,0.0,0.0,0.0,0.0,0.0
1779681725546301892,0.01,0.0,0.0,0.0,0.0,0.0
1779681725646497494,0.01,0.0,0.0,0.0,0.0,0.0
1779681725746781601,0.01,0.0,0.0,0.0,0.0,0.0
1779681725847259806,0.01,0.0,0.0,0.0,0.0,0.0
1779681725947523236,0.01,0.0,0.0,0.0,0.0,0.0
1779681726047870882,0.01,0.0,0.0,0.0,0.0,0.0
1779681726148530254,0.01,0.0,0.0,0.0,0.0,0.0
1779681726248918325,0.01,0.0,0.0,0.0,0.0,0.0
1779681726349141654,0.01,0.0,0.0,0.0,0.0,0.0
1779681726449682373,0.01,0.0,0.0,0.0,0.0,0.0
1779681726549622566,0.01,0.0,0.0,0.0,0.0,0.0
1779681726650290584,0.01,0.0,0.0,0.0,0.0,0.0
1779681726750603118,0.01,0.0,0.0,0.0,0.0,0.0
1779681726850846284,0.01,0.0,0.0,0.0,0.0,0.0
1779681726951160567,0.01,0.0,0.0,0.0,0.0,0.0
1779681727051742003,0.01,0.0,0.0,0.0,0.0,0.0
1779681727152105620,0.01,0.0,0.0,0.0,0.0,0.0
1779681727252423317,0.01,0.0,0.0,0.0,0.0,0.0
1779681727352992936,0.01,0.0,0.0,0.0,0.0,0.0
1779681727453293646,0.01,0.0,0.0,0.0,0.0,0.0
1779681727553589841,0.01,0.0,0.0,0.0,0.0,0.0
1779681727653805375,0.01,0.0,0.0,0.0,0.0,0.0
1779681727754755149,0.01,0.0,0.0,0.0,0.0,0.0
1779681727855051247,0.01,0.0,0.0,0.0,0.0,0.0
1779681727955436605,0.01,0.0,0.0,0.0,0.0,0.0
1779681728056087744,0.01,0.0,0.0,0.0,0.0,0.0
1779681728156289497,0.01,0.0,0.0,0.0,0.0,0.0
1779681728256407786,0.01,0.0,0.0,0.0,0.0,0.0
1779681728356759337,0.01,0.0,0.0,0.0,0.0,0.0
1779681728457280102,0.01,0.0,0.0,0.0,0.0,0.0
1779681728557677511,0.01,0.0,0.0,0.0,0.0,0.0
1779681728657868473,0.01,0.0,0.0,0.0,0.0,0.0
1779681728758130374,0.01,0.0,0.0,0.0,0.0,0.0
1779681728858240583,0.01,0.0,0.0,0.0,0.0,0.0
1779681728958764924,0.01,0.0,0.0,0.0,0.0,0.0
1779681729059340838,0.01,0.0,0.0,0.0,0.0,0.0
1779681729159601613,0.01,0.0,0.0,0.0,0.0,0.0
1779681729260158383,0.01,0.0,0.0,0.0,0.0,0.0
1779681729360227434,0.01,0.0,0.0,0.0,0.0,0.0
1779681729460589093,0.01,0.0,0.0,0.0,0.0,0.0
1779681729561011352,0.01,0.0,0.0,0.0,0.0,0.0
1779681729661237067,0.01,0.0,0.0,0.0,0.0,0.0
1779681729761766968,0.01,0.0,0.0,0.0,0.0,0.0
1779681729863063707,0.01,0.0,0.0,0.0,0.0,0.0
1779681729963091626,0.01,0.0,0.0,0.0,0.0,0.0
1779681730063460343,0.01,0.0,0.0,0.0,0.0,0.0
1779681730163904787,0.01,0.0,0.0,0.0,0.0,0.0
1779681730264235102,0.01,0.0,0.0,0.0,0.0,0.0
1779681730365163371,0.01,0.0,0.0,0.0,0.0,0.0
1779681730465960660,0.01,0.0,0.0,0.0,0.0,0.0
1779681730566100818,0.01,0.0,0.0,0.0,0.0,0.0
1779681730666283803,0.01,0.0,0.0,0.0,0.0,0.0
1779681730766592009,0.01,0.0,0.0,0.0,0.0,0.0
1779681730867230128,0.01,0.0,0.0,0.0,0.0,0.0
1779681730967461559,0.01,0.0,0.0,0.0,0.0,0.0
1779681731067870668,0.01,0.0,0.0,0.0,0.0,0.0
1779681731168001359,0.01,0.0,0.0,0.0,0.0,0.0
1779681731268398958,0.01,0.0,0.0,0.0,0.0,0.0
1779681731368488071,0.01,0.0,0.0,0.0,0.0,0.0
1779681731468661412,0.01,0.0,0.0,0.0,0.0,0.0
1779681731568836691,0.01,0.0,0.0,0.0,0.0,0.0
1779681731669390142,0.01,0.0,0.0,0.0,0.0,0.0
1779681731769547596,0.01,0.0,0.0,0.0,0.0,0.0
1779681731870031150,0.01,0.0,0.0,0.0,0.0,0.0
1779681731970166070,0.01,0.0,0.0,0.0,0.0,0.0
1779681732070622362,0.01,0.0,0.0,0.0,0.0,0.0
1779681732170999605,0.01,0.0,0.0,0.0,0.0,0.0
1779681732271474744,0.01,0.0,0.0,0.0,0.0,0.0
1779681732372057503,0.01,0.0,0.0,0.0,0.0,0.0
1779681732472630147,0.01,0.0,0.0,0.0,0.0,0.0
1779681732572965002,0.01,0.0,0.0,0.0,0.0,0.0
1779681732673752182,0.01,0.0,0.0,0.0,0.0,0.0
1779681732773943534,0.01,0.0,0.0,0.0,0.0,0.0
1779681732875259140,0.01,0.0,0.0,0.0,0.0,0.0
1779681732974722644,0.01,0.0,0.0,0.0,0.0,0.0
1779681733075259764,0.01,0.0,0.0,0.0,0.0,0.0
1779681733175857995,0.01,0.0,0.0,0.0,0.0,0.0
1779681733276372670,0.01,0.0,0.0,0.0,0.0,0.0
1779681733376729323,0.01,0.0,0.0,0.0,0.0,0.0
1779681733477094668,0.01,0.0,0.0,0.0,0.0,0.0
1779681733577539646,0.01,0.0,0.0,0.0,0.0,0.0
1779681733677989240,0.01,0.0,0.0,0.0,0.0,0.0
1779681733778383102,0.01,0.0,0.0,0.0,0.0,0.0
1779681733878843506,0.01,0.0,0.0,0.0,0.0,0.0
1779681733979227906,0.01,0.0,0.0,0.0,0.0,0.0
1779681734079335129,0.01,0.0,0.0,0.0,0.0,0.0
1779681734179883761,0.01,0.0,0.0,0.0,0.0,0.0
1779681734281279473,0.01,0.0,0.0,0.0,0.0,0.0
1779681734381613596,0.01,0.0,0.0,0.0,0.0,0.0
1779681734481950487,0.01,0.0,0.0,0.0,0.0,0.0
1779681734582772429,0.01,0.0,0.0,0.0,0.0,0.0
1779681734683125436,0.01,0.0,0.0,0.0,0.0,0.0
1779681734783318323,0.01,0.0,0.0,0.0,0.0,0.0
1779681734883876135,0.01,0.0,0.0,0.0,0.0,0.0
1779681734984234849,0.01,0.0,0.0,0.0,0.0,0.0
1779681735084729834,0.01,0.0,0.0,0.0,0.0,0.0
1779681735185034687,0.01,0.0,0.0,0.0,0.0,0.0
1779681735285378561,0.01,0.0,0.0,0.0,0.0,0.0
1779681735385926523,0.01,0.0,0.0,0.0,0.0,0.0
1779681735486356651,0.01,0.0,0.0,0.0,0.0,0.0
1779681735586597507,0.01,0.0,0.0,0.0,0.0,0.0
1779681735687217296,0.01,0.0,0.0,0.0,0.0,0.0
1779681735787911390,0.01,0.0,0.0,0.0,0.0,0.0
1779681735887906745,0.01,0.0,0.0,0.0,0.0,0.0
1779681735988363930,0.01,0.0,0.0,0.0,0.0,0.0
1779681736088858374,0.01,0.0,0.0,0.0,0.0,0.0
1779681736189592095,0.01,0.0,0.0,0.0,0.0,0.0
1779681736289891464,0.01,0.0,0.0,0.0,0.0,0.0
1779681736390265057,0.01,0.0,0.0,0.0,0.0,0.0
1779681736490595826,0.01,0.0,0.0,0.0,0.0,0.0
1779681736590846067,0.01,0.0,0.0,0.0,0.0,0.0
1779681736691225077,0.01,0.0,0.0,0.0,0.0,0.0
1779681736791554591,0.01,0.0,0.0,0.0,0.0,0.0
1779681736891836824,0.01,0.0,0.0,0.0,0.0,0.0
1779681736992543923,0.01,0.0,0.0,0.0,0.0,0.0
1779681737092680994,0.01,0.0,0.0,0.0,0.0,0.0
1779681737193378369,0.01,0.0,0.0,0.0,0.0,0.0
1779681737294152687,0.01,0.0,0.0,0.0,0.0,0.0
1779681737394354037,0.01,0.0,0.0,0.0,0.0,0.0
1779681737494596274,0.01,0.0,0.0,0.0,0.0,0.0
1779681737595299781,0.01,0.0,0.0,0.0,0.0,0.0
1779681737695589183,0.01,0.0,0.0,0.0,0.0,0.0
1779681737795930104,0.01,0.0,0.0,0.0,0.0,0.0
1779681737896654080,0.01,0.0,0.0,0.0,0.0,0.0
1779681737997319660,0.01,0.0,0.0,0.0,0.0,0.0
1779681738097684871,0.01,0.0,0.0,0.0,0.0,0.0
1779681738198154505,0.01,0.0,0.0,0.0,0.0,0.0
1779681738298792319,0.01,0.0,0.0,0.0,0.0,0.0
1779681738399112970,0.01,0.0,0.0,0.0,0.0,0.0
1779681738499794627,0.01,0.0,0.0,0.0,0.0,0.0
1779681738600073153,0.01,0.0,0.0,0.0,0.0,0.0
1779681738700374236,0.01,0.0,0.0,0.0,0.0,0.0
1779681738801037617,0.01,0.0,0.0,0.0,0.0,0.0
1779681738901235911,0.01,0.0,0.0,0.0,0.0,0.0
1779681739001625544,0.01,0.0,0.0,0.0,0.0,0.0
1779681739102220075,0.01,0.0,0.0,0.0,0.0,0.0
1779681739202264466,0.01,0.0,0.0,0.0,0.0,0.0
1779681739302873745,0.01,0.0,0.0,0.0,0.0,0.0
1779681739403570614,0.01,0.0,0.0,0.0,0.0,0.0
1779681739504414667,0.01,0.0,0.0,0.0,0.0,0.0
1779681739604411908,0.01,0.0,0.0,0.0,0.0,0.0
1779681739704829892,0.01,0.0,0.0,0.0,0.0,0.0
1779681739805069687,0.01,0.0,0.0,0.0,0.0,0.0
1779681739905393385,0.01,0.0,0.0,0.0,0.0,0.0
1779681740005669500,0.01,0.0,0.0,0.0,0.0,0.0
1779681740105819912,0.01,0.0,0.0,0.0,0.0,0.0
1779681740206083851,0.01,0.0,0.0,0.0,0.0,0.0
1779681740306328751,0.01,0.0,0.0,0.0,0.0,0.0
1779681740406660205,0.01,0.0,0.0,0.0,0.0,0.0
1779681740506862836,0.01,0.0,0.0,0.0,0.0,0.0
1779681740607683693,0.01,0.0,0.0,0.0,0.0,0.0
1779681740707725182,0.01,0.0,0.0,0.0,0.0,0.0
1779681740808860420,0.01,0.0,0.0,0.0,0.0,0.0
1779681740909005491,0.01,0.0,0.0,0.0,0.0,0.0
1779681741009622459,0.01,0.0,0.0,0.0,0.0,0.0
1779681741109992472,0.01,0.0,0.0,0.0,0.0,0.0
1779681741210995446,0.01,0.0,0.0,0.0,0.0,0.0
1779681741311298138,0.01,0.0,0.0,0.0,0.0,0.0
1779681741411682339,0.01,0.0,0.0,0.0,0.0,0.0
1779681741512356131,0.01,0.0,0.0,0.0,0.0,0.0
1779681741612966004,0.01,0.0,0.0,0.0,0.0,0.0
1779681741713445806,0.01,0.0,0.0,0.0,0.0,0.0
1779681741813926069,0.01,0.0,0.0,0.0,0.0,0.0
1779681741914659861,0.01,0.0,0.0,0.0,0.0,0.0
1779681742015362427,0.01,0.0,0.0,0.0,0.0,0.0
1779681742115792735,0.01,0.0,0.0,0.0,0.0,0.0
1779681742216134948,0.01,0.0,0.0,0.0,0.0,0.0
1779681742317158625,0.01,0.0,0.0,0.0,0.0,0.0
1779681742417043682,0.01,0.0,0.0,0.0,0.0,0.0
1779681742517282271,0.01,0.0,0.0,0.0,0.0,0.0
1779681742617867108,0.01,0.0,0.0,0.0,0.0,0.0
1779681742718133039,0.01,0.0,0.0,0.0,0.0,0.0
1779681742818776504,0.01,0.0,0.0,0.0,0.0,0.0
1779681742919022156,0.01,0.0,0.0,0.0,0.0,0.0
1779681743019600746,0.01,0.0,0.0,0.0,0.0,0.0
1779681743119851940,0.01,0.0,0.0,0.0,0.0,0.0
1779681743220189486,0.01,0.0,0.0,0.0,0.0,0.0
1779681743320392755,0.01,0.0,0.0,0.0,0.0,0.0
1779681743420660483,0.01,0.0,0.0,0.0,0.0,0.0
1779681743521145559,0.01,0.0,0.0,0.0,0.0,0.0
1779681743621424665,0.01,0.0,0.0,0.0,0.0,0.0
1779681743721783714,0.01,0.0,0.0,0.0,0.0,0.0
1779681743822094929,0.01,0.0,0.0,0.0,0.0,0.0
1779681743922440001,0.01,0.0,0.0,0.0,0.0,0.0
1779681744022869699,0.01,0.0,0.0,0.0,0.0,0.0
1779681744123192470,0.01,0.0,0.0,0.0,0.0,0.0
1779681744223331436,0.01,0.0,0.0,0.0,0.0,0.0
1779681744323531458,0.01,0.0,0.0,0.0,0.0,0.0
1779681744423721470,0.01,0.0,0.0,0.0,0.0,0.0
1779681744523961243,0.01,0.0,0.0,0.0,0.0,0.0
1779681744624667936,0.01,0.0,0.0,0.0,0.0,0.0
1779681744724624378,0.01,0.0,0.0,0.0,0.0,0.0
1779681744824998076,0.01,0.0,0.0,0.0,0.0,0.0
1779681744925361160,0.01,0.0,0.0,0.0,0.0,0.0
1779681745025708700,0.01,0.0,0.0,0.0,0.0,0.0
1779681745125915059,0.01,0.0,0.0,0.0,0.0,0.0
1779681745226106021,0.01,0.0,0.0,0.0,0.0,0.0
1779681745326425299,0.01,0.0,0.0,0.0,0.0,0.0
1779681745427415530,0.01,0.0,0.0,0.0,0.0,0.0
1779681745527634650,0.01,0.0,0.0,0.0,0.0,0.0
1779681745628225911,0.01,0.0,0.0,0.0,0.0,0.0
1779681745728285087,0.01,0.0,0.0,0.0,0.0,0.0
1779681745828582956,0.01,0.0,0.0,0.0,0.0,0.0
1779681745928946401,0.01,0.0,0.0,0.0,0.0,0.0
1779681746029726774,0.01,0.0,0.0,0.0,0.0,0.0
1779681746129973063,0.01,0.0,0.0,0.0,0.0,0.0
1779681746230447973,0.01,0.0,0.0,0.0,0.0,0.0
1779681746330481821,0.01,0.0,0.0,0.0,0.0,0.0
1779681746431096700,0.01,0.0,0.0,0.0,0.0,0.0
1779681746531584042,0.01,0.0,0.0,0.0,0.0,0.0
1779681746631614976,0.01,0.0,0.0,0.0,0.0,0.0
1779681746731919854,0.01,0.0,0.0,0.0,0.0,0.0
1779681746832236748,0.01,0.0,0.0,0.0,0.0,0.0
1779681746932452317,0.01,0.0,0.0,0.0,0.0,0.0
1779681747032726998,0.01,0.0,0.0,0.0,0.0,0.0
1779681747133270733,0.01,0.0,0.0,0.0,0.0,0.0
1779681747233790032,0.01,0.0,0.0,0.0,0.0,0.0
1779681747333901172,0.01,0.0,0.0,0.0,0.0,0.0
1779681747360382798,0.01,0.0,0.0,0.0,0.0,-0.05
1779681747460838181,0.01,0.0,0.0,0.0,0.0,-0.1
1779681747560962138,0.01,0.0,0.0,0.0,0.0,-0.1
1779681747661593908,0.01,0.0,0.0,0.0,0.0,-0.1
1779681747761555658,0.01,0.0,0.0,0.0,0.0,-0.1
1779681747861767043,0.01,0.0,0.0,0.0,0.0,-0.1
1779681747961952275,0.01,0.0,0.0,0.0,0.0,-0.1
1779681748062343750,0.01,0.0,0.0,0.0,0.0,-0.1
1779681748162437118,0.01,0.0,0.0,0.0,0.0,-0.1
1779681748262816464,0.01,0.0,0.0,0.0,0.0,-0.1
1779681748363036348,0.01,0.0,0.0,0.0,0.0,-0.1
1779681748463375322,0.01,0.0,0.0,0.0,0.0,-0.1
1779681748563639390,0.01,0.0,0.0,0.0,0.0,-0.1
1779681748663791674,0.01,0.0,0.0,0.0,0.0,-0.1
1779681748764139171,0.01,0.0,0.0,0.0,0.0,-0.1
1779681748864580236,0.01,0.0,0.0,0.0,0.0,-0.1
1779681748964732326,0.01,0.0,0.0,0.0,0.0,-0.1
1779681749065115661,0.01,0.0,0.0,0.0,0.0,-0.1
1779681749165351497,0.01,0.0,0.0,0.0,0.0,-0.1
1779681749265576412,0.01,0.0,0.0,0.0,0.0,-0.1
1779681749365713076,0.01,0.0,0.0,0.0,0.0,-0.1
1779681749465939209,0.01,0.0,0.0,0.0,0.0,-0.1
1779681749566322642,0.01,0.0,0.0,0.0,0.0,-0.1
1779681749666709394,0.01,0.0,0.0,0.0,0.0,-0.1
1779681749767084061,0.01,0.0,0.0,0.0,0.0,-0.1
1779681749867169087,0.01,0.0,0.0,0.0,0.0,-0.1
1779681749967523583,0.01,0.0,0.0,0.0,0.0,-0.1
1779681750067662990,0.01,0.0,0.0,0.0,0.0,-0.1
1779681750167997340,0.01,0.0,0.0,0.0,0.0,-0.1
1779681750268495005,0.01,0.0,0.0,0.0,0.0,-0.1
1779681750368554610,0.01,0.0,0.0,0.0,0.0,-0.1
1779681750468701512,0.01,0.0,0.0,0.0,0.0,-0.1
1779681750568908917,0.01,0.0,0.0,0.0,0.0,-0.1
1779681750669483755,0.01,0.0,0.0,0.0,0.0,-0.1
1779681750769573073,0.01,0.0,0.0,0.0,0.0,-0.1
1779681750869905081,0.01,0.0,0.0,0.0,0.0,-0.1
1779681750970585384,0.01,0.0,0.0,0.0,0.0,-0.1
1779681751070662668,0.01,0.0,0.0,0.0,0.0,-0.1
1779681751170934572,0.01,0.0,0.0,0.0,0.0,-0.1
1779681751271362475,0.01,0.0,0.0,0.0,0.0,-0.1
1779681751371446644,0.01,0.0,0.0,0.0,0.0,-0.1
1779681751471880348,0.01,0.0,0.0,0.0,0.0,-0.1
1779681751572060478,0.01,0.0,0.0,0.0,0.0,-0.1
1779681751672250370,0.01,0.0,0.0,0.0,0.0,-0.1
1779681751772451044,0.01,0.0,0.0,0.0,0.0,-0.1
1779681751872776360,0.01,0.0,0.0,0.0,0.0,-0.1
1779681751973556428,0.01,0.0,0.0,0.0,0.0,-0.1
1779681752073871543,0.01,0.0,0.0,0.0,0.0,-0.1
1779681752174098730,0.01,0.0,0.0,0.0,0.0,-0.1
1779681752274152171,0.01,0.0,0.0,0.0,0.0,-0.1
1779681752374470478,0.01,0.0,0.0,0.0,0.0,-0.1
1779681752475298238,0.01,0.0,0.0,0.0,0.0,-0.1
1779681752575517411,0.01,0.0,0.0,0.0,0.0,-0.1
1779681752675805213,0.01,0.0,0.0,0.0,0.0,-0.1
1779681752776249595,0.01,0.0,0.0,0.0,0.0,-0.1
1779681752876492455,0.01,0.0,0.0,0.0,0.0,-0.1
1779681752976726023,0.01,0.0,0.0,0.0,0.0,-0.1
1779681753077071166,0.01,0.0,0.0,0.0,0.0,-0.1
1779681753177380199,0.01,0.0,0.0,0.0,0.0,-0.1
1779681753277599998,0.01,0.0,0.0,0.0,0.0,-0.1
1779681753377946332,0.01,0.0,0.0,0.0,0.0,-0.1
1779681753478135641,0.01,0.0,0.0,0.0,0.0,-0.1
1779681753578267335,0.01,0.0,0.0,0.0,0.0,-0.1
1779681753678846249,0.01,0.0,0.0,0.0,0.0,-0.1
1779681753778915019,0.01,0.0,0.0,0.0,0.0,-0.1
1779681753879342160,0.01,0.0,0.0,0.0,0.0,-0.1
1779681753979974976,0.01,0.0,0.0,0.0,0.0,-0.1
1779681754080460033,0.01,0.0,0.0,0.0,0.0,-0.1
1779681754180314449,0.01,0.0,0.0,0.0,0.0,-0.1
1779681754280539546,0.01,0.0,0.0,0.0,0.0,-0.1
1779681754380753102,0.01,0.0,0.0,0.0,0.0,-0.1
1779681754481137641,0.01,0.0,0.0,0.0,0.0,-0.1
1779681754581726083,0.01,0.0,0.0,0.0,0.0,-0.1
1779681754682119283,0.01,0.0,0.0,0.0,0.0,-0.1
1779681754782655846,0.01,0.0,0.0,0.0,0.0,-0.1
1779681754883303207,0.01,0.0,0.0,0.0,0.0,-0.1
1779681754983734788,0.01,0.0,0.0,0.0,0.0,-0.1
1779681755084204443,0.01,0.0,0.0,0.0,0.0,-0.1
1779681755184441851,0.01,0.0,0.0,0.0,0.0,-0.1
1779681755284945767,0.01,0.0,0.0,0.0,0.0,-0.1
1779681755385251410,0.01,0.0,0.0,0.0,0.0,-0.1
1779681755486826714,0.01,0.0,0.0,0.0,0.0,-0.1
1779681755587344821,0.01,0.0,0.0,0.0,0.0,-0.1
1779681755687643000,0.01,0.0,0.0,0.0,0.0,-0.1
1779681755787905312,0.01,0.0,0.0,0.0,0.0,-0.1
1779681755888896093,0.01,0.0,0.0,0.0,0.0,-0.1
1779681755989022882,0.01,0.0,0.0,0.0,0.0,-0.1
1779681756063864721,0.0,0.0,0.0,0.0,0.0,0.0
1779681756164216365,0.0,0.0,0.0,0.0,0.0,0.0
1779681756264384288,0.0,0.0,0.0,0.0,0.0,0.0
1779681756364810412,0.0,0.0,0.0,0.0,0.0,0.0
1779681756464949225,0.0,0.0,0.0,0.0,0.0,0.0
1779681756565198025,0.0,0.0,0.0,0.0,0.0,0.0
1779681756665478316,0.0,0.0,0.0,0.0,0.0,0.0
1779681756765777625,0.0,0.0,0.0,0.0,0.0,0.0
1779681756865812367,0.0,0.0,0.0,0.0,0.0,0.0
1779681756966081854,0.0,0.0,0.0,0.0,0.0,0.0
1779681757066283264,0.0,0.0,0.0,0.0,0.0,0.0
1779681757166448307,0.0,0.0,0.0,0.0,0.0,0.0
1779681757266739597,0.0,0.0,0.0,0.0,0.0,0.0
1779681757367836087,0.0,0.0,0.0,0.0,0.0,0.0
1779681757468133995,0.0,0.0,0.0,0.0,0.0,0.0
1779681757568342791,0.0,0.0,0.0,0.0,0.0,0.0
1779681757669037909,0.0,0.0,0.0,0.0,0.0,0.0
1779681757769002733,0.0,0.0,0.0,0.0,0.0,0.0
1779681757869900594,0.0,0.0,0.0,0.0,0.0,0.0
1779681757970353946,0.0,0.0,0.0,0.0,0.0,0.0
1779681758070539331,0.0,0.0,0.0,0.0,0.0,0.0
1779681758170889262,0.0,0.0,0.0,0.0,0.0,0.0
1779681758266179160,0.005,0.0,0.0,0.0,0.0,0.0
1779681758366455465,0.01,0.0,0.0,0.0,0.0,0.0
1779681758466684096,0.01,0.0,0.0,0.0,0.0,0.0
1779681758567688757,0.01,0.0,0.0,0.0,0.0,0.0
1779681758668077517,0.01,0.0,0.0,0.0,0.0,0.0
1779681758768452364,0.01,0.0,0.0,0.0,0.0,0.0
1779681758869113006,0.01,0.0,0.0,0.0,0.0,0.0
1779681758969702878,0.01,0.0,0.0,0.0,0.0,0.0
1779681759069822906,0.01,0.0,0.0,0.0,0.0,0.0
1779681759170162837,0.01,0.0,0.0,0.0,0.0,0.0
1779681759270602720,0.01,0.0,0.0,0.0,0.0,0.0
1779681759370678737,0.01,0.0,0.0,0.0,0.0,0.0
1779681759471131963,0.01,0.0,0.0,0.0,0.0,0.0
1779681759571443788,0.01,0.0,0.0,0.0,0.0,0.0
1779681759671871537,0.01,0.0,0.0,0.0,0.0,0.0
1779681759772219538,0.01,0.0,0.0,0.0,0.0,0.0
1779681759872447064,0.01,0.0,0.0,0.0,0.0,0.0
1779681759972852477,0.01,0.0,0.0,0.0,0.0,0.0
1779681760072982688,0.01,0.0,0.0,0.0,0.0,0.0
1779681760173344302,0.01,0.0,0.0,0.0,0.0,0.0
1779681760274735780,0.01,0.0,0.0,0.0,0.0,0.0
1779681760375815056,0.01,0.0,0.0,0.0,0.0,0.0
1779681760475983393,0.01,0.0,0.0,0.0,0.0,0.0
1779681760576383665,0.01,0.0,0.0,0.0,0.0,0.0
1779681760676622251,0.01,0.0,0.0,0.0,0.0,0.0
1779681760777357541,0.01,0.0,0.0,0.0,0.0,0.0
1779681760877566720,0.01,0.0,0.0,0.0,0.0,0.0
1779681760977973404,0.01,0.0,0.0,0.0,0.0,0.0
1779681761078395538,0.01,0.0,0.0,0.0,0.0,0.0
1779681761178446220,0.01,0.0,0.0,0.0,0.0,0.0
1779681761278779757,0.01,0.0,0.0,0.0,0.0,0.0
1779681761378976216,0.01,0.0,0.0,0.0,0.0,0.0
1779681761479878819,0.01,0.0,0.0,0.0,0.0,0.0
1779681761580406718,0.01,0.0,0.0,0.0,0.0,0.0
1779681761680787244,0.01,0.0,0.0,0.0,0.0,0.0
1779681761781342733,0.01,0.0,0.0,0.0,0.0,0.0
1779681761881611449,0.01,0.0,0.0,0.0,0.0,0.0
1779681761981796102,0.01,0.0,0.0,0.0,0.0,0.0
1779681762082495319,0.01,0.0,0.0,0.0,0.0,0.0
1779681762182957245,0.01,0.0,0.0,0.0,0.0,0.0
1779681762283208783,0.01,0.0,0.0,0.0,0.0,0.0
1779681762383846042,0.01,0.0,0.0,0.0,0.0,0.0
1779681762484503092,0.01,0.0,0.0,0.0,0.0,0.0
1779681762584566696,0.01,0.0,0.0,0.0,0.0,0.0
1779681762684865138,0.01,0.0,0.0,0.0,0.0,0.0
1779681762785240305,0.01,0.0,0.0,0.0,0.0,0.0
1779681762885809488,0.01,0.0,0.0,0.0,0.0,0.0
1779681762986495884,0.01,0.0,0.0,0.0,0.0,0.0
1779681763088541728,0.01,0.0,0.0,0.0,0.0,0.0
1779681763188713071,0.01,0.0,0.0,0.0,0.0,0.0
1779681763289587280,0.01,0.0,0.0,0.0,0.0,0.0
1779681763389820967,0.01,0.0,0.0,0.0,0.0,0.0
1779681763490580981,0.01,0.0,0.0,0.0,0.0,0.0
1779681763590642045,0.01,0.0,0.0,0.0,0.0,0.0
1779681763690864577,0.01,0.0,0.0,0.0,0.0,0.0
1779681763791116883,0.01,0.0,0.0,0.0,0.0,0.0
1779681763891540900,0.01,0.0,0.0,0.0,0.0,0.0
1779681763991980399,0.01,0.0,0.0,0.0,0.0,0.0
1779681764092215745,0.01,0.0,0.0,0.0,0.0,0.0
1779681764192697496,0.01,0.0,0.0,0.0,0.0,0.0
1779681764292896781,0.01,0.0,0.0,0.0,0.0,0.0
1779681764393357887,0.01,0.0,0.0,0.0,0.0,0.0
1779681764493547256,0.01,0.0,0.0,0.0,0.0,0.0
1779681764594008021,0.01,0.0,0.0,0.0,0.0,0.0
1779681764694291716,0.01,0.0,0.0,0.0,0.0,0.0
1779681764794474534,0.01,0.0,0.0,0.0,0.0,0.0
1779681764894819930,0.01,0.0,0.0,0.0,0.0,0.0
1779681764994888132,0.01,0.0,0.0,0.0,0.0,0.0
1779681765095209903,0.01,0.0,0.0,0.0,0.0,0.0
1779681765195556793,0.01,0.0,0.0,0.0,0.0,0.0
1779681765295697249,0.01,0.0,0.0,0.0,0.0,0.0
1779681765396193532,0.01,0.0,0.0,0.0,0.0,0.0
1779681765496481537,0.01,0.0,0.0,0.0,0.0,0.0
1779681765596633696,0.01,0.0,0.0,0.0,0.0,0.0
1779681765696824643,0.01,0.0,0.0,0.0,0.0,0.0
1779681765797224190,0.01,0.0,0.0,0.0,0.0,0.0
1779681765897506149,0.01,0.0,0.0,0.0,0.0,0.0
1779681765997617533,0.01,0.0,0.0,0.0,0.0,0.0
1779681766097920731,0.01,0.0,0.0,0.0,0.0,0.0
1779681766198208298,0.01,0.0,0.0,0.0,0.0,0.0
1779681766298516119,0.01,0.0,0.0,0.0,0.0,0.0
1779681766398759624,0.01,0.0,0.0,0.0,0.0,0.0
1779681766499192833,0.01,0.0,0.0,0.0,0.0,0.0
1779681766599310863,0.01,0.0,0.0,0.0,0.0,0.0
1779681766699602190,0.01,0.0,0.0,0.0,0.0,0.0
1779681766799881229,0.01,0.0,0.0,0.0,0.0,0.0
1779681766900282061,0.01,0.0,0.0,0.0,0.0,0.0
1779681767000647558,0.01,0.0,0.0,0.0,0.0,0.0
1779681767100861036,0.01,0.0,0.0,0.0,0.0,0.0
1779681767201190433,0.01,0.0,0.0,0.0,0.0,0.0
1779681767301312803,0.01,0.0,0.0,0.0,0.0,0.0
1779681767401761291,0.01,0.0,0.0,0.0,0.0,0.0
1779681767501848091,0.01,0.0,0.0,0.0,0.0,0.0
1779681767602096836,0.01,0.0,0.0,0.0,0.0,0.0
1779681767702817729,0.01,0.0,0.0,0.0,0.0,0.0
1779681767802999134,0.01,0.0,0.0,0.0,0.0,0.0
1779681767903502304,0.01,0.0,0.0,0.0,0.0,0.0
1779681768003644510,0.01,0.0,0.0,0.0,0.0,0.0
1779681768104125476,0.01,0.0,0.0,0.0,0.0,0.0
1779681768204838635,0.01,0.0,0.0,0.0,0.0,0.0
1779681768304924266,0.01,0.0,0.0,0.0,0.0,0.0
1779681768405450675,0.01,0.0,0.0,0.0,0.0,0.0
1779681768505724828,0.01,0.0,0.0,0.0,0.0,0.0
1779681768606027786,0.01,0.0,0.0,0.0,0.0,0.0
1779681768706403763,0.01,0.0,0.0,0.0,0.0,0.0
1779681768806936994,0.01,0.0,0.0,0.0,0.0,0.0
1779681768907292624,0.01,0.0,0.0,0.0,0.0,0.0
1779681769007541766,0.01,0.0,0.0,0.0,0.0,0.0
1779681769107906738,0.01,0.0,0.0,0.0,0.0,0.0
1779681769208308225,0.01,0.0,0.0,0.0,0.0,0.0
1779681769308854743,0.01,0.0,0.0,0.0,0.0,0.0
1779681769409471741,0.01,0.0,0.0,0.0,0.0,0.0
1779681769509617261,0.01,0.0,0.0,0.0,0.0,0.0
1779681769609887887,0.01,0.0,0.0,0.0,0.0,0.0
1779681769710084469,0.01,0.0,0.0,0.0,0.0,0.0
1779681769810423068,0.01,0.0,0.0,0.0,0.0,0.0
1779681769910638615,0.01,0.0,0.0,0.0,0.0,0.0
1779681770012208598,0.01,0.0,0.0,0.0,0.0,0.0
1779681770110984444,0.01,0.0,0.0,0.0,0.0,0.0
1779681770211336987,0.01,0.0,0.0,0.0,0.0,0.0
1779681770311692724,0.01,0.0,0.0,0.0,0.0,0.0
1779681770411924033,0.01,0.0,0.0,0.0,0.0,0.0
1779681770512407714,0.01,0.0,0.0,0.0,0.0,0.0
1779681770612652843,0.01,0.0,0.0,0.0,0.0,0.0
1779681770712821159,0.01,0.0,0.0,0.0,0.0,0.0
1779681770813099029,0.01,0.0,0.0,0.0,0.0,0.0
1779681770913412280,0.01,0.0,0.0,0.0,0.0,0.0
1779681771013589897,0.01,0.0,0.0,0.0,0.0,0.0
1779681771113876741,0.01,0.0,0.0,0.0,0.0,0.0
1779681771214207368,0.01,0.0,0.0,0.0,0.0,0.0
1779681771314422578,0.01,0.0,0.0,0.0,0.0,0.0
1779681771415009340,0.01,0.0,0.0,0.0,0.0,0.0
1779681771515164403,0.01,0.0,0.0,0.0,0.0,0.0
1779681771615274553,0.01,0.0,0.0,0.0,0.0,0.0
1779681771715454467,0.01,0.0,0.0,0.0,0.0,0.0
1779681771815799386,0.01,0.0,0.0,0.0,0.0,0.0
1779681771916324827,0.01,0.0,0.0,0.0,0.0,0.0
1779681772016508627,0.01,0.0,0.0,0.0,0.0,0.0
1779681772116813324,0.01,0.0,0.0,0.0,0.0,0.0
1779681772217106389,0.01,0.0,0.0,0.0,0.0,0.0
1779681772317393342,0.01,0.0,0.0,0.0,0.0,0.0
1779681772417641821,0.01,0.0,0.0,0.0,0.0,0.0
1779681772517816876,0.01,0.0,0.0,0.0,0.0,0.0
1779681772618122119,0.01,0.0,0.0,0.0,0.0,0.0
1779681772718389596,0.01,0.0,0.0,0.0,0.0,0.0
1779681772818906236,0.01,0.0,0.0,0.0,0.0,0.0
1779681772919249137,0.01,0.0,0.0,0.0,0.0,0.0
1779681773019226119,0.01,0.0,0.0,0.0,0.0,0.0
1779681773119604024,0.01,0.0,0.0,0.0,0.0,0.0
1779681773219839822,0.01,0.0,0.0,0.0,0.0,0.0
1779681773320353758,0.01,0.0,0.0,0.0,0.0,0.0
1779681773420325702,0.01,0.0,0.0,0.0,0.0,0.0
1779681773520795742,0.01,0.0,0.0,0.0,0.0,0.0
1779681773621003742,0.01,0.0,0.0,0.0,0.0,0.0
1779681773721114690,0.01,0.0,0.0,0.0,0.0,0.0
1779681773821247148,0.01,0.0,0.0,0.0,0.0,0.0
1779681773921857077,0.01,0.0,0.0,0.0,0.0,0.0
1779681774022144441,0.01,0.0,0.0,0.0,0.0,0.0
1779681774122534628,0.01,0.0,0.0,0.0,0.0,0.0
1779681774222921449,0.01,0.0,0.0,0.0,0.0,0.0
1779681774323155762,0.01,0.0,0.0,0.0,0.0,0.0
1779681774423669960,0.01,0.0,0.0,0.0,0.0,0.0
1779681774523781232,0.01,0.0,0.0,0.0,0.0,0.0
1779681774624109089,0.01,0.0,0.0,0.0,0.0,0.0
1779681774724688146,0.01,0.0,0.0,0.0,0.0,0.0
1779681774825291341,0.01,0.0,0.0,0.0,0.0,0.0
1779681774925325249,0.01,0.0,0.0,0.0,0.0,0.0
1779681775025569576,0.01,0.0,0.0,0.0,0.0,0.0
1779681775126153016,0.01,0.0,0.0,0.0,0.0,0.0
1779681775226309064,0.01,0.0,0.0,0.0,0.0,0.0
1779681775326652575,0.01,0.0,0.0,0.0,0.0,0.0
1779681775427136423,0.01,0.0,0.0,0.0,0.0,0.0
1779681775527327284,0.01,0.0,0.0,0.0,0.0,0.0
1779681775627944444,0.01,0.0,0.0,0.0,0.0,0.0
1779681775728258389,0.01,0.0,0.0,0.0,0.0,0.0
1779681775828734273,0.01,0.0,0.0,0.0,0.0,0.0
1779681775928860953,0.01,0.0,0.0,0.0,0.0,0.0
1779681776029493942,0.01,0.0,0.0,0.0,0.0,0.0
1779681776129598226,0.01,0.0,0.0,0.0,0.0,0.0
1779681776229865091,0.01,0.0,0.0,0.0,0.0,0.0
1779681776330345887,0.01,0.0,0.0,0.0,0.0,0.0
1779681776430484097,0.01,0.0,0.0,0.0,0.0,0.0
1779681776530911721,0.01,0.0,0.0,0.0,0.0,0.0
1779681776631392805,0.01,0.0,0.0,0.0,0.0,0.0
1779681776731608222,0.01,0.0,0.0,0.0,0.0,0.0
1779681776832081998,0.01,0.0,0.0,0.0,0.0,0.0
1779681776932497349,0.01,0.0,0.0,0.0,0.0,0.0
1779681777032819982,0.01,0.0,0.0,0.0,0.0,0.0
1779681777133725652,0.01,0.0,0.0,0.0,0.0,0.0
1779681777234052924,0.01,0.0,0.0,0.0,0.0,0.0
1779681777334414293,0.01,0.0,0.0,0.0,0.0,0.0
1779681777434764442,0.01,0.0,0.0,0.0,0.0,0.0
1779681777535021189,0.01,0.0,0.0,0.0,0.0,0.0
1779681777635386040,0.01,0.0,0.0,0.0,0.0,0.0
1779681777736124855,0.01,0.0,0.0,0.0,0.0,0.0
1779681777836404319,0.01,0.0,0.0,0.0,0.0,0.0
1779681777936565463,0.01,0.0,0.0,0.0,0.0,0.0
1779681778037208186,0.01,0.0,0.0,0.0,0.0,0.0
1779681778137958778,0.01,0.0,0.0,0.0,0.0,0.0
1779681778239850818,0.01,0.0,0.0,0.0,0.0,0.0
1779681778338477519,0.01,0.0,0.0,0.0,0.0,0.0
1779681778438905615,0.01,0.0,0.0,0.0,0.0,0.0
1779681778539308014,0.01,0.0,0.0,0.0,0.0,0.0
1779681778639807515,0.01,0.0,0.0,0.0,0.0,0.0
1779681778740095264,0.01,0.0,0.0,0.0,0.0,0.0
1779681778840394605,0.01,0.0,0.0,0.0,0.0,0.0
1779681778940897867,0.01,0.0,0.0,0.0,0.0,0.0
1779681779040889771,0.01,0.0,0.0,0.0,0.0,0.0
1779681779141453161,0.01,0.0,0.0,0.0,0.0,0.0
1779681779241938620,0.01,0.0,0.0,0.0,0.0,0.0
1779681779342179299,0.01,0.0,0.0,0.0,0.0,0.0
1779681779442554022,0.01,0.0,0.0,0.0,0.0,0.0
1779681779542689667,0.01,0.0,0.0,0.0,0.0,0.0
1779681779643104940,0.01,0.0,0.0,0.0,0.0,0.0
1779681779743403858,0.01,0.0,0.0,0.0,0.0,0.0
1779681779843737413,0.01,0.0,0.0,0.0,0.0,0.0
1779681779943996733,0.01,0.0,0.0,0.0,0.0,0.0
1779681780044455026,0.01,0.0,0.0,0.0,0.0,0.0
1779681780144684930,0.01,0.0,0.0,0.0,0.0,0.0
1779681780245149674,0.01,0.0,0.0,0.0,0.0,0.0
1779681780345517990,0.01,0.0,0.0,0.0,0.0,0.0
1779681780445868215,0.01,0.0,0.0,0.0,0.0,0.0
1779681780546273399,0.01,0.0,0.0,0.0,0.0,0.0
1779681780646463068,0.01,0.0,0.0,0.0,0.0,0.0
1779681780747145468,0.01,0.0,0.0,0.0,0.0,0.0
1779681780847269725,0.01,0.0,0.0,0.0,0.0,0.0
1779681780947905085,0.01,0.0,0.0,0.0,0.0,0.0
1779681781048345002,0.01,0.0,0.0,0.0,0.0,0.0
1779681781148488513,0.01,0.0,0.0,0.0,0.0,0.0
1779681781248951899,0.01,0.0,0.0,0.0,0.0,0.0
1779681781349265723,0.01,0.0,0.0,0.0,0.0,0.0
1779681781449409313,0.01,0.0,0.0,0.0,0.0,0.0
1779681781549694337,0.01,0.0,0.0,0.0,0.0,0.0
1779681781650529433,0.01,0.0,0.0,0.0,0.0,0.0
1779681781750448292,0.01,0.0,0.0,0.0,0.0,0.0
1779681781850860214,0.01,0.0,0.0,0.0,0.0,0.0
1779681781951209155,0.01,0.0,0.0,0.0,0.0,0.0
1779681782051390384,0.01,0.0,0.0,0.0,0.0,0.0
1779681782151552199,0.01,0.0,0.0,0.0,0.0,0.0
1779681782251806860,0.01,0.0,0.0,0.0,0.0,0.0
1779681782352193788,0.01,0.0,0.0,0.0,0.0,0.0
1779681782452502943,0.01,0.0,0.0,0.0,0.0,0.0
1779681782552826513,0.01,0.0,0.0,0.0,0.0,0.0
1779681782653523423,0.01,0.0,0.0,0.0,0.0,0.0
1779681782753575225,0.01,0.0,0.0,0.0,0.0,0.0
1779681782853758992,0.01,0.0,0.0,0.0,0.0,0.0
1779681782954303109,0.01,0.0,0.0,0.0,0.0,0.0
1779681783054485929,0.01,0.0,0.0,0.0,0.0,0.0
1779681783154900317,0.01,0.0,0.0,0.0,0.0,0.0
1779681783254738978,0.01,0.0,0.0,0.0,0.0,0.0
1779681783355141698,0.01,0.0,0.0,0.0,0.0,0.0
1779681783455468410,0.01,0.0,0.0,0.0,0.0,0.0
1779681783555715207,0.01,0.0,0.0,0.0,0.0,0.0
1779681783656236117,0.01,0.0,0.0,0.0,0.0,0.0
1779681783756630194,0.01,0.0,0.0,0.0,0.0,0.0
1779681783857008082,0.01,0.0,0.0,0.0,0.0,0.0
1779681783957226795,0.01,0.0,0.0,0.0,0.0,0.0
1779681784057742145,0.01,0.0,0.0,0.0,0.0,0.0
1779681784157873236,0.01,0.0,0.0,0.0,0.0,0.0
1779681784258256141,0.01,0.0,0.0,0.0,0.0,0.0
1779681784358438650,0.01,0.0,0.0,0.0,0.0,0.0
1779681784458585754,0.01,0.0,0.0,0.0,0.0,0.0
1779681784558888612,0.01,0.0,0.0,0.0,0.0,0.0
1779681784659098669,0.01,0.0,0.0,0.0,0.0,0.0
1779681784759569390,0.01,0.0,0.0,0.0,0.0,0.0
1779681784859826956,0.01,0.0,0.0,0.0,0.0,0.0
1779681784960011025,0.01,0.0,0.0,0.0,0.0,0.0
1779681785060303642,0.01,0.0,0.0,0.0,0.0,0.0
1779681785160943868,0.01,0.0,0.0,0.0,0.0,0.0
1779681785261271563,0.01,0.0,0.0,0.0,0.0,0.0
1779681785361494824,0.01,0.0,0.0,0.0,0.0,0.0
1779681785461854087,0.01,0.0,0.0,0.0,0.0,0.0
1779681785562317707,0.01,0.0,0.0,0.0,0.0,0.0
1779681785662425229,0.01,0.0,0.0,0.0,0.0,0.0
1779681785762688093,0.01,0.0,0.0,0.0,0.0,0.0
1779681785862958037,0.01,0.0,0.0,0.0,0.0,0.0
1779681785963428803,0.01,0.0,0.0,0.0,0.0,0.0
1779681786063604612,0.01,0.0,0.0,0.0,0.0,0.0
1779681786163858137,0.01,0.0,0.0,0.0,0.0,0.0
1779681786264147669,0.01,0.0,0.0,0.0,0.0,0.0
1779681786364985606,0.01,0.0,0.0,0.0,0.0,0.0
1779681786465230480,0.01,0.0,0.0,0.0,0.0,0.0
1779681786565559243,0.01,0.0,0.0,0.0,0.0,0.0
1779681786665924460,0.01,0.0,0.0,0.0,0.0,0.0
1779681786766329954,0.01,0.0,0.0,0.0,0.0,0.0
1779681786866516440,0.01,0.0,0.0,0.0,0.0,0.0
1779681786966739400,0.01,0.0,0.0,0.0,0.0,0.0
1779681787067739899,0.01,0.0,0.0,0.0,0.0,0.0
1779681787167799925,0.01,0.0,0.0,0.0,0.0,0.0
1779681787268208375,0.01,0.0,0.0,0.0,0.0,0.0
1779681787368526638,0.01,0.0,0.0,0.0,0.0,0.0
1779681787468849715,0.01,0.0,0.0,0.0,0.0,0.0
1779681787569035200,0.01,0.0,0.0,0.0,0.0,0.0
1779681787669444933,0.01,0.0,0.0,0.0,0.0,0.0
1779681787770222181,0.01,0.0,0.0,0.0,0.0,0.0
1779681787870316037,0.01,0.0,0.0,0.0,0.0,0.0
1779681787970843624,0.01,0.0,0.0,0.0,0.0,0.0
1779681788071304125,0.01,0.0,0.0,0.0,0.0,0.0
1779681788171661741,0.01,0.0,0.0,0.0,0.0,0.0
1779681788271925722,0.01,0.0,0.0,0.0,0.0,0.0
1779681788372240433,0.01,0.0,0.0,0.0,0.0,0.0
1779681788472430217,0.01,0.0,0.0,0.0,0.0,0.0
1779681788534715945,0.0,0.0,0.0,0.0,0.0,0.0
1779681788635526445,0.0,0.0,0.0,0.0,0.0,0.0
1779681788735586481,0.0,0.0,0.0,0.0,0.0,0.0
1779681788835925752,0.0,0.0,0.0,0.0,0.0,0.0
1779681788936179576,0.0,0.0,0.0,0.0,0.0,0.0
1779681789036474615,0.0,0.0,0.0,0.0,0.0,0.0
1779681789136740037,0.0,0.0,0.0,0.0,0.0,0.0
1779681789170063525,0.0,0.0,0.0,0.0,0.0,0.05
1779681789270437614,0.0,0.0,0.0,0.0,0.0,0.1
1779681789370806444,0.0,0.0,0.0,0.0,0.0,0.1
1779681789471410757,0.0,0.0,0.0,0.0,0.0,0.1
1779681789571544689,0.0,0.0,0.0,0.0,0.0,0.1
1779681789671723996,0.0,0.0,0.0,0.0,0.0,0.1
1779681789772247213,0.0,0.0,0.0,0.0,0.0,0.1
1779681789872619038,0.0,0.0,0.0,0.0,0.0,0.1
1779681789973167434,0.0,0.0,0.0,0.0,0.0,0.1
1779681790073595024,0.0,0.0,0.0,0.0,0.0,0.1
1779681790173918631,0.0,0.0,0.0,0.0,0.0,0.1
1779681790274322103,0.0,0.0,0.0,0.0,0.0,0.1
1779681790374460664,0.0,0.0,0.0,0.0,0.0,0.1
1779681790474723798,0.0,0.0,0.0,0.0,0.0,0.1
1779681790574989967,0.0,0.0,0.0,0.0,0.0,0.1
1779681790675258107,0.0,0.0,0.0,0.0,0.0,0.1
1779681790775501391,0.0,0.0,0.0,0.0,0.0,0.1
1779681790875768065,0.0,0.0,0.0,0.0,0.0,0.1
1779681790975994151,0.0,0.0,0.0,0.0,0.0,0.1
1779681791076437788,0.0,0.0,0.0,0.0,0.0,0.1
1779681791176546053,0.0,0.0,0.0,0.0,0.0,0.1
1779681791276770790,0.0,0.0,0.0,0.0,0.0,0.1
1779681791376970511,0.0,0.0,0.0,0.0,0.0,0.1
1779681791477142909,0.0,0.0,0.0,0.0,0.0,0.1
1779681791577697232,0.0,0.0,0.0,0.0,0.0,0.1
1779681791677664333,0.0,0.0,0.0,0.0,0.0,0.1
1779681791777926403,0.0,0.0,0.0,0.0,0.0,0.1
1779681791878272059,0.0,0.0,0.0,0.0,0.0,0.1
1779681791978646895,0.0,0.0,0.0,0.0,0.0,0.1
1779681792079720562,0.0,0.0,0.0,0.0,0.0,0.1
1779681792179745418,0.0,0.0,0.0,0.0,0.0,0.1
1779681792280011061,0.0,0.0,0.0,0.0,0.0,0.1
1779681792380251403,0.0,0.0,0.0,0.0,0.0,0.1
1779681792480826976,0.0,0.0,0.0,0.0,0.0,0.1
1779681792581064907,0.0,0.0,0.0,0.0,0.0,0.1
1779681792681330647,0.0,0.0,0.0,0.0,0.0,0.1
1779681792781959097,0.0,0.0,0.0,0.0,0.0,0.1
1779681792882285174,0.0,0.0,0.0,0.0,0.0,0.1
1779681792982627367,0.0,0.0,0.0,0.0,0.0,0.1
1779681793082841230,0.0,0.0,0.0,0.0,0.0,0.1
1779681793183048465,0.0,0.0,0.0,0.0,0.0,0.1
1779681793283485909,0.0,0.0,0.0,0.0,0.0,0.1
1779681793383918929,0.0,0.0,0.0,0.0,0.0,0.1
1779681793485056729,0.0,0.0,0.0,0.0,0.0,0.1
1779681793585145894,0.0,0.0,0.0,0.0,0.0,0.1
1779681793685446950,0.0,0.0,0.0,0.0,0.0,0.1
1779681793785676216,0.0,0.0,0.0,0.0,0.0,0.1
1779681793886469657,0.0,0.0,0.0,0.0,0.0,0.1
1779681793986650499,0.0,0.0,0.0,0.0,0.0,0.1
1779681794086952022,0.0,0.0,0.0,0.0,0.0,0.1
1779681794187247231,0.0,0.0,0.0,0.0,0.0,0.1
1779681794287778255,0.0,0.0,0.0,0.0,0.0,0.1
1779681794387888210,0.0,0.0,0.0,0.0,0.0,0.1
1779681794488161001,0.0,0.0,0.0,0.0,0.0,0.1
1779681794588379445,0.0,0.0,0.0,0.0,0.0,0.1
1779681794688587626,0.0,0.0,0.0,0.0,0.0,0.1
1779681794788976985,0.0,0.0,0.0,0.0,0.0,0.1
1779681794889192342,0.0,0.0,0.0,0.0,0.0,0.1
1779681794989482750,0.0,0.0,0.0,0.0,0.0,0.1
1779681795089822353,0.0,0.0,0.0,0.0,0.0,0.1
1779681795189935524,0.0,0.0,0.0,0.0,0.0,0.1
1779681795290273522,0.0,0.0,0.0,0.0,0.0,0.1
1779681795390537226,0.0,0.0,0.0,0.0,0.0,0.1
1779681795490802492,0.0,0.0,0.0,0.0,0.0,0.1
1779681795590982046,0.0,0.0,0.0,0.0,0.0,0.1
1779681795691260959,0.0,0.0,0.0,0.0,0.0,0.1
1779681795791915976,0.0,0.0,0.0,0.0,0.0,0.1
1779681795892501994,0.0,0.0,0.0,0.0,0.0,0.1
1779681795992821371,0.0,0.0,0.0,0.0,0.0,0.1
1779681796093090071,0.0,0.0,0.0,0.0,0.0,0.1
1779681796193330572,0.0,0.0,0.0,0.0,0.0,0.1
1779681796293658818,0.0,0.0,0.0,0.0,0.0,0.1
1779681796394112547,0.0,0.0,0.0,0.0,0.0,0.1
1779681796494153380,0.0,0.0,0.0,0.0,0.0,0.1
1779681796594876704,0.0,0.0,0.0,0.0,0.0,0.1
1779681796695178579,0.0,0.0,0.0,0.0,0.0,0.1
1779681796795483817,0.0,0.0,0.0,0.0,0.0,0.1
1779681796895963876,0.0,0.0,0.0,0.0,0.0,0.1
1779681796996509439,0.0,0.0,0.0,0.0,0.0,0.1
1779681797096735825,0.0,0.0,0.0,0.0,0.0,0.1
1779681797135820782,0.0,0.0,0.0,0.0,0.0,0.0
1779681797236060716,0.0,0.0,0.0,0.0,0.0,0.0
1779681797336530617,0.0,0.0,0.0,0.0,0.0,0.0
1779681797436807788,0.0,0.0,0.0,0.0,0.0,0.0
1779681797537181346,0.0,0.0,0.0,0.0,0.0,0.0
1779681797601012917,0.005,0.0,0.0,0.0,0.0,0.0
1779681797701252169,0.01,0.0,0.0,0.0,0.0,0.0
1779681797801562845,0.01,0.0,0.0,0.0,0.0,0.0
1779681797902000045,0.01,0.0,0.0,0.0,0.0,0.0
1779681798002421034,0.01,0.0,0.0,0.0,0.0,0.0
1779681798102871679,0.01,0.0,0.0,0.0,0.0,0.0
1779681798203228302,0.01,0.0,0.0,0.0,0.0,0.0
1779681798303428324,0.01,0.0,0.0,0.0,0.0,0.0
1779681798405048031,0.01,0.0,0.0,0.0,0.0,0.0
1779681798504571612,0.01,0.0,0.0,0.0,0.0,0.0
1779681798605103696,0.01,0.0,0.0,0.0,0.0,0.0
1779681798705426775,0.01,0.0,0.0,0.0,0.0,0.0
1779681798805966231,0.01,0.0,0.0,0.0,0.0,0.0
1779681798906154145,0.01,0.0,0.0,0.0,0.0,0.0
1779681799006452022,0.01,0.0,0.0,0.0,0.0,0.0
1779681799106967691,0.01,0.0,0.0,0.0,0.0,0.0
1779681799207635379,0.01,0.0,0.0,0.0,0.0,0.0
1779681799307736978,0.01,0.0,0.0,0.0,0.0,0.0
1779681799408127177,0.01,0.0,0.0,0.0,0.0,0.0
1779681799508755605,0.01,0.0,0.0,0.0,0.0,0.0
1779681799609404326,0.01,0.0,0.0,0.0,0.0,0.0
1779681799709510453,0.01,0.0,0.0,0.0,0.0,0.0
1779681799809730374,0.01,0.0,0.0,0.0,0.0,0.0
1779681799910092299,0.01,0.0,0.0,0.0,0.0,0.0
1779681800010316569,0.01,0.0,0.0,0.0,0.0,0.0
1779681800110753793,0.01,0.0,0.0,0.0,0.0,0.0
1779681800211124645,0.01,0.0,0.0,0.0,0.0,0.0
1779681800311686726,0.01,0.0,0.0,0.0,0.0,0.0
1779681800411925912,0.01,0.0,0.0,0.0,0.0,0.0
1779681800512171428,0.01,0.0,0.0,0.0,0.0,0.0
1779681800612658662,0.01,0.0,0.0,0.0,0.0,0.0
1779681800712720578,0.01,0.0,0.0,0.0,0.0,0.0
1779681800813011854,0.01,0.0,0.0,0.0,0.0,0.0
1779681800913638225,0.01,0.0,0.0,0.0,0.0,0.0
1779681801013853617,0.01,0.0,0.0,0.0,0.0,0.0
1779681801114328183,0.01,0.0,0.0,0.0,0.0,0.0
1779681801214347100,0.01,0.0,0.0,0.0,0.0,0.0
1779681801314777987,0.01,0.0,0.0,0.0,0.0,0.0
1779681801415270322,0.01,0.0,0.0,0.0,0.0,0.0
1779681801516149902,0.01,0.0,0.0,0.0,0.0,0.0
1779681801616370399,0.01,0.0,0.0,0.0,0.0,0.0
1779681801716855976,0.01,0.0,0.0,0.0,0.0,0.0
1779681801817204797,0.01,0.0,0.0,0.0,0.0,0.0
1779681801917469736,0.01,0.0,0.0,0.0,0.0,0.0
1779681802017767433,0.01,0.0,0.0,0.0,0.0,0.0
1779681802117967901,0.01,0.0,0.0,0.0,0.0,0.0
1779681802218183088,0.01,0.0,0.0,0.0,0.0,0.0
1779681802318459813,0.01,0.0,0.0,0.0,0.0,0.0
1779681802418869599,0.01,0.0,0.0,0.0,0.0,0.0
1779681802519149872,0.01,0.0,0.0,0.0,0.0,0.0
1779681802619363459,0.01,0.0,0.0,0.0,0.0,0.0
1779681802719792261,0.01,0.0,0.0,0.0,0.0,0.0
1779681802820153816,0.01,0.0,0.0,0.0,0.0,0.0
1779681802920428705,0.01,0.0,0.0,0.0,0.0,0.0
1779681803020871156,0.01,0.0,0.0,0.0,0.0,0.0
1779681803121412411,0.01,0.0,0.0,0.0,0.0,0.0
1779681803221681992,0.01,0.0,0.0,0.0,0.0,0.0
1779681803321968349,0.01,0.0,0.0,0.0,0.0,0.0
1779681803422149492,0.01,0.0,0.0,0.0,0.0,0.0
1779681803522379154,0.01,0.0,0.0,0.0,0.0,0.0
1779681803622581514,0.01,0.0,0.0,0.0,0.0,0.0
1779681803722862177,0.01,0.0,0.0,0.0,0.0,0.0
1779681803822924994,0.01,0.0,0.0,0.0,0.0,0.0
1779681803923385101,0.01,0.0,0.0,0.0,0.0,0.0
1779681804023596048,0.01,0.0,0.0,0.0,0.0,0.0
1779681804123807913,0.01,0.0,0.0,0.0,0.0,0.0
1779681804224073201,0.01,0.0,0.0,0.0,0.0,0.0
1779681804324860782,0.01,0.0,0.0,0.0,0.0,0.0
1779681804425071262,0.01,0.0,0.0,0.0,0.0,0.0
1779681804525546343,0.01,0.0,0.0,0.0,0.0,0.0
1779681804626812125,0.01,0.0,0.0,0.0,0.0,0.0
1779681804726667101,0.01,0.0,0.0,0.0,0.0,0.0
1779681804826912081,0.01,0.0,0.0,0.0,0.0,0.0
1779681804927106552,0.01,0.0,0.0,0.0,0.0,0.0
1779681805027476939,0.01,0.0,0.0,0.0,0.0,0.0
1779681805127553428,0.01,0.0,0.0,0.0,0.0,0.0
1779681805227836746,0.01,0.0,0.0,0.0,0.0,0.0
1779681805328258330,0.01,0.0,0.0,0.0,0.0,0.0
1779681805428456690,0.01,0.0,0.0,0.0,0.0,0.0
1779681805528651487,0.01,0.0,0.0,0.0,0.0,0.0
1779681805628911442,0.01,0.0,0.0,0.0,0.0,0.0
1779681805729164055,0.01,0.0,0.0,0.0,0.0,0.0
1779681805829422045,0.01,0.0,0.0,0.0,0.0,0.0
1779681805929694549,0.01,0.0,0.0,0.0,0.0,0.0
1779681806030121001,0.01,0.0,0.0,0.0,0.0,0.0
1779681806130572163,0.01,0.0,0.0,0.0,0.0,0.0
1779681806230688136,0.01,0.0,0.0,0.0,0.0,0.0
1779681806330906025,0.01,0.0,0.0,0.0,0.0,0.0
1779681806431126527,0.01,0.0,0.0,0.0,0.0,0.0
1779681806531473807,0.01,0.0,0.0,0.0,0.0,0.0
1779681806631717587,0.01,0.0,0.0,0.0,0.0,0.0
1779681806732485655,0.01,0.0,0.0,0.0,0.0,0.0
1779681806832912556,0.01,0.0,0.0,0.0,0.0,0.0
1779681806932977925,0.01,0.0,0.0,0.0,0.0,0.0
1779681807033137700,0.01,0.0,0.0,0.0,0.0,0.0
1779681807133394984,0.01,0.0,0.0,0.0,0.0,0.0
1779681807233813636,0.01,0.0,0.0,0.0,0.0,0.0
1779681807334117482,0.01,0.0,0.0,0.0,0.0,0.0
1779681807434264096,0.01,0.0,0.0,0.0,0.0,0.0
1779681807534418423,0.01,0.0,0.0,0.0,0.0,0.0
1779681807634748053,0.01,0.0,0.0,0.0,0.0,0.0
1779681807735432338,0.01,0.0,0.0,0.0,0.0,0.0
1779681807835579614,0.01,0.0,0.0,0.0,0.0,0.0
1779681807935919460,0.01,0.0,0.0,0.0,0.0,0.0
1779681808036213614,0.01,0.0,0.0,0.0,0.0,0.0
1779681808136811959,0.01,0.0,0.0,0.0,0.0,0.0
1779681808236995681,0.01,0.0,0.0,0.0,0.0,0.0
1779681808337531882,0.01,0.0,0.0,0.0,0.0,0.0
1779681808437701392,0.01,0.0,0.0,0.0,0.0,0.0
1779681808537970842,0.01,0.0,0.0,0.0,0.0,0.0
1779681808638223775,0.01,0.0,0.0,0.0,0.0,0.0
1779681808738481425,0.01,0.0,0.0,0.0,0.0,0.0
1779681808838823482,0.01,0.0,0.0,0.0,0.0,0.0
1779681808939151660,0.01,0.0,0.0,0.0,0.0,0.0
1779681809039534253,0.01,0.0,0.0,0.0,0.0,0.0
1779681809140096437,0.01,0.0,0.0,0.0,0.0,0.0
1779681809240342427,0.01,0.0,0.0,0.0,0.0,0.0
1779681809340713160,0.01,0.0,0.0,0.0,0.0,0.0
1779681809440805961,0.01,0.0,0.0,0.0,0.0,0.0
1779681809541338766,0.01,0.0,0.0,0.0,0.0,0.0
1779681809641731006,0.01,0.0,0.0,0.0,0.0,0.0
1779681809742508483,0.01,0.0,0.0,0.0,0.0,0.0
1779681809842943231,0.01,0.0,0.0,0.0,0.0,0.0
1779681809943065506,0.01,0.0,0.0,0.0,0.0,0.0
1779681810043961618,0.01,0.0,0.0,0.0,0.0,0.0
1779681810144223374,0.01,0.0,0.0,0.0,0.0,0.0
1779681810244715910,0.01,0.0,0.0,0.0,0.0,0.0
1779681810344896816,0.01,0.0,0.0,0.0,0.0,0.0
1779681810445169544,0.01,0.0,0.0,0.0,0.0,0.0
1779681810545507929,0.01,0.0,0.0,0.0,0.0,0.0
1779681810645706215,0.01,0.0,0.0,0.0,0.0,0.0
1779681810745902002,0.01,0.0,0.0,0.0,0.0,0.0
1779681810846512423,0.01,0.0,0.0,0.0,0.0,0.0
1779681810946736504,0.01,0.0,0.0,0.0,0.0,0.0
1779681811047001893,0.01,0.0,0.0,0.0,0.0,0.0
1779681811147516088,0.01,0.0,0.0,0.0,0.0,0.0
1779681811247762810,0.01,0.0,0.0,0.0,0.0,0.0
1779681811347970127,0.01,0.0,0.0,0.0,0.0,0.0
1779681811448329035,0.01,0.0,0.0,0.0,0.0,0.0
1779681811548579770,0.01,0.0,0.0,0.0,0.0,0.0
1779681811648921905,0.01,0.0,0.0,0.0,0.0,0.0
1779681811749129430,0.01,0.0,0.0,0.0,0.0,0.0
1779681811849523195,0.01,0.0,0.0,0.0,0.0,0.0
1779681811949779582,0.01,0.0,0.0,0.0,0.0,0.0
1779681812050098067,0.01,0.0,0.0,0.0,0.0,0.0
1779681812150351805,0.01,0.0,0.0,0.0,0.0,0.0
1779681812250629637,0.01,0.0,0.0,0.0,0.0,0.0
1779681812350747624,0.01,0.0,0.0,0.0,0.0,0.0
1779681812451027009,0.01,0.0,0.0,0.0,0.0,0.0
1779681812551386365,0.01,0.0,0.0,0.0,0.0,0.0
1779681812651785228,0.01,0.0,0.0,0.0,0.0,0.0
1779681812752039679,0.01,0.0,0.0,0.0,0.0,0.0
1779681812852343642,0.01,0.0,0.0,0.0,0.0,0.0
1779681812952519404,0.01,0.0,0.0,0.0,0.0,0.0
1779681813052834338,0.01,0.0,0.0,0.0,0.0,0.0
1779681813153172739,0.01,0.0,0.0,0.0,0.0,0.0
1779681813253382326,0.01,0.0,0.0,0.0,0.0,0.0
1779681813353627839,0.01,0.0,0.0,0.0,0.0,0.0
1779681813453817191,0.01,0.0,0.0,0.0,0.0,0.0
1779681813554185024,0.01,0.0,0.0,0.0,0.0,0.0
1779681813654402466,0.01,0.0,0.0,0.0,0.0,0.0
1779681813754676610,0.01,0.0,0.0,0.0,0.0,0.0
1779681813855590844,0.01,0.0,0.0,0.0,0.0,0.0
1779681813955569208,0.01,0.0,0.0,0.0,0.0,0.0
1779681814056217791,0.01,0.0,0.0,0.0,0.0,0.0
1779681814156429709,0.01,0.0,0.0,0.0,0.0,0.0
1779681814256937725,0.01,0.0,0.0,0.0,0.0,0.0
1779681814357317101,0.01,0.0,0.0,0.0,0.0,0.0
1779681814457515744,0.01,0.0,0.0,0.0,0.0,0.0
1779681814557944141,0.01,0.0,0.0,0.0,0.0,0.0
1779681814658134782,0.01,0.0,0.0,0.0,0.0,0.0
1779681814758349110,0.01,0.0,0.0,0.0,0.0,0.0
1779681814858449031,0.01,0.0,0.0,0.0,0.0,0.0
1779681814958838445,0.01,0.0,0.0,0.0,0.0,0.0
1779681815059521274,0.01,0.0,0.0,0.0,0.0,0.0
1779681815159801520,0.01,0.0,0.0,0.0,0.0,0.0
1779681815260231026,0.01,0.0,0.0,0.0,0.0,0.0
1779681815360682593,0.01,0.0,0.0,0.0,0.0,0.0
1779681815460944512,0.01,0.0,0.0,0.0,0.0,0.0
1779681815561181535,0.01,0.0,0.0,0.0,0.0,0.0
1779681815661537260,0.01,0.0,0.0,0.0,0.0,0.0
1779681815762028341,0.01,0.0,0.0,0.0,0.0,0.0
1779681815862223701,0.01,0.0,0.0,0.0,0.0,0.0
1779681815962391096,0.01,0.0,0.0,0.0,0.0,0.0
1779681816062731269,0.01,0.0,0.0,0.0,0.0,0.0
1779681816163112610,0.01,0.0,0.0,0.0,0.0,0.0
1779681816263538626,0.01,0.0,0.0,0.0,0.0,0.0
1779681816363745715,0.01,0.0,0.0,0.0,0.0,0.0
1779681816464028466,0.01,0.0,0.0,0.0,0.0,0.0
1779681816564588071,0.01,0.0,0.0,0.0,0.0,0.0
1779681816666220583,0.01,0.0,0.0,0.0,0.0,0.0
1779681816765390861,0.01,0.0,0.0,0.0,0.0,0.0
1779681816865873802,0.01,0.0,0.0,0.0,0.0,0.0
1779681816966206772,0.01,0.0,0.0,0.0,0.0,0.0
1779681817066433928,0.01,0.0,0.0,0.0,0.0,0.0
1779681817166657380,0.01,0.0,0.0,0.0,0.0,0.0
1779681817266879906,0.01,0.0,0.0,0.0,0.0,0.0
1779681817367405775,0.01,0.0,0.0,0.0,0.0,0.0
1779681817467544386,0.01,0.0,0.0,0.0,0.0,0.0
1779681817567930808,0.01,0.0,0.0,0.0,0.0,0.0
1779681817668490471,0.01,0.0,0.0,0.0,0.0,0.0
1779681817768582320,0.01,0.0,0.0,0.0,0.0,0.0
1779681817869725619,0.01,0.0,0.0,0.0,0.0,0.0
1779681817969958767,0.01,0.0,0.0,0.0,0.0,0.0
1779681818070425884,0.01,0.0,0.0,0.0,0.0,0.0
1779681818170427962,0.01,0.0,0.0,0.0,0.0,0.0
1779681818270722922,0.01,0.0,0.0,0.0,0.0,0.0
1779681818371043366,0.01,0.0,0.0,0.0,0.0,0.0
1779681818471297146,0.01,0.0,0.0,0.0,0.0,0.0
1779681818571838894,0.01,0.0,0.0,0.0,0.0,0.0
1779681818671938745,0.01,0.0,0.0,0.0,0.0,0.0
1779681818772652930,0.01,0.0,0.0,0.0,0.0,0.0
1779681818872750527,0.01,0.0,0.0,0.0,0.0,0.0
1779681818973443914,0.01,0.0,0.0,0.0,0.0,0.0
1779681819073864072,0.01,0.0,0.0,0.0,0.0,0.0
1779681819174077420,0.01,0.0,0.0,0.0,0.0,0.0
1779681819274854151,0.01,0.0,0.0,0.0,0.0,0.0
1779681819375034051,0.01,0.0,0.0,0.0,0.0,0.0
1779681819475201448,0.01,0.0,0.0,0.0,0.0,0.0
1779681819575574962,0.01,0.0,0.0,0.0,0.0,0.0
1779681819676078481,0.01,0.0,0.0,0.0,0.0,0.0
1779681819776654506,0.01,0.0,0.0,0.0,0.0,0.0
1779681819876942295,0.01,0.0,0.0,0.0,0.0,0.0
1779681819977502320,0.01,0.0,0.0,0.0,0.0,0.0
1779681820077576225,0.01,0.0,0.0,0.0,0.0,0.0
1779681820177958921,0.01,0.0,0.0,0.0,0.0,0.0
1779681820278064877,0.01,0.0,0.0,0.0,0.0,0.0
1779681820378393812,0.01,0.0,0.0,0.0,0.0,0.0
1779681820478856673,0.01,0.0,0.0,0.0,0.0,0.0
1779681820579047432,0.01,0.0,0.0,0.0,0.0,0.0
1779681820679452551,0.01,0.0,0.0,0.0,0.0,0.0
1779681820779726456,0.01,0.0,0.0,0.0,0.0,0.0
1779681820880194326,0.01,0.0,0.0,0.0,0.0,0.0
1779681820980410467,0.01,0.0,0.0,0.0,0.0,0.0
1779681821080720524,0.01,0.0,0.0,0.0,0.0,0.0
1779681821181533870,0.01,0.0,0.0,0.0,0.0,0.0
1779681821281709449,0.01,0.0,0.0,0.0,0.0,0.0
1779681821381878953,0.01,0.0,0.0,0.0,0.0,0.0
1779681821482217254,0.01,0.0,0.0,0.0,0.0,0.0
1779681821582473675,0.01,0.0,0.0,0.0,0.0,0.0
1779681821682753911,0.01,0.0,0.0,0.0,0.0,0.0
1779681821783181330,0.01,0.0,0.0,0.0,0.0,0.0
1779681821883540732,0.01,0.0,0.0,0.0,0.0,0.0
1779681821983989088,0.01,0.0,0.0,0.0,0.0,0.0
1779681822084234874,0.01,0.0,0.0,0.0,0.0,0.0
1779681822184595756,0.01,0.0,0.0,0.0,0.0,0.0
1779681822284937859,0.01,0.0,0.0,0.0,0.0,0.0
1779681822385238852,0.01,0.0,0.0,0.0,0.0,0.0
1779681822485520126,0.01,0.0,0.0,0.0,0.0,0.0
1779681822585820314,0.01,0.0,0.0,0.0,0.0,0.0
1779681822685996260,0.01,0.0,0.0,0.0,0.0,0.0
1779681822786347636,0.01,0.0,0.0,0.0,0.0,0.0
1779681822886595297,0.01,0.0,0.0,0.0,0.0,0.0
1779681822986788883,0.01,0.0,0.0,0.0,0.0,0.0
1779681823087174411,0.01,0.0,0.0,0.0,0.0,0.0
1779681823187397914,0.01,0.0,0.0,0.0,0.0,0.0
1779681823287633499,0.01,0.0,0.0,0.0,0.0,0.0
1779681823387947948,0.01,0.0,0.0,0.0,0.0,0.0
1779681823488280704,0.01,0.0,0.0,0.0,0.0,0.0
1779681823588498421,0.01,0.0,0.0,0.0,0.0,0.0
1779681823688649117,0.01,0.0,0.0,0.0,0.0,0.0
1779681823789020092,0.01,0.0,0.0,0.0,0.0,0.0
1779681823889583230,0.01,0.0,0.0,0.0,0.0,0.0
1779681823989739140,0.01,0.0,0.0,0.0,0.0,0.0
1779681824089944913,0.01,0.0,0.0,0.0,0.0,0.0
1779681824190177326,0.01,0.0,0.0,0.0,0.0,0.0
1779681824290371813,0.01,0.0,0.0,0.0,0.0,0.0
1779681824390597123,0.01,0.0,0.0,0.0,0.0,0.0
1779681824490821533,0.01,0.0,0.0,0.0,0.0,0.0
1779681824591349022,0.01,0.0,0.0,0.0,0.0,0.0
1779681824691651262,0.01,0.0,0.0,0.0,0.0,0.0
1779681824792047180,0.01,0.0,0.0,0.0,0.0,0.0
1779681824892435672,0.01,0.0,0.0,0.0,0.0,0.0
1779681824992652538,0.01,0.0,0.0,0.0,0.0,0.0
1779681825092952041,0.01,0.0,0.0,0.0,0.0,0.0
1779681825193288023,0.01,0.0,0.0,0.0,0.0,0.0
1779681825293522216,0.01,0.0,0.0,0.0,0.0,0.0
1779681825393673843,0.01,0.0,0.0,0.0,0.0,0.0
1779681825493945498,0.01,0.0,0.0,0.0,0.0,0.0
1779681825594197548,0.01,0.0,0.0,0.0,0.0,0.0
1779681825694379679,0.01,0.0,0.0,0.0,0.0,0.0
1779681825794717792,0.01,0.0,0.0,0.0,0.0,0.0
1779681825895028645,0.01,0.0,0.0,0.0,0.0,0.0
1779681825995275871,0.01,0.0,0.0,0.0,0.0,0.0
1779681826095621539,0.01,0.0,0.0,0.0,0.0,0.0
1779681826195846734,0.01,0.0,0.0,0.0,0.0,0.0
1779681826296154151,0.01,0.0,0.0,0.0,0.0,0.0
1779681826396314347,0.01,0.0,0.0,0.0,0.0,0.0
1779681826496561095,0.01,0.0,0.0,0.0,0.0,0.0
1779681826597088626,0.01,0.0,0.0,0.0,0.0,0.0
1779681826697376002,0.01,0.0,0.0,0.0,0.0,0.0
1779681826797481842,0.01,0.0,0.0,0.0,0.0,0.0
1779681826897732330,0.01,0.0,0.0,0.0,0.0,0.0
1779681826997956054,0.01,0.0,0.0,0.0,0.0,0.0
1779681827098284121,0.01,0.0,0.0,0.0,0.0,0.0
1779681827198568302,0.01,0.0,0.0,0.0,0.0,0.0
1779681827299349059,0.01,0.0,0.0,0.0,0.0,0.0
1779681827399875597,0.01,0.0,0.0,0.0,0.0,0.0
1779681827500083033,0.01,0.0,0.0,0.0,0.0,0.0
1779681827600305801,0.01,0.0,0.0,0.0,0.0,0.0
1779681827700552947,0.01,0.0,0.0,0.0,0.0,0.0
1779681827800856138,0.01,0.0,0.0,0.0,0.0,0.0
1779681827901034725,0.01,0.0,0.0,0.0,0.0,0.0
1779681828001485318,0.01,0.0,0.0,0.0,0.0,0.0
1779681828101831004,0.01,0.0,0.0,0.0,0.0,0.0
1779681828202554486,0.01,0.0,0.0,0.0,0.0,0.0
1779681828302802452,0.01,0.0,0.0,0.0,0.0,0.0
1779681828402992253,0.01,0.0,0.0,0.0,0.0,0.0
1779681828503535204,0.01,0.0,0.0,0.0,0.0,0.0
1779681828603832735,0.01,0.0,0.0,0.0,0.0,0.0
1779681828703997028,0.01,0.0,0.0,0.0,0.0,0.0
1779681828805035021,0.01,0.0,0.0,0.0,0.0,0.0
1779681828905385631,0.01,0.0,0.0,0.0,0.0,0.0
1779681829005619718,0.01,0.0,0.0,0.0,0.0,0.0
1779681829106007982,0.01,0.0,0.0,0.0,0.0,0.0
1779681829206508821,0.01,0.0,0.0,0.0,0.0,0.0
1779681829306709811,0.01,0.0,0.0,0.0,0.0,0.0
1779681829406987562,0.01,0.0,0.0,0.0,0.0,0.0
1779681829507305598,0.01,0.0,0.0,0.0,0.0,0.0
1779681829607527122,0.01,0.0,0.0,0.0,0.0,0.0
1779681829708064048,0.01,0.0,0.0,0.0,0.0,0.0
1779681829808135982,0.01,0.0,0.0,0.0,0.0,0.0
1779681829908412980,0.01,0.0,0.0,0.0,0.0,0.0
1779681830008618798,0.01,0.0,0.0,0.0,0.0,0.0
1779681830108944942,0.01,0.0,0.0,0.0,0.0,0.0
1779681830209536292,0.01,0.0,0.0,0.0,0.0,0.0
1779681830309729933,0.01,0.0,0.0,0.0,0.0,0.0
1779681830410124630,0.01,0.0,0.0,0.0,0.0,0.0
1779681830510658915,0.01,0.0,0.0,0.0,0.0,0.0
1779681830610768094,0.01,0.0,0.0,0.0,0.0,0.0
1779681830711083977,0.01,0.0,0.0,0.0,0.0,0.0
1779681830811440253,0.01,0.0,0.0,0.0,0.0,0.0
1779681830912003170,0.01,0.0,0.0,0.0,0.0,0.0
1779681831012489832,0.01,0.0,0.0,0.0,0.0,0.0
1779681831112889374,0.01,0.0,0.0,0.0,0.0,0.0
1779681831212998329,0.01,0.0,0.0,0.0,0.0,0.0
1779681831313434724,0.01,0.0,0.0,0.0,0.0,0.0
1779681831414423650,0.01,0.0,0.0,0.0,0.0,0.0
1779681831514584824,0.01,0.0,0.0,0.0,0.0,0.0
1779681831615280932,0.01,0.0,0.0,0.0,0.0,0.0
1779681831715528176,0.01,0.0,0.0,0.0,0.0,0.0
1779681831815678307,0.01,0.0,0.0,0.0,0.0,0.0
1779681831916037792,0.01,0.0,0.0,0.0,0.0,0.0
1779681832016381587,0.01,0.0,0.0,0.0,0.0,0.0
1779681832116964850,0.01,0.0,0.0,0.0,0.0,0.0
1779681832217431571,0.01,0.0,0.0,0.0,0.0,0.0
1779681832317793596,0.01,0.0,0.0,0.0,0.0,0.0
1779681832418438210,0.01,0.0,0.0,0.0,0.0,0.0
1779681832519469458,0.01,0.0,0.0,0.0,0.0,0.0
1779681832619564484,0.01,0.0,0.0,0.0,0.0,0.0
1779681832720279862,0.01,0.0,0.0,0.0,0.0,0.0
1779681832820486937,0.01,0.0,0.0,0.0,0.0,0.0
1779681832920873342,0.01,0.0,0.0,0.0,0.0,0.0
1779681833021221062,0.01,0.0,0.0,0.0,0.0,0.0
1779681833121686642,0.01,0.0,0.0,0.0,0.0,0.0
1779681833222073279,0.01,0.0,0.0,0.0,0.0,0.0
1779681833322442280,0.01,0.0,0.0,0.0,0.0,0.0
1779681833422961528,0.01,0.0,0.0,0.0,0.0,0.0
1779681833523420832,0.01,0.0,0.0,0.0,0.0,0.0
1779681833623548585,0.01,0.0,0.0,0.0,0.0,0.0
1779681833725209420,0.01,0.0,0.0,0.0,0.0,0.0
1779681833824398021,0.01,0.0,0.0,0.0,0.0,0.0
1779681833924603212,0.01,0.0,0.0,0.0,0.0,0.0
1779681834024982035,0.01,0.0,0.0,0.0,0.0,0.0
1779681834125368499,0.01,0.0,0.0,0.0,0.0,0.0
1779681834225468133,0.01,0.0,0.0,0.0,0.0,0.0
1779681834325927687,0.01,0.0,0.0,0.0,0.0,0.0
1779681834426545223,0.01,0.0,0.0,0.0,0.0,0.0
1779681834527051717,0.01,0.0,0.0,0.0,0.0,0.0
1779681834627286001,0.01,0.0,0.0,0.0,0.0,0.0
1779681834727673460,0.01,0.0,0.0,0.0,0.0,0.0
1779681834828770822,0.01,0.0,0.0,0.0,0.0,0.0
1779681834928990642,0.01,0.0,0.0,0.0,0.0,0.0
1779681835029622703,0.01,0.0,0.0,0.0,0.0,0.0
1779681835129912853,0.01,0.0,0.0,0.0,0.0,0.0
1779681835230280557,0.01,0.0,0.0,0.0,0.0,0.0
1779681835330716271,0.01,0.0,0.0,0.0,0.0,0.0
1779681835430839524,0.01,0.0,0.0,0.0,0.0,0.0
1779681835531193864,0.01,0.0,0.0,0.0,0.0,0.0
1779681835631724083,0.01,0.0,0.0,0.0,0.0,0.0
1779681835731908749,0.01,0.0,0.0,0.0,0.0,0.0
1779681835832645035,0.01,0.0,0.0,0.0,0.0,0.0
1779681835932913695,0.01,0.0,0.0,0.0,0.0,0.0
1779681836034575774,0.01,0.0,0.0,0.0,0.0,0.0
1779681836134605291,0.01,0.0,0.0,0.0,0.0,0.0
1779681836235134235,0.01,0.0,0.0,0.0,0.0,0.0
1779681836335765524,0.01,0.0,0.0,0.0,0.0,0.0
1779681836435873821,0.01,0.0,0.0,0.0,0.0,0.0
1779681836536355240,0.01,0.0,0.0,0.0,0.0,0.0
1779681836636577331,0.01,0.0,0.0,0.0,0.0,0.0
1779681836737231236,0.01,0.0,0.0,0.0,0.0,0.0
1779681836837667815,0.01,0.0,0.0,0.0,0.0,0.0
1779681836938257317,0.01,0.0,0.0,0.0,0.0,0.0
1779681837038448656,0.01,0.0,0.0,0.0,0.0,0.0
1779681837138746406,0.01,0.0,0.0,0.0,0.0,0.0
1779681837239152362,0.01,0.0,0.0,0.0,0.0,0.0
1779681837339510987,0.01,0.0,0.0,0.0,0.0,0.0
1779681837439927410,0.01,0.0,0.0,0.0,0.0,0.0
1779681837540283425,0.01,0.0,0.0,0.0,0.0,0.0
1779681837640757656,0.01,0.0,0.0,0.0,0.0,0.0
1779681837740963815,0.01,0.0,0.0,0.0,0.0,0.0
1779681837841650549,0.01,0.0,0.0,0.0,0.0,0.0
1779681837941969031,0.01,0.0,0.0,0.0,0.0,0.0
1779681838042589987,0.01,0.0,0.0,0.0,0.0,0.0
1779681838145333079,0.01,0.0,0.0,0.0,0.0,0.0
1779681838243560192,0.01,0.0,0.0,0.0,0.0,0.0
1779681838343720894,0.01,0.0,0.0,0.0,0.0,0.0
1779681838445872619,0.01,0.0,0.0,0.0,0.0,0.0
1779681838546344461,0.01,0.0,0.0,0.0,0.0,0.0
1779681838646491892,0.01,0.0,0.0,0.0,0.0,0.0
1779681838746849965,0.01,0.0,0.0,0.0,0.0,0.0
1779681838847097059,0.01,0.0,0.0,0.0,0.0,0.0
1779681838947679682,0.01,0.0,0.0,0.0,0.0,0.0
1779681839047939807,0.01,0.0,0.0,0.0,0.0,0.0
1779681839148189456,0.01,0.0,0.0,0.0,0.0,0.0
1779681839248286502,0.01,0.0,0.0,0.0,0.0,0.0
1779681839348741715,0.01,0.0,0.0,0.0,0.0,0.0
1779681839449028500,0.01,0.0,0.0,0.0,0.0,0.0
1779681839549489518,0.01,0.0,0.0,0.0,0.0,0.0
1779681839649702680,0.01,0.0,0.0,0.0,0.0,0.0
1779681839750120611,0.01,0.0,0.0,0.0,0.0,0.0
1779681839850454485,0.01,0.0,0.0,0.0,0.0,0.0
1779681839950804376,0.01,0.0,0.0,0.0,0.0,0.0
1779681840051173352,0.01,0.0,0.0,0.0,0.0,0.0
1779681840151325559,0.01,0.0,0.0,0.0,0.0,0.0
1779681840251484252,0.01,0.0,0.0,0.0,0.0,0.0
1779681840351670065,0.01,0.0,0.0,0.0,0.0,0.0
1779681840452194778,0.01,0.0,0.0,0.0,0.0,0.0
1779681840552350141,0.01,0.0,0.0,0.0,0.0,0.0
1779681840652858024,0.01,0.0,0.0,0.0,0.0,0.0
1779681840752947494,0.01,0.0,0.0,0.0,0.0,0.0
1779681840853273512,0.01,0.0,0.0,0.0,0.0,0.0
1779681840953433119,0.01,0.0,0.0,0.0,0.0,0.0
1779681841053734697,0.01,0.0,0.0,0.0,0.0,0.0
1779681841153999792,0.01,0.0,0.0,0.0,0.0,0.0
1779681841254467139,0.01,0.0,0.0,0.0,0.0,0.0
1779681841354730389,0.01,0.0,0.0,0.0,0.0,0.0
1779681841455082522,0.01,0.0,0.0,0.0,0.0,0.0
1779681841555266464,0.01,0.0,0.0,0.0,0.0,0.0
1779681841655572164,0.01,0.0,0.0,0.0,0.0,0.0
1779681841755841790,0.01,0.0,0.0,0.0,0.0,0.0
1779681841856094024,0.01,0.0,0.0,0.0,0.0,0.0
1779681841956292996,0.01,0.0,0.0,0.0,0.0,0.0
1779681842056859030,0.01,0.0,0.0,0.0,0.0,0.0
1779681842157379164,0.01,0.0,0.0,0.0,0.0,0.0
1779681842257542954,0.01,0.0,0.0,0.0,0.0,0.0
1779681842357785605,0.01,0.0,0.0,0.0,0.0,0.0
1779681842458081211,0.01,0.0,0.0,0.0,0.0,0.0
1779681842558268673,0.01,0.0,0.0,0.0,0.0,0.0
1779681842658516814,0.01,0.0,0.0,0.0,0.0,0.0
1779681842758911912,0.01,0.0,0.0,0.0,0.0,0.0
1779681842859014083,0.01,0.0,0.0,0.0,0.0,0.0
1779681842959868565,0.01,0.0,0.0,0.0,0.0,0.0
1779681843059966569,0.01,0.0,0.0,0.0,0.0,0.0
1779681843160313003,0.01,0.0,0.0,0.0,0.0,0.0
1779681843260486918,0.01,0.0,0.0,0.0,0.0,0.0
1779681843360702619,0.01,0.0,0.0,0.0,0.0,0.0
1779681843461093631,0.01,0.0,0.0,0.0,0.0,0.0
1779681843561396355,0.01,0.0,0.0,0.0,0.0,0.0
1779681843661770734,0.01,0.0,0.0,0.0,0.0,0.0
1779681843762110664,0.01,0.0,0.0,0.0,0.0,0.0
1779681843862477514,0.01,0.0,0.0,0.0,0.0,0.0
1779681843962576628,0.01,0.0,0.0,0.0,0.0,0.0
1779681844062846329,0.01,0.0,0.0,0.0,0.0,0.0
1779681844163148816,0.01,0.0,0.0,0.0,0.0,0.0
1779681844263596008,0.01,0.0,0.0,0.0,0.0,0.0
1779681844363921034,0.01,0.0,0.0,0.0,0.0,0.0
1779681844464222290,0.01,0.0,0.0,0.0,0.0,0.0
1779681844564639910,0.01,0.0,0.0,0.0,0.0,0.0
1779681844664929676,0.01,0.0,0.0,0.0,0.0,0.0
1779681844765227634,0.01,0.0,0.0,0.0,0.0,0.0
1779681844865557628,0.01,0.0,0.0,0.0,0.0,0.0
1779681844965783345,0.01,0.0,0.0,0.0,0.0,0.0
1779681845066061610,0.01,0.0,0.0,0.0,0.0,0.0
1779681845166878646,0.01,0.0,0.0,0.0,0.0,0.0
1779681845267076529,0.01,0.0,0.0,0.0,0.0,0.0
1779681845367375888,0.01,0.0,0.0,0.0,0.0,0.0
1779681845467834319,0.01,0.0,0.0,0.0,0.0,0.0
1779681845568294776,0.01,0.0,0.0,0.0,0.0,0.0
1779681845668399704,0.01,0.0,0.0,0.0,0.0,0.0
1779681845768647854,0.01,0.0,0.0,0.0,0.0,0.0
1779681845868877488,0.01,0.0,0.0,0.0,0.0,0.0
1779681845969093930,0.01,0.0,0.0,0.0,0.0,0.0
1779681846069452388,0.01,0.0,0.0,0.0,0.0,0.0
1779681846169712306,0.01,0.0,0.0,0.0,0.0,0.0
1779681846269939419,0.01,0.0,0.0,0.0,0.0,0.0
1779681846370315278,0.01,0.0,0.0,0.0,0.0,0.0
1779681846470328288,0.01,0.0,0.0,0.0,0.0,0.0
1779681846571095385,0.01,0.0,0.0,0.0,0.0,0.0
1779681846671327285,0.01,0.0,0.0,0.0,0.0,0.0
1779681846773623381,0.01,0.0,0.0,0.0,0.0,0.0
1779681846873770887,0.01,0.0,0.0,0.0,0.0,0.0
1779681846974151210,0.01,0.0,0.0,0.0,0.0,0.0
1779681847074555058,0.01,0.0,0.0,0.0,0.0,0.0
1779681847174892427,0.01,0.0,0.0,0.0,0.0,0.0
1779681847277267239,0.01,0.0,0.0,0.0,0.0,0.0
1779681847375729608,0.01,0.0,0.0,0.0,0.0,0.0
1779681847475992376,0.01,0.0,0.0,0.0,0.0,0.0
1779681847576645844,0.01,0.0,0.0,0.0,0.0,0.0
1779681847676784623,0.01,0.0,0.0,0.0,0.0,0.0
1779681847777218878,0.01,0.0,0.0,0.0,0.0,0.0
1779681847877611987,0.01,0.0,0.0,0.0,0.0,0.0
1779681847978000805,0.01,0.0,0.0,0.0,0.0,0.0
1779681848078380811,0.01,0.0,0.0,0.0,0.0,0.0
1779681848178797372,0.01,0.0,0.0,0.0,0.0,0.0
1779681848279133377,0.01,0.0,0.0,0.0,0.0,0.0
1779681848379504560,0.01,0.0,0.0,0.0,0.0,0.0
1779681848479763570,0.01,0.0,0.0,0.0,0.0,0.0
1779681848580622208,0.01,0.0,0.0,0.0,0.0,0.0
1779681848680917102,0.01,0.0,0.0,0.0,0.0,0.0
1779681848781398335,0.01,0.0,0.0,0.0,0.0,0.0
1779681848881608606,0.01,0.0,0.0,0.0,0.0,0.0
1779681848982011357,0.01,0.0,0.0,0.0,0.0,0.0
1779681849082339103,0.01,0.0,0.0,0.0,0.0,0.0
1779681849182482083,0.01,0.0,0.0,0.0,0.0,0.0
1779681849282680891,0.01,0.0,0.0,0.0,0.0,0.0
1779681849383120604,0.01,0.0,0.0,0.0,0.0,0.0
1779681849483573187,0.01,0.0,0.0,0.0,0.0,0.0
1779681849583939406,0.01,0.0,0.0,0.0,0.0,0.0
1779681849684978928,0.01,0.0,0.0,0.0,0.0,0.0
1779681849785320712,0.01,0.0,0.0,0.0,0.0,0.0
1779681849885464968,0.01,0.0,0.0,0.0,0.0,0.0
1779681849985688636,0.01,0.0,0.0,0.0,0.0,0.0
1779681850086028724,0.01,0.0,0.0,0.0,0.0,0.0
1779681850186367543,0.01,0.0,0.0,0.0,0.0,0.0
1779681850282561546,0.0,0.0,0.0,0.0,0.0,0.0
1779681850383075730,0.0,0.0,0.0,0.0,0.0,0.0
1779681850483498337,0.0,0.0,0.0,0.0,0.0,0.0
1779681850583646776,0.0,0.0,0.0,0.0,0.0,0.0
1779681850683860873,0.0,0.0,0.0,0.0,0.0,0.0
1779681850784592805,0.0,0.0,0.0,0.0,0.0,0.0
1779681850884881903,0.0,0.0,0.0,0.0,0.0,0.0
1779681850985058074,0.0,0.0,0.0,0.0,0.0,0.0
1779681851086220273,0.0,0.0,0.0,0.0,0.0,0.0
1779681851186409171,0.0,0.0,0.0,0.0,0.0,0.0
1779681851234030164,0.0,0.0,0.0,0.0,0.0,0.05
1779681851334383541,0.0,0.0,0.0,0.0,0.0,0.1
1779681851434786369,0.0,0.0,0.0,0.0,0.0,0.1
1779681851535223725,0.0,0.0,0.0,0.0,0.0,0.1
1779681851635265798,0.0,0.0,0.0,0.0,0.0,0.1
1779681851735899432,0.0,0.0,0.0,0.0,0.0,0.1
1779681851836577000,0.0,0.0,0.0,0.0,0.0,0.1
1779681851936737170,0.0,0.0,0.0,0.0,0.0,0.1
1779681852037393731,0.0,0.0,0.0,0.0,0.0,0.1
1779681852137511000,0.0,0.0,0.0,0.0,0.0,0.1
1779681852237945376,0.0,0.0,0.0,0.0,0.0,0.1
1779681852338187927,0.0,0.0,0.0,0.0,0.0,0.1
1779681852438645164,0.0,0.0,0.0,0.0,0.0,0.1
1779681852538792434,0.0,0.0,0.0,0.0,0.0,0.1
1779681852639431262,0.0,0.0,0.0,0.0,0.0,0.1
1779681852739657233,0.0,0.0,0.0,0.0,0.0,0.1
1779681852840003127,0.0,0.0,0.0,0.0,0.0,0.1
1779681852940296574,0.0,0.0,0.0,0.0,0.0,0.1
1779681853040544528,0.0,0.0,0.0,0.0,0.0,0.1
1779681853141484257,0.0,0.0,0.0,0.0,0.0,0.1
1779681853241744854,0.0,0.0,0.0,0.0,0.0,0.1
1779681853342267057,0.0,0.0,0.0,0.0,0.0,0.1
1779681853442220740,0.0,0.0,0.0,0.0,0.0,0.1
1779681853542610919,0.0,0.0,0.0,0.0,0.0,0.1
1779681853642902839,0.0,0.0,0.0,0.0,0.0,0.1
1779681853743364177,0.0,0.0,0.0,0.0,0.0,0.1
1779681853843342391,0.0,0.0,0.0,0.0,0.0,0.1
1779681853943625068,0.0,0.0,0.0,0.0,0.0,0.1
1779681854043925680,0.0,0.0,0.0,0.0,0.0,0.1
1779681854144295067,0.0,0.0,0.0,0.0,0.0,0.1
1779681854244682144,0.0,0.0,0.0,0.0,0.0,0.1
1779681854345130395,0.0,0.0,0.0,0.0,0.0,0.1
1779681854445556003,0.0,0.0,0.0,0.0,0.0,0.1
1779681854545858159,0.0,0.0,0.0,0.0,0.0,0.1
1779681854646149815,0.0,0.0,0.0,0.0,0.0,0.1
1779681854746491059,0.0,0.0,0.0,0.0,0.0,0.1
1779681854846761016,0.0,0.0,0.0,0.0,0.0,0.1
1779681854947234705,0.0,0.0,0.0,0.0,0.0,0.1
1779681855047402015,0.0,0.0,0.0,0.0,0.0,0.1
1779681855147670072,0.0,0.0,0.0,0.0,0.0,0.1
1779681855247721634,0.0,0.0,0.0,0.0,0.0,0.1
1779681855348123073,0.0,0.0,0.0,0.0,0.0,0.1
1779681855448807084,0.0,0.0,0.0,0.0,0.0,0.1
1779681855548901533,0.0,0.0,0.0,0.0,0.0,0.1
1779681855649323393,0.0,0.0,0.0,0.0,0.0,0.1
1779681855749448763,0.0,0.0,0.0,0.0,0.0,0.1
1779681855849745897,0.0,0.0,0.0,0.0,0.0,0.1
1779681855949809178,0.0,0.0,0.0,0.0,0.0,0.1
1779681856050290663,0.0,0.0,0.0,0.0,0.0,0.1
1779681856150521459,0.0,0.0,0.0,0.0,0.0,0.1
1779681856250765306,0.0,0.0,0.0,0.0,0.0,0.1
1779681856350943559,0.0,0.0,0.0,0.0,0.0,0.1
1779681856451436734,0.0,0.0,0.0,0.0,0.0,0.1
1779681856551426003,0.0,0.0,0.0,0.0,0.0,0.1
1779681856651675636,0.0,0.0,0.0,0.0,0.0,0.1
1779681856751939777,0.0,0.0,0.0,0.0,0.0,0.1
1779681856852324562,0.0,0.0,0.0,0.0,0.0,0.1
1779681856952662359,0.0,0.0,0.0,0.0,0.0,0.1
1779681857052809769,0.0,0.0,0.0,0.0,0.0,0.1
1779681857153003518,0.0,0.0,0.0,0.0,0.0,0.1
1779681857253196130,0.0,0.0,0.0,0.0,0.0,0.1
1779681857353497776,0.0,0.0,0.0,0.0,0.0,0.1
1779681857453834517,0.0,0.0,0.0,0.0,0.0,0.1
1779681857554143385,0.0,0.0,0.0,0.0,0.0,0.1
1779681857654499849,0.0,0.0,0.0,0.0,0.0,0.1
1779681857754787544,0.0,0.0,0.0,0.0,0.0,0.1
1779681857855103458,0.0,0.0,0.0,0.0,0.0,0.1
1779681857955586382,0.0,0.0,0.0,0.0,0.0,0.1
1779681858055603671,0.0,0.0,0.0,0.0,0.0,0.1
1779681858155866923,0.0,0.0,0.0,0.0,0.0,0.1
1779681858256236185,0.0,0.0,0.0,0.0,0.0,0.1
1779681858356540257,0.0,0.0,0.0,0.0,0.0,0.1
1779681858456742910,0.0,0.0,0.0,0.0,0.0,0.1
1779681858556824825,0.0,0.0,0.0,0.0,0.0,0.1
1779681858657486989,0.0,0.0,0.0,0.0,0.0,0.1
1779681858757636133,0.0,0.0,0.0,0.0,0.0,0.1
1779681858857696974,0.0,0.0,0.0,0.0,0.0,0.1
1779681858957963707,0.0,0.0,0.0,0.0,0.0,0.1
1779681859058335235,0.0,0.0,0.0,0.0,0.0,0.1
1779681859158406122,0.0,0.0,0.0,0.0,0.0,0.1
1779681859258708580,0.0,0.0,0.0,0.0,0.0,0.1
1779681859358982196,0.0,0.0,0.0,0.0,0.0,0.1
1779681859459159297,0.0,0.0,0.0,0.0,0.0,0.1
1779681859559356875,0.0,0.0,0.0,0.0,0.0,0.1
1779681859659716850,0.0,0.0,0.0,0.0,0.0,0.1
1779681859760092998,0.0,0.0,0.0,0.0,0.0,0.1
1779681859860518340,0.0,0.0,0.0,0.0,0.0,0.1
1779681859960609396,0.0,0.0,0.0,0.0,0.0,0.1
1779681860060873059,0.0,0.0,0.0,0.0,0.0,0.1
1779681860161192951,0.0,0.0,0.0,0.0,0.0,0.1
1779681860261260968,0.0,0.0,0.0,0.0,0.0,0.1
1779681860361717023,0.0,0.0,0.0,0.0,0.0,0.1
1779681860462012135,0.0,0.0,0.0,0.0,0.0,0.1
1779681860562234987,0.0,0.0,0.0,0.0,0.0,0.1
1779681860662361008,0.0,0.0,0.0,0.0,0.0,0.1
1779681860762550528,0.0,0.0,0.0,0.0,0.0,0.1
1779681860862791318,0.0,0.0,0.0,0.0,0.0,0.1
1779681860963175039,0.0,0.0,0.0,0.0,0.0,0.1
1779681861063336368,0.0,0.0,0.0,0.0,0.0,0.1
1779681861163564939,0.0,0.0,0.0,0.0,0.0,0.1
1779681861263745255,0.0,0.0,0.0,0.0,0.0,0.1
1779681861363953657,0.0,0.0,0.0,0.0,0.0,0.1
1779681861464496459,0.0,0.0,0.0,0.0,0.0,0.1
1779681861564676341,0.0,0.0,0.0,0.0,0.0,0.1
1779681861665210717,0.0,0.0,0.0,0.0,0.0,0.1
1779681861765961828,0.0,0.0,0.0,0.0,0.0,0.1
1779681861866198944,0.0,0.0,0.0,0.0,0.0,0.1
1779681861966383164,0.0,0.0,0.0,0.0,0.0,0.1
1779681862066624327,0.0,0.0,0.0,0.0,0.0,0.1
1779681862167365903,0.0,0.0,0.0,0.0,0.0,0.1
1779681862267512827,0.0,0.0,0.0,0.0,0.0,0.1
1779681862367855270,0.0,0.0,0.0,0.0,0.0,0.1
1779681862468039061,0.0,0.0,0.0,0.0,0.0,0.1
1779681862568245824,0.0,0.0,0.0,0.0,0.0,0.1
1779681862668560545,0.0,0.0,0.0,0.0,0.0,0.1
1779681862768860472,0.0,0.0,0.0,0.0,0.0,0.1
1779681862869160422,0.0,0.0,0.0,0.0,0.0,0.1
1779681862969269549,0.0,0.0,0.0,0.0,0.0,0.1
1779681863069448899,0.0,0.0,0.0,0.0,0.0,0.1
1779681863169719556,0.0,0.0,0.0,0.0,0.0,0.1
1779681863269928553,0.0,0.0,0.0,0.0,0.0,0.1
1779681863370153987,0.0,0.0,0.0,0.0,0.0,0.1
1779681863470518431,0.0,0.0,0.0,0.0,0.0,0.1
1779681863570699068,0.0,0.0,0.0,0.0,0.0,0.1
1779681863670838762,0.0,0.0,0.0,0.0,0.0,0.1
1779681863771201093,0.0,0.0,0.0,0.0,0.0,0.1
1779681863871545152,0.0,0.0,0.0,0.0,0.0,0.1
1779681863971817226,0.0,0.0,0.0,0.0,0.0,0.1
1779681864072054618,0.0,0.0,0.0,0.0,0.0,0.1
1779681864172518033,0.0,0.0,0.0,0.0,0.0,0.1
1779681864272555472,0.0,0.0,0.0,0.0,0.0,0.1
1779681864372926041,0.0,0.0,0.0,0.0,0.0,0.1
1779681864473045470,0.0,0.0,0.0,0.0,0.0,0.1
1779681864573396687,0.0,0.0,0.0,0.0,0.0,0.1
1779681864673667163,0.0,0.0,0.0,0.0,0.0,0.1
1779681864774009925,0.0,0.0,0.0,0.0,0.0,0.1
1779681864874604105,0.0,0.0,0.0,0.0,0.0,0.1
1779681864974898517,0.0,0.0,0.0,0.0,0.0,0.1
1779681865075170774,0.0,0.0,0.0,0.0,0.0,0.1
1779681865175378393,0.0,0.0,0.0,0.0,0.0,0.1
1779681865275826079,0.0,0.0,0.0,0.0,0.0,0.1
1779681865376114246,0.0,0.0,0.0,0.0,0.0,0.1
1779681865476502338,0.0,0.0,0.0,0.0,0.0,0.1
1779681865576908947,0.0,0.0,0.0,0.0,0.0,0.1
1779681865677409177,0.0,0.0,0.0,0.0,0.0,0.1
1779681865777753337,0.0,0.0,0.0,0.0,0.0,0.1
1779681865878044741,0.0,0.0,0.0,0.0,0.0,0.1
1779681865978515810,0.0,0.0,0.0,0.0,0.0,0.1
1779681866078494788,0.0,0.0,0.0,0.0,0.0,0.1
1779681866178803661,0.0,0.0,0.0,0.0,0.0,0.1
1779681866278988962,0.0,0.0,0.0,0.0,0.0,0.1
1779681866379677278,0.0,0.0,0.0,0.0,0.0,0.1
1779681866480167819,0.0,0.0,0.0,0.0,0.0,0.1
1779681866580267875,0.0,0.0,0.0,0.0,0.0,0.1
1779681866680587684,0.0,0.0,0.0,0.0,0.0,0.1
1779681866780997553,0.0,0.0,0.0,0.0,0.0,0.1
1779681866881261734,0.0,0.0,0.0,0.0,0.0,0.1
1779681866981558399,0.0,0.0,0.0,0.0,0.0,0.1
1779681867082041021,0.0,0.0,0.0,0.0,0.0,0.1
1779681867138778577,0.0,0.0,0.0,0.0,0.0,0.0
1779681867239261005,0.0,0.0,0.0,0.0,0.0,0.0
1779681867339448402,0.0,0.0,0.0,0.0,0.0,0.0
1779681867439674885,0.0,0.0,0.0,0.0,0.0,0.0
1779681867540172864,0.0,0.0,0.0,0.0,0.0,0.0
1779681867640786154,0.0,0.0,0.0,0.0,0.0,0.0
1779681867648750066,0.005,0.0,0.0,0.0,0.0,0.0
1779681867749609015,0.01,0.0,0.0,0.0,0.0,0.0
1779681867849716881,0.01,0.0,0.0,0.0,0.0,0.0
1779681867950034338,0.01,0.0,0.0,0.0,0.0,0.0
1779681868050838241,0.01,0.0,0.0,0.0,0.0,0.0
1779681868151049815,0.01,0.0,0.0,0.0,0.0,0.0
1779681868251657875,0.01,0.0,0.0,0.0,0.0,0.0
1779681868351856784,0.01,0.0,0.0,0.0,0.0,0.0
1779681868452429186,0.01,0.0,0.0,0.0,0.0,0.0
1779681868552446407,0.01,0.0,0.0,0.0,0.0,0.0
1779681868652968585,0.01,0.0,0.0,0.0,0.0,0.0
1779681868753358380,0.01,0.0,0.0,0.0,0.0,0.0
1779681868853910435,0.01,0.0,0.0,0.0,0.0,0.0
1779681868953958639,0.01,0.0,0.0,0.0,0.0,0.0
1779681869054282027,0.01,0.0,0.0,0.0,0.0,0.0
1779681869154492025,0.01,0.0,0.0,0.0,0.0,0.0
1779681869254619079,0.01,0.0,0.0,0.0,0.0,0.0
1779681869355177208,0.01,0.0,0.0,0.0,0.0,0.0
1779681869455570637,0.01,0.0,0.0,0.0,0.0,0.0
1779681869555950570,0.01,0.0,0.0,0.0,0.0,0.0
1779681869656234046,0.01,0.0,0.0,0.0,0.0,0.0
1779681869756420309,0.01,0.0,0.0,0.0,0.0,0.0
1779681869857349561,0.01,0.0,0.0,0.0,0.0,0.0
1779681869957251600,0.01,0.0,0.0,0.0,0.0,0.0
1779681870057623919,0.01,0.0,0.0,0.0,0.0,0.0
1779681870158047197,0.01,0.0,0.0,0.0,0.0,0.0
1779681870258365303,0.01,0.0,0.0,0.0,0.0,0.0
1779681870358870273,0.01,0.0,0.0,0.0,0.0,0.0
1779681870459318747,0.01,0.0,0.0,0.0,0.0,0.0
1779681870559641322,0.01,0.0,0.0,0.0,0.0,0.0
1779681870660055036,0.01,0.0,0.0,0.0,0.0,0.0
1779681870760577451,0.01,0.0,0.0,0.0,0.0,0.0
1779681870860741181,0.01,0.0,0.0,0.0,0.0,0.0
1779681870961156232,0.01,0.0,0.0,0.0,0.0,0.0
1779681871061499979,0.01,0.0,0.0,0.0,0.0,0.0
1779681871161687017,0.01,0.0,0.0,0.0,0.0,0.0
1779681871262140640,0.01,0.0,0.0,0.0,0.0,0.0
1779681871362426579,0.01,0.0,0.0,0.0,0.0,0.0
1779681871462783026,0.01,0.0,0.0,0.0,0.0,0.0
1779681871563112126,0.01,0.0,0.0,0.0,0.0,0.0
1779681871663417444,0.01,0.0,0.0,0.0,0.0,0.0
1779681871763784268,0.01,0.0,0.0,0.0,0.0,0.0
1779681871863635423,0.01,0.0,0.0,0.0,0.0,0.0
1779681871963969873,0.01,0.0,0.0,0.0,0.0,0.0
1779681872064354772,0.01,0.0,0.0,0.0,0.0,0.0
1779681872164505260,0.01,0.0,0.0,0.0,0.0,0.0
1779681872264807818,0.01,0.0,0.0,0.0,0.0,0.0
1779681872365011921,0.01,0.0,0.0,0.0,0.0,0.0
1779681872465457747,0.01,0.0,0.0,0.0,0.0,0.0
1779681872565814025,0.01,0.0,0.0,0.0,0.0,0.0
1779681872666023440,0.01,0.0,0.0,0.0,0.0,0.0
1779681872766229204,0.01,0.0,0.0,0.0,0.0,0.0
1779681872866803131,0.01,0.0,0.0,0.0,0.0,0.0
1779681872967281437,0.01,0.0,0.0,0.0,0.0,0.0
1779681873067426375,0.01,0.0,0.0,0.0,0.0,0.0
1779681873167927547,0.01,0.0,0.0,0.0,0.0,0.0
1779681873268222830,0.01,0.0,0.0,0.0,0.0,0.0
1779681873368372456,0.01,0.0,0.0,0.0,0.0,0.0
1779681873468781734,0.01,0.0,0.0,0.0,0.0,0.0
1779681873569235141,0.01,0.0,0.0,0.0,0.0,0.0
1779681873670191926,0.01,0.0,0.0,0.0,0.0,0.0
1779681873770498215,0.01,0.0,0.0,0.0,0.0,0.0
1779681873870911618,0.01,0.0,0.0,0.0,0.0,0.0
1779681873971161247,0.01,0.0,0.0,0.0,0.0,0.0
1779681874071384925,0.01,0.0,0.0,0.0,0.0,0.0
1779681874171851374,0.01,0.0,0.0,0.0,0.0,0.0
1779681874272444953,0.01,0.0,0.0,0.0,0.0,0.0
1779681874372626457,0.01,0.0,0.0,0.0,0.0,0.0
1779681874473001223,0.01,0.0,0.0,0.0,0.0,0.0
1779681874573310948,0.01,0.0,0.0,0.0,0.0,0.0
1779681874673542643,0.01,0.0,0.0,0.0,0.0,0.0
1779681874774152878,0.01,0.0,0.0,0.0,0.0,0.0
1779681874874515404,0.01,0.0,0.0,0.0,0.0,0.0
1779681874974711168,0.01,0.0,0.0,0.0,0.0,0.0
1779681875075160940,0.01,0.0,0.0,0.0,0.0,0.0
1779681875175315220,0.01,0.0,0.0,0.0,0.0,0.0
1779681875275513184,0.01,0.0,0.0,0.0,0.0,0.0
1779681875375824352,0.01,0.0,0.0,0.0,0.0,0.0
1779681875476281372,0.01,0.0,0.0,0.0,0.0,0.0
1779681875576465483,0.01,0.0,0.0,0.0,0.0,0.0
1779681875676799471,0.01,0.0,0.0,0.0,0.0,0.0
1779681875777683672,0.01,0.0,0.0,0.0,0.0,0.0
1779681875877778993,0.01,0.0,0.0,0.0,0.0,0.0
1779681875978070222,0.01,0.0,0.0,0.0,0.0,0.0
1779681876078350472,0.01,0.0,0.0,0.0,0.0,0.0
1779681876178771750,0.01,0.0,0.0,0.0,0.0,0.0
1779681876279018174,0.01,0.0,0.0,0.0,0.0,0.0
1779681876379236126,0.01,0.0,0.0,0.0,0.0,0.0
1779681876479767539,0.01,0.0,0.0,0.0,0.0,0.0
1779681876580385008,0.01,0.0,0.0,0.0,0.0,0.0
1779681876680365721,0.01,0.0,0.0,0.0,0.0,0.0
1779681876780784428,0.01,0.0,0.0,0.0,0.0,0.0
1779681876881058064,0.01,0.0,0.0,0.0,0.0,0.0
1779681876981393113,0.01,0.0,0.0,0.0,0.0,0.0
1779681877081661960,0.01,0.0,0.0,0.0,0.0,0.0
1779681877181742912,0.01,0.0,0.0,0.0,0.0,0.0
1779681877282258822,0.01,0.0,0.0,0.0,0.0,0.0
1779681877382704701,0.01,0.0,0.0,0.0,0.0,0.0
1779681877482892987,0.01,0.0,0.0,0.0,0.0,0.0
1779681877583333329,0.01,0.0,0.0,0.0,0.0,0.0
1779681877683349263,0.01,0.0,0.0,0.0,0.0,0.0
1779681877783897510,0.01,0.0,0.0,0.0,0.0,0.0
1779681877884138926,0.01,0.0,0.0,0.0,0.0,0.0
1779681877984397021,0.01,0.0,0.0,0.0,0.0,0.0
1779681878084765644,0.01,0.0,0.0,0.0,0.0,0.0
1779681878185002001,0.01,0.0,0.0,0.0,0.0,0.0
1779681878285227009,0.01,0.0,0.0,0.0,0.0,0.0
1779681878386380150,0.01,0.0,0.0,0.0,0.0,0.0
1779681878486712294,0.01,0.0,0.0,0.0,0.0,0.0
1779681878586858757,0.01,0.0,0.0,0.0,0.0,0.0
1779681878687328170,0.01,0.0,0.0,0.0,0.0,0.0
1779681878787435428,0.01,0.0,0.0,0.0,0.0,0.0
1779681878887717832,0.01,0.0,0.0,0.0,0.0,0.0
1779681878987892277,0.01,0.0,0.0,0.0,0.0,0.0
1779681879089201906,0.01,0.0,0.0,0.0,0.0,0.0
1779681879188596265,0.01,0.0,0.0,0.0,0.0,0.0
1779681879288757854,0.01,0.0,0.0,0.0,0.0,0.0
1779681879389131356,0.01,0.0,0.0,0.0,0.0,0.0
1779681879489410632,0.01,0.0,0.0,0.0,0.0,0.0
1779681879589665433,0.01,0.0,0.0,0.0,0.0,0.0
1779681879689974657,0.01,0.0,0.0,0.0,0.0,0.0
1779681879790615658,0.01,0.0,0.0,0.0,0.0,0.0
1779681879890757950,0.01,0.0,0.0,0.0,0.0,0.0
1779681879990929857,0.01,0.0,0.0,0.0,0.0,0.0
1779681880091164181,0.01,0.0,0.0,0.0,0.0,0.0
1779681880193619051,0.01,0.0,0.0,0.0,0.0,0.0
1779681880294004499,0.01,0.0,0.0,0.0,0.0,0.0
1779681880394383593,0.01,0.0,0.0,0.0,0.0,0.0
1779681880494880015,0.01,0.0,0.0,0.0,0.0,0.0
1779681880594968564,0.01,0.0,0.0,0.0,0.0,0.0
1779681880695187313,0.01,0.0,0.0,0.0,0.0,0.0
1779681880795336537,0.01,0.0,0.0,0.0,0.0,0.0
1779681880895860168,0.01,0.0,0.0,0.0,0.0,0.0
1779681880996192162,0.01,0.0,0.0,0.0,0.0,0.0
1779681881096398854,0.01,0.0,0.0,0.0,0.0,0.0
1779681881196753900,0.01,0.0,0.0,0.0,0.0,0.0
1779681881297012891,0.01,0.0,0.0,0.0,0.0,0.0
1779681881397280897,0.01,0.0,0.0,0.0,0.0,0.0
1779681881497519841,0.01,0.0,0.0,0.0,0.0,0.0
1779681881597759273,0.01,0.0,0.0,0.0,0.0,0.0
1779681881697947538,0.01,0.0,0.0,0.0,0.0,0.0
1779681881798396577,0.01,0.0,0.0,0.0,0.0,0.0
1779681881898554688,0.01,0.0,0.0,0.0,0.0,0.0
1779681881999060378,0.01,0.0,0.0,0.0,0.0,0.0
1779681882099200248,0.01,0.0,0.0,0.0,0.0,0.0
1779681882199306405,0.01,0.0,0.0,0.0,0.0,0.0
1779681882299640302,0.01,0.0,0.0,0.0,0.0,0.0
1779681882399819953,0.01,0.0,0.0,0.0,0.0,0.0
1779681882500150835,0.01,0.0,0.0,0.0,0.0,0.0
1779681882600313022,0.01,0.0,0.0,0.0,0.0,0.0
1779681882700689044,0.01,0.0,0.0,0.0,0.0,0.0
1779681882800806872,0.01,0.0,0.0,0.0,0.0,0.0
1779681882901144007,0.01,0.0,0.0,0.0,0.0,0.0
1779681883001413200,0.01,0.0,0.0,0.0,0.0,0.0
1779681883101620603,0.01,0.0,0.0,0.0,0.0,0.0
1779681883201885436,0.01,0.0,0.0,0.0,0.0,0.0
1779681883302201059,0.01,0.0,0.0,0.0,0.0,0.0
1779681883402390690,0.01,0.0,0.0,0.0,0.0,0.0
1779681883502822369,0.01,0.0,0.0,0.0,0.0,0.0
1779681883603271186,0.01,0.0,0.0,0.0,0.0,0.0
1779681883703218776,0.01,0.0,0.0,0.0,0.0,0.0
1779681883803415171,0.01,0.0,0.0,0.0,0.0,0.0
1779681883903745218,0.01,0.0,0.0,0.0,0.0,0.0
1779681884004241728,0.01,0.0,0.0,0.0,0.0,0.0
1779681884104364991,0.01,0.0,0.0,0.0,0.0,0.0
1779681884204635500,0.01,0.0,0.0,0.0,0.0,0.0
1779681884304888542,0.01,0.0,0.0,0.0,0.0,0.0
1779681884405236236,0.01,0.0,0.0,0.0,0.0,0.0
1779681884505489330,0.01,0.0,0.0,0.0,0.0,0.0
1779681884605820410,0.01,0.0,0.0,0.0,0.0,0.0
1779681884706033159,0.01,0.0,0.0,0.0,0.0,0.0
1779681884806296555,0.01,0.0,0.0,0.0,0.0,0.0
1779681884906575460,0.01,0.0,0.0,0.0,0.0,0.0
1779681885006828914,0.01,0.0,0.0,0.0,0.0,0.0
1779681885107069941,0.01,0.0,0.0,0.0,0.0,0.0
1779681885207306719,0.01,0.0,0.0,0.0,0.0,0.0
1779681885307583262,0.01,0.0,0.0,0.0,0.0,0.0
1779681885407849450,0.01,0.0,0.0,0.0,0.0,0.0
1779681885508224646,0.01,0.0,0.0,0.0,0.0,0.0
1779681885608609214,0.01,0.0,0.0,0.0,0.0,0.0
1779681885708775857,0.01,0.0,0.0,0.0,0.0,0.0
1779681885809129476,0.01,0.0,0.0,0.0,0.0,0.0
1779681885909330574,0.01,0.0,0.0,0.0,0.0,0.0
1779681886009683449,0.01,0.0,0.0,0.0,0.0,0.0
1779681886110006195,0.01,0.0,0.0,0.0,0.0,0.0
1779681886213094697,0.01,0.0,0.0,0.0,0.0,0.0
1779681886310868312,0.01,0.0,0.0,0.0,0.0,0.0
1779681886411406222,0.01,0.0,0.0,0.0,0.0,0.0
1779681886511714928,0.01,0.0,0.0,0.0,0.0,0.0
1779681886612121294,0.01,0.0,0.0,0.0,0.0,0.0
1779681886712458714,0.01,0.0,0.0,0.0,0.0,0.0
1779681886812767087,0.01,0.0,0.0,0.0,0.0,0.0
1779681886913605647,0.01,0.0,0.0,0.0,0.0,0.0
1779681887013810452,0.01,0.0,0.0,0.0,0.0,0.0
1779681887113986094,0.01,0.0,0.0,0.0,0.0,0.0
1779681887216408245,0.01,0.0,0.0,0.0,0.0,0.0
1779681887316726463,0.01,0.0,0.0,0.0,0.0,0.0
1779681887417393944,0.01,0.0,0.0,0.0,0.0,0.0
1779681887517857481,0.01,0.0,0.0,0.0,0.0,0.0
1779681887617770273,0.01,0.0,0.0,0.0,0.0,0.0
1779681887718094843,0.01,0.0,0.0,0.0,0.0,0.0
1779681887818289530,0.01,0.0,0.0,0.0,0.0,0.0
1779681887918653334,0.01,0.0,0.0,0.0,0.0,0.0
1779681888018764098,0.01,0.0,0.0,0.0,0.0,0.0
1779681888118863572,0.01,0.0,0.0,0.0,0.0,0.0
1779681888219187183,0.01,0.0,0.0,0.0,0.0,0.0
1779681888319519593,0.01,0.0,0.0,0.0,0.0,0.0
1779681888419774315,0.01,0.0,0.0,0.0,0.0,0.0
1779681888519845772,0.01,0.0,0.0,0.0,0.0,0.0
1779681888619927654,0.01,0.0,0.0,0.0,0.0,0.0
1779681888720169950,0.01,0.0,0.0,0.0,0.0,0.0
1779681888820525576,0.01,0.0,0.0,0.0,0.0,0.0
1779681888920729127,0.01,0.0,0.0,0.0,0.0,0.0
1779681889020930240,0.01,0.0,0.0,0.0,0.0,0.0
1779681889121241495,0.01,0.0,0.0,0.0,0.0,0.0
1779681889221438187,0.01,0.0,0.0,0.0,0.0,0.0
1779681889321638714,0.01,0.0,0.0,0.0,0.0,0.0
1779681889421914817,0.01,0.0,0.0,0.0,0.0,0.0
1779681889522250168,0.01,0.0,0.0,0.0,0.0,0.0
1779681889622300516,0.01,0.0,0.0,0.0,0.0,0.0
1779681889722568516,0.01,0.0,0.0,0.0,0.0,0.0
1779681889822768732,0.01,0.0,0.0,0.0,0.0,0.0
1779681889922991135,0.01,0.0,0.0,0.0,0.0,0.0
1779681890023422611,0.01,0.0,0.0,0.0,0.0,0.0
1779681890123635836,0.01,0.0,0.0,0.0,0.0,0.0
1779681890223811111,0.01,0.0,0.0,0.0,0.0,0.0
1779681890324248045,0.01,0.0,0.0,0.0,0.0,0.0
1779681890424384004,0.01,0.0,0.0,0.0,0.0,0.0
1779681890524630279,0.01,0.0,0.0,0.0,0.0,0.0
1779681890624929069,0.01,0.0,0.0,0.0,0.0,0.0
1779681890725493930,0.01,0.0,0.0,0.0,0.0,0.0
1779681890825910945,0.01,0.0,0.0,0.0,0.0,0.0
1779681890926432425,0.01,0.0,0.0,0.0,0.0,0.0
1779681891026605405,0.01,0.0,0.0,0.0,0.0,0.0
1779681891126881582,0.01,0.0,0.0,0.0,0.0,0.0
1779681891227231875,0.01,0.0,0.0,0.0,0.0,0.0
1779681891327557624,0.01,0.0,0.0,0.0,0.0,0.0
1779681891427776203,0.01,0.0,0.0,0.0,0.0,0.0
1779681891528002873,0.01,0.0,0.0,0.0,0.0,0.0
1779681891628243427,0.01,0.0,0.0,0.0,0.0,0.0
1779681891728468035,0.01,0.0,0.0,0.0,0.0,0.0
1779681891828841939,0.01,0.0,0.0,0.0,0.0,0.0
1779681891928941808,0.01,0.0,0.0,0.0,0.0,0.0
1779681892029357804,0.01,0.0,0.0,0.0,0.0,0.0
1779681892129944817,0.01,0.0,0.0,0.0,0.0,0.0
1779681892229651386,0.01,0.0,0.0,0.0,0.0,0.0
1779681892330480922,0.01,0.0,0.0,0.0,0.0,0.0
1779681892430638544,0.01,0.0,0.0,0.0,0.0,0.0
1779681892530790640,0.01,0.0,0.0,0.0,0.0,0.0
1779681892630960925,0.01,0.0,0.0,0.0,0.0,0.0
1779681892731472755,0.01,0.0,0.0,0.0,0.0,0.0
1779681892831794644,0.01,0.0,0.0,0.0,0.0,0.0
1779681892931959459,0.01,0.0,0.0,0.0,0.0,0.0
1779681893032155187,0.01,0.0,0.0,0.0,0.0,0.0
1779681893132294068,0.01,0.0,0.0,0.0,0.0,0.0
1779681893232535211,0.01,0.0,0.0,0.0,0.0,0.0
1779681893332769485,0.01,0.0,0.0,0.0,0.0,0.0
1779681893433059275,0.01,0.0,0.0,0.0,0.0,0.0
1779681893533409202,0.01,0.0,0.0,0.0,0.0,0.0
1779681893633570908,0.01,0.0,0.0,0.0,0.0,0.0
1779681893734069274,0.01,0.0,0.0,0.0,0.0,0.0
1779681893834228363,0.01,0.0,0.0,0.0,0.0,0.0
1779681893934456685,0.01,0.0,0.0,0.0,0.0,0.0
1779681894034733787,0.01,0.0,0.0,0.0,0.0,0.0
1779681894135142149,0.01,0.0,0.0,0.0,0.0,0.0
1779681894235290374,0.01,0.0,0.0,0.0,0.0,0.0
1779681894335603856,0.01,0.0,0.0,0.0,0.0,0.0
1779681894435795830,0.01,0.0,0.0,0.0,0.0,0.0
1779681894536119327,0.01,0.0,0.0,0.0,0.0,0.0
1779681894636845152,0.01,0.0,0.0,0.0,0.0,0.0
1779681894737444936,0.01,0.0,0.0,0.0,0.0,0.0
1779681894837766068,0.01,0.0,0.0,0.0,0.0,0.0
1779681894938218604,0.01,0.0,0.0,0.0,0.0,0.0
1779681895038521109,0.01,0.0,0.0,0.0,0.0,0.0
1779681895138634683,0.01,0.0,0.0,0.0,0.0,0.0
1779681895238874571,0.01,0.0,0.0,0.0,0.0,0.0
1779681895339816768,0.01,0.0,0.0,0.0,0.0,0.0
1779681895439833595,0.01,0.0,0.0,0.0,0.0,0.0
1779681895540293208,0.01,0.0,0.0,0.0,0.0,0.0
1779681895640618481,0.01,0.0,0.0,0.0,0.0,0.0
1779681895740792450,0.01,0.0,0.0,0.0,0.0,0.0
1779681895841182012,0.01,0.0,0.0,0.0,0.0,0.0
1779681895941512636,0.01,0.0,0.0,0.0,0.0,0.0
1779681896042063068,0.01,0.0,0.0,0.0,0.0,0.0
1779681896142157820,0.01,0.0,0.0,0.0,0.0,0.0
1779681896242355542,0.01,0.0,0.0,0.0,0.0,0.0
1779681896342482235,0.01,0.0,0.0,0.0,0.0,0.0
1779681896442656924,0.01,0.0,0.0,0.0,0.0,0.0
1779681896542863337,0.01,0.0,0.0,0.0,0.0,0.0
1779681896643185963,0.01,0.0,0.0,0.0,0.0,0.0
1779681896743541017,0.01,0.0,0.0,0.0,0.0,0.0
1779681896843937761,0.01,0.0,0.0,0.0,0.0,0.0
1779681896944144848,0.01,0.0,0.0,0.0,0.0,0.0
1779681897044320445,0.01,0.0,0.0,0.0,0.0,0.0
1779681897144465367,0.01,0.0,0.0,0.0,0.0,0.0
1779681897244645528,0.01,0.0,0.0,0.0,0.0,0.0
1779681897344948622,0.01,0.0,0.0,0.0,0.0,0.0
1779681897445482356,0.01,0.0,0.0,0.0,0.0,0.0
1779681897545908444,0.01,0.0,0.0,0.0,0.0,0.0
1779681897646330215,0.01,0.0,0.0,0.0,0.0,0.0
1779681897746506216,0.01,0.0,0.0,0.0,0.0,0.0
1779681897846722659,0.01,0.0,0.0,0.0,0.0,0.0
1779681897947131445,0.01,0.0,0.0,0.0,0.0,0.0
1779681898047242834,0.01,0.0,0.0,0.0,0.0,0.0
1779681898147761103,0.01,0.0,0.0,0.0,0.0,0.0
1779681898247893694,0.01,0.0,0.0,0.0,0.0,0.0
1779681898348228738,0.01,0.0,0.0,0.0,0.0,0.0
1779681898448543223,0.01,0.0,0.0,0.0,0.0,0.0
1779681898548728036,0.01,0.0,0.0,0.0,0.0,0.0
1779681898649116969,0.01,0.0,0.0,0.0,0.0,0.0
1779681898749448975,0.01,0.0,0.0,0.0,0.0,0.0
1779681898849566903,0.01,0.0,0.0,0.0,0.0,0.0
1779681898950114009,0.01,0.0,0.0,0.0,0.0,0.0
1779681899050539180,0.01,0.0,0.0,0.0,0.0,0.0
1779681899150741794,0.01,0.0,0.0,0.0,0.0,0.0
1779681899251248846,0.01,0.0,0.0,0.0,0.0,0.0
1779681899351402772,0.01,0.0,0.0,0.0,0.0,0.0
1779681899451807660,0.01,0.0,0.0,0.0,0.0,0.0
1779681899551897293,0.01,0.0,0.0,0.0,0.0,0.0
1779681899652489510,0.01,0.0,0.0,0.0,0.0,0.0
1779681899752766139,0.01,0.0,0.0,0.0,0.0,0.0
1779681899853495314,0.01,0.0,0.0,0.0,0.0,0.0
1779681899953441646,0.01,0.0,0.0,0.0,0.0,0.0
1779681900054184086,0.01,0.0,0.0,0.0,0.0,0.0
1779681900154488484,0.01,0.0,0.0,0.0,0.0,0.0
1779681900254698081,0.01,0.0,0.0,0.0,0.0,0.0
1779681900355159822,0.01,0.0,0.0,0.0,0.0,0.0
1779681900455438366,0.01,0.0,0.0,0.0,0.0,0.0
1779681900555694619,0.01,0.0,0.0,0.0,0.0,0.0
1779681900655883113,0.01,0.0,0.0,0.0,0.0,0.0
1779681900756310477,0.01,0.0,0.0,0.0,0.0,0.0
1779681900857138583,0.01,0.0,0.0,0.0,0.0,0.0
1779681900957415615,0.01,0.0,0.0,0.0,0.0,0.0
1779681901057791430,0.01,0.0,0.0,0.0,0.0,0.0
1779681901158323549,0.01,0.0,0.0,0.0,0.0,0.0
1779681901258294636,0.01,0.0,0.0,0.0,0.0,0.0
1779681901358645899,0.01,0.0,0.0,0.0,0.0,0.0
1779681901458966036,0.01,0.0,0.0,0.0,0.0,0.0
1779681901559284938,0.01,0.0,0.0,0.0,0.0,0.0
1779681901659884647,0.01,0.0,0.0,0.0,0.0,0.0
1779681901760107172,0.01,0.0,0.0,0.0,0.0,0.0
1779681901860278989,0.01,0.0,0.0,0.0,0.0,0.0
1779681901960549817,0.01,0.0,0.0,0.0,0.0,0.0
1779681902061038348,0.01,0.0,0.0,0.0,0.0,0.0
1779681902161308164,0.01,0.0,0.0,0.0,0.0,0.0
1779681902261470919,0.01,0.0,0.0,0.0,0.0,0.0
1779681902361865646,0.01,0.0,0.0,0.0,0.0,0.0
1779681902462240142,0.01,0.0,0.0,0.0,0.0,0.0
1779681902562467214,0.01,0.0,0.0,0.0,0.0,0.0
1779681902662645678,0.01,0.0,0.0,0.0,0.0,0.0
1779681902762777391,0.01,0.0,0.0,0.0,0.0,0.0
1779681902863205602,0.01,0.0,0.0,0.0,0.0,0.0
1779681902963621404,0.01,0.0,0.0,0.0,0.0,0.0
1779681903063498477,0.01,0.0,0.0,0.0,0.0,0.0
1779681903163957968,0.01,0.0,0.0,0.0,0.0,0.0
1779681903264100991,0.01,0.0,0.0,0.0,0.0,0.0
1779681903364454741,0.01,0.0,0.0,0.0,0.0,0.0
1779681903464735848,0.01,0.0,0.0,0.0,0.0,0.0
1779681903564981622,0.01,0.0,0.0,0.0,0.0,0.0
1779681903665141200,0.01,0.0,0.0,0.0,0.0,0.0
1779681903765323529,0.01,0.0,0.0,0.0,0.0,0.0
1779681903865523651,0.01,0.0,0.0,0.0,0.0,0.0
1779681903965872237,0.01,0.0,0.0,0.0,0.0,0.0
1779681904066114208,0.01,0.0,0.0,0.0,0.0,0.0
1779681904166390712,0.01,0.0,0.0,0.0,0.0,0.0
1779681904266477647,0.01,0.0,0.0,0.0,0.0,0.0
1779681904366795316,0.01,0.0,0.0,0.0,0.0,0.0
1779681904467247270,0.01,0.0,0.0,0.0,0.0,0.0
1779681904567468101,0.01,0.0,0.0,0.0,0.0,0.0
1779681904667532503,0.01,0.0,0.0,0.0,0.0,0.0
1779681904767804920,0.01,0.0,0.0,0.0,0.0,0.0
1779681904868133567,0.01,0.0,0.0,0.0,0.0,0.0
1779681904968190067,0.01,0.0,0.0,0.0,0.0,0.0
1779681905068469396,0.01,0.0,0.0,0.0,0.0,0.0
1779681905168844465,0.01,0.0,0.0,0.0,0.0,0.0
1779681905269039849,0.01,0.0,0.0,0.0,0.0,0.0
1779681905369450173,0.01,0.0,0.0,0.0,0.0,0.0
1779681905469470344,0.01,0.0,0.0,0.0,0.0,0.0
1779681905569735204,0.01,0.0,0.0,0.0,0.0,0.0
1779681905670525297,0.01,0.0,0.0,0.0,0.0,0.0
1779681905770689393,0.01,0.0,0.0,0.0,0.0,0.0
1779681905870865996,0.01,0.0,0.0,0.0,0.0,0.0
1779681905971231383,0.01,0.0,0.0,0.0,0.0,0.0
1779681906071376529,0.01,0.0,0.0,0.0,0.0,0.0
1779681906171786948,0.01,0.0,0.0,0.0,0.0,0.0
1779681906271864737,0.01,0.0,0.0,0.0,0.0,0.0
1779681906372359720,0.01,0.0,0.0,0.0,0.0,0.0
1779681906472831705,0.01,0.0,0.0,0.0,0.0,0.0
1779681906573036862,0.01,0.0,0.0,0.0,0.0,0.0
1779681906673344077,0.01,0.0,0.0,0.0,0.0,0.0
1779681906773540347,0.01,0.0,0.0,0.0,0.0,0.0
1779681906874039396,0.01,0.0,0.0,0.0,0.0,0.0
1779681906974261681,0.01,0.0,0.0,0.0,0.0,0.0
1779681907074550449,0.01,0.0,0.0,0.0,0.0,0.0
1779681907174864977,0.01,0.0,0.0,0.0,0.0,0.0
1779681907275211811,0.01,0.0,0.0,0.0,0.0,0.0
1779681907375350378,0.01,0.0,0.0,0.0,0.0,0.0
1779681907475700945,0.01,0.0,0.0,0.0,0.0,0.0
1779681907575940509,0.01,0.0,0.0,0.0,0.0,0.0
1779681907676086688,0.01,0.0,0.0,0.0,0.0,0.0
1779681907776385870,0.01,0.0,0.0,0.0,0.0,0.0
1779681907876815761,0.01,0.0,0.0,0.0,0.0,0.0
1779681907976990086,0.01,0.0,0.0,0.0,0.0,0.0
1779681908077526451,0.01,0.0,0.0,0.0,0.0,0.0
1779681908177761924,0.01,0.0,0.0,0.0,0.0,0.0
1779681908278318473,0.01,0.0,0.0,0.0,0.0,0.0
1779681908379368445,0.01,0.0,0.0,0.0,0.0,0.0
1779681908479194603,0.01,0.0,0.0,0.0,0.0,0.0
1779681908579934497,0.01,0.0,0.0,0.0,0.0,0.0
1779681908680250051,0.01,0.0,0.0,0.0,0.0,0.0
1779681908780545524,0.01,0.0,0.0,0.0,0.0,0.0
1779681908880738209,0.01,0.0,0.0,0.0,0.0,0.0
1779681908980972899,0.01,0.0,0.0,0.0,0.0,0.0
1779681909081293948,0.01,0.0,0.0,0.0,0.0,0.0
1779681909181550903,0.01,0.0,0.0,0.0,0.0,0.0
1779681909281923457,0.01,0.0,0.0,0.0,0.0,0.0
1779681909382234185,0.01,0.0,0.0,0.0,0.0,0.0
1779681909482540775,0.01,0.0,0.0,0.0,0.0,0.0
1779681909582920447,0.01,0.0,0.0,0.0,0.0,0.0
1779681909682965571,0.01,0.0,0.0,0.0,0.0,0.0
1779681909783581563,0.01,0.0,0.0,0.0,0.0,0.0
1779681909884501344,0.01,0.0,0.0,0.0,0.0,0.0
1779681909984875907,0.01,0.0,0.0,0.0,0.0,0.0
1779681910085723325,0.01,0.0,0.0,0.0,0.0,0.0
1779681910186075877,0.01,0.0,0.0,0.0,0.0,0.0
1779681910286315116,0.01,0.0,0.0,0.0,0.0,0.0
1779681910386676794,0.01,0.0,0.0,0.0,0.0,0.0
1779681910486958984,0.01,0.0,0.0,0.0,0.0,0.0
1779681910588051971,0.01,0.0,0.0,0.0,0.0,0.0
1779681910688696775,0.01,0.0,0.0,0.0,0.0,0.0
1779681910789175214,0.01,0.0,0.0,0.0,0.0,0.0
1779681910889473762,0.01,0.0,0.0,0.0,0.0,0.0
1779681910990022278,0.01,0.0,0.0,0.0,0.0,0.0
1779681911090343803,0.01,0.0,0.0,0.0,0.0,0.0
1779681911190528990,0.01,0.0,0.0,0.0,0.0,0.0
1779681911290920339,0.01,0.0,0.0,0.0,0.0,0.0
1779681911391514844,0.01,0.0,0.0,0.0,0.0,0.0
1779681911491845462,0.01,0.0,0.0,0.0,0.0,0.0
1779681911592105235,0.01,0.0,0.0,0.0,0.0,0.0
1779681911692473853,0.01,0.0,0.0,0.0,0.0,0.0
1779681911792698746,0.01,0.0,0.0,0.0,0.0,0.0
1779681911894058555,0.01,0.0,0.0,0.0,0.0,0.0
1779681911993266838,0.01,0.0,0.0,0.0,0.0,0.0
1779681912093569273,0.01,0.0,0.0,0.0,0.0,0.0
1779681912193783762,0.01,0.0,0.0,0.0,0.0,0.0
1779681912294186071,0.01,0.0,0.0,0.0,0.0,0.0
1779681912397162809,0.01,0.0,0.0,0.0,0.0,0.0
1779681912494967481,0.01,0.0,0.0,0.0,0.0,0.0
1779681912595279047,0.01,0.0,0.0,0.0,0.0,0.0
1779681912695342360,0.01,0.0,0.0,0.0,0.0,0.0
1779681912796008196,0.01,0.0,0.0,0.0,0.0,0.0
1779681912896674385,0.01,0.0,0.0,0.0,0.0,0.0
1779681912997048665,0.01,0.0,0.0,0.0,0.0,0.0
1779681913096928822,0.01,0.0,0.0,0.0,0.0,0.0
1779681913197207095,0.01,0.0,0.0,0.0,0.0,0.0
1779681913297502907,0.01,0.0,0.0,0.0,0.0,0.0
1779681913397844364,0.01,0.0,0.0,0.0,0.0,0.0
1779681913497979587,0.01,0.0,0.0,0.0,0.0,0.0
1779681913598811476,0.01,0.0,0.0,0.0,0.0,0.0
1779681913698802103,0.01,0.0,0.0,0.0,0.0,0.0
1779681913799089318,0.01,0.0,0.0,0.0,0.0,0.0
1779681913899288665,0.01,0.0,0.0,0.0,0.0,0.0
1779681914000255183,0.01,0.0,0.0,0.0,0.0,0.0
1779681914100620783,0.01,0.0,0.0,0.0,0.0,0.0
1779681914200732754,0.01,0.0,0.0,0.0,0.0,0.0
1779681914301028562,0.01,0.0,0.0,0.0,0.0,0.0
1779681914401199775,0.01,0.0,0.0,0.0,0.0,0.0
1779681914501354284,0.01,0.0,0.0,0.0,0.0,0.0
1779681914601595506,0.01,0.0,0.0,0.0,0.0,0.0
1779681914701940546,0.01,0.0,0.0,0.0,0.0,0.0
1779681914802441519,0.01,0.0,0.0,0.0,0.0,0.0
1779681914902793974,0.01,0.0,0.0,0.0,0.0,0.0
1779681915003257612,0.01,0.0,0.0,0.0,0.0,0.0
1779681915103244587,0.01,0.0,0.0,0.0,0.0,0.0
1779681915203420501,0.01,0.0,0.0,0.0,0.0,0.0
1779681915303714170,0.01,0.0,0.0,0.0,0.0,0.0
1779681915403974133,0.01,0.0,0.0,0.0,0.0,0.0
1779681915504326329,0.01,0.0,0.0,0.0,0.0,0.0
1779681915604497549,0.01,0.0,0.0,0.0,0.0,0.0
1779681915704802059,0.01,0.0,0.0,0.0,0.0,0.0
1779681915805008876,0.01,0.0,0.0,0.0,0.0,0.0
1779681915905265700,0.01,0.0,0.0,0.0,0.0,0.0
1779681916005504027,0.01,0.0,0.0,0.0,0.0,0.0
1779681916105869403,0.01,0.0,0.0,0.0,0.0,0.0
1779681916206226648,0.01,0.0,0.0,0.0,0.0,0.0
1779681916306385062,0.01,0.0,0.0,0.0,0.0,0.0
1779681916406931436,0.01,0.0,0.0,0.0,0.0,0.0
1779681916507261877,0.01,0.0,0.0,0.0,0.0,0.0
1779681916607483147,0.01,0.0,0.0,0.0,0.0,0.0
1779681916707724924,0.01,0.0,0.0,0.0,0.0,0.0
1779681916807918971,0.01,0.0,0.0,0.0,0.0,0.0
1779681916908269563,0.01,0.0,0.0,0.0,0.0,0.0
1779681917008461455,0.01,0.0,0.0,0.0,0.0,0.0
1779681917108774144,0.01,0.0,0.0,0.0,0.0,0.0
1779681917209110507,0.01,0.0,0.0,0.0,0.0,0.0
1779681917309501940,0.01,0.0,0.0,0.0,0.0,0.0
1779681917409641282,0.01,0.0,0.0,0.0,0.0,0.0
1779681917510651064,0.01,0.0,0.0,0.0,0.0,0.0
1779681917610720912,0.01,0.0,0.0,0.0,0.0,0.0
1779681917710882430,0.01,0.0,0.0,0.0,0.0,0.0
1779681917811515005,0.01,0.0,0.0,0.0,0.0,0.0
1779681917911912664,0.01,0.0,0.0,0.0,0.0,0.0
1779681918012357681,0.01,0.0,0.0,0.0,0.0,0.0
1779681918113206550,0.01,0.0,0.0,0.0,0.0,0.0
1779681918213576379,0.01,0.0,0.0,0.0,0.0,0.0
1779681918313640056,0.01,0.0,0.0,0.0,0.0,0.0
1779681918413962158,0.01,0.0,0.0,0.0,0.0,0.0
1779681918514358118,0.01,0.0,0.0,0.0,0.0,0.0
1779681918614634236,0.01,0.0,0.0,0.0,0.0,0.0
1779681918714821986,0.01,0.0,0.0,0.0,0.0,0.0
1779681918815117134,0.01,0.0,0.0,0.0,0.0,0.0
1779681918915338690,0.01,0.0,0.0,0.0,0.0,0.0
1779681919015616402,0.01,0.0,0.0,0.0,0.0,0.0
1779681919115979278,0.01,0.0,0.0,0.0,0.0,0.0
1779681919216518819,0.01,0.0,0.0,0.0,0.0,0.0
1779681919316636649,0.01,0.0,0.0,0.0,0.0,0.0
1779681919416951599,0.01,0.0,0.0,0.0,0.0,0.0
1779681919517575113,0.01,0.0,0.0,0.0,0.0,0.0
1779681919618276457,0.01,0.0,0.0,0.0,0.0,0.0
1779681919718284256,0.01,0.0,0.0,0.0,0.0,0.0
1779681919818551323,0.01,0.0,0.0,0.0,0.0,0.0
1779681919919218173,0.01,0.0,0.0,0.0,0.0,0.0
1779681920019290786,0.01,0.0,0.0,0.0,0.0,0.0
1779681920119672065,0.01,0.0,0.0,0.0,0.0,0.0
1779681920220109691,0.01,0.0,0.0,0.0,0.0,0.0
1779681920320314021,0.01,0.0,0.0,0.0,0.0,0.0
1779681920420811134,0.01,0.0,0.0,0.0,0.0,0.0
1779681920521824999,0.01,0.0,0.0,0.0,0.0,0.0
1779681920621986455,0.01,0.0,0.0,0.0,0.0,0.0
1779681920722403916,0.01,0.0,0.0,0.0,0.0,0.0
1779681920822951757,0.01,0.0,0.0,0.0,0.0,0.0
1779681920923385599,0.01,0.0,0.0,0.0,0.0,0.0
1779681921023674672,0.01,0.0,0.0,0.0,0.0,0.0
1779681921124143120,0.01,0.0,0.0,0.0,0.0,0.0
1779681921224759805,0.01,0.0,0.0,0.0,0.0,0.0
1779681921324972227,0.01,0.0,0.0,0.0,0.0,0.0
1779681921426816426,0.01,0.0,0.0,0.0,0.0,0.0
1779681921527209589,0.01,0.0,0.0,0.0,0.0,0.0
1779681921627451657,0.01,0.0,0.0,0.0,0.0,0.0
1779681921727695029,0.01,0.0,0.0,0.0,0.0,0.0
1779681921827984740,0.01,0.0,0.0,0.0,0.0,0.0
1779681921928556450,0.01,0.0,0.0,0.0,0.0,0.0
1779681922029785623,0.01,0.0,0.0,0.0,0.0,0.0
1779681922129907452,0.01,0.0,0.0,0.0,0.0,0.0
1779681922230683453,0.01,0.0,0.0,0.0,0.0,0.0
1779681922330775818,0.01,0.0,0.0,0.0,0.0,0.0
1779681922431000743,0.01,0.0,0.0,0.0,0.0,0.0
1779681922531554859,0.01,0.0,0.0,0.0,0.0,0.0
1779681922631821191,0.01,0.0,0.0,0.0,0.0,0.0
1779681922732009573,0.01,0.0,0.0,0.0,0.0,0.0
1779681922832491121,0.01,0.0,0.0,0.0,0.0,0.0
1779681922932776911,0.01,0.0,0.0,0.0,0.0,0.0
1779681923033000093,0.01,0.0,0.0,0.0,0.0,0.0
1779681923133677475,0.01,0.0,0.0,0.0,0.0,0.0
1779681923233941959,0.01,0.0,0.0,0.0,0.0,0.0
1779681923334388540,0.01,0.0,0.0,0.0,0.0,0.0
1779681923434940298,0.01,0.0,0.0,0.0,0.0,0.0
1779681923535014003,0.01,0.0,0.0,0.0,0.0,0.0
1779681923635295958,0.01,0.0,0.0,0.0,0.0,0.0
1779681923735536471,0.01,0.0,0.0,0.0,0.0,0.0
1779681923835862284,0.01,0.0,0.0,0.0,0.0,0.0
1779681923936306493,0.01,0.0,0.0,0.0,0.0,0.0
1779681924036806359,0.01,0.0,0.0,0.0,0.0,0.0
1779681924136956654,0.01,0.0,0.0,0.0,0.0,0.0
1779681924237478635,0.01,0.0,0.0,0.0,0.0,0.0
1779681924337801300,0.01,0.0,0.0,0.0,0.0,0.0
1779681924438733064,0.01,0.0,0.0,0.0,0.0,0.0
1779681924538970681,0.01,0.0,0.0,0.0,0.0,0.0
1779681924639649724,0.01,0.0,0.0,0.0,0.0,0.0
1779681924740046595,0.01,0.0,0.0,0.0,0.0,0.0
1779681924840463983,0.01,0.0,0.0,0.0,0.0,0.0
1779681924940922110,0.01,0.0,0.0,0.0,0.0,0.0
1779681925040965395,0.01,0.0,0.0,0.0,0.0,0.0
1779681925141459987,0.01,0.0,0.0,0.0,0.0,0.0
1779681925241875044,0.01,0.0,0.0,0.0,0.0,0.0
1779681925342490652,0.01,0.0,0.0,0.0,0.0,0.0
1779681925442687723,0.01,0.0,0.0,0.0,0.0,0.0
1779681925543161052,0.01,0.0,0.0,0.0,0.0,0.0
1779681925643576485,0.01,0.0,0.0,0.0,0.0,0.0
1779681925744241736,0.01,0.0,0.0,0.0,0.0,0.0
1779681925844570326,0.01,0.0,0.0,0.0,0.0,0.0
1779681925945027893,0.01,0.0,0.0,0.0,0.0,0.0
1779681926045226592,0.01,0.0,0.0,0.0,0.0,0.0
1779681926145701721,0.01,0.0,0.0,0.0,0.0,0.0
1779681926246172023,0.01,0.0,0.0,0.0,0.0,0.0
1779681926346272349,0.01,0.0,0.0,0.0,0.0,0.0
1779681926447483172,0.01,0.0,0.0,0.0,0.0,0.0
1779681926547642963,0.01,0.0,0.0,0.0,0.0,0.0
1779681926647747198,0.01,0.0,0.0,0.0,0.0,0.0
1779681926748072985,0.01,0.0,0.0,0.0,0.0,0.0
1779681926848311887,0.01,0.0,0.0,0.0,0.0,0.0
1779681926948615632,0.01,0.0,0.0,0.0,0.0,0.0
1779681927048970690,0.01,0.0,0.0,0.0,0.0,0.0
1779681927149297278,0.01,0.0,0.0,0.0,0.0,0.0
1779681927249616289,0.01,0.0,0.0,0.0,0.0,0.0
1779681927349915934,0.01,0.0,0.0,0.0,0.0,0.0
1779681927450271710,0.01,0.0,0.0,0.0,0.0,0.0
1779681927550696249,0.01,0.0,0.0,0.0,0.0,0.0
1779681927650955056,0.01,0.0,0.0,0.0,0.0,0.0
1779681927751327507,0.01,0.0,0.0,0.0,0.0,0.0
1779681927851574212,0.01,0.0,0.0,0.0,0.0,0.0
1779681927952173270,0.01,0.0,0.0,0.0,0.0,0.0
1779681928054059043,0.01,0.0,0.0,0.0,0.0,0.0
1779681928152762994,0.01,0.0,0.0,0.0,0.0,0.0
1779681928253046013,0.01,0.0,0.0,0.0,0.0,0.0
1779681928354061016,0.01,0.0,0.0,0.0,0.0,0.0
1779681928454540547,0.01,0.0,0.0,0.0,0.0,0.0
1779681928554960180,0.01,0.0,0.0,0.0,0.0,0.0
1779681928655244486,0.01,0.0,0.0,0.0,0.0,0.0
1779681928755711827,0.01,0.0,0.0,0.0,0.0,0.0
1779681928855993182,0.01,0.0,0.0,0.0,0.0,0.0
1779681928956440070,0.01,0.0,0.0,0.0,0.0,0.0
1779681929056754859,0.01,0.0,0.0,0.0,0.0,0.0
1779681929157251580,0.01,0.0,0.0,0.0,0.0,0.0
1779681929257572583,0.01,0.0,0.0,0.0,0.0,0.0
1779681929357833397,0.01,0.0,0.0,0.0,0.0,0.0
1779681929458304460,0.01,0.0,0.0,0.0,0.0,0.0
1779681929558461024,0.01,0.0,0.0,0.0,0.0,0.0
1779681929659254297,0.01,0.0,0.0,0.0,0.0,0.0
1779681929759771137,0.01,0.0,0.0,0.0,0.0,0.0
1779681929859788193,0.01,0.0,0.0,0.0,0.0,0.0
1779681929960122274,0.01,0.0,0.0,0.0,0.0,0.0
1779681930060542477,0.01,0.0,0.0,0.0,0.0,0.0
1779681930160619647,0.01,0.0,0.0,0.0,0.0,0.0
1779681930260824291,0.01,0.0,0.0,0.0,0.0,0.0
1779681930361002136,0.01,0.0,0.0,0.0,0.0,0.0
1779681930461370181,0.01,0.0,0.0,0.0,0.0,0.0
1779681930561789503,0.01,0.0,0.0,0.0,0.0,0.0
1779681930662114424,0.01,0.0,0.0,0.0,0.0,0.0
1779681930762286442,0.01,0.0,0.0,0.0,0.0,0.0
1779681930863234004,0.01,0.0,0.0,0.0,0.0,0.0
1779681930963358121,0.01,0.0,0.0,0.0,0.0,0.0
1779681931064159367,0.01,0.0,0.0,0.0,0.0,0.0
1779681931164399552,0.01,0.0,0.0,0.0,0.0,0.0
1779681931264588892,0.01,0.0,0.0,0.0,0.0,0.0
1779681931364677093,0.01,0.0,0.0,0.0,0.0,0.0
1779681931465268426,0.01,0.0,0.0,0.0,0.0,0.0
1779681931565630604,0.01,0.0,0.0,0.0,0.0,0.0
1779681931665831716,0.01,0.0,0.0,0.0,0.0,0.0
1779681931766036259,0.01,0.0,0.0,0.0,0.0,0.0
1779681931866532945,0.01,0.0,0.0,0.0,0.0,0.0
1779681931966857472,0.01,0.0,0.0,0.0,0.0,0.0
1779681932067067832,0.01,0.0,0.0,0.0,0.0,0.0
1779681932167357885,0.01,0.0,0.0,0.0,0.0,0.0
1779681932267566657,0.01,0.0,0.0,0.0,0.0,0.0
1779681932368013668,0.01,0.0,0.0,0.0,0.0,0.0
1779681932468385791,0.01,0.0,0.0,0.0,0.0,0.0
1779681932568546920,0.01,0.0,0.0,0.0,0.0,0.0
1779681932668869938,0.01,0.0,0.0,0.0,0.0,0.0
1779681932769202095,0.01,0.0,0.0,0.0,0.0,0.0
1779681932869369723,0.01,0.0,0.0,0.0,0.0,0.0
1779681932969769975,0.01,0.0,0.0,0.0,0.0,0.0
1779681933069869323,0.01,0.0,0.0,0.0,0.0,0.0
1779681933170154431,0.01,0.0,0.0,0.0,0.0,0.0
1779681933270356714,0.01,0.0,0.0,0.0,0.0,0.0
1779681933370628114,0.01,0.0,0.0,0.0,0.0,0.0
1779681933470862753,0.01,0.0,0.0,0.0,0.0,0.0
1779681933571323304,0.01,0.0,0.0,0.0,0.0,0.0
1779681933671645465,0.01,0.0,0.0,0.0,0.0,0.0
1779681933772007063,0.01,0.0,0.0,0.0,0.0,0.0
1779681933872063302,0.01,0.0,0.0,0.0,0.0,0.0
1779681933972354688,0.01,0.0,0.0,0.0,0.0,0.0
1779681934072627159,0.01,0.0,0.0,0.0,0.0,0.0
1779681934172881027,0.01,0.0,0.0,0.0,0.0,0.0
1779681934273289850,0.01,0.0,0.0,0.0,0.0,0.0
1779681934373404398,0.01,0.0,0.0,0.0,0.0,0.0
1779681934473870198,0.01,0.0,0.0,0.0,0.0,0.0
1779681934574133139,0.01,0.0,0.0,0.0,0.0,0.0
1779681934674211907,0.01,0.0,0.0,0.0,0.0,0.0
1779681934774634097,0.01,0.0,0.0,0.0,0.0,0.0
1779681934874878848,0.01,0.0,0.0,0.0,0.0,0.0
1779681934975170359,0.01,0.0,0.0,0.0,0.0,0.0
1779681935075544917,0.01,0.0,0.0,0.0,0.0,0.0
1779681935175647431,0.01,0.0,0.0,0.0,0.0,0.0
1779681935276892382,0.01,0.0,0.0,0.0,0.0,0.0
1779681935376939097,0.01,0.0,0.0,0.0,0.0,0.0
1779681935477246171,0.01,0.0,0.0,0.0,0.0,0.0
1779681935577560053,0.01,0.0,0.0,0.0,0.0,0.0
1779681935677829270,0.01,0.0,0.0,0.0,0.0,0.0
1779681935778273031,0.01,0.0,0.0,0.0,0.0,0.0
1779681935878501790,0.01,0.0,0.0,0.0,0.0,0.0
1779681935978766213,0.01,0.0,0.0,0.0,0.0,0.0
1779681936079037518,0.01,0.0,0.0,0.0,0.0,0.0
1779681936179492782,0.01,0.0,0.0,0.0,0.0,0.0
1779681936279689777,0.01,0.0,0.0,0.0,0.0,0.0
1779681936379875839,0.01,0.0,0.0,0.0,0.0,0.0
1779681936480134098,0.01,0.0,0.0,0.0,0.0,0.0
1779681936580453792,0.01,0.0,0.0,0.0,0.0,0.0
1779681936680845808,0.01,0.0,0.0,0.0,0.0,0.0
1779681936781108874,0.01,0.0,0.0,0.0,0.0,0.0
1779681936882236366,0.01,0.0,0.0,0.0,0.0,0.0
1779681936982325719,0.01,0.0,0.0,0.0,0.0,0.0
1779681937082610799,0.01,0.0,0.0,0.0,0.0,0.0
1779681937182816210,0.01,0.0,0.0,0.0,0.0,0.0
1779681937283081348,0.01,0.0,0.0,0.0,0.0,0.0
1779681937384155889,0.01,0.0,0.0,0.0,0.0,0.0
1779681937484242152,0.01,0.0,0.0,0.0,0.0,0.0
1779681937584363563,0.01,0.0,0.0,0.0,0.0,0.0
1779681937684731405,0.01,0.0,0.0,0.0,0.0,0.0
1779681937784963938,0.01,0.0,0.0,0.0,0.0,0.0
1779681937885552625,0.01,0.0,0.0,0.0,0.0,0.0
1779681937986202378,0.01,0.0,0.0,0.0,0.0,0.0
1779681938086386521,0.01,0.0,0.0,0.0,0.0,0.0
1779681938186679457,0.01,0.0,0.0,0.0,0.0,0.0
1779681938287101395,0.01,0.0,0.0,0.0,0.0,0.0
1779681938387425676,0.01,0.0,0.0,0.0,0.0,0.0
1779681938487871707,0.01,0.0,0.0,0.0,0.0,0.0
1779681938588317817,0.01,0.0,0.0,0.0,0.0,0.0
1779681938688436073,0.01,0.0,0.0,0.0,0.0,0.0
1779681938788750370,0.01,0.0,0.0,0.0,0.0,0.0
1779681938888786416,0.01,0.0,0.0,0.0,0.0,0.0
1779681938989256547,0.01,0.0,0.0,0.0,0.0,0.0
1779681939089676097,0.01,0.0,0.0,0.0,0.0,0.0
1779681939190939298,0.01,0.0,0.0,0.0,0.0,0.0
1779681939290870598,0.01,0.0,0.0,0.0,0.0,0.0
1779681939391011693,0.01,0.0,0.0,0.0,0.0,0.0
1779681939491232491,0.01,0.0,0.0,0.0,0.0,0.0
1779681939591837775,0.01,0.0,0.0,0.0,0.0,0.0
1779681939691816645,0.01,0.0,0.0,0.0,0.0,0.0
1779681939792562659,0.01,0.0,0.0,0.0,0.0,0.0
1779681939892818001,0.01,0.0,0.0,0.0,0.0,0.0
1779681939993075416,0.01,0.0,0.0,0.0,0.0,0.0
1779681940093713396,0.01,0.0,0.0,0.0,0.0,0.0
1779681940193864766,0.01,0.0,0.0,0.0,0.0,0.0
1779681940294291782,0.01,0.0,0.0,0.0,0.0,0.0
1779681940394439399,0.01,0.0,0.0,0.0,0.0,0.0
1779681940494954947,0.01,0.0,0.0,0.0,0.0,0.0
1779681940595397397,0.01,0.0,0.0,0.0,0.0,0.0
1779681940695702967,0.01,0.0,0.0,0.0,0.0,0.0
1779681940796090744,0.01,0.0,0.0,0.0,0.0,0.0
1779681940896458863,0.01,0.0,0.0,0.0,0.0,0.0
1779681940996668315,0.01,0.0,0.0,0.0,0.0,0.0
1779681941096885642,0.01,0.0,0.0,0.0,0.0,0.0
1779681941197272158,0.01,0.0,0.0,0.0,0.0,0.0
1779681941297363479,0.01,0.0,0.0,0.0,0.0,0.0
1779681941397848907,0.01,0.0,0.0,0.0,0.0,0.0
1779681941497955085,0.01,0.0,0.0,0.0,0.0,0.0
1779681941599048144,0.01,0.0,0.0,0.0,0.0,0.0
1779681941699578422,0.01,0.0,0.0,0.0,0.0,0.0
1779681941799774763,0.01,0.0,0.0,0.0,0.0,0.0
1779681941900080194,0.01,0.0,0.0,0.0,0.0,0.0
1779681942000360256,0.01,0.0,0.0,0.0,0.0,0.0
1779681942100820456,0.01,0.0,0.0,0.0,0.0,0.0
1779681942201144331,0.01,0.0,0.0,0.0,0.0,0.0
1779681942301632408,0.01,0.0,0.0,0.0,0.0,0.0
1779681942401627562,0.01,0.0,0.0,0.0,0.0,0.0
1779681942501958267,0.01,0.0,0.0,0.0,0.0,0.0
1779681942602267422,0.01,0.0,0.0,0.0,0.0,0.0
1779681942702795411,0.01,0.0,0.0,0.0,0.0,0.0
1779681942803338544,0.01,0.0,0.0,0.0,0.0,0.0
1779681942904536312,0.01,0.0,0.0,0.0,0.0,0.0
1779681943004732099,0.01,0.0,0.0,0.0,0.0,0.0
1779681943104911117,0.01,0.0,0.0,0.0,0.0,0.0
1779681943205180113,0.01,0.0,0.0,0.0,0.0,0.0
1779681943305567798,0.01,0.0,0.0,0.0,0.0,0.0
1779681943405931281,0.01,0.0,0.0,0.0,0.0,0.0
1779681943506508361,0.01,0.0,0.0,0.0,0.0,0.0
1779681943606649427,0.01,0.0,0.0,0.0,0.0,0.0
1779681943706952718,0.01,0.0,0.0,0.0,0.0,0.0
1779681943807420700,0.01,0.0,0.0,0.0,0.0,0.0
1779681943907739241,0.01,0.0,0.0,0.0,0.0,0.0
1779681944007942698,0.01,0.0,0.0,0.0,0.0,0.0
1779681944108748747,0.01,0.0,0.0,0.0,0.0,0.0
1779681944209150148,0.01,0.0,0.0,0.0,0.0,0.0
1779681944309390597,0.01,0.0,0.0,0.0,0.0,0.0
1779681944409731638,0.01,0.0,0.0,0.0,0.0,0.0
1779681944510159466,0.01,0.0,0.0,0.0,0.0,0.0
1779681944610441338,0.01,0.0,0.0,0.0,0.0,0.0
1779681944710784155,0.01,0.0,0.0,0.0,0.0,0.0
1779681944810991873,0.01,0.0,0.0,0.0,0.0,0.0
1779681944911306908,0.01,0.0,0.0,0.0,0.0,0.0
1779681945011622381,0.01,0.0,0.0,0.0,0.0,0.0
1779681945112300626,0.01,0.0,0.0,0.0,0.0,0.0
1779681945212691365,0.01,0.0,0.0,0.0,0.0,0.0
1779681945313091819,0.01,0.0,0.0,0.0,0.0,0.0
1779681945413725859,0.01,0.0,0.0,0.0,0.0,0.0
1779681945514320014,0.01,0.0,0.0,0.0,0.0,0.0
1779681945614384417,0.01,0.0,0.0,0.0,0.0,0.0
1779681945714663558,0.01,0.0,0.0,0.0,0.0,0.0
1779681945815056715,0.01,0.0,0.0,0.0,0.0,0.0
1779681945915300561,0.01,0.0,0.0,0.0,0.0,0.0
1779681946015412407,0.01,0.0,0.0,0.0,0.0,0.0
1779681946115828516,0.01,0.0,0.0,0.0,0.0,0.0
1779681946216269962,0.01,0.0,0.0,0.0,0.0,0.0
1779681946316542902,0.01,0.0,0.0,0.0,0.0,0.0
1779681946416796630,0.01,0.0,0.0,0.0,0.0,0.0
1779681946517104621,0.01,0.0,0.0,0.0,0.0,0.0
1779681946617244349,0.01,0.0,0.0,0.0,0.0,0.0
1779681946717804753,0.01,0.0,0.0,0.0,0.0,0.0
1779681946818078253,0.01,0.0,0.0,0.0,0.0,0.0
1779681946918511653,0.01,0.0,0.0,0.0,0.0,0.0
1779681947018713918,0.01,0.0,0.0,0.0,0.0,0.0
1779681947119179634,0.01,0.0,0.0,0.0,0.0,0.0
1779681947220157334,0.01,0.0,0.0,0.0,0.0,0.0
1779681947320484512,0.01,0.0,0.0,0.0,0.0,0.0
1779681947420767341,0.01,0.0,0.0,0.0,0.0,0.0
1779681947521284735,0.01,0.0,0.0,0.0,0.0,0.0
1779681947621429695,0.01,0.0,0.0,0.0,0.0,0.0
1779681947722081509,0.01,0.0,0.0,0.0,0.0,0.0
1779681947822509336,0.01,0.0,0.0,0.0,0.0,0.0
1779681947922941726,0.01,0.0,0.0,0.0,0.0,0.0
1779681948023387979,0.01,0.0,0.0,0.0,0.0,0.0
1779681948123846602,0.01,0.0,0.0,0.0,0.0,0.0
1779681948224028813,0.01,0.0,0.0,0.0,0.0,0.0
1779681948324362957,0.01,0.0,0.0,0.0,0.0,0.0
1779681948424607491,0.01,0.0,0.0,0.0,0.0,0.0
1779681948525174660,0.01,0.0,0.0,0.0,0.0,0.0
1779681948625661892,0.01,0.0,0.0,0.0,0.0,0.0
1779681948726001569,0.01,0.0,0.0,0.0,0.0,0.0
1779681948826460443,0.01,0.0,0.0,0.0,0.0,0.0
1779681948926699998,0.01,0.0,0.0,0.0,0.0,0.0
1779681949026932419,0.01,0.0,0.0,0.0,0.0,0.0
1779681949127176811,0.01,0.0,0.0,0.0,0.0,0.0
1779681949227501837,0.01,0.0,0.0,0.0,0.0,0.0
1779681949327751442,0.01,0.0,0.0,0.0,0.0,0.0
1779681949427984675,0.01,0.0,0.0,0.0,0.0,0.0
1779681949528373572,0.01,0.0,0.0,0.0,0.0,0.0
1779681949628635917,0.01,0.0,0.0,0.0,0.0,0.0
1779681949728874097,0.01,0.0,0.0,0.0,0.0,0.0
1779681949829485448,0.01,0.0,0.0,0.0,0.0,0.0
1779681949929591212,0.01,0.0,0.0,0.0,0.0,0.0
1779681950029861400,0.01,0.0,0.0,0.0,0.0,0.0
1779681950130407034,0.01,0.0,0.0,0.0,0.0,0.0
1779681950231943229,0.01,0.0,0.0,0.0,0.0,0.0
1779681950331778274,0.01,0.0,0.0,0.0,0.0,0.0
1779681950432506471,0.01,0.0,0.0,0.0,0.0,0.0
1779681950533082421,0.01,0.0,0.0,0.0,0.0,0.0
1779681950633485617,0.01,0.0,0.0,0.0,0.0,0.0
1779681950734207989,0.01,0.0,0.0,0.0,0.0,0.0
1779681950834833011,0.01,0.0,0.0,0.0,0.0,0.0
1779681950934976753,0.01,0.0,0.0,0.0,0.0,0.0
1779681951035371468,0.01,0.0,0.0,0.0,0.0,0.0
1779681951135810138,0.01,0.0,0.0,0.0,0.0,0.0
1779681951236123093,0.01,0.0,0.0,0.0,0.0,0.0
1779681951336718497,0.01,0.0,0.0,0.0,0.0,0.0
1779681951437270733,0.01,0.0,0.0,0.0,0.0,0.0
1779681951537589986,0.01,0.0,0.0,0.0,0.0,0.0
1779681951637988702,0.01,0.0,0.0,0.0,0.0,0.0
1779681951738627695,0.01,0.0,0.0,0.0,0.0,0.0
1779681951838935563,0.01,0.0,0.0,0.0,0.0,0.0
1779681951939462288,0.01,0.0,0.0,0.0,0.0,0.0
1779681952039575425,0.01,0.0,0.0,0.0,0.0,0.0
1779681952140052970,0.01,0.0,0.0,0.0,0.0,0.0
1779681952240047527,0.01,0.0,0.0,0.0,0.0,0.0
1779681952340304998,0.01,0.0,0.0,0.0,0.0,0.0
1779681952440718660,0.01,0.0,0.0,0.0,0.0,0.0
1779681952541515688,0.01,0.0,0.0,0.0,0.0,0.0
1779681952641818236,0.01,0.0,0.0,0.0,0.0,0.0
1779681952742470171,0.01,0.0,0.0,0.0,0.0,0.0
1779681952842720353,0.01,0.0,0.0,0.0,0.0,0.0
1779681952943597841,0.01,0.0,0.0,0.0,0.0,0.0
1779681953044136548,0.01,0.0,0.0,0.0,0.0,0.0
1779681953144517080,0.01,0.0,0.0,0.0,0.0,0.0
1779681953245298525,0.01,0.0,0.0,0.0,0.0,0.0
1779681953345304466,0.01,0.0,0.0,0.0,0.0,0.0
1779681953445570281,0.01,0.0,0.0,0.0,0.0,0.0
1779681953546027412,0.01,0.0,0.0,0.0,0.0,0.0
1779681953646308552,0.01,0.0,0.0,0.0,0.0,0.0
1779681953746482619,0.01,0.0,0.0,0.0,0.0,0.0
1779681953846718932,0.01,0.0,0.0,0.0,0.0,0.0
1779681953947062113,0.01,0.0,0.0,0.0,0.0,0.0
1779681954048661158,0.01,0.0,0.0,0.0,0.0,0.0
1779681954147945514,0.01,0.0,0.0,0.0,0.0,0.0
1779681954248228496,0.01,0.0,0.0,0.0,0.0,0.0
1779681954348493201,0.01,0.0,0.0,0.0,0.0,0.0
1779681954448607199,0.01,0.0,0.0,0.0,0.0,0.0
1779681954548885813,0.01,0.0,0.0,0.0,0.0,0.0
1779681954649212297,0.01,0.0,0.0,0.0,0.0,0.0
1779681954749507245,0.01,0.0,0.0,0.0,0.0,0.0
1779681954849874042,0.01,0.0,0.0,0.0,0.0,0.0
1779681954949955050,0.01,0.0,0.0,0.0,0.0,0.0
1779681955050313653,0.01,0.0,0.0,0.0,0.0,0.0
1779681955150732944,0.01,0.0,0.0,0.0,0.0,0.0
1779681955251211222,0.01,0.0,0.0,0.0,0.0,0.0
1779681955351447124,0.01,0.0,0.0,0.0,0.0,0.0
1779681955451685980,0.01,0.0,0.0,0.0,0.0,0.0
1779681955552404087,0.01,0.0,0.0,0.0,0.0,0.0
1779681955652549761,0.01,0.0,0.0,0.0,0.0,0.0
1779681955753121147,0.01,0.0,0.0,0.0,0.0,0.0
1779681955853721049,0.01,0.0,0.0,0.0,0.0,0.0
1779681955954195277,0.01,0.0,0.0,0.0,0.0,0.0
1779681956054555647,0.01,0.0,0.0,0.0,0.0,0.0
1779681956155068035,0.01,0.0,0.0,0.0,0.0,0.0
1779681956255686716,0.01,0.0,0.0,0.0,0.0,0.0
1779681956356618608,0.01,0.0,0.0,0.0,0.0,0.0
1779681956457116713,0.01,0.0,0.0,0.0,0.0,0.0
1779681956557640754,0.01,0.0,0.0,0.0,0.0,0.0
1779681956657711737,0.01,0.0,0.0,0.0,0.0,0.0
1779681956758359546,0.01,0.0,0.0,0.0,0.0,0.0
1779681956859187451,0.01,0.0,0.0,0.0,0.0,0.0
1779681956959289639,0.01,0.0,0.0,0.0,0.0,0.0
1779681957059953035,0.01,0.0,0.0,0.0,0.0,0.0
1779681957160354567,0.01,0.0,0.0,0.0,0.0,0.0
1779681957261046061,0.01,0.0,0.0,0.0,0.0,0.0
1779681957361459337,0.01,0.0,0.0,0.0,0.0,0.0
1779681957461983176,0.01,0.0,0.0,0.0,0.0,0.0
1779681957562345576,0.01,0.0,0.0,0.0,0.0,0.0
1779681957662712869,0.01,0.0,0.0,0.0,0.0,0.0
1779681957763024559,0.01,0.0,0.0,0.0,0.0,0.0
1779681957863477246,0.01,0.0,0.0,0.0,0.0,0.0
1779681957964243312,0.01,0.0,0.0,0.0,0.0,0.0
1779681958064566866,0.01,0.0,0.0,0.0,0.0,0.0
1779681958164746788,0.01,0.0,0.0,0.0,0.0,0.0
1779681958265268994,0.01,0.0,0.0,0.0,0.0,0.0
1779681958365520213,0.01,0.0,0.0,0.0,0.0,0.0
1779681958465838182,0.01,0.0,0.0,0.0,0.0,0.0
1779681958566194944,0.01,0.0,0.0,0.0,0.0,0.0
1779681958666457055,0.01,0.0,0.0,0.0,0.0,0.0
1779681958766749051,0.01,0.0,0.0,0.0,0.0,0.0
1779681958867334629,0.01,0.0,0.0,0.0,0.0,0.0
1779681958967420444,0.01,0.0,0.0,0.0,0.0,0.0
1779681959067777641,0.01,0.0,0.0,0.0,0.0,0.0
1779681959167996628,0.01,0.0,0.0,0.0,0.0,0.0
1779681959268587842,0.01,0.0,0.0,0.0,0.0,0.0
1779681959368758196,0.01,0.0,0.0,0.0,0.0,0.0
1779681959469093880,0.01,0.0,0.0,0.0,0.0,0.0
1779681959569806871,0.01,0.0,0.0,0.0,0.0,0.0
1779681959670220837,0.01,0.0,0.0,0.0,0.0,0.0
1779681959770462716,0.01,0.0,0.0,0.0,0.0,0.0
1779681959870756066,0.01,0.0,0.0,0.0,0.0,0.0
1779681959970920353,0.01,0.0,0.0,0.0,0.0,0.0
1779681960071475298,0.01,0.0,0.0,0.0,0.0,0.0
1779681960171692240,0.01,0.0,0.0,0.0,0.0,0.0
1779681960272234836,0.01,0.0,0.0,0.0,0.0,0.0
1779681960372540830,0.01,0.0,0.0,0.0,0.0,0.0
1779681960472680966,0.01,0.0,0.0,0.0,0.0,0.0
1779681960572851860,0.01,0.0,0.0,0.0,0.0,0.0
1779681960673373032,0.01,0.0,0.0,0.0,0.0,0.0
1779681960773430061,0.01,0.0,0.0,0.0,0.0,0.0
1779681960873597154,0.01,0.0,0.0,0.0,0.0,0.0
1779681960974186381,0.01,0.0,0.0,0.0,0.0,0.0
1779681961074427465,0.01,0.0,0.0,0.0,0.0,0.0
1779681961175177268,0.01,0.0,0.0,0.0,0.0,0.0
1779681961275326645,0.01,0.0,0.0,0.0,0.0,0.0
1779681961376082423,0.01,0.0,0.0,0.0,0.0,0.0
1779681961476288838,0.01,0.0,0.0,0.0,0.0,0.0
1779681961576497043,0.01,0.0,0.0,0.0,0.0,0.0
1779681961676973112,0.01,0.0,0.0,0.0,0.0,0.0
1779681961777347100,0.01,0.0,0.0,0.0,0.0,0.0
1779681961877591105,0.01,0.0,0.0,0.0,0.0,0.0
1779681961977987291,0.01,0.0,0.0,0.0,0.0,0.0
1779681962078227522,0.01,0.0,0.0,0.0,0.0,0.0
1779681962178563077,0.01,0.0,0.0,0.0,0.0,0.0
1779681962278898049,0.01,0.0,0.0,0.0,0.0,0.0
1779681962379341609,0.01,0.0,0.0,0.0,0.0,0.0
1779681962479695373,0.01,0.0,0.0,0.0,0.0,0.0
1779681962580003903,0.01,0.0,0.0,0.0,0.0,0.0
1779681962680669361,0.01,0.0,0.0,0.0,0.0,0.0
1779681962781070542,0.01,0.0,0.0,0.0,0.0,0.0
1779681962881629160,0.01,0.0,0.0,0.0,0.0,0.0
1779681962981907124,0.01,0.0,0.0,0.0,0.0,0.0
1779681963082205264,0.01,0.0,0.0,0.0,0.0,0.0
1779681963182391898,0.01,0.0,0.0,0.0,0.0,0.0
1779681963283005493,0.01,0.0,0.0,0.0,0.0,0.0
1779681963383215056,0.01,0.0,0.0,0.0,0.0,0.0
1779681963483563808,0.01,0.0,0.0,0.0,0.0,0.0
1779681963583971887,0.01,0.0,0.0,0.0,0.0,0.0
1779681963684365016,0.01,0.0,0.0,0.0,0.0,0.0
1779681963784803416,0.01,0.0,0.0,0.0,0.0,0.0
1779681963885755609,0.01,0.0,0.0,0.0,0.0,0.0
1779681963985844184,0.01,0.0,0.0,0.0,0.0,0.0
1779681964086201783,0.01,0.0,0.0,0.0,0.0,0.0
1779681964186305646,0.01,0.0,0.0,0.0,0.0,0.0
1779681964287403057,0.01,0.0,0.0,0.0,0.0,0.0
1779681964387412639,0.01,0.0,0.0,0.0,0.0,0.0
1779681964488756850,0.01,0.0,0.0,0.0,0.0,0.0
1779681964588204511,0.01,0.0,0.0,0.0,0.0,0.0
1779681964688827903,0.01,0.0,0.0,0.0,0.0,0.0
1779681964789035597,0.01,0.0,0.0,0.0,0.0,0.0
1779681964889429945,0.01,0.0,0.0,0.0,0.0,0.0
1779681964989641604,0.01,0.0,0.0,0.0,0.0,0.0
1779681965089987283,0.01,0.0,0.0,0.0,0.0,0.0
1779681965190460794,0.01,0.0,0.0,0.0,0.0,0.0
1779681965290745658,0.01,0.0,0.0,0.0,0.0,0.0
1779681965391334278,0.01,0.0,0.0,0.0,0.0,0.0
1779681965491477448,0.01,0.0,0.0,0.0,0.0,0.0
1779681965591722572,0.01,0.0,0.0,0.0,0.0,0.0
1779681965692072418,0.01,0.0,0.0,0.0,0.0,0.0
1779681965792509873,0.01,0.0,0.0,0.0,0.0,0.0
1779681965892626695,0.01,0.0,0.0,0.0,0.0,0.0
1779681965992938857,0.01,0.0,0.0,0.0,0.0,0.0
1779681966093337975,0.01,0.0,0.0,0.0,0.0,0.0
1779681966193740733,0.01,0.0,0.0,0.0,0.0,0.0
1779681966293890054,0.01,0.0,0.0,0.0,0.0,0.0
1779681966394130750,0.01,0.0,0.0,0.0,0.0,0.0
1779681966494369073,0.01,0.0,0.0,0.0,0.0,0.0
1779681966594584048,0.01,0.0,0.0,0.0,0.0,0.0
1779681966694749788,0.01,0.0,0.0,0.0,0.0,0.0
1779681966795223422,0.01,0.0,0.0,0.0,0.0,0.0
1779681966895343446,0.01,0.0,0.0,0.0,0.0,0.0
1779681966995560737,0.01,0.0,0.0,0.0,0.0,0.0
1779681967095838239,0.01,0.0,0.0,0.0,0.0,0.0
1779681967196275330,0.01,0.0,0.0,0.0,0.0,0.0
1779681967296463863,0.01,0.0,0.0,0.0,0.0,0.0
1779681967396774312,0.01,0.0,0.0,0.0,0.0,0.0
1779681967497004206,0.01,0.0,0.0,0.0,0.0,0.0
1779681967597572313,0.01,0.0,0.0,0.0,0.0,0.0
1779681967697641280,0.01,0.0,0.0,0.0,0.0,0.0
1779681967797910598,0.01,0.0,0.0,0.0,0.0,0.0
1779681967898963563,0.01,0.0,0.0,0.0,0.0,0.0
1779681967999708482,0.01,0.0,0.0,0.0,0.0,0.0
1779681968100035746,0.01,0.0,0.0,0.0,0.0,0.0
1779681968200583927,0.01,0.0,0.0,0.0,0.0,0.0
1779681968300738832,0.01,0.0,0.0,0.0,0.0,0.0
1779681968400974130,0.01,0.0,0.0,0.0,0.0,0.0
1779681968501299476,0.01,0.0,0.0,0.0,0.0,0.0
1779681968601736771,0.01,0.0,0.0,0.0,0.0,0.0
1779681968701889070,0.01,0.0,0.0,0.0,0.0,0.0
1779681968802189456,0.01,0.0,0.0,0.0,0.0,0.0
1779681968902366438,0.01,0.0,0.0,0.0,0.0,0.0
1779681969002750857,0.01,0.0,0.0,0.0,0.0,0.0
1779681969102988564,0.01,0.0,0.0,0.0,0.0,0.0
1779681969203093021,0.01,0.0,0.0,0.0,0.0,0.0
1779681969303365244,0.01,0.0,0.0,0.0,0.0,0.0
1779681969404237293,0.01,0.0,0.0,0.0,0.0,0.0
1779681969504342071,0.01,0.0,0.0,0.0,0.0,0.0
1779681969604907524,0.01,0.0,0.0,0.0,0.0,0.0
1779681969705168951,0.01,0.0,0.0,0.0,0.0,0.0
1779681969805549072,0.01,0.0,0.0,0.0,0.0,0.0
1779681969905658448,0.01,0.0,0.0,0.0,0.0,0.0
1779681970005933812,0.01,0.0,0.0,0.0,0.0,0.0
1779681970106341244,0.01,0.0,0.0,0.0,0.0,0.0
1779681970207368531,0.01,0.0,0.0,0.0,0.0,0.0
1779681970307847031,0.01,0.0,0.0,0.0,0.0,0.0
1779681970408280375,0.01,0.0,0.0,0.0,0.0,0.0
1779681970508537285,0.01,0.0,0.0,0.0,0.0,0.0
1779681970608808238,0.01,0.0,0.0,0.0,0.0,0.0
1779681970709087933,0.01,0.0,0.0,0.0,0.0,0.0
1779681970809124293,0.01,0.0,0.0,0.0,0.0,0.0
1779681970909415806,0.01,0.0,0.0,0.0,0.0,0.0
1779681971009626256,0.01,0.0,0.0,0.0,0.0,0.0
1779681971110526412,0.01,0.0,0.0,0.0,0.0,0.0
1779681971210550395,0.01,0.0,0.0,0.0,0.0,0.0
1779681971310791521,0.01,0.0,0.0,0.0,0.0,0.0
1779681971410961544,0.01,0.0,0.0,0.0,0.0,0.0
1779681971511303303,0.01,0.0,0.0,0.0,0.0,0.0
1779681971611721255,0.01,0.0,0.0,0.0,0.0,0.0
1779681971711983612,0.01,0.0,0.0,0.0,0.0,0.0
1779681971812226583,0.01,0.0,0.0,0.0,0.0,0.0
1779681971912454044,0.01,0.0,0.0,0.0,0.0,0.0
1779681972012566686,0.01,0.0,0.0,0.0,0.0,0.0
1779681972113058596,0.01,0.0,0.0,0.0,0.0,0.0
1779681972213340894,0.01,0.0,0.0,0.0,0.0,0.0
1779681972313542336,0.01,0.0,0.0,0.0,0.0,0.0
1779681972413938438,0.01,0.0,0.0,0.0,0.0,0.0
1779681972514000428,0.01,0.0,0.0,0.0,0.0,0.0
1779681972589434855,0.0,0.0,0.0,0.0,0.0,0.0
1779681972689928918,0.0,0.0,0.0,0.0,0.0,0.0
1779681972790495651,0.0,0.0,0.0,0.0,0.0,0.0
1779681972890779817,0.0,0.0,0.0,0.0,0.0,0.0
1779681972990941822,0.0,0.0,0.0,0.0,0.0,0.0
1779681973091194936,0.0,0.0,0.0,0.0,0.0,0.0
1779681973191543353,0.0,0.0,0.0,0.0,0.0,0.0
1779681973292623204,0.0,0.0,0.0,0.0,0.0,0.0
1779681973392777810,0.0,0.0,0.0,0.0,0.0,0.0
1779681973441901111,0.0,0.0,0.0,0.0,0.0,0.05
1779681973542249972,0.0,0.0,0.0,0.0,0.0,0.1
1779681973642298955,0.0,0.0,0.0,0.0,0.0,0.1
1779681973742607399,0.0,0.0,0.0,0.0,0.0,0.1
1779681973842819644,0.0,0.0,0.0,0.0,0.0,0.1
1779681973943140002,0.0,0.0,0.0,0.0,0.0,0.1
1779681974043448374,0.0,0.0,0.0,0.0,0.0,0.1
1779681974143908189,0.0,0.0,0.0,0.0,0.0,0.1
1779681974244004641,0.0,0.0,0.0,0.0,0.0,0.1
1779681974344537094,0.0,0.0,0.0,0.0,0.0,0.1
1779681974444757747,0.0,0.0,0.0,0.0,0.0,0.1
1779681974544950415,0.0,0.0,0.0,0.0,0.0,0.1
1779681974645257776,0.0,0.0,0.0,0.0,0.0,0.1
1779681974745614561,0.0,0.0,0.0,0.0,0.0,0.1
1779681974845655361,0.0,0.0,0.0,0.0,0.0,0.1
1779681974946157214,0.0,0.0,0.0,0.0,0.0,0.1
1779681975046409438,0.0,0.0,0.0,0.0,0.0,0.1
1779681975146719337,0.0,0.0,0.0,0.0,0.0,0.1
1779681975246976378,0.0,0.0,0.0,0.0,0.0,0.1
1779681975347335408,0.0,0.0,0.0,0.0,0.0,0.1
1779681975447485043,0.0,0.0,0.0,0.0,0.0,0.1
1779681975547869094,0.0,0.0,0.0,0.0,0.0,0.1
1779681975648064446,0.0,0.0,0.0,0.0,0.0,0.1
1779681975748327338,0.0,0.0,0.0,0.0,0.0,0.1
1779681975848535580,0.0,0.0,0.0,0.0,0.0,0.1
1779681975948787357,0.0,0.0,0.0,0.0,0.0,0.1
1779681976048960426,0.0,0.0,0.0,0.0,0.0,0.1
1779681976149291119,0.0,0.0,0.0,0.0,0.0,0.1
1779681976249716970,0.0,0.0,0.0,0.0,0.0,0.1
1779681976349887493,0.0,0.0,0.0,0.0,0.0,0.1
1779681976450109245,0.0,0.0,0.0,0.0,0.0,0.1
1779681976550164962,0.0,0.0,0.0,0.0,0.0,0.1
1779681976650414531,0.0,0.0,0.0,0.0,0.0,0.1
1779681976750733249,0.0,0.0,0.0,0.0,0.0,0.1
1779681976851248097,0.0,0.0,0.0,0.0,0.0,0.1
1779681976951225380,0.0,0.0,0.0,0.0,0.0,0.1
1779681977052012432,0.0,0.0,0.0,0.0,0.0,0.1
1779681977151888643,0.0,0.0,0.0,0.0,0.0,0.1
1779681977251949648,0.0,0.0,0.0,0.0,0.0,0.1
1779681977352567677,0.0,0.0,0.0,0.0,0.0,0.1
1779681977452352456,0.0,0.0,0.0,0.0,0.0,0.1
1779681977552748567,0.0,0.0,0.0,0.0,0.0,0.1
1779681977652830478,0.0,0.0,0.0,0.0,0.0,0.1
1779681977753152698,0.0,0.0,0.0,0.0,0.0,0.1
1779681977853605856,0.0,0.0,0.0,0.0,0.0,0.1
1779681977953960963,0.0,0.0,0.0,0.0,0.0,0.1
1779681978054277501,0.0,0.0,0.0,0.0,0.0,0.1
1779681978154520035,0.0,0.0,0.0,0.0,0.0,0.1
1779681978254809920,0.0,0.0,0.0,0.0,0.0,0.1
1779681978355125937,0.0,0.0,0.0,0.0,0.0,0.1
1779681978455249129,0.0,0.0,0.0,0.0,0.0,0.1
1779681978555612809,0.0,0.0,0.0,0.0,0.0,0.1
1779681978655751821,0.0,0.0,0.0,0.0,0.0,0.1
1779681978756086522,0.0,0.0,0.0,0.0,0.0,0.1
1779681978856418986,0.0,0.0,0.0,0.0,0.0,0.1
1779681978956674915,0.0,0.0,0.0,0.0,0.0,0.1
1779681979056815726,0.0,0.0,0.0,0.0,0.0,0.1
1779681979157139965,0.0,0.0,0.0,0.0,0.0,0.1
1779681979257400510,0.0,0.0,0.0,0.0,0.0,0.1
1779681979357717622,0.0,0.0,0.0,0.0,0.0,0.1
1779681979458122600,0.0,0.0,0.0,0.0,0.0,0.1
1779681979558346441,0.0,0.0,0.0,0.0,0.0,0.1
1779681979659085825,0.0,0.0,0.0,0.0,0.0,0.1
1779681979759260437,0.0,0.0,0.0,0.0,0.0,0.1
1779681979859556778,0.0,0.0,0.0,0.0,0.0,0.1
1779681979959802511,0.0,0.0,0.0,0.0,0.0,0.1
1779681980060012252,0.0,0.0,0.0,0.0,0.0,0.1
1779681980160641865,0.0,0.0,0.0,0.0,0.0,0.1
1779681980260924330,0.0,0.0,0.0,0.0,0.0,0.1
1779681980361435935,0.0,0.0,0.0,0.0,0.0,0.1
1779681980461592544,0.0,0.0,0.0,0.0,0.0,0.1
1779681980561760827,0.0,0.0,0.0,0.0,0.0,0.1
1779681980662185311,0.0,0.0,0.0,0.0,0.0,0.1
1779681980762511174,0.0,0.0,0.0,0.0,0.0,0.1
1779681980862828266,0.0,0.0,0.0,0.0,0.0,0.1
1779681980963076875,0.0,0.0,0.0,0.0,0.0,0.1
1779681981063256669,0.0,0.0,0.0,0.0,0.0,0.1
1779681981163636958,0.0,0.0,0.0,0.0,0.0,0.1
1779681981263848758,0.0,0.0,0.0,0.0,0.0,0.1
1779681981364326841,0.0,0.0,0.0,0.0,0.0,0.1
1779681981464519423,0.0,0.0,0.0,0.0,0.0,0.1
1779681981564716562,0.0,0.0,0.0,0.0,0.0,0.1
1779681981665088925,0.0,0.0,0.0,0.0,0.0,0.1
1779681981765316566,0.0,0.0,0.0,0.0,0.0,0.1
1779681981865615193,0.0,0.0,0.0,0.0,0.0,0.1
1779681981965889552,0.0,0.0,0.0,0.0,0.0,0.1
1779681982066111953,0.0,0.0,0.0,0.0,0.0,0.1
1779681982166377694,0.0,0.0,0.0,0.0,0.0,0.1
1779681982266562320,0.0,0.0,0.0,0.0,0.0,0.1
1779681982367007132,0.0,0.0,0.0,0.0,0.0,0.1
1779681982467436681,0.0,0.0,0.0,0.0,0.0,0.1
1779681982567813097,0.0,0.0,0.0,0.0,0.0,0.1
1779681982667956965,0.0,0.0,0.0,0.0,0.0,0.1
1779681982768283339,0.0,0.0,0.0,0.0,0.0,0.1
1779681982868530301,0.0,0.0,0.0,0.0,0.0,0.1
1779681982969044102,0.0,0.0,0.0,0.0,0.0,0.1
1779681983069161589,0.0,0.0,0.0,0.0,0.0,0.1
1779681983169365359,0.0,0.0,0.0,0.0,0.0,0.1
1779681983269692779,0.0,0.0,0.0,0.0,0.0,0.1
1779681983370023837,0.0,0.0,0.0,0.0,0.0,0.1
1779681983470150770,0.0,0.0,0.0,0.0,0.0,0.1
1779681983570485814,0.0,0.0,0.0,0.0,0.0,0.1
1779681983670725715,0.0,0.0,0.0,0.0,0.0,0.1
1779681983771095978,0.0,0.0,0.0,0.0,0.0,0.1
1779681983871191119,0.0,0.0,0.0,0.0,0.0,0.1
1779681983971569180,0.0,0.0,0.0,0.0,0.0,0.1
1779681984071813493,0.0,0.0,0.0,0.0,0.0,0.1
1779681984172186699,0.0,0.0,0.0,0.0,0.0,0.1
1779681984272577514,0.0,0.0,0.0,0.0,0.0,0.1
1779681984373362703,0.0,0.0,0.0,0.0,0.0,0.1
1779681984473462562,0.0,0.0,0.0,0.0,0.0,0.1
1779681984573793780,0.0,0.0,0.0,0.0,0.0,0.1
1779681984673944019,0.0,0.0,0.0,0.0,0.0,0.1
1779681984774387027,0.0,0.0,0.0,0.0,0.0,0.1
1779681984874526049,0.0,0.0,0.0,0.0,0.0,0.1
1779681984974815215,0.0,0.0,0.0,0.0,0.0,0.1
1779681985075045408,0.0,0.0,0.0,0.0,0.0,0.1
1779681985175713456,0.0,0.0,0.0,0.0,0.0,0.1
1779681985276216865,0.0,0.0,0.0,0.0,0.0,0.1
1779681985376537927,0.0,0.0,0.0,0.0,0.0,0.1
1779681985476690604,0.0,0.0,0.0,0.0,0.0,0.1
1779681985576945691,0.0,0.0,0.0,0.0,0.0,0.1
1779681985677532805,0.0,0.0,0.0,0.0,0.0,0.1
1779681985777703056,0.0,0.0,0.0,0.0,0.0,0.1
1779681985877963278,0.0,0.0,0.0,0.0,0.0,0.1
1779681985978183618,0.0,0.0,0.0,0.0,0.0,0.1
1779681986078521292,0.0,0.0,0.0,0.0,0.0,0.1
1779681986178990427,0.0,0.0,0.0,0.0,0.0,0.1
1779681986279483735,0.0,0.0,0.0,0.0,0.0,0.1
1779681986379725295,0.0,0.0,0.0,0.0,0.0,0.1
1779681986479991831,0.0,0.0,0.0,0.0,0.0,0.1
1779681986580224989,0.0,0.0,0.0,0.0,0.0,0.1
1779681986680517788,0.0,0.0,0.0,0.0,0.0,0.1
1779681986780733940,0.0,0.0,0.0,0.0,0.0,0.1
1779681986881000591,0.0,0.0,0.0,0.0,0.0,0.1
1779681986981343007,0.0,0.0,0.0,0.0,0.0,0.1
1779681987081599478,0.0,0.0,0.0,0.0,0.0,0.1
1779681987181902454,0.0,0.0,0.0,0.0,0.0,0.1
1779681987282233613,0.0,0.0,0.0,0.0,0.0,0.1
1779681987295224795,0.0,0.0,0.0,0.0,0.0,0.0
1779681987395650072,0.0,0.0,0.0,0.0,0.0,0.0
1779681987495803196,0.0,0.0,0.0,0.0,0.0,0.0
1779681987596108172,0.0,0.0,0.0,0.0,0.0,0.0
1779681987696421318,0.0,0.0,0.0,0.0,0.0,0.0
1779681987745321067,0.005,0.0,0.0,0.0,0.0,0.0
1779681987845589761,0.01,0.0,0.0,0.0,0.0,0.0
1779681987945868879,0.01,0.0,0.0,0.0,0.0,0.0
1779681988046320127,0.01,0.0,0.0,0.0,0.0,0.0
1779681988146416073,0.01,0.0,0.0,0.0,0.0,0.0
1779681988246743681,0.01,0.0,0.0,0.0,0.0,0.0
1779681988347033043,0.01,0.0,0.0,0.0,0.0,0.0
1779681988447406226,0.01,0.0,0.0,0.0,0.0,0.0
1779681988547671799,0.01,0.0,0.0,0.0,0.0,0.0
1779681988647924277,0.01,0.0,0.0,0.0,0.0,0.0
1779681988748553660,0.01,0.0,0.0,0.0,0.0,0.0
1779681988848759447,0.01,0.0,0.0,0.0,0.0,0.0
1779681988948968353,0.01,0.0,0.0,0.0,0.0,0.0
1779681989049364623,0.01,0.0,0.0,0.0,0.0,0.0
1779681989149552068,0.01,0.0,0.0,0.0,0.0,0.0
1779681989249768956,0.01,0.0,0.0,0.0,0.0,0.0
1779681989349971518,0.01,0.0,0.0,0.0,0.0,0.0
1779681989451151112,0.01,0.0,0.0,0.0,0.0,0.0
1779681989551161968,0.01,0.0,0.0,0.0,0.0,0.0
1779681989651302449,0.01,0.0,0.0,0.0,0.0,0.0
1779681989751602384,0.01,0.0,0.0,0.0,0.0,0.0
1779681989851825905,0.01,0.0,0.0,0.0,0.0,0.0
1779681989952075428,0.01,0.0,0.0,0.0,0.0,0.0
1779681990052313100,0.01,0.0,0.0,0.0,0.0,0.0
1779681990152740465,0.01,0.0,0.0,0.0,0.0,0.0
1779681990253020990,0.01,0.0,0.0,0.0,0.0,0.0
1779681990353318080,0.01,0.0,0.0,0.0,0.0,0.0
1779681990453738192,0.01,0.0,0.0,0.0,0.0,0.0
1779681990554067434,0.01,0.0,0.0,0.0,0.0,0.0
1779681990654418040,0.01,0.0,0.0,0.0,0.0,0.0
1779681990754688522,0.01,0.0,0.0,0.0,0.0,0.0
1779681990855309452,0.01,0.0,0.0,0.0,0.0,0.0
1779681990955360926,0.01,0.0,0.0,0.0,0.0,0.0
1779681991055743308,0.01,0.0,0.0,0.0,0.0,0.0
1779681991156074112,0.01,0.0,0.0,0.0,0.0,0.0
1779681991256297862,0.01,0.0,0.0,0.0,0.0,0.0
1779681991356301898,0.01,0.0,0.0,0.0,0.0,0.0
1779681991456557821,0.01,0.0,0.0,0.0,0.0,0.0
1779681991557113359,0.01,0.0,0.0,0.0,0.0,0.0
1779681991657500025,0.01,0.0,0.0,0.0,0.0,0.0
1779681991757889438,0.01,0.0,0.0,0.0,0.0,0.0
1779681991858466792,0.01,0.0,0.0,0.0,0.0,0.0
1779681991959289263,0.01,0.0,0.0,0.0,0.0,0.0
1779681992059580561,0.01,0.0,0.0,0.0,0.0,0.0
1779681992160200243,0.01,0.0,0.0,0.0,0.0,0.0
1779681992260511138,0.01,0.0,0.0,0.0,0.0,0.0
1779681992360670026,0.01,0.0,0.0,0.0,0.0,0.0
1779681992460860230,0.01,0.0,0.0,0.0,0.0,0.0
1779681992561263013,0.01,0.0,0.0,0.0,0.0,0.0
1779681992661578108,0.01,0.0,0.0,0.0,0.0,0.0
1779681992761941619,0.01,0.0,0.0,0.0,0.0,0.0
1779681992862637056,0.01,0.0,0.0,0.0,0.0,0.0
1779681992962759198,0.01,0.0,0.0,0.0,0.0,0.0
1779681993065705714,0.01,0.0,0.0,0.0,0.0,0.0
1779681993165843381,0.01,0.0,0.0,0.0,0.0,0.0
1779681993266126388,0.01,0.0,0.0,0.0,0.0,0.0
1779681993366491812,0.01,0.0,0.0,0.0,0.0,0.0
1779681993466727805,0.01,0.0,0.0,0.0,0.0,0.0
1779681993567105343,0.01,0.0,0.0,0.0,0.0,0.0
1779681993667305100,0.01,0.0,0.0,0.0,0.0,0.0
1779681993767653766,0.01,0.0,0.0,0.0,0.0,0.0
1779681993867937262,0.01,0.0,0.0,0.0,0.0,0.0
1779681993968436466,0.01,0.0,0.0,0.0,0.0,0.0
1779681994068943432,0.01,0.0,0.0,0.0,0.0,0.0
1779681994169391248,0.01,0.0,0.0,0.0,0.0,0.0
1779681994269456825,0.01,0.0,0.0,0.0,0.0,0.0
1779681994369683638,0.01,0.0,0.0,0.0,0.0,0.0
1779681994470064396,0.01,0.0,0.0,0.0,0.0,0.0
1779681994570321731,0.01,0.0,0.0,0.0,0.0,0.0
1779681994670898384,0.01,0.0,0.0,0.0,0.0,0.0
1779681994770862886,0.01,0.0,0.0,0.0,0.0,0.0
1779681994871203490,0.01,0.0,0.0,0.0,0.0,0.0
1779681994971459482,0.01,0.0,0.0,0.0,0.0,0.0
1779681995071698528,0.01,0.0,0.0,0.0,0.0,0.0
1779681995171909184,0.01,0.0,0.0,0.0,0.0,0.0
1779681995272289969,0.01,0.0,0.0,0.0,0.0,0.0
1779681995372409590,0.01,0.0,0.0,0.0,0.0,0.0
1779681995472955726,0.01,0.0,0.0,0.0,0.0,0.0
1779681995573075897,0.01,0.0,0.0,0.0,0.0,0.0
1779681995673413205,0.01,0.0,0.0,0.0,0.0,0.0
1779681995773742881,0.01,0.0,0.0,0.0,0.0,0.0
1779681995873938721,0.01,0.0,0.0,0.0,0.0,0.0
1779681995974120688,0.01,0.0,0.0,0.0,0.0,0.0
1779681996074450065,0.01,0.0,0.0,0.0,0.0,0.0
1779681996174750878,0.01,0.0,0.0,0.0,0.0,0.0
1779681996274896398,0.01,0.0,0.0,0.0,0.0,0.0
1779681996375697296,0.01,0.0,0.0,0.0,0.0,0.0
1779681996475685983,0.01,0.0,0.0,0.0,0.0,0.0
1779681996575966762,0.01,0.0,0.0,0.0,0.0,0.0
1779681996676331670,0.01,0.0,0.0,0.0,0.0,0.0
1779681996776558935,0.01,0.0,0.0,0.0,0.0,0.0
1779681996877045214,0.01,0.0,0.0,0.0,0.0,0.0
1779681996977306374,0.01,0.0,0.0,0.0,0.0,0.0
1779681997078477740,0.01,0.0,0.0,0.0,0.0,0.0
1779681997178503788,0.01,0.0,0.0,0.0,0.0,0.0
1779681997278752663,0.01,0.0,0.0,0.0,0.0,0.0
1779681997378761671,0.01,0.0,0.0,0.0,0.0,0.0
1779681997479246140,0.01,0.0,0.0,0.0,0.0,0.0
1779681997579745898,0.01,0.0,0.0,0.0,0.0,0.0
1779681997679809182,0.01,0.0,0.0,0.0,0.0,0.0
1779681997781503799,0.01,0.0,0.0,0.0,0.0,0.0
1779681997881704247,0.01,0.0,0.0,0.0,0.0,0.0
1779681997982495398,0.01,0.0,0.0,0.0,0.0,0.0
1779681998082689273,0.01,0.0,0.0,0.0,0.0,0.0
1779681998182918892,0.01,0.0,0.0,0.0,0.0,0.0
1779681998283186124,0.01,0.0,0.0,0.0,0.0,0.0
1779681998383333683,0.01,0.0,0.0,0.0,0.0,0.0
1779681998483643454,0.01,0.0,0.0,0.0,0.0,0.0
1779681998584051773,0.01,0.0,0.0,0.0,0.0,0.0
1779681998684406868,0.01,0.0,0.0,0.0,0.0,0.0
1779681998784847222,0.01,0.0,0.0,0.0,0.0,0.0
1779681998884988369,0.01,0.0,0.0,0.0,0.0,0.0
1779681998985381371,0.01,0.0,0.0,0.0,0.0,0.0
1779681999085677642,0.01,0.0,0.0,0.0,0.0,0.0
1779681999185954614,0.01,0.0,0.0,0.0,0.0,0.0
1779681999286429819,0.01,0.0,0.0,0.0,0.0,0.0
1779681999387246070,0.01,0.0,0.0,0.0,0.0,0.0
1779681999487442345,0.01,0.0,0.0,0.0,0.0,0.0
1779681999587592900,0.01,0.0,0.0,0.0,0.0,0.0
1779681999687844471,0.01,0.0,0.0,0.0,0.0,0.0
1779681999788291755,0.01,0.0,0.0,0.0,0.0,0.0
1779681999888356090,0.01,0.0,0.0,0.0,0.0,0.0
1779681999988772584,0.01,0.0,0.0,0.0,0.0,0.0
1779682000088892519,0.01,0.0,0.0,0.0,0.0,0.0
1779682000189278052,0.01,0.0,0.0,0.0,0.0,0.0
1779682000289455275,0.01,0.0,0.0,0.0,0.0,0.0
1779682000389962522,0.01,0.0,0.0,0.0,0.0,0.0
1779682000490145518,0.01,0.0,0.0,0.0,0.0,0.0
1779682000590898192,0.01,0.0,0.0,0.0,0.0,0.0
1779682000690633429,0.01,0.0,0.0,0.0,0.0,0.0
1779682000791010679,0.01,0.0,0.0,0.0,0.0,0.0
1779682000891330726,0.01,0.0,0.0,0.0,0.0,0.0
1779682000991560533,0.01,0.0,0.0,0.0,0.0,0.0
1779682001091788314,0.01,0.0,0.0,0.0,0.0,0.0
1779682001192099598,0.01,0.0,0.0,0.0,0.0,0.0
1779682001292393750,0.01,0.0,0.0,0.0,0.0,0.0
1779682001392651600,0.01,0.0,0.0,0.0,0.0,0.0
1779682001493010843,0.01,0.0,0.0,0.0,0.0,0.0
1779682001593364150,0.01,0.0,0.0,0.0,0.0,0.0
1779682001693695781,0.01,0.0,0.0,0.0,0.0,0.0
1779682001794281490,0.01,0.0,0.0,0.0,0.0,0.0
1779682001894570528,0.01,0.0,0.0,0.0,0.0,0.0
1779682001994871416,0.01,0.0,0.0,0.0,0.0,0.0
1779682002095349178,0.01,0.0,0.0,0.0,0.0,0.0
1779682002195806919,0.01,0.0,0.0,0.0,0.0,0.0
1779682002296389323,0.01,0.0,0.0,0.0,0.0,0.0
1779682002396686790,0.01,0.0,0.0,0.0,0.0,0.0
1779682002497228982,0.01,0.0,0.0,0.0,0.0,0.0
1779682002597570143,0.01,0.0,0.0,0.0,0.0,0.0
1779682002698033497,0.01,0.0,0.0,0.0,0.0,0.0
1779682002798786863,0.01,0.0,0.0,0.0,0.0,0.0
1779682002899230038,0.01,0.0,0.0,0.0,0.0,0.0
1779682002999696125,0.01,0.0,0.0,0.0,0.0,0.0
1779682003100066729,0.01,0.0,0.0,0.0,0.0,0.0
1779682003200192154,0.01,0.0,0.0,0.0,0.0,0.0
1779682003300588404,0.01,0.0,0.0,0.0,0.0,0.0
1779682003400761329,0.01,0.0,0.0,0.0,0.0,0.0
1779682003501192720,0.01,0.0,0.0,0.0,0.0,0.0
1779682003601442269,0.01,0.0,0.0,0.0,0.0,0.0
1779682003703382961,0.01,0.0,0.0,0.0,0.0,0.0
1779682003802175593,0.01,0.0,0.0,0.0,0.0,0.0
1779682003902501740,0.01,0.0,0.0,0.0,0.0,0.0
1779682004002802594,0.01,0.0,0.0,0.0,0.0,0.0
1779682004103305008,0.01,0.0,0.0,0.0,0.0,0.0
1779682004203490384,0.01,0.0,0.0,0.0,0.0,0.0
1779682004304092303,0.01,0.0,0.0,0.0,0.0,0.0
1779682004404476536,0.01,0.0,0.0,0.0,0.0,0.0
1779682004505125320,0.01,0.0,0.0,0.0,0.0,0.0
1779682004605538310,0.01,0.0,0.0,0.0,0.0,0.0
1779682004705531002,0.01,0.0,0.0,0.0,0.0,0.0
1779682004806472366,0.01,0.0,0.0,0.0,0.0,0.0
1779682004906995704,0.01,0.0,0.0,0.0,0.0,0.0
1779682005007522383,0.01,0.0,0.0,0.0,0.0,0.0
1779682005107915222,0.01,0.0,0.0,0.0,0.0,0.0
1779682005208266543,0.01,0.0,0.0,0.0,0.0,0.0
1779682005309394318,0.01,0.0,0.0,0.0,0.0,0.0
1779682005409517915,0.01,0.0,0.0,0.0,0.0,0.0
1779682005509927139,0.01,0.0,0.0,0.0,0.0,0.0
1779682005610167007,0.01,0.0,0.0,0.0,0.0,0.0
1779682005710715255,0.01,0.0,0.0,0.0,0.0,0.0
1779682005811157295,0.01,0.0,0.0,0.0,0.0,0.0
1779682005911547977,0.01,0.0,0.0,0.0,0.0,0.0
1779682006011838707,0.01,0.0,0.0,0.0,0.0,0.0
1779682006112312491,0.01,0.0,0.0,0.0,0.0,0.0
1779682006212601066,0.01,0.0,0.0,0.0,0.0,0.0
1779682006312892691,0.01,0.0,0.0,0.0,0.0,0.0
1779682006413303988,0.01,0.0,0.0,0.0,0.0,0.0
1779682006513446906,0.01,0.0,0.0,0.0,0.0,0.0
1779682006613585032,0.01,0.0,0.0,0.0,0.0,0.0
1779682006713893290,0.01,0.0,0.0,0.0,0.0,0.0
1779682006814497198,0.01,0.0,0.0,0.0,0.0,0.0
1779682006914726336,0.01,0.0,0.0,0.0,0.0,0.0
1779682007015091586,0.01,0.0,0.0,0.0,0.0,0.0
1779682007115387868,0.01,0.0,0.0,0.0,0.0,0.0
1779682007215787737,0.01,0.0,0.0,0.0,0.0,0.0
1779682007316196832,0.01,0.0,0.0,0.0,0.0,0.0
1779682007416759787,0.01,0.0,0.0,0.0,0.0,0.0
1779682007516911772,0.01,0.0,0.0,0.0,0.0,0.0
1779682007617654362,0.01,0.0,0.0,0.0,0.0,0.0
1779682007717644819,0.01,0.0,0.0,0.0,0.0,0.0
1779682007818243686,0.01,0.0,0.0,0.0,0.0,0.0
1779682007918480207,0.01,0.0,0.0,0.0,0.0,0.0
1779682008018940123,0.01,0.0,0.0,0.0,0.0,0.0
1779682008119695141,0.01,0.0,0.0,0.0,0.0,0.0
1779682008219815571,0.01,0.0,0.0,0.0,0.0,0.0
1779682008320197046,0.01,0.0,0.0,0.0,0.0,0.0
1779682008420969075,0.01,0.0,0.0,0.0,0.0,0.0
1779682008521243050,0.01,0.0,0.0,0.0,0.0,0.0
1779682008622266569,0.01,0.0,0.0,0.0,0.0,0.0
1779682008722507340,0.01,0.0,0.0,0.0,0.0,0.0
1779682008822576113,0.01,0.0,0.0,0.0,0.0,0.0
1779682008923151596,0.01,0.0,0.0,0.0,0.0,0.0
1779682009024265053,0.01,0.0,0.0,0.0,0.0,0.0
1779682009124164931,0.01,0.0,0.0,0.0,0.0,0.0
1779682009224635494,0.01,0.0,0.0,0.0,0.0,0.0
1779682009324843697,0.01,0.0,0.0,0.0,0.0,0.0
1779682009425586535,0.01,0.0,0.0,0.0,0.0,0.0
1779682009526296549,0.01,0.0,0.0,0.0,0.0,0.0
1779682009626507289,0.01,0.0,0.0,0.0,0.0,0.0
1779682009726789812,0.01,0.0,0.0,0.0,0.0,0.0
1779682009826988828,0.01,0.0,0.0,0.0,0.0,0.0
1779682009927567676,0.01,0.0,0.0,0.0,0.0,0.0
1779682010027603703,0.01,0.0,0.0,0.0,0.0,0.0
1779682010128293913,0.01,0.0,0.0,0.0,0.0,0.0
1779682010228371673,0.01,0.0,0.0,0.0,0.0,0.0
1779682010328708670,0.01,0.0,0.0,0.0,0.0,0.0
1779682010429044548,0.01,0.0,0.0,0.0,0.0,0.0
1779682010529649624,0.01,0.0,0.0,0.0,0.0,0.0
1779682010629777442,0.01,0.0,0.0,0.0,0.0,0.0
1779682010730141700,0.01,0.0,0.0,0.0,0.0,0.0
1779682010830302703,0.01,0.0,0.0,0.0,0.0,0.0
1779682010930801284,0.01,0.0,0.0,0.0,0.0,0.0
1779682011030878906,0.01,0.0,0.0,0.0,0.0,0.0
1779682011131248998,0.01,0.0,0.0,0.0,0.0,0.0
1779682011231444470,0.01,0.0,0.0,0.0,0.0,0.0
1779682011331928734,0.01,0.0,0.0,0.0,0.0,0.0
1779682011432125437,0.01,0.0,0.0,0.0,0.0,0.0
1779682011532558307,0.01,0.0,0.0,0.0,0.0,0.0
1779682011632722200,0.01,0.0,0.0,0.0,0.0,0.0
1779682011733006049,0.01,0.0,0.0,0.0,0.0,0.0
1779682011833432917,0.01,0.0,0.0,0.0,0.0,0.0
1779682011933854921,0.01,0.0,0.0,0.0,0.0,0.0
1779682012034231943,0.01,0.0,0.0,0.0,0.0,0.0
1779682012135001145,0.01,0.0,0.0,0.0,0.0,0.0
1779682012235246039,0.01,0.0,0.0,0.0,0.0,0.0
1779682012335629802,0.01,0.0,0.0,0.0,0.0,0.0
1779682012435922769,0.01,0.0,0.0,0.0,0.0,0.0
1779682012536471953,0.01,0.0,0.0,0.0,0.0,0.0
1779682012637244247,0.01,0.0,0.0,0.0,0.0,0.0
1779682012737202311,0.01,0.0,0.0,0.0,0.0,0.0
1779682012838247923,0.01,0.0,0.0,0.0,0.0,0.0
1779682012938273264,0.01,0.0,0.0,0.0,0.0,0.0
1779682013038947690,0.01,0.0,0.0,0.0,0.0,0.0
1779682013139525421,0.01,0.0,0.0,0.0,0.0,0.0
1779682013239637590,0.01,0.0,0.0,0.0,0.0,0.0
1779682013340193074,0.01,0.0,0.0,0.0,0.0,0.0
1779682013440608831,0.01,0.0,0.0,0.0,0.0,0.0
1779682013541431960,0.01,0.0,0.0,0.0,0.0,0.0
1779682013641625397,0.01,0.0,0.0,0.0,0.0,0.0
1779682013741903911,0.01,0.0,0.0,0.0,0.0,0.0
1779682013827029246,0.01,0.0,0.0,0.0,0.0,0.05
1779682013927537511,0.01,0.0,0.0,0.0,0.0,0.1
1779682014027628035,0.01,0.0,0.0,0.0,0.0,0.1
1779682014127816905,0.01,0.0,0.0,0.0,0.0,0.1
1779682014228287235,0.01,0.0,0.0,0.0,0.0,0.1
1779682014328394615,0.01,0.0,0.0,0.0,0.0,0.1
1779682014428716025,0.01,0.0,0.0,0.0,0.0,0.1
1779682014529014346,0.01,0.0,0.0,0.0,0.0,0.1
1779682014629435312,0.01,0.0,0.0,0.0,0.0,0.1
1779682014729603546,0.01,0.0,0.0,0.0,0.0,0.1
1779682014829933144,0.01,0.0,0.0,0.0,0.0,0.1
1779682014930239341,0.01,0.0,0.0,0.0,0.0,0.1
1779682015030512601,0.01,0.0,0.0,0.0,0.0,0.1
1779682015130732845,0.01,0.0,0.0,0.0,0.0,0.1
1779682015230958323,0.01,0.0,0.0,0.0,0.0,0.1
1779682015331322923,0.01,0.0,0.0,0.0,0.0,0.1
1779682015431605649,0.01,0.0,0.0,0.0,0.0,0.1
1779682015531747193,0.01,0.0,0.0,0.0,0.0,0.1
1779682015632184693,0.01,0.0,0.0,0.0,0.0,0.1
1779682015732381593,0.01,0.0,0.0,0.0,0.0,0.1
1779682015832789775,0.01,0.0,0.0,0.0,0.0,0.1
1779682015933178188,0.01,0.0,0.0,0.0,0.0,0.1
1779682016033391845,0.01,0.0,0.0,0.0,0.0,0.1
1779682016133687439,0.01,0.0,0.0,0.0,0.0,0.1
1779682016233771615,0.01,0.0,0.0,0.0,0.0,0.1
1779682016334251510,0.01,0.0,0.0,0.0,0.0,0.1
1779682016434490060,0.01,0.0,0.0,0.0,0.0,0.1
1779682016534729523,0.01,0.0,0.0,0.0,0.0,0.1
1779682016635122411,0.01,0.0,0.0,0.0,0.0,0.1
1779682016735495809,0.01,0.0,0.0,0.0,0.0,0.1
1779682016835672522,0.01,0.0,0.0,0.0,0.0,0.1
1779682016936555646,0.01,0.0,0.0,0.0,0.0,0.1
1779682017036819549,0.01,0.0,0.0,0.0,0.0,0.1
1779682017137036612,0.01,0.0,0.0,0.0,0.0,0.1
1779682017237238230,0.01,0.0,0.0,0.0,0.0,0.1
1779682017337965225,0.01,0.0,0.0,0.0,0.0,0.1
1779682017438530271,0.01,0.0,0.0,0.0,0.0,0.1
1779682017539290133,0.01,0.0,0.0,0.0,0.0,0.1
1779682017639584371,0.01,0.0,0.0,0.0,0.0,0.1
1779682017739694019,0.01,0.0,0.0,0.0,0.0,0.1
1779682017839920220,0.01,0.0,0.0,0.0,0.0,0.1
1779682017940388384,0.01,0.0,0.0,0.0,0.0,0.1
1779682018040531590,0.01,0.0,0.0,0.0,0.0,0.1
1779682018140621547,0.01,0.0,0.0,0.0,0.0,0.1
1779682018240994249,0.01,0.0,0.0,0.0,0.0,0.1
1779682018341397509,0.01,0.0,0.0,0.0,0.0,0.1
1779682018441565009,0.01,0.0,0.0,0.0,0.0,0.1
1779682018541800546,0.01,0.0,0.0,0.0,0.0,0.1
1779682018642077199,0.01,0.0,0.0,0.0,0.0,0.1
1779682018742282271,0.01,0.0,0.0,0.0,0.0,0.1
1779682018842375172,0.01,0.0,0.0,0.0,0.0,0.1
1779682018897799402,0.0,0.0,0.0,0.0,0.0,0.0
1779682018998479116,0.0,0.0,0.0,0.0,0.0,0.0
1779682019098541259,0.0,0.0,0.0,0.0,0.0,0.0
1779682019199140623,0.0,0.0,0.0,0.0,0.0,0.0
1779682019299272667,0.0,0.0,0.0,0.0,0.0,0.0
1779682019399667149,0.0,0.0,0.0,0.0,0.0,0.0
1779682019499959759,0.0,0.0,0.0,0.0,0.0,0.0
1779682019600607505,0.0,0.0,0.0,0.0,0.0,0.0
1779682019700942785,0.0,0.0,0.0,0.0,0.0,0.0
1779682019801072278,0.0,0.0,0.0,0.0,0.0,0.0
1779682019901424652,0.0,0.0,0.0,0.0,0.0,0.0
1779682020001656107,0.0,0.0,0.0,0.0,0.0,0.0
1779682020101892261,0.0,0.0,0.0,0.0,0.0,0.0
1779682020202453193,0.0,0.0,0.0,0.0,0.0,0.0
1779682020302659723,0.0,0.0,0.0,0.0,0.0,0.0
1779682020403065842,0.0,0.0,0.0,0.0,0.0,0.0
1779682020503369386,0.0,0.0,0.0,0.0,0.0,0.0
1779682020603776703,0.0,0.0,0.0,0.0,0.0,0.0
1779682020703737549,0.0,0.0,0.0,0.0,0.0,0.0
1779682020804212221,0.0,0.0,0.0,0.0,0.0,0.0
1779682020903280405,0.005,0.0,0.0,0.0,0.0,0.0
1779682021003587411,0.01,0.0,0.0,0.0,0.0,0.0
1779682021103906850,0.01,0.0,0.0,0.0,0.0,0.0
1779682021204924023,0.01,0.0,0.0,0.0,0.0,0.0
1779682021305242675,0.01,0.0,0.0,0.0,0.0,0.0
1779682021405619934,0.01,0.0,0.0,0.0,0.0,0.0
1779682021506057625,0.01,0.0,0.0,0.0,0.0,0.0
1779682021606521798,0.01,0.0,0.0,0.0,0.0,0.0
1779682021707150157,0.01,0.0,0.0,0.0,0.0,0.0
1779682021807520354,0.01,0.0,0.0,0.0,0.0,0.0
1779682021909167608,0.01,0.0,0.0,0.0,0.0,0.0
1779682022008168787,0.01,0.0,0.0,0.0,0.0,0.0
1779682022108298158,0.01,0.0,0.0,0.0,0.0,0.0
1779682022208824822,0.01,0.0,0.0,0.0,0.0,0.0
1779682022309088411,0.01,0.0,0.0,0.0,0.0,0.0
1779682022409677728,0.01,0.0,0.0,0.0,0.0,0.0
1779682022509948304,0.01,0.0,0.0,0.0,0.0,0.0
1779682022610339016,0.01,0.0,0.0,0.0,0.0,0.0
1779682022710590698,0.01,0.0,0.0,0.0,0.0,0.0
1779682022810955352,0.01,0.0,0.0,0.0,0.0,0.0
1779682022911305714,0.01,0.0,0.0,0.0,0.0,0.0
1779682023011535445,0.01,0.0,0.0,0.0,0.0,0.0
1779682023111910044,0.01,0.0,0.0,0.0,0.0,0.0
1779682023212628885,0.01,0.0,0.0,0.0,0.0,0.0
1779682023312793798,0.01,0.0,0.0,0.0,0.0,0.0
1779682023413281930,0.01,0.0,0.0,0.0,0.0,0.0
1779682023513796547,0.01,0.0,0.0,0.0,0.0,0.0
1779682023614183523,0.01,0.0,0.0,0.0,0.0,0.0
1779682023714564338,0.01,0.0,0.0,0.0,0.0,0.0
1779682023814908332,0.01,0.0,0.0,0.0,0.0,0.0
1779682023915400964,0.01,0.0,0.0,0.0,0.0,0.0
1779682024015754402,0.01,0.0,0.0,0.0,0.0,0.0
1779682024116109021,0.01,0.0,0.0,0.0,0.0,0.0
1779682024216792541,0.01,0.0,0.0,0.0,0.0,0.0
1779682024316994257,0.01,0.0,0.0,0.0,0.0,0.0
1779682024417331336,0.01,0.0,0.0,0.0,0.0,0.0
1779682024517802826,0.01,0.0,0.0,0.0,0.0,0.0
1779682024618150245,0.01,0.0,0.0,0.0,0.0,0.0
1779682024718885461,0.01,0.0,0.0,0.0,0.0,0.0
1779682024819098610,0.01,0.0,0.0,0.0,0.0,0.0
1779682024919278551,0.01,0.0,0.0,0.0,0.0,0.0
1779682025019700779,0.01,0.0,0.0,0.0,0.0,0.0
1779682025120778022,0.01,0.0,0.0,0.0,0.0,0.0
1779682025221438081,0.01,0.0,0.0,0.0,0.0,0.0
1779682025321549449,0.01,0.0,0.0,0.0,0.0,0.0
1779682025422311436,0.01,0.0,0.0,0.0,0.0,0.0
1779682025522531969,0.01,0.0,0.0,0.0,0.0,0.0
1779682025623105823,0.01,0.0,0.0,0.0,0.0,0.0
1779682025723666547,0.01,0.0,0.0,0.0,0.0,0.0
1779682025823868148,0.01,0.0,0.0,0.0,0.0,0.0
1779682025924284381,0.01,0.0,0.0,0.0,0.0,0.0
1779682026024472372,0.01,0.0,0.0,0.0,0.0,0.0
1779682026124790652,0.01,0.0,0.0,0.0,0.0,0.0
1779682026225563252,0.01,0.0,0.0,0.0,0.0,0.0
1779682026325937410,0.01,0.0,0.0,0.0,0.0,0.0
1779682026426434282,0.01,0.0,0.0,0.0,0.0,0.0
1779682026526970661,0.01,0.0,0.0,0.0,0.0,0.0
1779682026627409350,0.01,0.0,0.0,0.0,0.0,0.0
1779682026727836386,0.01,0.0,0.0,0.0,0.0,0.0
1779682026828357679,0.01,0.0,0.0,0.0,0.0,0.0
1779682026928798712,0.01,0.0,0.0,0.0,0.0,0.0
1779682027029162069,0.01,0.0,0.0,0.0,0.0,0.0
1779682027129359618,0.01,0.0,0.0,0.0,0.0,0.0
1779682027229777738,0.01,0.0,0.0,0.0,0.0,0.0
1779682027330097982,0.01,0.0,0.0,0.0,0.0,0.0
1779682027430767181,0.01,0.0,0.0,0.0,0.0,0.0
1779682027530783052,0.01,0.0,0.0,0.0,0.0,0.0
1779682027631515252,0.01,0.0,0.0,0.0,0.0,0.0
1779682027732297515,0.01,0.0,0.0,0.0,0.0,0.0
1779682027832305143,0.01,0.0,0.0,0.0,0.0,0.0
1779682027932633752,0.01,0.0,0.0,0.0,0.0,0.0
1779682028033145622,0.01,0.0,0.0,0.0,0.0,0.0
1779682028133537353,0.01,0.0,0.0,0.0,0.0,0.0
1779682028233676047,0.01,0.0,0.0,0.0,0.0,0.0
1779682028333971933,0.01,0.0,0.0,0.0,0.0,0.0
1779682028434445792,0.01,0.0,0.0,0.0,0.0,0.0
1779682028534731131,0.01,0.0,0.0,0.0,0.0,0.0
1779682028635409318,0.01,0.0,0.0,0.0,0.0,0.0
1779682028735627596,0.01,0.0,0.0,0.0,0.0,0.0
1779682028835982866,0.01,0.0,0.0,0.0,0.0,0.0
1779682028936400660,0.01,0.0,0.0,0.0,0.0,0.0
1779682029036936204,0.01,0.0,0.0,0.0,0.0,0.0
1779682029137630801,0.01,0.0,0.0,0.0,0.0,0.0
1779682029238285326,0.01,0.0,0.0,0.0,0.0,0.0
1779682029338581233,0.01,0.0,0.0,0.0,0.0,0.0
1779682029438941222,0.01,0.0,0.0,0.0,0.0,0.0
1779682029539438915,0.01,0.0,0.0,0.0,0.0,0.0
1779682029639674004,0.01,0.0,0.0,0.0,0.0,0.0
1779682029740258179,0.01,0.0,0.0,0.0,0.0,0.0
1779682029840660579,0.01,0.0,0.0,0.0,0.0,0.0
1779682029941172502,0.01,0.0,0.0,0.0,0.0,0.0
1779682030041319174,0.01,0.0,0.0,0.0,0.0,0.0
1779682030141627347,0.01,0.0,0.0,0.0,0.0,0.0
1779682030241921419,0.01,0.0,0.0,0.0,0.0,0.0
1779682030342409250,0.01,0.0,0.0,0.0,0.0,0.0
1779682030442833980,0.01,0.0,0.0,0.0,0.0,0.0
1779682030543398579,0.01,0.0,0.0,0.0,0.0,0.0
1779682030643681861,0.01,0.0,0.0,0.0,0.0,0.0
1779682030744149610,0.01,0.0,0.0,0.0,0.0,0.0
1779682030844369982,0.01,0.0,0.0,0.0,0.0,0.0
1779682030944730176,0.01,0.0,0.0,0.0,0.0,0.0
1779682031045223032,0.01,0.0,0.0,0.0,0.0,0.0
1779682031145502258,0.01,0.0,0.0,0.0,0.0,0.0
1779682031245805565,0.01,0.0,0.0,0.0,0.0,0.0
1779682031346191649,0.01,0.0,0.0,0.0,0.0,0.0
1779682031446585302,0.01,0.0,0.0,0.0,0.0,0.0
1779682031546930261,0.01,0.0,0.0,0.0,0.0,0.0
1779682031647094905,0.01,0.0,0.0,0.0,0.0,0.0
1779682031747493379,0.01,0.0,0.0,0.0,0.0,0.0
1779682031847684801,0.01,0.0,0.0,0.0,0.0,0.0
1779682031947877003,0.01,0.0,0.0,0.0,0.0,0.0
1779682032048299315,0.01,0.0,0.0,0.0,0.0,0.0
1779682032148436963,0.01,0.0,0.0,0.0,0.0,0.0
1779682032248758778,0.01,0.0,0.0,0.0,0.0,0.0
1779682032348870516,0.01,0.0,0.0,0.0,0.0,0.0
1779682032449434929,0.01,0.0,0.0,0.0,0.0,0.0
1779682032549951430,0.01,0.0,0.0,0.0,0.0,0.0
1779682032650320875,0.01,0.0,0.0,0.0,0.0,0.0
1779682032750651830,0.01,0.0,0.0,0.0,0.0,0.0
1779682032850906995,0.01,0.0,0.0,0.0,0.0,0.0
1779682032951327136,0.01,0.0,0.0,0.0,0.0,0.0
1779682033051625441,0.01,0.0,0.0,0.0,0.0,0.0
1779682033151887220,0.01,0.0,0.0,0.0,0.0,0.0
1779682033252516339,0.01,0.0,0.0,0.0,0.0,0.0
1779682033352510349,0.01,0.0,0.0,0.0,0.0,0.0
1779682033452989917,0.01,0.0,0.0,0.0,0.0,0.0
1779682033553101428,0.01,0.0,0.0,0.0,0.0,0.0
1779682033653312674,0.01,0.0,0.0,0.0,0.0,0.0
1779682033753722769,0.01,0.0,0.0,0.0,0.0,0.0
1779682033853982983,0.01,0.0,0.0,0.0,0.0,0.0
1779682033954444901,0.01,0.0,0.0,0.0,0.0,0.0
1779682034054539332,0.01,0.0,0.0,0.0,0.0,0.0
1779682034154873139,0.01,0.0,0.0,0.0,0.0,0.0
1779682034255054479,0.01,0.0,0.0,0.0,0.0,0.0
1779682034355285370,0.01,0.0,0.0,0.0,0.0,0.0
1779682034455562177,0.01,0.0,0.0,0.0,0.0,0.0
1779682034556000071,0.01,0.0,0.0,0.0,0.0,0.0
1779682034656419909,0.01,0.0,0.0,0.0,0.0,0.0
1779682034756575468,0.01,0.0,0.0,0.0,0.0,0.0
1779682034856566527,0.01,0.0,0.0,0.0,0.0,0.0
1779682034957118980,0.01,0.0,0.0,0.0,0.0,0.0
1779682035057337354,0.01,0.0,0.0,0.0,0.0,0.0
1779682035158298998,0.01,0.0,0.0,0.0,0.0,0.0
1779682035258379130,0.01,0.0,0.0,0.0,0.0,0.0
1779682035358738759,0.01,0.0,0.0,0.0,0.0,0.0
1779682035458859891,0.01,0.0,0.0,0.0,0.0,0.0
1779682035559857087,0.01,0.0,0.0,0.0,0.0,0.0
1779682035660012905,0.01,0.0,0.0,0.0,0.0,0.0
1779682035760231950,0.01,0.0,0.0,0.0,0.0,0.0
1779682035860644374,0.01,0.0,0.0,0.0,0.0,0.0
1779682035960777894,0.01,0.0,0.0,0.0,0.0,0.0
1779682036061078611,0.01,0.0,0.0,0.0,0.0,0.0
1779682036161529952,0.01,0.0,0.0,0.0,0.0,0.0
1779682036261676612,0.01,0.0,0.0,0.0,0.0,0.0
1779682036362064409,0.01,0.0,0.0,0.0,0.0,0.0
1779682036462693696,0.01,0.0,0.0,0.0,0.0,0.0
1779682036563157103,0.01,0.0,0.0,0.0,0.0,0.0
1779682036663215398,0.01,0.0,0.0,0.0,0.0,0.0
1779682036763542970,0.01,0.0,0.0,0.0,0.0,0.0
1779682036863891366,0.01,0.0,0.0,0.0,0.0,0.0
1779682036964192511,0.01,0.0,0.0,0.0,0.0,0.0
1779682037064715421,0.01,0.0,0.0,0.0,0.0,0.0
1779682037164882954,0.01,0.0,0.0,0.0,0.0,0.0
1779682037265831093,0.01,0.0,0.0,0.0,0.0,0.0
1779682037365921971,0.01,0.0,0.0,0.0,0.0,0.0
1779682037466188927,0.01,0.0,0.0,0.0,0.0,0.0
1779682037566291663,0.01,0.0,0.0,0.0,0.0,0.0
1779682037666752805,0.01,0.0,0.0,0.0,0.0,0.0
1779682037766977365,0.01,0.0,0.0,0.0,0.0,0.0
1779682037867083390,0.01,0.0,0.0,0.0,0.0,0.0
1779682037967415499,0.01,0.0,0.0,0.0,0.0,0.0
1779682038067493444,0.01,0.0,0.0,0.0,0.0,0.0
1779682038167867385,0.01,0.0,0.0,0.0,0.0,0.0
1779682038268025531,0.01,0.0,0.0,0.0,0.0,0.0
1779682038368174081,0.01,0.0,0.0,0.0,0.0,0.0
1779682038468598960,0.01,0.0,0.0,0.0,0.0,0.0
1779682038568859195,0.01,0.0,0.0,0.0,0.0,0.0
1779682038669320805,0.01,0.0,0.0,0.0,0.0,0.0
1779682038769640436,0.01,0.0,0.0,0.0,0.0,0.0
1779682038869859805,0.01,0.0,0.0,0.0,0.0,0.0
1779682038970811529,0.01,0.0,0.0,0.0,0.0,0.0
1779682039071071718,0.01,0.0,0.0,0.0,0.0,0.0
1779682039171284799,0.01,0.0,0.0,0.0,0.0,0.0
1779682039271351531,0.01,0.0,0.0,0.0,0.0,0.0
1779682039371846585,0.01,0.0,0.0,0.0,0.0,0.0
1779682039472076431,0.01,0.0,0.0,0.0,0.0,0.0
1779682039572550639,0.01,0.0,0.0,0.0,0.0,0.0
1779682039672763520,0.01,0.0,0.0,0.0,0.0,0.0
1779682039772943466,0.01,0.0,0.0,0.0,0.0,0.0
1779682039873192871,0.01,0.0,0.0,0.0,0.0,0.0
1779682039973614711,0.01,0.0,0.0,0.0,0.0,0.0
1779682040074328665,0.01,0.0,0.0,0.0,0.0,0.0
1779682040174479611,0.01,0.0,0.0,0.0,0.0,0.0
1779682040274560883,0.01,0.0,0.0,0.0,0.0,0.0
1779682040374939278,0.01,0.0,0.0,0.0,0.0,0.0
1779682040475501532,0.01,0.0,0.0,0.0,0.0,0.0
1779682040575790908,0.01,0.0,0.0,0.0,0.0,0.0
1779682040676155534,0.01,0.0,0.0,0.0,0.0,0.0
1779682040776577607,0.01,0.0,0.0,0.0,0.0,0.0
1779682040876638235,0.01,0.0,0.0,0.0,0.0,0.0
1779682040977074437,0.01,0.0,0.0,0.0,0.0,0.0
1779682041077258549,0.01,0.0,0.0,0.0,0.0,0.0
1779682041177676766,0.01,0.0,0.0,0.0,0.0,0.0
1779682041277740634,0.01,0.0,0.0,0.0,0.0,0.0
1779682041377878286,0.01,0.0,0.0,0.0,0.0,0.0
1779682041478455307,0.01,0.0,0.0,0.0,0.0,0.0
1779682041578552063,0.01,0.0,0.0,0.0,0.0,0.0
1779682041678757858,0.01,0.0,0.0,0.0,0.0,0.0
1779682041779098638,0.01,0.0,0.0,0.0,0.0,0.0
1779682041879527412,0.01,0.0,0.0,0.0,0.0,0.0
1779682041980000696,0.01,0.0,0.0,0.0,0.0,0.0
1779682042080255106,0.01,0.0,0.0,0.0,0.0,0.0
1779682042180499436,0.01,0.0,0.0,0.0,0.0,0.0
1779682042280702880,0.01,0.0,0.0,0.0,0.0,0.0
1779682042380998820,0.01,0.0,0.0,0.0,0.0,0.0
1779682042481399279,0.01,0.0,0.0,0.0,0.0,0.0
1779682042581611937,0.01,0.0,0.0,0.0,0.0,0.0
1779682042682085544,0.01,0.0,0.0,0.0,0.0,0.0
1779682042782439059,0.01,0.0,0.0,0.0,0.0,0.0
1779682042882632085,0.01,0.0,0.0,0.0,0.0,0.0
1779682042983077603,0.01,0.0,0.0,0.0,0.0,0.0
1779682043083295414,0.01,0.0,0.0,0.0,0.0,0.0
1779682043183444401,0.01,0.0,0.0,0.0,0.0,0.0
1779682043283781197,0.01,0.0,0.0,0.0,0.0,0.0
1779682043384132746,0.01,0.0,0.0,0.0,0.0,0.0
1779682043484261371,0.01,0.0,0.0,0.0,0.0,0.0
1779682043584824485,0.01,0.0,0.0,0.0,0.0,0.0
1779682043685349402,0.01,0.0,0.0,0.0,0.0,0.0
1779682043785598169,0.01,0.0,0.0,0.0,0.0,0.0
1779682043885751195,0.01,0.0,0.0,0.0,0.0,0.0
1779682043986237659,0.01,0.0,0.0,0.0,0.0,0.0
1779682044086775173,0.01,0.0,0.0,0.0,0.0,0.0
1779682044186798819,0.01,0.0,0.0,0.0,0.0,0.0
1779682044287455561,0.01,0.0,0.0,0.0,0.0,0.0
1779682044387625839,0.01,0.0,0.0,0.0,0.0,0.0
1779682044487932714,0.01,0.0,0.0,0.0,0.0,0.0
1779682044588084439,0.01,0.0,0.0,0.0,0.0,0.0
1779682044688300012,0.01,0.0,0.0,0.0,0.0,0.0
1779682044788527543,0.01,0.0,0.0,0.0,0.0,0.0
1779682044888905746,0.01,0.0,0.0,0.0,0.0,0.0
1779682044989259138,0.01,0.0,0.0,0.0,0.0,0.0
1779682045089532409,0.01,0.0,0.0,0.0,0.0,0.0
1779682045189805048,0.01,0.0,0.0,0.0,0.0,0.0
1779682045290092250,0.01,0.0,0.0,0.0,0.0,0.0
1779682045390509162,0.01,0.0,0.0,0.0,0.0,0.0
1779682045490832318,0.01,0.0,0.0,0.0,0.0,0.0
1779682045590947348,0.01,0.0,0.0,0.0,0.0,0.0
1779682045691337903,0.01,0.0,0.0,0.0,0.0,0.0
1779682045791613482,0.01,0.0,0.0,0.0,0.0,0.0
1779682045892314512,0.01,0.0,0.0,0.0,0.0,0.0
1779682045992821027,0.01,0.0,0.0,0.0,0.0,0.0
1779682046093195369,0.01,0.0,0.0,0.0,0.0,0.0
1779682046193408477,0.01,0.0,0.0,0.0,0.0,0.0
1779682046293874449,0.01,0.0,0.0,0.0,0.0,0.0
1779682046394179969,0.01,0.0,0.0,0.0,0.0,0.0
1779682046496541489,0.01,0.0,0.0,0.0,0.0,0.0
1779682046595385862,0.01,0.0,0.0,0.0,0.0,0.0
1779682046695594981,0.01,0.0,0.0,0.0,0.0,0.0
1779682046796038538,0.01,0.0,0.0,0.0,0.0,0.0
1779682046896493130,0.01,0.0,0.0,0.0,0.0,0.0
1779682046996770443,0.01,0.0,0.0,0.0,0.0,0.0
1779682047097063388,0.01,0.0,0.0,0.0,0.0,0.0
1779682047197571196,0.01,0.0,0.0,0.0,0.0,0.0
1779682047297822416,0.01,0.0,0.0,0.0,0.0,0.0
1779682047398168992,0.01,0.0,0.0,0.0,0.0,0.0
1779682047498487311,0.01,0.0,0.0,0.0,0.0,0.0
1779682047598702247,0.01,0.0,0.0,0.0,0.0,0.0
1779682047699368772,0.01,0.0,0.0,0.0,0.0,0.0
1779682047799589930,0.01,0.0,0.0,0.0,0.0,0.0
1779682047900257612,0.01,0.0,0.0,0.0,0.0,0.0
1779682048000424465,0.01,0.0,0.0,0.0,0.0,0.0
1779682048100721779,0.01,0.0,0.0,0.0,0.0,0.0
1779682048201128571,0.01,0.0,0.0,0.0,0.0,0.0
1779682048301555936,0.01,0.0,0.0,0.0,0.0,0.0
1779682048401813065,0.01,0.0,0.0,0.0,0.0,0.0
1779682048502136294,0.01,0.0,0.0,0.0,0.0,0.0
1779682048602470805,0.01,0.0,0.0,0.0,0.0,0.0
1779682048702814894,0.01,0.0,0.0,0.0,0.0,0.0
1779682048803126785,0.01,0.0,0.0,0.0,0.0,0.0
1779682048903626514,0.01,0.0,0.0,0.0,0.0,0.0
1779682049004111471,0.01,0.0,0.0,0.0,0.0,0.0
1779682049104380912,0.01,0.0,0.0,0.0,0.0,0.0
1779682049204841764,0.01,0.0,0.0,0.0,0.0,0.0
1779682049305345271,0.01,0.0,0.0,0.0,0.0,0.0
1779682049405720054,0.01,0.0,0.0,0.0,0.0,0.0
1779682049506308534,0.01,0.0,0.0,0.0,0.0,0.0
1779682049606865738,0.01,0.0,0.0,0.0,0.0,0.0
1779682049707116678,0.01,0.0,0.0,0.0,0.0,0.0
1779682049808357391,0.01,0.0,0.0,0.0,0.0,0.0
1779682049907721092,0.01,0.0,0.0,0.0,0.0,0.0
1779682050008003089,0.01,0.0,0.0,0.0,0.0,0.0
1779682050108487648,0.01,0.0,0.0,0.0,0.0,0.0
1779682050208885165,0.01,0.0,0.0,0.0,0.0,0.0
1779682050309410206,0.01,0.0,0.0,0.0,0.0,0.0
1779682050409771989,0.01,0.0,0.0,0.0,0.0,0.0
1779682050510155645,0.01,0.0,0.0,0.0,0.0,0.0
1779682050610464749,0.01,0.0,0.0,0.0,0.0,0.0
1779682050710835109,0.01,0.0,0.0,0.0,0.0,0.0
1779682050811247694,0.01,0.0,0.0,0.0,0.0,0.0
1779682050911672264,0.01,0.0,0.0,0.0,0.0,0.0
1779682051012518509,0.01,0.0,0.0,0.0,0.0,0.0
1779682051113612096,0.01,0.0,0.0,0.0,0.0,0.0
1779682051213704544,0.01,0.0,0.0,0.0,0.0,0.0
1779682051314196243,0.01,0.0,0.0,0.0,0.0,0.0
1779682051414519995,0.01,0.0,0.0,0.0,0.0,0.0
1779682051514986042,0.01,0.0,0.0,0.0,0.0,0.0
1779682051615530433,0.01,0.0,0.0,0.0,0.0,0.0
1779682051715692732,0.01,0.0,0.0,0.0,0.0,0.0
1779682051816201829,0.01,0.0,0.0,0.0,0.0,0.0
1779682051916407776,0.01,0.0,0.0,0.0,0.0,0.0
1779682052017034569,0.01,0.0,0.0,0.0,0.0,0.0
1779682052117399716,0.01,0.0,0.0,0.0,0.0,0.0
1779682052217662756,0.01,0.0,0.0,0.0,0.0,0.0
1779682052317801859,0.01,0.0,0.0,0.0,0.0,0.0
1779682052418913278,0.01,0.0,0.0,0.0,0.0,0.0
1779682052519032982,0.01,0.0,0.0,0.0,0.0,0.0
1779682052619455335,0.01,0.0,0.0,0.0,0.0,0.0
1779682052719732785,0.01,0.0,0.0,0.0,0.0,0.0
1779682052820087197,0.01,0.0,0.0,0.0,0.0,0.0
1779682052920277842,0.01,0.0,0.0,0.0,0.0,0.0
1779682053020651162,0.01,0.0,0.0,0.0,0.0,0.0
1779682053120871531,0.01,0.0,0.0,0.0,0.0,0.0
1779682053221212577,0.01,0.0,0.0,0.0,0.0,0.0
1779682053321319961,0.01,0.0,0.0,0.0,0.0,0.0
1779682053421496932,0.01,0.0,0.0,0.0,0.0,0.0
1779682053522065091,0.01,0.0,0.0,0.0,0.0,0.0
1779682053622398925,0.01,0.0,0.0,0.0,0.0,0.0
1779682053722314041,0.01,0.0,0.0,0.0,0.0,0.0
1779682053822936004,0.01,0.0,0.0,0.0,0.0,0.0
1779682053922869040,0.01,0.0,0.0,0.0,0.0,0.0
1779682054023394056,0.01,0.0,0.0,0.0,0.0,0.0
1779682054123844175,0.01,0.0,0.0,0.0,0.0,0.0
1779682054224153862,0.01,0.0,0.0,0.0,0.0,0.0
1779682054324492804,0.01,0.0,0.0,0.0,0.0,0.0
1779682054424636132,0.01,0.0,0.0,0.0,0.0,0.0
1779682054524859209,0.01,0.0,0.0,0.0,0.0,0.0
1779682054625155340,0.01,0.0,0.0,0.0,0.0,0.0
1779682054725739907,0.01,0.0,0.0,0.0,0.0,0.0
1779682054825951570,0.01,0.0,0.0,0.0,0.0,0.0
1779682054926136695,0.01,0.0,0.0,0.0,0.0,0.0
1779682055026432390,0.01,0.0,0.0,0.0,0.0,0.0
1779682055126511883,0.01,0.0,0.0,0.0,0.0,0.0
1779682055226887358,0.01,0.0,0.0,0.0,0.0,0.0
1779682055327366444,0.01,0.0,0.0,0.0,0.0,0.0
1779682055427672475,0.01,0.0,0.0,0.0,0.0,0.0
1779682055527815069,0.01,0.0,0.0,0.0,0.0,0.0
1779682055628281652,0.01,0.0,0.0,0.0,0.0,0.0
1779682055728356182,0.01,0.0,0.0,0.0,0.0,0.0
1779682055828746231,0.01,0.0,0.0,0.0,0.0,0.0
1779682055929110524,0.01,0.0,0.0,0.0,0.0,0.0
1779682056029412853,0.01,0.0,0.0,0.0,0.0,0.0
1779682056129662059,0.01,0.0,0.0,0.0,0.0,0.0
1779682056230046420,0.01,0.0,0.0,0.0,0.0,0.0
1779682056330620242,0.01,0.0,0.0,0.0,0.0,0.0
1779682056431218981,0.01,0.0,0.0,0.0,0.0,0.0
1779682056531443854,0.01,0.0,0.0,0.0,0.0,0.0
1779682056631826504,0.01,0.0,0.0,0.0,0.0,0.0
1779682056732115028,0.01,0.0,0.0,0.0,0.0,0.0
1779682056832427133,0.01,0.0,0.0,0.0,0.0,0.0
1779682056932584929,0.01,0.0,0.0,0.0,0.0,0.0
1779682057033074224,0.01,0.0,0.0,0.0,0.0,0.0
1779682057133254026,0.01,0.0,0.0,0.0,0.0,0.0
1779682057233548382,0.01,0.0,0.0,0.0,0.0,0.0
1779682057333706745,0.01,0.0,0.0,0.0,0.0,0.0
1779682057434036794,0.01,0.0,0.0,0.0,0.0,0.0
1779682057534315271,0.01,0.0,0.0,0.0,0.0,0.0
1779682057634518602,0.01,0.0,0.0,0.0,0.0,0.0
1779682057734951763,0.01,0.0,0.0,0.0,0.0,0.0
1779682057835363546,0.01,0.0,0.0,0.0,0.0,0.0
1779682057936009327,0.01,0.0,0.0,0.0,0.0,0.0
1779682058036452661,0.01,0.0,0.0,0.0,0.0,0.0
1779682058136612368,0.01,0.0,0.0,0.0,0.0,0.0
1779682058237181516,0.01,0.0,0.0,0.0,0.0,0.0
1779682058337513022,0.01,0.0,0.0,0.0,0.0,0.0
1779682058437889278,0.01,0.0,0.0,0.0,0.0,0.0
1779682058538317559,0.01,0.0,0.0,0.0,0.0,0.0
1779682058638654514,0.01,0.0,0.0,0.0,0.0,0.0
1779682058738824422,0.01,0.0,0.0,0.0,0.0,0.0
1779682058839319913,0.01,0.0,0.0,0.0,0.0,0.0
1779682058939324904,0.01,0.0,0.0,0.0,0.0,0.0
1779682059039719135,0.01,0.0,0.0,0.0,0.0,0.0
1779682059140216411,0.01,0.0,0.0,0.0,0.0,0.0
1779682059240834370,0.01,0.0,0.0,0.0,0.0,0.0
1779682059341117253,0.01,0.0,0.0,0.0,0.0,0.0
1779682059441562726,0.01,0.0,0.0,0.0,0.0,0.0
1779682059542008608,0.01,0.0,0.0,0.0,0.0,0.0
1779682059642224537,0.01,0.0,0.0,0.0,0.0,0.0
1779682059742506457,0.01,0.0,0.0,0.0,0.0,0.0
1779682059845379285,0.01,0.0,0.0,0.0,0.0,0.0
1779682059945648137,0.01,0.0,0.0,0.0,0.0,0.0
1779682060045820113,0.01,0.0,0.0,0.0,0.0,0.0
1779682060146868803,0.01,0.0,0.0,0.0,0.0,0.0
1779682060246949606,0.01,0.0,0.0,0.0,0.0,0.0
1779682060347281995,0.01,0.0,0.0,0.0,0.0,0.0
1779682060447429952,0.01,0.0,0.0,0.0,0.0,0.0
1779682060547657173,0.01,0.0,0.0,0.0,0.0,0.0
1779682060647981539,0.01,0.0,0.0,0.0,0.0,0.0
1779682060748354719,0.01,0.0,0.0,0.0,0.0,0.0
1779682060848581961,0.01,0.0,0.0,0.0,0.0,0.0
1779682060948895159,0.01,0.0,0.0,0.0,0.0,0.0
1779682061049158690,0.01,0.0,0.0,0.0,0.0,0.0
1779682061149607411,0.01,0.0,0.0,0.0,0.0,0.0
1779682061249738277,0.01,0.0,0.0,0.0,0.0,0.0
1779682061350153076,0.01,0.0,0.0,0.0,0.0,0.0
1779682061450267442,0.01,0.0,0.0,0.0,0.0,0.0
1779682061550522657,0.01,0.0,0.0,0.0,0.0,0.0
1779682061650893804,0.01,0.0,0.0,0.0,0.0,0.0
1779682061751235988,0.01,0.0,0.0,0.0,0.0,0.0
1779682061851503163,0.01,0.0,0.0,0.0,0.0,0.0
1779682061951741021,0.01,0.0,0.0,0.0,0.0,0.0
1779682062052057478,0.01,0.0,0.0,0.0,0.0,0.0
1779682062152617835,0.01,0.0,0.0,0.0,0.0,0.0
1779682062252958759,0.01,0.0,0.0,0.0,0.0,0.0
1779682062353708199,0.01,0.0,0.0,0.0,0.0,0.0
1779682062453714598,0.01,0.0,0.0,0.0,0.0,0.0
1779682062554172014,0.01,0.0,0.0,0.0,0.0,0.0
1779682062654495466,0.01,0.0,0.0,0.0,0.0,0.0
1779682062754668727,0.01,0.0,0.0,0.0,0.0,0.0
1779682062855044626,0.01,0.0,0.0,0.0,0.0,0.0
1779682062955273848,0.01,0.0,0.0,0.0,0.0,0.0
1779682063055688938,0.01,0.0,0.0,0.0,0.0,0.0
1779682063155864451,0.01,0.0,0.0,0.0,0.0,0.0
1779682063256411753,0.01,0.0,0.0,0.0,0.0,0.0
1779682063356606843,0.01,0.0,0.0,0.0,0.0,0.0
1779682063457093331,0.01,0.0,0.0,0.0,0.0,0.0
1779682063557304644,0.01,0.0,0.0,0.0,0.0,0.0
1779682063657796620,0.01,0.0,0.0,0.0,0.0,0.0
1779682063758176933,0.01,0.0,0.0,0.0,0.0,0.0
1779682063858466445,0.01,0.0,0.0,0.0,0.0,0.0
1779682063958801657,0.01,0.0,0.0,0.0,0.0,0.0
1779682064059318824,0.01,0.0,0.0,0.0,0.0,0.0
1779682064159441317,0.01,0.0,0.0,0.0,0.0,0.0
1779682064259850692,0.01,0.0,0.0,0.0,0.0,0.0
1779682064359964679,0.01,0.0,0.0,0.0,0.0,0.0
1779682064460311736,0.01,0.0,0.0,0.0,0.0,0.0
1779682064560989513,0.01,0.0,0.0,0.0,0.0,0.0
1779682064661159194,0.01,0.0,0.0,0.0,0.0,0.0
1779682064761535505,0.01,0.0,0.0,0.0,0.0,0.0
1779682064861861418,0.01,0.0,0.0,0.0,0.0,0.0
1779682064962502897,0.01,0.0,0.0,0.0,0.0,0.0
1779682065062636550,0.01,0.0,0.0,0.0,0.0,0.0
1779682065162901442,0.01,0.0,0.0,0.0,0.0,0.0
1779682065263237899,0.01,0.0,0.0,0.0,0.0,0.0
1779682065363562774,0.01,0.0,0.0,0.0,0.0,0.0
1779682065463763273,0.01,0.0,0.0,0.0,0.0,0.0
1779682065567159799,0.01,0.0,0.0,0.0,0.0,0.0
1779682065664384757,0.01,0.0,0.0,0.0,0.0,0.0
1779682065764711350,0.01,0.0,0.0,0.0,0.0,0.0
1779682065865006342,0.01,0.0,0.0,0.0,0.0,0.0
1779682065965222951,0.01,0.0,0.0,0.0,0.0,0.0
1779682066065389301,0.01,0.0,0.0,0.0,0.0,0.0
1779682066165627763,0.01,0.0,0.0,0.0,0.0,0.0
1779682066265944722,0.01,0.0,0.0,0.0,0.0,0.0
1779682066369297042,0.01,0.0,0.0,0.0,0.0,0.0
1779682066466483876,0.01,0.0,0.0,0.0,0.0,0.0
1779682066566861712,0.01,0.0,0.0,0.0,0.0,0.0
1779682066667111535,0.01,0.0,0.0,0.0,0.0,0.0
1779682066767259420,0.01,0.0,0.0,0.0,0.0,0.0
1779682066869664717,0.01,0.0,0.0,0.0,0.0,0.0
1779682066968425064,0.01,0.0,0.0,0.0,0.0,0.0
1779682066977806304,0.0,0.0,0.0,0.0,0.0,0.0
1779682067078186843,0.0,0.0,0.0,0.0,0.0,0.0
1779682067178370440,0.0,0.0,0.0,0.0,0.0,0.0
1779682067278800042,0.0,0.0,0.0,0.0,0.0,0.0
1779682067378933748,0.0,0.0,0.0,0.0,0.0,0.0
1779682067479165063,0.0,0.0,0.0,0.0,0.0,0.0
1779682067579505549,0.0,0.0,0.0,0.0,0.0,0.0
1779682067679607262,0.0,0.0,0.0,0.0,0.0,0.0
1779682067779831964,0.0,0.0,0.0,0.0,0.0,0.0
1779682067880168315,0.0,0.0,0.0,0.0,0.0,0.0
1779682067980301225,0.0,0.0,0.0,0.0,0.0,0.0
1779682068080701025,0.0,0.0,0.0,0.0,0.0,0.0
1779682068110310714,0.0,0.0,0.0,0.0,0.0,0.05
1779682068210793023,0.0,0.0,0.0,0.0,0.0,0.1
1779682068310907163,0.0,0.0,0.0,0.0,0.0,0.1
1779682068411302372,0.0,0.0,0.0,0.0,0.0,0.1
1779682068512475764,0.0,0.0,0.0,0.0,0.0,0.1
1779682068612417636,0.0,0.0,0.0,0.0,0.0,0.1
1779682068713285342,0.0,0.0,0.0,0.0,0.0,0.1
1779682068813730085,0.0,0.0,0.0,0.0,0.0,0.1
1779682068914350477,0.0,0.0,0.0,0.0,0.0,0.1
1779682069014610138,0.0,0.0,0.0,0.0,0.0,0.1
1779682069114887356,0.0,0.0,0.0,0.0,0.0,0.1
1779682069215368995,0.0,0.0,0.0,0.0,0.0,0.1
1779682069316002980,0.0,0.0,0.0,0.0,0.0,0.1
1779682069381056429,0.0,0.0,0.0,0.0,0.0,0.05
1779682069481343410,0.0,0.0,0.0,0.0,0.0,0.0
1779682069581719570,0.0,0.0,0.0,0.0,0.0,0.0
1779682069681848636,0.0,0.0,0.0,0.0,0.0,0.0
1779682069730408031,0.0,0.0,0.0,0.0,0.0,0.0
1779682069830666705,0.0,0.0,0.0,0.0,0.0,0.0
1779682069930966053,0.0,0.0,0.0,0.0,0.0,0.0
1779682070031135931,0.0,0.0,0.0,0.0,0.0,0.0
1779682070131318317,0.0,0.0,0.0,0.0,0.0,0.0
1779682070231559118,0.0,0.0,0.0,0.0,0.0,0.0
1779682070331671989,0.0,0.0,0.0,0.0,0.0,0.0
1779682070337364993,0.0,0.0,0.0,0.0,0.0,-0.05
1779682070437773366,0.0,0.0,0.0,0.0,0.0,-0.1
1779682070537830002,0.0,0.0,0.0,0.0,0.0,-0.1
1779682070638319948,0.0,0.0,0.0,0.0,0.0,-0.1
1779682070738515904,0.0,0.0,0.0,0.0,0.0,-0.1
1779682070839111261,0.0,0.0,0.0,0.0,0.0,-0.1
1779682070939311543,0.0,0.0,0.0,0.0,0.0,-0.1
1779682071039345708,0.0,0.0,0.0,0.0,0.0,-0.1
1779682071139721347,0.0,0.0,0.0,0.0,0.0,-0.1
1779682071239891245,0.0,0.0,0.0,0.0,0.0,-0.1
1779682071340542164,0.0,0.0,0.0,0.0,0.0,-0.1
1779682071440322624,0.0,0.0,0.0,0.0,0.0,-0.1
1779682071540475282,0.0,0.0,0.0,0.0,0.0,-0.1
1779682071640635426,0.0,0.0,0.0,0.0,0.0,-0.1
1779682071741072688,0.0,0.0,0.0,0.0,0.0,-0.1
1779682071841337604,0.0,0.0,0.0,0.0,0.0,-0.1
1779682071941431008,0.0,0.0,0.0,0.0,0.0,-0.1
1779682072041647224,0.0,0.0,0.0,0.0,0.0,-0.1
1779682072141882866,0.0,0.0,0.0,0.0,0.0,-0.1
1779682072242351420,0.0,0.0,0.0,0.0,0.0,-0.1
1779682072342561401,0.0,0.0,0.0,0.0,0.0,-0.1
1779682072443135961,0.0,0.0,0.0,0.0,0.0,-0.1
1779682072543345825,0.0,0.0,0.0,0.0,0.0,-0.1
1779682072643604417,0.0,0.0,0.0,0.0,0.0,-0.1
1779682072743837955,0.0,0.0,0.0,0.0,0.0,-0.1
1779682072844380525,0.0,0.0,0.0,0.0,0.0,-0.1
1779682072944430254,0.0,0.0,0.0,0.0,0.0,-0.1
1779682073044584087,0.0,0.0,0.0,0.0,0.0,-0.1
1779682073144859808,0.0,0.0,0.0,0.0,0.0,-0.1
1779682073245134054,0.0,0.0,0.0,0.0,0.0,-0.1
1779682073345812450,0.0,0.0,0.0,0.0,0.0,-0.1
1779682073445898462,0.0,0.0,0.0,0.0,0.0,-0.1
1779682073546385214,0.0,0.0,0.0,0.0,0.0,-0.1
1779682073646496133,0.0,0.0,0.0,0.0,0.0,-0.1
1779682073746934365,0.0,0.0,0.0,0.0,0.0,-0.1
1779682073847336093,0.0,0.0,0.0,0.0,0.0,-0.1
1779682073947612597,0.0,0.0,0.0,0.0,0.0,-0.1
1779682074047845927,0.0,0.0,0.0,0.0,0.0,-0.1
1779682074148181435,0.0,0.0,0.0,0.0,0.0,-0.1
1779682074248626517,0.0,0.0,0.0,0.0,0.0,-0.1
1779682074349008545,0.0,0.0,0.0,0.0,0.0,-0.1
1779682074449238069,0.0,0.0,0.0,0.0,0.0,-0.1
1779682074549631000,0.0,0.0,0.0,0.0,0.0,-0.1
1779682074649854685,0.0,0.0,0.0,0.0,0.0,-0.1
1779682074750073747,0.0,0.0,0.0,0.0,0.0,-0.1
1779682074850692118,0.0,0.0,0.0,0.0,0.0,-0.1
1779682074950786610,0.0,0.0,0.0,0.0,0.0,-0.1
1779682075051131219,0.0,0.0,0.0,0.0,0.0,-0.1
1779682075151259853,0.0,0.0,0.0,0.0,0.0,-0.1
1779682075251715868,0.0,0.0,0.0,0.0,0.0,-0.1
1779682075351889725,0.0,0.0,0.0,0.0,0.0,-0.1
1779682075452244948,0.0,0.0,0.0,0.0,0.0,-0.1
1779682075552496145,0.0,0.0,0.0,0.0,0.0,-0.1
1779682075652976936,0.0,0.0,0.0,0.0,0.0,-0.1
1779682075753357499,0.0,0.0,0.0,0.0,0.0,-0.1
1779682075853616127,0.0,0.0,0.0,0.0,0.0,-0.1
1779682075953799239,0.0,0.0,0.0,0.0,0.0,-0.1
1779682076054071953,0.0,0.0,0.0,0.0,0.0,-0.1
1779682076154476201,0.0,0.0,0.0,0.0,0.0,-0.1
1779682076254699792,0.0,0.0,0.0,0.0,0.0,-0.1
1779682076355510181,0.0,0.0,0.0,0.0,0.0,-0.1
1779682076455701563,0.0,0.0,0.0,0.0,0.0,-0.1
1779682076555909374,0.0,0.0,0.0,0.0,0.0,-0.1
1779682076656216043,0.0,0.0,0.0,0.0,0.0,-0.1
1779682076756408269,0.0,0.0,0.0,0.0,0.0,-0.1
1779682076856623082,0.0,0.0,0.0,0.0,0.0,-0.1
1779682076956930697,0.0,0.0,0.0,0.0,0.0,-0.1
1779682077057512638,0.0,0.0,0.0,0.0,0.0,-0.1
1779682077157810077,0.0,0.0,0.0,0.0,0.0,-0.1
1779682077258338563,0.0,0.0,0.0,0.0,0.0,-0.1
1779682077358476060,0.0,0.0,0.0,0.0,0.0,-0.1
1779682077458890640,0.0,0.0,0.0,0.0,0.0,-0.1
1779682077559298163,0.0,0.0,0.0,0.0,0.0,-0.1
1779682077659846809,0.0,0.0,0.0,0.0,0.0,-0.1
1779682077759924475,0.0,0.0,0.0,0.0,0.0,-0.1
1779682077860265762,0.0,0.0,0.0,0.0,0.0,-0.1
1779682077960601106,0.0,0.0,0.0,0.0,0.0,-0.1
1779682078061090281,0.0,0.0,0.0,0.0,0.0,-0.1
1779682078161702130,0.0,0.0,0.0,0.0,0.0,-0.1
1779682078261934215,0.0,0.0,0.0,0.0,0.0,-0.1
1779682078362256416,0.0,0.0,0.0,0.0,0.0,-0.1
1779682078462492426,0.0,0.0,0.0,0.0,0.0,-0.1
1779682078562913320,0.0,0.0,0.0,0.0,0.0,-0.1
1779682078663158525,0.0,0.0,0.0,0.0,0.0,-0.1
1779682078763376244,0.0,0.0,0.0,0.0,0.0,-0.1
1779682078863730500,0.0,0.0,0.0,0.0,0.0,-0.1
1779682078964087558,0.0,0.0,0.0,0.0,0.0,-0.1
1779682079064422123,0.0,0.0,0.0,0.0,0.0,-0.1
1779682079164733030,0.0,0.0,0.0,0.0,0.0,-0.1
1779682079265059329,0.0,0.0,0.0,0.0,0.0,-0.1
1779682079365209616,0.0,0.0,0.0,0.0,0.0,-0.1
1779682079465745771,0.0,0.0,0.0,0.0,0.0,-0.1
1779682079565977904,0.0,0.0,0.0,0.0,0.0,-0.1
1779682079666099547,0.0,0.0,0.0,0.0,0.0,-0.1
1779682079757568510,0.0,0.0,0.0,0.0,0.0,0.0
1779682079857727015,0.0,0.0,0.0,0.0,0.0,0.0
1779682079958008166,0.0,0.0,0.0,0.0,0.0,0.0
1779682080058369686,0.0,0.0,0.0,0.0,0.0,0.0
1779682080158621435,0.0,0.0,0.0,0.0,0.0,0.0
1779682080198363422,0.005,0.0,0.0,0.0,0.0,0.0
1779682080298733401,0.01,0.0,0.0,0.0,0.0,0.0
1779682080398911509,0.01,0.0,0.0,0.0,0.0,0.0
1779682080499142413,0.01,0.0,0.0,0.0,0.0,0.0
1779682080599394569,0.01,0.0,0.0,0.0,0.0,0.0
1779682080699715114,0.01,0.0,0.0,0.0,0.0,0.0
1779682080799994146,0.01,0.0,0.0,0.0,0.0,0.0
1779682080900430391,0.01,0.0,0.0,0.0,0.0,0.0
1779682081000584617,0.01,0.0,0.0,0.0,0.0,0.0
1779682081100880464,0.01,0.0,0.0,0.0,0.0,0.0
1779682081201051923,0.01,0.0,0.0,0.0,0.0,0.0
1779682081301348785,0.01,0.0,0.0,0.0,0.0,0.0
1779682081401664172,0.01,0.0,0.0,0.0,0.0,0.0
1779682081501904063,0.01,0.0,0.0,0.0,0.0,0.0
1779682081602447232,0.01,0.0,0.0,0.0,0.0,0.0
1779682081702718661,0.01,0.0,0.0,0.0,0.0,0.0
1779682081802911510,0.01,0.0,0.0,0.0,0.0,0.0
1779682081903144915,0.01,0.0,0.0,0.0,0.0,0.0
1779682082003629099,0.01,0.0,0.0,0.0,0.0,0.0
1779682082103844799,0.01,0.0,0.0,0.0,0.0,0.0
1779682082204182351,0.01,0.0,0.0,0.0,0.0,0.0
1779682082304466312,0.01,0.0,0.0,0.0,0.0,0.0
1779682082404905464,0.01,0.0,0.0,0.0,0.0,0.0
1779682082505190525,0.01,0.0,0.0,0.0,0.0,0.0
1779682082605774417,0.01,0.0,0.0,0.0,0.0,0.0
1779682082707153889,0.01,0.0,0.0,0.0,0.0,0.0
1779682082806127349,0.01,0.0,0.0,0.0,0.0,0.0
1779682082906492817,0.01,0.0,0.0,0.0,0.0,0.0
1779682083006668372,0.01,0.0,0.0,0.0,0.0,0.0
1779682083106965095,0.01,0.0,0.0,0.0,0.0,0.0
1779682083207202053,0.01,0.0,0.0,0.0,0.0,0.0
1779682083307654432,0.01,0.0,0.0,0.0,0.0,0.0
1779682083407841870,0.01,0.0,0.0,0.0,0.0,0.0
1779682083508029136,0.01,0.0,0.0,0.0,0.0,0.0
1779682083608593632,0.01,0.0,0.0,0.0,0.0,0.0
1779682083708660076,0.01,0.0,0.0,0.0,0.0,0.0
1779682083808942399,0.01,0.0,0.0,0.0,0.0,0.0
1779682083909380422,0.01,0.0,0.0,0.0,0.0,0.0
1779682084009626994,0.01,0.0,0.0,0.0,0.0,0.0
1779682084110191560,0.01,0.0,0.0,0.0,0.0,0.0
1779682084210305105,0.01,0.0,0.0,0.0,0.0,0.0
1779682084310502233,0.01,0.0,0.0,0.0,0.0,0.0
1779682084410879011,0.01,0.0,0.0,0.0,0.0,0.0
1779682084511303036,0.01,0.0,0.0,0.0,0.0,0.0
1779682084611531208,0.01,0.0,0.0,0.0,0.0,0.0
1779682084712042298,0.01,0.0,0.0,0.0,0.0,0.0
1779682084812362678,0.01,0.0,0.0,0.0,0.0,0.0
1779682084912566954,0.01,0.0,0.0,0.0,0.0,0.0
1779682085012955645,0.01,0.0,0.0,0.0,0.0,0.0
1779682085113508040,0.01,0.0,0.0,0.0,0.0,0.0
1779682085213882657,0.01,0.0,0.0,0.0,0.0,0.0
1779682085314089766,0.01,0.0,0.0,0.0,0.0,0.0
1779682085414402372,0.01,0.0,0.0,0.0,0.0,0.0
1779682085514680021,0.01,0.0,0.0,0.0,0.0,0.0
1779682085615067267,0.01,0.0,0.0,0.0,0.0,0.0
1779682085715580885,0.01,0.0,0.0,0.0,0.0,0.0
1779682085816106884,0.01,0.0,0.0,0.0,0.0,0.0
1779682085916305260,0.01,0.0,0.0,0.0,0.0,0.0
1779682086016747089,0.01,0.0,0.0,0.0,0.0,0.0
1779682086117650003,0.01,0.0,0.0,0.0,0.0,0.0
1779682086217829462,0.01,0.0,0.0,0.0,0.0,0.0
1779682086318394917,0.01,0.0,0.0,0.0,0.0,0.0
1779682086418660842,0.01,0.0,0.0,0.0,0.0,0.0
1779682086519319310,0.01,0.0,0.0,0.0,0.0,0.0
1779682086619618074,0.01,0.0,0.0,0.0,0.0,0.0
1779682086720047368,0.01,0.0,0.0,0.0,0.0,0.0
1779682086820265828,0.01,0.0,0.0,0.0,0.0,0.0
1779682086920800898,0.01,0.0,0.0,0.0,0.0,0.0
1779682087021143552,0.01,0.0,0.0,0.0,0.0,0.0
1779682087121422177,0.01,0.0,0.0,0.0,0.0,0.0
1779682087221795602,0.01,0.0,0.0,0.0,0.0,0.0
1779682087322087331,0.01,0.0,0.0,0.0,0.0,0.0
1779682087422722633,0.01,0.0,0.0,0.0,0.0,0.0
1779682087522937177,0.01,0.0,0.0,0.0,0.0,0.0
1779682087623604008,0.01,0.0,0.0,0.0,0.0,0.0
1779682087723882807,0.01,0.0,0.0,0.0,0.0,0.0
1779682087824384363,0.01,0.0,0.0,0.0,0.0,0.0
1779682087924796611,0.01,0.0,0.0,0.0,0.0,0.0
1779682088024801342,0.01,0.0,0.0,0.0,0.0,0.0
1779682088126103876,0.01,0.0,0.0,0.0,0.0,0.0
1779682088226749930,0.01,0.0,0.0,0.0,0.0,0.0
1779682088326957195,0.01,0.0,0.0,0.0,0.0,0.0
1779682088427245767,0.01,0.0,0.0,0.0,0.0,0.0
1779682088527631189,0.01,0.0,0.0,0.0,0.0,0.0
1779682088628065779,0.01,0.0,0.0,0.0,0.0,0.0
1779682088728374585,0.01,0.0,0.0,0.0,0.0,0.0
1779682088828802548,0.01,0.0,0.0,0.0,0.0,0.0
1779682088929188106,0.01,0.0,0.0,0.0,0.0,0.0
1779682089029299868,0.01,0.0,0.0,0.0,0.0,0.0
1779682089129719895,0.01,0.0,0.0,0.0,0.0,0.0
1779682089230403153,0.01,0.0,0.0,0.0,0.0,0.0
1779682089330386793,0.01,0.0,0.0,0.0,0.0,0.0
1779682089431269047,0.01,0.0,0.0,0.0,0.0,0.0
1779682089531376179,0.01,0.0,0.0,0.0,0.0,0.0
1779682089631693173,0.01,0.0,0.0,0.0,0.0,0.0
1779682089732192250,0.01,0.0,0.0,0.0,0.0,0.0
1779682089832507701,0.01,0.0,0.0,0.0,0.0,0.0
1779682089932584912,0.01,0.0,0.0,0.0,0.0,0.0
1779682090033158906,0.01,0.0,0.0,0.0,0.0,0.0
1779682090133240027,0.01,0.0,0.0,0.0,0.0,0.0
1779682090233485254,0.01,0.0,0.0,0.0,0.0,0.0
1779682090333941701,0.01,0.0,0.0,0.0,0.0,0.0
1779682090434275819,0.01,0.0,0.0,0.0,0.0,0.0
1779682090534411239,0.01,0.0,0.0,0.0,0.0,0.0
1779682090634562381,0.01,0.0,0.0,0.0,0.0,0.0
1779682090734931761,0.01,0.0,0.0,0.0,0.0,0.0
1779682090835227923,0.01,0.0,0.0,0.0,0.0,0.0
1779682090935547841,0.01,0.0,0.0,0.0,0.0,0.0
1779682091035949196,0.01,0.0,0.0,0.0,0.0,0.0
1779682091136192612,0.01,0.0,0.0,0.0,0.0,0.0
1779682091236241924,0.01,0.0,0.0,0.0,0.0,0.0
1779682091336455094,0.01,0.0,0.0,0.0,0.0,0.0
1779682091436675312,0.01,0.0,0.0,0.0,0.0,0.0
1779682091536928437,0.01,0.0,0.0,0.0,0.0,0.0
1779682091637404845,0.01,0.0,0.0,0.0,0.0,0.0
1779682091737726008,0.01,0.0,0.0,0.0,0.0,0.0
1779682091838039552,0.01,0.0,0.0,0.0,0.0,0.0
1779682091938460900,0.01,0.0,0.0,0.0,0.0,0.0
1779682092038690704,0.01,0.0,0.0,0.0,0.0,0.0
1779682092138863903,0.01,0.0,0.0,0.0,0.0,0.0
1779682092239206905,0.01,0.0,0.0,0.0,0.0,0.0
1779682092339504900,0.01,0.0,0.0,0.0,0.0,0.0
1779682092439897982,0.01,0.0,0.0,0.0,0.0,0.0
1779682092540075827,0.01,0.0,0.0,0.0,0.0,0.0
1779682092640321506,0.01,0.0,0.0,0.0,0.0,0.0
1779682092740493470,0.01,0.0,0.0,0.0,0.0,0.0
1779682092840939332,0.01,0.0,0.0,0.0,0.0,0.0
1779682092941166838,0.01,0.0,0.0,0.0,0.0,0.0
1779682093041512948,0.01,0.0,0.0,0.0,0.0,0.0
1779682093141683166,0.01,0.0,0.0,0.0,0.0,0.0
1779682093242165922,0.01,0.0,0.0,0.0,0.0,0.0
1779682093342402696,0.01,0.0,0.0,0.0,0.0,0.0
1779682093442677549,0.01,0.0,0.0,0.0,0.0,0.0
1779682093542920105,0.01,0.0,0.0,0.0,0.0,0.0
1779682093643119070,0.01,0.0,0.0,0.0,0.0,0.0
1779682093743506530,0.01,0.0,0.0,0.0,0.0,0.0
1779682093843668600,0.01,0.0,0.0,0.0,0.0,0.0
1779682093943991135,0.01,0.0,0.0,0.0,0.0,0.0
1779682094044582880,0.01,0.0,0.0,0.0,0.0,0.0
1779682094144747203,0.01,0.0,0.0,0.0,0.0,0.0
1779682094244947373,0.01,0.0,0.0,0.0,0.0,0.0
1779682094345200001,0.01,0.0,0.0,0.0,0.0,0.0
1779682094445477492,0.01,0.0,0.0,0.0,0.0,0.0
1779682094545762834,0.01,0.0,0.0,0.0,0.0,0.0
1779682094646411075,0.01,0.0,0.0,0.0,0.0,0.0
1779682094746579803,0.01,0.0,0.0,0.0,0.0,0.0
1779682094847370611,0.01,0.0,0.0,0.0,0.0,0.0
1779682094947577105,0.01,0.0,0.0,0.0,0.0,0.0
1779682095047856572,0.01,0.0,0.0,0.0,0.0,0.0
1779682095148433619,0.01,0.0,0.0,0.0,0.0,0.0
1779682095248408603,0.01,0.0,0.0,0.0,0.0,0.0
1779682095348649519,0.01,0.0,0.0,0.0,0.0,0.0
1779682095449093616,0.01,0.0,0.0,0.0,0.0,0.0
1779682095549292737,0.01,0.0,0.0,0.0,0.0,0.0
1779682095649520343,0.01,0.0,0.0,0.0,0.0,0.0
1779682095749871783,0.01,0.0,0.0,0.0,0.0,0.0
1779682095850042838,0.01,0.0,0.0,0.0,0.0,0.0
1779682095950331284,0.01,0.0,0.0,0.0,0.0,0.0
1779682096050454721,0.01,0.0,0.0,0.0,0.0,0.0
1779682096150687177,0.01,0.0,0.0,0.0,0.0,0.0
1779682096251287228,0.01,0.0,0.0,0.0,0.0,0.0
1779682096351517863,0.01,0.0,0.0,0.0,0.0,0.0
1779682096451731279,0.01,0.0,0.0,0.0,0.0,0.0
1779682096552122755,0.01,0.0,0.0,0.0,0.0,0.0
1779682096652367449,0.01,0.0,0.0,0.0,0.0,0.0
1779682096752615624,0.01,0.0,0.0,0.0,0.0,0.0
1779682096852893315,0.01,0.0,0.0,0.0,0.0,0.0
1779682096953427330,0.01,0.0,0.0,0.0,0.0,0.0
1779682097053623052,0.01,0.0,0.0,0.0,0.0,0.0
1779682097153840155,0.01,0.0,0.0,0.0,0.0,0.0
1779682097254355802,0.01,0.0,0.0,0.0,0.0,0.0
1779682097354545530,0.01,0.0,0.0,0.0,0.0,0.0
1779682097454690859,0.01,0.0,0.0,0.0,0.0,0.0
1779682097555106435,0.01,0.0,0.0,0.0,0.0,0.0
1779682097655273999,0.01,0.0,0.0,0.0,0.0,0.0
1779682097755575447,0.01,0.0,0.0,0.0,0.0,0.0
1779682097856040094,0.01,0.0,0.0,0.0,0.0,0.0
1779682097956291877,0.01,0.0,0.0,0.0,0.0,0.0
1779682098056468390,0.01,0.0,0.0,0.0,0.0,0.0
1779682098156751314,0.01,0.0,0.0,0.0,0.0,0.0
1779682098257003182,0.01,0.0,0.0,0.0,0.0,0.0
1779682098357624261,0.01,0.0,0.0,0.0,0.0,0.0
1779682098457699193,0.01,0.0,0.0,0.0,0.0,0.0
1779682098558070583,0.01,0.0,0.0,0.0,0.0,0.0
1779682098658254519,0.01,0.0,0.0,0.0,0.0,0.0
1779682098758439216,0.01,0.0,0.0,0.0,0.0,0.0
1779682098858796187,0.01,0.0,0.0,0.0,0.0,0.0
1779682098959462393,0.01,0.0,0.0,0.0,0.0,0.0
1779682099059508829,0.01,0.0,0.0,0.0,0.0,0.0
1779682099159876300,0.01,0.0,0.0,0.0,0.0,0.0
1779682099260185010,0.01,0.0,0.0,0.0,0.0,0.0
1779682099360861669,0.01,0.0,0.0,0.0,0.0,0.0
1779682099461029976,0.01,0.0,0.0,0.0,0.0,0.0
1779682099561522280,0.01,0.0,0.0,0.0,0.0,0.0
1779682099661822610,0.01,0.0,0.0,0.0,0.0,0.0
1779682099762566089,0.01,0.0,0.0,0.0,0.0,0.0
1779682099862798796,0.01,0.0,0.0,0.0,0.0,0.0
1779682099963120900,0.01,0.0,0.0,0.0,0.0,0.0
1779682100063557756,0.01,0.0,0.0,0.0,0.0,0.0
1779682100164249270,0.01,0.0,0.0,0.0,0.0,0.0
1779682100264452311,0.01,0.0,0.0,0.0,0.0,0.0
1779682100364903266,0.01,0.0,0.0,0.0,0.0,0.0
1779682100465198785,0.01,0.0,0.0,0.0,0.0,0.0
1779682100565445970,0.01,0.0,0.0,0.0,0.0,0.0
1779682100665574034,0.01,0.0,0.0,0.0,0.0,0.0
1779682100766351666,0.01,0.0,0.0,0.0,0.0,0.0
1779682100866596128,0.01,0.0,0.0,0.0,0.0,0.0
1779682100966851330,0.01,0.0,0.0,0.0,0.0,0.0
1779682101068911529,0.01,0.0,0.0,0.0,0.0,0.0
1779682101168901558,0.01,0.0,0.0,0.0,0.0,0.0
1779682101269349241,0.01,0.0,0.0,0.0,0.0,0.0
1779682101369918978,0.01,0.0,0.0,0.0,0.0,0.0
1779682101470255524,0.01,0.0,0.0,0.0,0.0,0.0
1779682101570493492,0.01,0.0,0.0,0.0,0.0,0.0
1779682101670688575,0.01,0.0,0.0,0.0,0.0,0.0
1779682101771095171,0.01,0.0,0.0,0.0,0.0,0.0
1779682101871231205,0.01,0.0,0.0,0.0,0.0,0.0
1779682101971597609,0.01,0.0,0.0,0.0,0.0,0.0
1779682102071736581,0.01,0.0,0.0,0.0,0.0,0.0
1779682102172107828,0.01,0.0,0.0,0.0,0.0,0.0
1779682102272479241,0.01,0.0,0.0,0.0,0.0,0.0
1779682102372790092,0.01,0.0,0.0,0.0,0.0,0.0
1779682102473181902,0.01,0.0,0.0,0.0,0.0,0.0
1779682102573348121,0.01,0.0,0.0,0.0,0.0,0.0
1779682102673482489,0.01,0.0,0.0,0.0,0.0,0.0
1779682102773909609,0.01,0.0,0.0,0.0,0.0,0.0
1779682102874134024,0.01,0.0,0.0,0.0,0.0,0.0
1779682102974385088,0.01,0.0,0.0,0.0,0.0,0.0
1779682103074592602,0.01,0.0,0.0,0.0,0.0,0.0
1779682103174784895,0.01,0.0,0.0,0.0,0.0,0.0
1779682103275309684,0.01,0.0,0.0,0.0,0.0,0.0
1779682103375493201,0.01,0.0,0.0,0.0,0.0,0.0
1779682103475704424,0.01,0.0,0.0,0.0,0.0,0.0
1779682103576517018,0.01,0.0,0.0,0.0,0.0,0.0
1779682103676754761,0.01,0.0,0.0,0.0,0.0,0.0
1779682103777106850,0.01,0.0,0.0,0.0,0.0,0.0
1779682103877420502,0.01,0.0,0.0,0.0,0.0,0.0
1779682103977627564,0.01,0.0,0.0,0.0,0.0,0.0
1779682104077984866,0.01,0.0,0.0,0.0,0.0,0.0
1779682104178310519,0.01,0.0,0.0,0.0,0.0,0.0
1779682104278812893,0.01,0.0,0.0,0.0,0.0,0.0
1779682104379671363,0.01,0.0,0.0,0.0,0.0,0.0
1779682104479799608,0.01,0.0,0.0,0.0,0.0,0.0
1779682104580290413,0.01,0.0,0.0,0.0,0.0,0.0
1779682104680502126,0.01,0.0,0.0,0.0,0.0,0.0
1779682104780633142,0.01,0.0,0.0,0.0,0.0,0.0
1779682104880779620,0.01,0.0,0.0,0.0,0.0,0.0
1779682104981127499,0.01,0.0,0.0,0.0,0.0,0.0
1779682105081438432,0.01,0.0,0.0,0.0,0.0,0.0
1779682105181726229,0.01,0.0,0.0,0.0,0.0,0.0
1779682105282116832,0.01,0.0,0.0,0.0,0.0,0.0
1779682105382351067,0.01,0.0,0.0,0.0,0.0,0.0
1779682105482679302,0.01,0.0,0.0,0.0,0.0,0.0
1779682105583221743,0.01,0.0,0.0,0.0,0.0,0.0
1779682105683134994,0.01,0.0,0.0,0.0,0.0,0.0
1779682105783447800,0.01,0.0,0.0,0.0,0.0,0.0
1779682105883708660,0.01,0.0,0.0,0.0,0.0,0.0
1779682105983906847,0.01,0.0,0.0,0.0,0.0,0.0
1779682106084297801,0.01,0.0,0.0,0.0,0.0,0.0
1779682106184668624,0.01,0.0,0.0,0.0,0.0,0.0
1779682106285161531,0.01,0.0,0.0,0.0,0.0,0.0
1779682106385544629,0.01,0.0,0.0,0.0,0.0,0.0
1779682106485642495,0.01,0.0,0.0,0.0,0.0,0.0
1779682106585827755,0.01,0.0,0.0,0.0,0.0,0.0
1779682106686189321,0.01,0.0,0.0,0.0,0.0,0.0
1779682106786565391,0.01,0.0,0.0,0.0,0.0,0.0
1779682106886794014,0.01,0.0,0.0,0.0,0.0,0.0
1779682106987255216,0.01,0.0,0.0,0.0,0.0,0.0
1779682107087259659,0.01,0.0,0.0,0.0,0.0,0.0
1779682107187676025,0.01,0.0,0.0,0.0,0.0,0.0
1779682107287865870,0.01,0.0,0.0,0.0,0.0,0.0
1779682107388258488,0.01,0.0,0.0,0.0,0.0,0.0
1779682107488352012,0.01,0.0,0.0,0.0,0.0,0.0
1779682107588727448,0.01,0.0,0.0,0.0,0.0,0.0
1779682107689184263,0.01,0.0,0.0,0.0,0.0,0.0
1779682107789423485,0.01,0.0,0.0,0.0,0.0,0.0
1779682107889980634,0.01,0.0,0.0,0.0,0.0,0.0
1779682107989897270,0.01,0.0,0.0,0.0,0.0,0.0
1779682108090558018,0.01,0.0,0.0,0.0,0.0,0.0
1779682108190710581,0.01,0.0,0.0,0.0,0.0,0.0
1779682108291026087,0.01,0.0,0.0,0.0,0.0,0.0
1779682108391446585,0.01,0.0,0.0,0.0,0.0,0.0
1779682108491899615,0.01,0.0,0.0,0.0,0.0,0.0
1779682108592516613,0.01,0.0,0.0,0.0,0.0,0.0
1779682108692671302,0.01,0.0,0.0,0.0,0.0,0.0
1779682108793378751,0.01,0.0,0.0,0.0,0.0,0.0
1779682108893245817,0.01,0.0,0.0,0.0,0.0,0.0
1779682108993579147,0.01,0.0,0.0,0.0,0.0,0.0
1779682109093726563,0.01,0.0,0.0,0.0,0.0,0.0
1779682109194166458,0.01,0.0,0.0,0.0,0.0,0.0
1779682109294573124,0.01,0.0,0.0,0.0,0.0,0.0
1779682109394713884,0.01,0.0,0.0,0.0,0.0,0.0
1779682109494932095,0.01,0.0,0.0,0.0,0.0,0.0
1779682109595307864,0.01,0.0,0.0,0.0,0.0,0.0
1779682109695478023,0.01,0.0,0.0,0.0,0.0,0.0
1779682109795764221,0.01,0.0,0.0,0.0,0.0,0.0
1779682109895950033,0.01,0.0,0.0,0.0,0.0,0.0
1779682109996401795,0.01,0.0,0.0,0.0,0.0,0.0
1779682110096551560,0.01,0.0,0.0,0.0,0.0,0.0
1779682110196815105,0.01,0.0,0.0,0.0,0.0,0.0
1779682110297186888,0.01,0.0,0.0,0.0,0.0,0.0
1779682110397408999,0.01,0.0,0.0,0.0,0.0,0.0
1779682110497749056,0.01,0.0,0.0,0.0,0.0,0.0
1779682110598190898,0.01,0.0,0.0,0.0,0.0,0.0
1779682110698478946,0.01,0.0,0.0,0.0,0.0,0.0
1779682110798706785,0.01,0.0,0.0,0.0,0.0,0.0
1779682110898984452,0.01,0.0,0.0,0.0,0.0,0.0
1779682110999223184,0.01,0.0,0.0,0.0,0.0,0.0
1779682111099519491,0.01,0.0,0.0,0.0,0.0,0.0
1779682111199753327,0.01,0.0,0.0,0.0,0.0,0.0
1779682111300145668,0.01,0.0,0.0,0.0,0.0,0.0
1779682111400371012,0.01,0.0,0.0,0.0,0.0,0.0
1779682111500698052,0.01,0.0,0.0,0.0,0.0,0.0
1779682111601085962,0.01,0.0,0.0,0.0,0.0,0.0
1779682111701486654,0.01,0.0,0.0,0.0,0.0,0.0
1779682111801583410,0.01,0.0,0.0,0.0,0.0,0.0
1779682111901810971,0.01,0.0,0.0,0.0,0.0,0.0
1779682112002325873,0.01,0.0,0.0,0.0,0.0,0.0
1779682112102531015,0.01,0.0,0.0,0.0,0.0,0.0
1779682112202828099,0.01,0.0,0.0,0.0,0.0,0.0
1779682112303408791,0.01,0.0,0.0,0.0,0.0,0.0
1779682112403692741,0.01,0.0,0.0,0.0,0.0,0.0
1779682112503889733,0.01,0.0,0.0,0.0,0.0,0.0
1779682112604425689,0.01,0.0,0.0,0.0,0.0,0.0
1779682112704389387,0.01,0.0,0.0,0.0,0.0,0.0
1779682112804882481,0.01,0.0,0.0,0.0,0.0,0.0
1779682112904901653,0.01,0.0,0.0,0.0,0.0,0.0
1779682113005419416,0.01,0.0,0.0,0.0,0.0,0.0
1779682113105939802,0.01,0.0,0.0,0.0,0.0,0.0
1779682113206045999,0.01,0.0,0.0,0.0,0.0,0.0
1779682113306420795,0.01,0.0,0.0,0.0,0.0,0.0
1779682113406913517,0.01,0.0,0.0,0.0,0.0,0.0
1779682113507772311,0.01,0.0,0.0,0.0,0.0,0.0
1779682113608395036,0.01,0.0,0.0,0.0,0.0,0.0
1779682113708138299,0.01,0.0,0.0,0.0,0.0,0.0
1779682113808431916,0.01,0.0,0.0,0.0,0.0,0.0
1779682113909130053,0.01,0.0,0.0,0.0,0.0,0.0
1779682114009290648,0.01,0.0,0.0,0.0,0.0,0.0
1779682114109559377,0.01,0.0,0.0,0.0,0.0,0.0
1779682114209658612,0.01,0.0,0.0,0.0,0.0,0.0
1779682114309985008,0.01,0.0,0.0,0.0,0.0,0.0
1779682114410484444,0.01,0.0,0.0,0.0,0.0,0.0
1779682114510531127,0.01,0.0,0.0,0.0,0.0,0.0
1779682114610954652,0.01,0.0,0.0,0.0,0.0,0.0
1779682114711113890,0.01,0.0,0.0,0.0,0.0,0.0
1779682114812013712,0.01,0.0,0.0,0.0,0.0,0.0
1779682114911735607,0.01,0.0,0.0,0.0,0.0,0.0
1779682115011985233,0.01,0.0,0.0,0.0,0.0,0.0
1779682115112933067,0.01,0.0,0.0,0.0,0.0,0.0
1779682115212904288,0.01,0.0,0.0,0.0,0.0,0.0
1779682115313254506,0.01,0.0,0.0,0.0,0.0,0.0
1779682115413897329,0.01,0.0,0.0,0.0,0.0,0.0
1779682115513983265,0.01,0.0,0.0,0.0,0.0,0.0
1779682115614297463,0.01,0.0,0.0,0.0,0.0,0.0
1779682115714423414,0.01,0.0,0.0,0.0,0.0,0.0
1779682115814916250,0.01,0.0,0.0,0.0,0.0,0.0
1779682115915209986,0.01,0.0,0.0,0.0,0.0,0.0
1779682116015261316,0.01,0.0,0.0,0.0,0.0,0.0
1779682116115761562,0.01,0.0,0.0,0.0,0.0,0.0
1779682116215867710,0.01,0.0,0.0,0.0,0.0,0.0
1779682116316227506,0.01,0.0,0.0,0.0,0.0,0.0
1779682116416553198,0.01,0.0,0.0,0.0,0.0,0.0
1779682116516828611,0.01,0.0,0.0,0.0,0.0,0.0
1779682116617223514,0.01,0.0,0.0,0.0,0.0,0.0
1779682116717487068,0.01,0.0,0.0,0.0,0.0,0.0
1779682116817929421,0.01,0.0,0.0,0.0,0.0,0.0
1779682116918135623,0.01,0.0,0.0,0.0,0.0,0.0
1779682117018340022,0.01,0.0,0.0,0.0,0.0,0.0
1779682117118672392,0.01,0.0,0.0,0.0,0.0,0.0
1779682117218812215,0.01,0.0,0.0,0.0,0.0,0.0
1779682117319009940,0.01,0.0,0.0,0.0,0.0,0.0
1779682117419359562,0.01,0.0,0.0,0.0,0.0,0.0
1779682117519389707,0.01,0.0,0.0,0.0,0.0,0.0
1779682117619925145,0.01,0.0,0.0,0.0,0.0,0.0
1779682117720154439,0.01,0.0,0.0,0.0,0.0,0.0
1779682117820476431,0.01,0.0,0.0,0.0,0.0,0.0
1779682117920597152,0.01,0.0,0.0,0.0,0.0,0.0
1779682118020862073,0.01,0.0,0.0,0.0,0.0,0.0
1779682118121102843,0.01,0.0,0.0,0.0,0.0,0.0
1779682118221435167,0.01,0.0,0.0,0.0,0.0,0.0
1779682118321650765,0.01,0.0,0.0,0.0,0.0,0.0
1779682118421965057,0.01,0.0,0.0,0.0,0.0,0.0
1779682118522132304,0.01,0.0,0.0,0.0,0.0,0.0
1779682118622455361,0.01,0.0,0.0,0.0,0.0,0.0
1779682118722477853,0.01,0.0,0.0,0.0,0.0,0.0
1779682118822923217,0.01,0.0,0.0,0.0,0.0,0.0
1779682118923284072,0.01,0.0,0.0,0.0,0.0,0.0
1779682119023578862,0.01,0.0,0.0,0.0,0.0,0.0
1779682119123898830,0.01,0.0,0.0,0.0,0.0,0.0
1779682119223983775,0.01,0.0,0.0,0.0,0.0,0.0
1779682119324514794,0.01,0.0,0.0,0.0,0.0,0.0
1779682119424655256,0.01,0.0,0.0,0.0,0.0,0.0
1779682119524894080,0.01,0.0,0.0,0.0,0.0,0.0
1779682119625421580,0.01,0.0,0.0,0.0,0.0,0.0
1779682119725612163,0.01,0.0,0.0,0.0,0.0,0.0
1779682119825797937,0.01,0.0,0.0,0.0,0.0,0.0
1779682119926380469,0.01,0.0,0.0,0.0,0.0,0.0
1779682120026579600,0.01,0.0,0.0,0.0,0.0,0.0
1779682120126660828,0.01,0.0,0.0,0.0,0.0,0.0
1779682120226957039,0.01,0.0,0.0,0.0,0.0,0.0
1779682120327650233,0.01,0.0,0.0,0.0,0.0,0.0
1779682120427916497,0.01,0.0,0.0,0.0,0.0,0.0
1779682120530090941,0.01,0.0,0.0,0.0,0.0,0.0
1779682120630324584,0.01,0.0,0.0,0.0,0.0,0.0
1779682120730547609,0.01,0.0,0.0,0.0,0.0,0.0
1779682120830966791,0.01,0.0,0.0,0.0,0.0,0.0
1779682120931418674,0.01,0.0,0.0,0.0,0.0,0.0
1779682121031724952,0.01,0.0,0.0,0.0,0.0,0.0
1779682121132559775,0.01,0.0,0.0,0.0,0.0,0.0
1779682121232926387,0.01,0.0,0.0,0.0,0.0,0.0
1779682121333187913,0.01,0.0,0.0,0.0,0.0,0.0
1779682121433725168,0.01,0.0,0.0,0.0,0.0,0.0
1779682121533974628,0.01,0.0,0.0,0.0,0.0,0.0
1779682121634134385,0.01,0.0,0.0,0.0,0.0,0.0
1779682121734513571,0.01,0.0,0.0,0.0,0.0,0.0
1779682121834846983,0.01,0.0,0.0,0.0,0.0,0.0
1779682121935128470,0.01,0.0,0.0,0.0,0.0,0.0
1779682122035452643,0.01,0.0,0.0,0.0,0.0,0.0
1779682122135663735,0.01,0.0,0.0,0.0,0.0,0.0
1779682122236137988,0.01,0.0,0.0,0.0,0.0,0.0
1779682122336571654,0.01,0.0,0.0,0.0,0.0,0.0
1779682122436814668,0.01,0.0,0.0,0.0,0.0,0.0
1779682122537446184,0.01,0.0,0.0,0.0,0.0,0.0
1779682122637664231,0.01,0.0,0.0,0.0,0.0,0.0
1779682122737891778,0.01,0.0,0.0,0.0,0.0,0.0
1779682122838517872,0.01,0.0,0.0,0.0,0.0,0.0
1779682122938725383,0.01,0.0,0.0,0.0,0.0,0.0
1779682123039312320,0.01,0.0,0.0,0.0,0.0,0.0
1779682123139655923,0.01,0.0,0.0,0.0,0.0,0.0
1779682123240214479,0.01,0.0,0.0,0.0,0.0,0.0
1779682123340342854,0.01,0.0,0.0,0.0,0.0,0.0
1779682123440645080,0.01,0.0,0.0,0.0,0.0,0.0
1779682123540873642,0.01,0.0,0.0,0.0,0.0,0.0
1779682123641244852,0.01,0.0,0.0,0.0,0.0,0.0
1779682123741751790,0.01,0.0,0.0,0.0,0.0,0.0
1779682123842336960,0.01,0.0,0.0,0.0,0.0,0.0
1779682123942292179,0.01,0.0,0.0,0.0,0.0,0.0
1779682124042677568,0.01,0.0,0.0,0.0,0.0,0.0
1779682124142657163,0.01,0.0,0.0,0.0,0.0,0.0
1779682124242974474,0.01,0.0,0.0,0.0,0.0,0.0
1779682124343951485,0.01,0.0,0.0,0.0,0.0,0.0
1779682124444143175,0.01,0.0,0.0,0.0,0.0,0.0
1779682124544318217,0.01,0.0,0.0,0.0,0.0,0.0
1779682124644505402,0.01,0.0,0.0,0.0,0.0,0.0
1779682124744714722,0.01,0.0,0.0,0.0,0.0,0.0
1779682124844962226,0.01,0.0,0.0,0.0,0.0,0.0
1779682124945250076,0.01,0.0,0.0,0.0,0.0,0.0
1779682125045802363,0.01,0.0,0.0,0.0,0.0,0.0
1779682125146107974,0.01,0.0,0.0,0.0,0.0,0.0
1779682125246604903,0.01,0.0,0.0,0.0,0.0,0.0
1779682125346709327,0.01,0.0,0.0,0.0,0.0,0.0
1779682125447637920,0.01,0.0,0.0,0.0,0.0,0.0
1779682125547406482,0.01,0.0,0.0,0.0,0.0,0.0
1779682125650558850,0.01,0.0,0.0,0.0,0.0,0.0
1779682125750724271,0.01,0.0,0.0,0.0,0.0,0.0
1779682125851050667,0.01,0.0,0.0,0.0,0.0,0.0
1779682125951280653,0.01,0.0,0.0,0.0,0.0,0.0
1779682126051282272,0.01,0.0,0.0,0.0,0.0,0.0
1779682126151830320,0.01,0.0,0.0,0.0,0.0,0.0
1779682126251993341,0.01,0.0,0.0,0.0,0.0,0.0
1779682126352393851,0.01,0.0,0.0,0.0,0.0,0.0
1779682126453807626,0.01,0.0,0.0,0.0,0.0,0.0
1779682126554059480,0.01,0.0,0.0,0.0,0.0,0.0
1779682126654403533,0.01,0.0,0.0,0.0,0.0,0.0
1779682126754962877,0.01,0.0,0.0,0.0,0.0,0.0
1779682126855162982,0.01,0.0,0.0,0.0,0.0,0.0
1779682126955492771,0.01,0.0,0.0,0.0,0.0,0.0
1779682127056092303,0.01,0.0,0.0,0.0,0.0,0.0
1779682127156291585,0.01,0.0,0.0,0.0,0.0,0.0
1779682127257025817,0.01,0.0,0.0,0.0,0.0,0.0
1779682127357330905,0.01,0.0,0.0,0.0,0.0,0.0
1779682127457684998,0.01,0.0,0.0,0.0,0.0,0.0
1779682127558237392,0.01,0.0,0.0,0.0,0.0,0.0
1779682127658552045,0.01,0.0,0.0,0.0,0.0,0.0
1779682127758844680,0.01,0.0,0.0,0.0,0.0,0.0
1779682127859496112,0.01,0.0,0.0,0.0,0.0,0.0
1779682127896795980,0.0,0.0,0.0,0.0,0.0,0.0
1779682127997206851,0.0,0.0,0.0,0.0,0.0,0.0
1779682128097479935,0.0,0.0,0.0,0.0,0.0,0.0
1779682128197901333,0.0,0.0,0.0,0.0,0.0,0.0
1779682128298549316,0.0,0.0,0.0,0.0,0.0,0.0
1779682128362546453,0.0,0.0,0.0,0.0,0.0,0.05
1779682128462793543,0.0,0.0,0.0,0.0,0.0,0.1
1779682128563168299,0.0,0.0,0.0,0.0,0.0,0.1
1779682128663341280,0.0,0.0,0.0,0.0,0.0,0.1
1779682128763717205,0.0,0.0,0.0,0.0,0.0,0.1
1779682128864494612,0.0,0.0,0.0,0.0,0.0,0.1
1779682128964553170,0.0,0.0,0.0,0.0,0.0,0.1
1779682129065035594,0.0,0.0,0.0,0.0,0.0,0.1
1779682129165288449,0.0,0.0,0.0,0.0,0.0,0.1
1779682129265300357,0.0,0.0,0.0,0.0,0.0,0.1
1779682129365643172,0.0,0.0,0.0,0.0,0.0,0.1
1779682129465857117,0.0,0.0,0.0,0.0,0.0,0.1
1779682129566127139,0.0,0.0,0.0,0.0,0.0,0.1
1779682129667043913,0.0,0.0,0.0,0.0,0.0,0.1
1779682129767123903,0.0,0.0,0.0,0.0,0.0,0.1
1779682129867431002,0.0,0.0,0.0,0.0,0.0,0.1
1779682129967916186,0.0,0.0,0.0,0.0,0.0,0.1
1779682130068001814,0.0,0.0,0.0,0.0,0.0,0.1
1779682130168323298,0.0,0.0,0.0,0.0,0.0,0.1
1779682130268540444,0.0,0.0,0.0,0.0,0.0,0.1
1779682130369079224,0.0,0.0,0.0,0.0,0.0,0.1
1779682130469517868,0.0,0.0,0.0,0.0,0.0,0.1
1779682130569693982,0.0,0.0,0.0,0.0,0.0,0.1
1779682130670116203,0.0,0.0,0.0,0.0,0.0,0.1
1779682130770243338,0.0,0.0,0.0,0.0,0.0,0.1
1779682130870554200,0.0,0.0,0.0,0.0,0.0,0.1
1779682130970881750,0.0,0.0,0.0,0.0,0.0,0.1
1779682131071158108,0.0,0.0,0.0,0.0,0.0,0.1
1779682131171532836,0.0,0.0,0.0,0.0,0.0,0.1
1779682131272038772,0.0,0.0,0.0,0.0,0.0,0.1
1779682131373139715,0.0,0.0,0.0,0.0,0.0,0.1
1779682131473496940,0.0,0.0,0.0,0.0,0.0,0.1
1779682131574069453,0.0,0.0,0.0,0.0,0.0,0.1
1779682131674141239,0.0,0.0,0.0,0.0,0.0,0.1
1779682131774759601,0.0,0.0,0.0,0.0,0.0,0.1
1779682131874972624,0.0,0.0,0.0,0.0,0.0,0.1
1779682131975345875,0.0,0.0,0.0,0.0,0.0,0.1
1779682132075658804,0.0,0.0,0.0,0.0,0.0,0.1
1779682132176399595,0.0,0.0,0.0,0.0,0.0,0.1
1779682132276298039,0.0,0.0,0.0,0.0,0.0,0.1
1779682132376892902,0.0,0.0,0.0,0.0,0.0,0.1
1779682132477183031,0.0,0.0,0.0,0.0,0.0,0.1
1779682132578053159,0.0,0.0,0.0,0.0,0.0,0.1
1779682132678413821,0.0,0.0,0.0,0.0,0.0,0.1
1779682132778644942,0.0,0.0,0.0,0.0,0.0,0.1
1779682132879286379,0.0,0.0,0.0,0.0,0.0,0.1
1779682132979517231,0.0,0.0,0.0,0.0,0.0,0.1
1779682133079886041,0.0,0.0,0.0,0.0,0.0,0.1
1779682133180266165,0.0,0.0,0.0,0.0,0.0,0.1
1779682133280456244,0.0,0.0,0.0,0.0,0.0,0.1
1779682133380994077,0.0,0.0,0.0,0.0,0.0,0.1
1779682133481204300,0.0,0.0,0.0,0.0,0.0,0.1
1779682133582169612,0.0,0.0,0.0,0.0,0.0,0.1
1779682133682092463,0.0,0.0,0.0,0.0,0.0,0.1
1779682133782907735,0.0,0.0,0.0,0.0,0.0,0.1
1779682133883032460,0.0,0.0,0.0,0.0,0.0,0.1
1779682133983242963,0.0,0.0,0.0,0.0,0.0,0.1
1779682134083435180,0.0,0.0,0.0,0.0,0.0,0.1
1779682134184369490,0.0,0.0,0.0,0.0,0.0,0.1
1779682134284124248,0.0,0.0,0.0,0.0,0.0,0.1
1779682134384365679,0.0,0.0,0.0,0.0,0.0,0.1
1779682134484678346,0.0,0.0,0.0,0.0,0.0,0.1
1779682134584889399,0.0,0.0,0.0,0.0,0.0,0.1
1779682134685197497,0.0,0.0,0.0,0.0,0.0,0.1
1779682134785246928,0.0,0.0,0.0,0.0,0.0,0.1
1779682134885672365,0.0,0.0,0.0,0.0,0.0,0.1
1779682134986019142,0.0,0.0,0.0,0.0,0.0,0.1
1779682135086425491,0.0,0.0,0.0,0.0,0.0,0.1
1779682135186808181,0.0,0.0,0.0,0.0,0.0,0.1
1779682135287410421,0.0,0.0,0.0,0.0,0.0,0.1
1779682135387793814,0.0,0.0,0.0,0.0,0.0,0.1
1779682135488436481,0.0,0.0,0.0,0.0,0.0,0.1
1779682135588709379,0.0,0.0,0.0,0.0,0.0,0.1
1779682135689988737,0.0,0.0,0.0,0.0,0.0,0.1
1779682135790266643,0.0,0.0,0.0,0.0,0.0,0.1
1779682135890728096,0.0,0.0,0.0,0.0,0.0,0.1
1779682135991186549,0.0,0.0,0.0,0.0,0.0,0.1
1779682136091811733,0.0,0.0,0.0,0.0,0.0,0.1
1779682136192696842,0.0,0.0,0.0,0.0,0.0,0.1
1779682136292958913,0.0,0.0,0.0,0.0,0.0,0.1
1779682136393371096,0.0,0.0,0.0,0.0,0.0,0.1
1779682136493922085,0.0,0.0,0.0,0.0,0.0,0.1
1779682136594249851,0.0,0.0,0.0,0.0,0.0,0.1
1779682136694755259,0.0,0.0,0.0,0.0,0.0,0.1
1779682136764754406,0.0,0.0,0.0,0.0,0.0,0.0
1779682136864895401,0.0,0.0,0.0,0.0,0.0,0.0
1779682136965308467,0.0,0.0,0.0,0.0,0.0,0.0
1779682137067575716,0.0,0.0,0.0,0.0,0.0,0.0
1779682137139775675,0.005,0.0,0.0,0.0,0.0,0.0
1779682137240150541,0.01,0.0,0.0,0.0,0.0,0.0
1779682137340338374,0.01,0.0,0.0,0.0,0.0,0.0
1779682137440601212,0.01,0.0,0.0,0.0,0.0,0.0
1779682137540868457,0.01,0.0,0.0,0.0,0.0,0.0
1779682137641191116,0.01,0.0,0.0,0.0,0.0,0.0
1779682137741525903,0.01,0.0,0.0,0.0,0.0,0.0
1779682137841770079,0.01,0.0,0.0,0.0,0.0,0.0
1779682137941912635,0.01,0.0,0.0,0.0,0.0,0.0
1779682138042172467,0.01,0.0,0.0,0.0,0.0,0.0
1779682138142517418,0.01,0.0,0.0,0.0,0.0,0.0
1779682138243008017,0.01,0.0,0.0,0.0,0.0,0.0
1779682138343127617,0.01,0.0,0.0,0.0,0.0,0.0
1779682138443550012,0.01,0.0,0.0,0.0,0.0,0.0
1779682138543792297,0.01,0.0,0.0,0.0,0.0,0.0
1779682138643898953,0.01,0.0,0.0,0.0,0.0,0.0
1779682138744184304,0.01,0.0,0.0,0.0,0.0,0.0
1779682138844373080,0.01,0.0,0.0,0.0,0.0,0.0
1779682138944637106,0.01,0.0,0.0,0.0,0.0,0.0
1779682139045087076,0.01,0.0,0.0,0.0,0.0,0.0
1779682139145445807,0.01,0.0,0.0,0.0,0.0,0.0
1779682139245549649,0.01,0.0,0.0,0.0,0.0,0.0
1779682139345935280,0.01,0.0,0.0,0.0,0.0,0.0
1779682139446290026,0.01,0.0,0.0,0.0,0.0,0.0
1779682139546667495,0.01,0.0,0.0,0.0,0.0,0.0
1779682139646830380,0.01,0.0,0.0,0.0,0.0,0.0
1779682139747156622,0.01,0.0,0.0,0.0,0.0,0.0
1779682139847310096,0.01,0.0,0.0,0.0,0.0,0.0
1779682139947419886,0.01,0.0,0.0,0.0,0.0,0.0
1779682140047783317,0.01,0.0,0.0,0.0,0.0,0.0
1779682140147965812,0.01,0.0,0.0,0.0,0.0,0.0
1779682140248267362,0.01,0.0,0.0,0.0,0.0,0.0
1779682140348594925,0.01,0.0,0.0,0.0,0.0,0.0
1779682140449181336,0.01,0.0,0.0,0.0,0.0,0.0
1779682140549365132,0.01,0.0,0.0,0.0,0.0,0.0
1779682140649505351,0.01,0.0,0.0,0.0,0.0,0.0
1779682140749859616,0.01,0.0,0.0,0.0,0.0,0.0
1779682140850251705,0.01,0.0,0.0,0.0,0.0,0.0
1779682140950317186,0.01,0.0,0.0,0.0,0.0,0.0
1779682141050762527,0.01,0.0,0.0,0.0,0.0,0.0
1779682141151214901,0.01,0.0,0.0,0.0,0.0,0.0
1779682141251317042,0.01,0.0,0.0,0.0,0.0,0.0
1779682141351495558,0.01,0.0,0.0,0.0,0.0,0.0
1779682141452124869,0.01,0.0,0.0,0.0,0.0,0.0
1779682141552274270,0.01,0.0,0.0,0.0,0.0,0.0
1779682141652411659,0.01,0.0,0.0,0.0,0.0,0.0
1779682141752660065,0.01,0.0,0.0,0.0,0.0,0.0
1779682141852832546,0.01,0.0,0.0,0.0,0.0,0.0
1779682141953577195,0.01,0.0,0.0,0.0,0.0,0.0
1779682142054081949,0.01,0.0,0.0,0.0,0.0,0.0
1779682142154778804,0.01,0.0,0.0,0.0,0.0,0.0
1779682142254955113,0.01,0.0,0.0,0.0,0.0,0.0
1779682142355289683,0.01,0.0,0.0,0.0,0.0,0.0
1779682142455708429,0.01,0.0,0.0,0.0,0.0,0.0
1779682142556012853,0.01,0.0,0.0,0.0,0.0,0.0
1779682142656419414,0.01,0.0,0.0,0.0,0.0,0.0
1779682142756751727,0.01,0.0,0.0,0.0,0.0,0.0
1779682142856969635,0.01,0.0,0.0,0.0,0.0,0.0
1779682142957147582,0.01,0.0,0.0,0.0,0.0,0.0
1779682143057474488,0.01,0.0,0.0,0.0,0.0,0.0
1779682143157818704,0.01,0.0,0.0,0.0,0.0,0.0
1779682143258223789,0.01,0.0,0.0,0.0,0.0,0.0
1779682143358396224,0.01,0.0,0.0,0.0,0.0,0.0
1779682143459033300,0.01,0.0,0.0,0.0,0.0,0.0
1779682143559176838,0.01,0.0,0.0,0.0,0.0,0.0
1779682143659552712,0.01,0.0,0.0,0.0,0.0,0.0
1779682143759654724,0.01,0.0,0.0,0.0,0.0,0.0
1779682143860673311,0.01,0.0,0.0,0.0,0.0,0.0
1779682143960743043,0.01,0.0,0.0,0.0,0.0,0.0
1779682144060901694,0.01,0.0,0.0,0.0,0.0,0.0
1779682144161396225,0.01,0.0,0.0,0.0,0.0,0.0
1779682144261934913,0.01,0.0,0.0,0.0,0.0,0.0
1779682144362127247,0.01,0.0,0.0,0.0,0.0,0.0
1779682144462432818,0.01,0.0,0.0,0.0,0.0,0.0
1779682144562699396,0.01,0.0,0.0,0.0,0.0,0.0
1779682144662793776,0.01,0.0,0.0,0.0,0.0,0.0
1779682144763129153,0.01,0.0,0.0,0.0,0.0,0.0
1779682144863416305,0.01,0.0,0.0,0.0,0.0,0.0
1779682144963620022,0.01,0.0,0.0,0.0,0.0,0.0
1779682145063922681,0.01,0.0,0.0,0.0,0.0,0.0
1779682145164113069,0.01,0.0,0.0,0.0,0.0,0.0
1779682145264270190,0.01,0.0,0.0,0.0,0.0,0.0
1779682145364534420,0.01,0.0,0.0,0.0,0.0,0.0
1779682145464769778,0.01,0.0,0.0,0.0,0.0,0.0
1779682145564983859,0.01,0.0,0.0,0.0,0.0,0.0
1779682145665274501,0.01,0.0,0.0,0.0,0.0,0.0
1779682145765547687,0.01,0.0,0.0,0.0,0.0,0.0
1779682145865633946,0.01,0.0,0.0,0.0,0.0,0.0
1779682145965836383,0.01,0.0,0.0,0.0,0.0,0.0
1779682146066232256,0.01,0.0,0.0,0.0,0.0,0.0
1779682146166444256,0.01,0.0,0.0,0.0,0.0,0.0
1779682146266719404,0.01,0.0,0.0,0.0,0.0,0.0
1779682146366855902,0.01,0.0,0.0,0.0,0.0,0.0
1779682146467771088,0.01,0.0,0.0,0.0,0.0,0.0
1779682146568341344,0.01,0.0,0.0,0.0,0.0,0.0
1779682146668567624,0.01,0.0,0.0,0.0,0.0,0.0
1779682146768934370,0.01,0.0,0.0,0.0,0.0,0.0
1779682146869113872,0.01,0.0,0.0,0.0,0.0,0.0
1779682146969689812,0.01,0.0,0.0,0.0,0.0,0.0
1779682147069692571,0.01,0.0,0.0,0.0,0.0,0.0
1779682147169983913,0.01,0.0,0.0,0.0,0.0,0.0
1779682147270305473,0.01,0.0,0.0,0.0,0.0,0.0
1779682147370449983,0.01,0.0,0.0,0.0,0.0,0.0
1779682147470714835,0.01,0.0,0.0,0.0,0.0,0.0
1779682147570978446,0.01,0.0,0.0,0.0,0.0,0.0
1779682147671340977,0.01,0.0,0.0,0.0,0.0,0.0
1779682147771559237,0.01,0.0,0.0,0.0,0.0,0.0
1779682147871828419,0.01,0.0,0.0,0.0,0.0,0.0
1779682147972214901,0.01,0.0,0.0,0.0,0.0,0.0
1779682148072665400,0.01,0.0,0.0,0.0,0.0,0.0
1779682148172829269,0.01,0.0,0.0,0.0,0.0,0.0
1779682148273024508,0.01,0.0,0.0,0.0,0.0,0.0
1779682148373284625,0.01,0.0,0.0,0.0,0.0,0.0
1779682148473787834,0.01,0.0,0.0,0.0,0.0,0.0
1779682148574105116,0.01,0.0,0.0,0.0,0.0,0.0
1779682148674611758,0.01,0.0,0.0,0.0,0.0,0.0
1779682148774867198,0.01,0.0,0.0,0.0,0.0,0.0
1779682148874949243,0.01,0.0,0.0,0.0,0.0,0.0
1779682148975349996,0.01,0.0,0.0,0.0,0.0,0.0
1779682149075572913,0.01,0.0,0.0,0.0,0.0,0.0
1779682149175847692,0.01,0.0,0.0,0.0,0.0,0.0
1779682149276042087,0.01,0.0,0.0,0.0,0.0,0.0
1779682149377215960,0.01,0.0,0.0,0.0,0.0,0.0
1779682149477220555,0.01,0.0,0.0,0.0,0.0,0.0
1779682149578034438,0.01,0.0,0.0,0.0,0.0,0.0
1779682149678668346,0.01,0.0,0.0,0.0,0.0,0.0
1779682149778937894,0.01,0.0,0.0,0.0,0.0,0.0
1779682149879275176,0.01,0.0,0.0,0.0,0.0,0.0
1779682149979421751,0.01,0.0,0.0,0.0,0.0,0.0
1779682150079966571,0.01,0.0,0.0,0.0,0.0,0.0
1779682150180237097,0.01,0.0,0.0,0.0,0.0,0.0
1779682150280396157,0.01,0.0,0.0,0.0,0.0,0.0
1779682150380652417,0.01,0.0,0.0,0.0,0.0,0.0
1779682150481454693,0.01,0.0,0.0,0.0,0.0,0.0
1779682150581385174,0.01,0.0,0.0,0.0,0.0,0.0
1779682150681565272,0.01,0.0,0.0,0.0,0.0,0.0
1779682150781885733,0.01,0.0,0.0,0.0,0.0,0.0
1779682150882236470,0.01,0.0,0.0,0.0,0.0,0.0
1779682150982452162,0.01,0.0,0.0,0.0,0.0,0.0
1779682151082713763,0.01,0.0,0.0,0.0,0.0,0.0
1779682151183233751,0.01,0.0,0.0,0.0,0.0,0.0
1779682151283486580,0.01,0.0,0.0,0.0,0.0,0.0
1779682151383643046,0.01,0.0,0.0,0.0,0.0,0.0
1779682151484024851,0.01,0.0,0.0,0.0,0.0,0.0
1779682151584317795,0.01,0.0,0.0,0.0,0.0,0.0
1779682151684638405,0.01,0.0,0.0,0.0,0.0,0.0
1779682151785087579,0.01,0.0,0.0,0.0,0.0,0.0
1779682151885468780,0.01,0.0,0.0,0.0,0.0,0.0
1779682151986287340,0.01,0.0,0.0,0.0,0.0,0.0
1779682152086151521,0.01,0.0,0.0,0.0,0.0,0.0
1779682152186505955,0.01,0.0,0.0,0.0,0.0,0.0
1779682152286812962,0.01,0.0,0.0,0.0,0.0,0.0
1779682152387406300,0.01,0.0,0.0,0.0,0.0,0.0
1779682152487825619,0.01,0.0,0.0,0.0,0.0,0.0
1779682152587906717,0.01,0.0,0.0,0.0,0.0,0.0
1779682152688448198,0.01,0.0,0.0,0.0,0.0,0.0
1779682152788678845,0.01,0.0,0.0,0.0,0.0,0.0
1779682152888999609,0.01,0.0,0.0,0.0,0.0,0.0
1779682152989417311,0.01,0.0,0.0,0.0,0.0,0.0
1779682153089502391,0.01,0.0,0.0,0.0,0.0,0.0
1779682153189791591,0.01,0.0,0.0,0.0,0.0,0.0
1779682153290747669,0.01,0.0,0.0,0.0,0.0,0.0
1779682153390830281,0.01,0.0,0.0,0.0,0.0,0.0
1779682153491142052,0.01,0.0,0.0,0.0,0.0,0.0
1779682153591416909,0.01,0.0,0.0,0.0,0.0,0.0
1779682153691846132,0.01,0.0,0.0,0.0,0.0,0.0
1779682153792299286,0.01,0.0,0.0,0.0,0.0,0.0
1779682153893050182,0.01,0.0,0.0,0.0,0.0,0.0
1779682153993638647,0.01,0.0,0.0,0.0,0.0,0.0
1779682154093729325,0.01,0.0,0.0,0.0,0.0,0.0
1779682154194732496,0.01,0.0,0.0,0.0,0.0,0.0
1779682154295113090,0.01,0.0,0.0,0.0,0.0,0.0
1779682154395282225,0.01,0.0,0.0,0.0,0.0,0.0
1779682154495589513,0.01,0.0,0.0,0.0,0.0,0.0
1779682154595944538,0.01,0.0,0.0,0.0,0.0,0.0
1779682154696414061,0.01,0.0,0.0,0.0,0.0,0.0
1779682154796786544,0.01,0.0,0.0,0.0,0.0,0.0
1779682154896937530,0.01,0.0,0.0,0.0,0.0,0.0
1779682154997921265,0.01,0.0,0.0,0.0,0.0,0.0
1779682155098087139,0.01,0.0,0.0,0.0,0.0,0.0
1779682155198370812,0.01,0.0,0.0,0.0,0.0,0.0
1779682155298639317,0.01,0.0,0.0,0.0,0.0,0.0
1779682155399157456,0.01,0.0,0.0,0.0,0.0,0.0
1779682155499622601,0.01,0.0,0.0,0.0,0.0,0.0
1779682155599695477,0.01,0.0,0.0,0.0,0.0,0.0
1779682155700092128,0.01,0.0,0.0,0.0,0.0,0.0
1779682155800442510,0.01,0.0,0.0,0.0,0.0,0.0
1779682155900536307,0.01,0.0,0.0,0.0,0.0,0.0
1779682156000773925,0.01,0.0,0.0,0.0,0.0,0.0
1779682156101105178,0.01,0.0,0.0,0.0,0.0,0.0
1779682156201413576,0.01,0.0,0.0,0.0,0.0,0.0
1779682156301808758,0.01,0.0,0.0,0.0,0.0,0.0
1779682156402051475,0.01,0.0,0.0,0.0,0.0,0.0
1779682156502439996,0.01,0.0,0.0,0.0,0.0,0.0
1779682156602592644,0.01,0.0,0.0,0.0,0.0,0.0
1779682156703129297,0.01,0.0,0.0,0.0,0.0,0.0
1779682156803438390,0.01,0.0,0.0,0.0,0.0,0.0
1779682156903750051,0.01,0.0,0.0,0.0,0.0,0.0
1779682157004281237,0.01,0.0,0.0,0.0,0.0,0.0
1779682157104630887,0.01,0.0,0.0,0.0,0.0,0.0
1779682157204947466,0.01,0.0,0.0,0.0,0.0,0.0
1779682157305335830,0.01,0.0,0.0,0.0,0.0,0.0
1779682157405542222,0.01,0.0,0.0,0.0,0.0,0.0
1779682157506712830,0.01,0.0,0.0,0.0,0.0,0.0
1779682157606590224,0.01,0.0,0.0,0.0,0.0,0.0
1779682157707042821,0.01,0.0,0.0,0.0,0.0,0.0
1779682157807553885,0.01,0.0,0.0,0.0,0.0,0.0
1779682157908473619,0.01,0.0,0.0,0.0,0.0,0.0
1779682158008690416,0.01,0.0,0.0,0.0,0.0,0.0
1779682158109445596,0.01,0.0,0.0,0.0,0.0,0.0
1779682158209929323,0.01,0.0,0.0,0.0,0.0,0.0
1779682158310368047,0.01,0.0,0.0,0.0,0.0,0.0
1779682158410721175,0.01,0.0,0.0,0.0,0.0,0.0
1779682158511393493,0.01,0.0,0.0,0.0,0.0,0.0
1779682158611779325,0.01,0.0,0.0,0.0,0.0,0.0
1779682158712219049,0.01,0.0,0.0,0.0,0.0,0.0
1779682158812882924,0.01,0.0,0.0,0.0,0.0,0.0
1779682158913221333,0.01,0.0,0.0,0.0,0.0,0.0
1779682159013680820,0.01,0.0,0.0,0.0,0.0,0.0
1779682159113885477,0.01,0.0,0.0,0.0,0.0,0.0
1779682159214147096,0.01,0.0,0.0,0.0,0.0,0.0
1779682159315282055,0.01,0.0,0.0,0.0,0.0,0.0
1779682159415263177,0.01,0.0,0.0,0.0,0.0,0.0
1779682159515655043,0.01,0.0,0.0,0.0,0.0,0.0
1779682159616451150,0.01,0.0,0.0,0.0,0.0,0.0
1779682159716461404,0.01,0.0,0.0,0.0,0.0,0.0
1779682159816683931,0.01,0.0,0.0,0.0,0.0,0.0
1779682159917159565,0.01,0.0,0.0,0.0,0.0,0.0
1779682160017501735,0.01,0.0,0.0,0.0,0.0,0.0
1779682160117891228,0.01,0.0,0.0,0.0,0.0,0.0
1779682160218721989,0.01,0.0,0.0,0.0,0.0,0.0
1779682160318847374,0.01,0.0,0.0,0.0,0.0,0.0
1779682160419011446,0.01,0.0,0.0,0.0,0.0,0.0
1779682160519406595,0.01,0.0,0.0,0.0,0.0,0.0
1779682160619736340,0.01,0.0,0.0,0.0,0.0,0.0
1779682160720335243,0.01,0.0,0.0,0.0,0.0,0.0
1779682160820653960,0.01,0.0,0.0,0.0,0.0,0.0
1779682160920912677,0.01,0.0,0.0,0.0,0.0,0.0
1779682161021167824,0.01,0.0,0.0,0.0,0.0,0.0
1779682161121611748,0.01,0.0,0.0,0.0,0.0,0.0
1779682161221777343,0.01,0.0,0.0,0.0,0.0,0.0
1779682161322410408,0.01,0.0,0.0,0.0,0.0,0.0
1779682161422501430,0.01,0.0,0.0,0.0,0.0,0.0
1779682161523605132,0.01,0.0,0.0,0.0,0.0,0.0
1779682161623599847,0.01,0.0,0.0,0.0,0.0,0.0
1779682161723944477,0.01,0.0,0.0,0.0,0.0,0.0
1779682161824328043,0.01,0.0,0.0,0.0,0.0,0.0
1779682161924887595,0.01,0.0,0.0,0.0,0.0,0.0
1779682162024975873,0.01,0.0,0.0,0.0,0.0,0.0
1779682162125127586,0.01,0.0,0.0,0.0,0.0,0.0
1779682162225856170,0.01,0.0,0.0,0.0,0.0,0.0
1779682162326056887,0.01,0.0,0.0,0.0,0.0,0.0
1779682162426291636,0.01,0.0,0.0,0.0,0.0,0.0
1779682162526925116,0.01,0.0,0.0,0.0,0.0,0.0
1779682162627307609,0.01,0.0,0.0,0.0,0.0,0.0
1779682162727438490,0.01,0.0,0.0,0.0,0.0,0.0
1779682162827934233,0.01,0.0,0.0,0.0,0.0,0.0
1779682162928327603,0.01,0.0,0.0,0.0,0.0,0.0
1779682163028836470,0.01,0.0,0.0,0.0,0.0,0.0
1779682163129013549,0.01,0.0,0.0,0.0,0.0,0.0
1779682163229339236,0.01,0.0,0.0,0.0,0.0,0.0
1779682163329737198,0.01,0.0,0.0,0.0,0.0,0.0
1779682163430070459,0.01,0.0,0.0,0.0,0.0,0.0
1779682163530691206,0.01,0.0,0.0,0.0,0.0,0.0
1779682163630859448,0.01,0.0,0.0,0.0,0.0,0.0
1779682163731374822,0.01,0.0,0.0,0.0,0.0,0.0
1779682163831844255,0.01,0.0,0.0,0.0,0.0,0.0
1779682163932302398,0.01,0.0,0.0,0.0,0.0,0.0
1779682164032534106,0.01,0.0,0.0,0.0,0.0,0.0
1779682164132785385,0.01,0.0,0.0,0.0,0.0,0.0
1779682164233156743,0.01,0.0,0.0,0.0,0.0,0.0
1779682164335545739,0.01,0.0,0.0,0.0,0.0,0.0
1779682164433957462,0.01,0.0,0.0,0.0,0.0,0.0
1779682164534945676,0.01,0.0,0.0,0.0,0.0,0.0
1779682164635007194,0.01,0.0,0.0,0.0,0.0,0.0
1779682164735656168,0.01,0.0,0.0,0.0,0.0,0.0
1779682164835830374,0.01,0.0,0.0,0.0,0.0,0.0
1779682164936002467,0.01,0.0,0.0,0.0,0.0,0.0
1779682165036366527,0.01,0.0,0.0,0.0,0.0,0.0
1779682165136581229,0.01,0.0,0.0,0.0,0.0,0.0
1779682165237025487,0.01,0.0,0.0,0.0,0.0,0.0
1779682165337511602,0.01,0.0,0.0,0.0,0.0,0.0
1779682165438023339,0.01,0.0,0.0,0.0,0.0,0.0
1779682165538564744,0.01,0.0,0.0,0.0,0.0,0.0
1779682165638744460,0.01,0.0,0.0,0.0,0.0,0.0
1779682165739181544,0.01,0.0,0.0,0.0,0.0,0.0
1779682165839797355,0.01,0.0,0.0,0.0,0.0,0.0
1779682165939791159,0.01,0.0,0.0,0.0,0.0,0.0
1779682166040243437,0.01,0.0,0.0,0.0,0.0,0.0
1779682166141225370,0.01,0.0,0.0,0.0,0.0,0.0
1779682166241673601,0.01,0.0,0.0,0.0,0.0,0.0
1779682166341897097,0.01,0.0,0.0,0.0,0.0,0.0
1779682166442294262,0.01,0.0,0.0,0.0,0.0,0.0
1779682166542796765,0.01,0.0,0.0,0.0,0.0,0.0
1779682166642999161,0.01,0.0,0.0,0.0,0.0,0.0
1779682166743379428,0.01,0.0,0.0,0.0,0.0,0.0
1779682166843677549,0.01,0.0,0.0,0.0,0.0,0.0
1779682166944185210,0.01,0.0,0.0,0.0,0.0,0.0
1779682167047033825,0.01,0.0,0.0,0.0,0.0,0.0
1779682167147323121,0.01,0.0,0.0,0.0,0.0,0.0
1779682167247702057,0.01,0.0,0.0,0.0,0.0,0.0
1779682167347891058,0.01,0.0,0.0,0.0,0.0,0.0
1779682167448367450,0.01,0.0,0.0,0.0,0.0,0.0
1779682167548558541,0.01,0.0,0.0,0.0,0.0,0.0
1779682167648785447,0.01,0.0,0.0,0.0,0.0,0.0
1779682167749328870,0.01,0.0,0.0,0.0,0.0,0.0
1779682167849525213,0.01,0.0,0.0,0.0,0.0,0.0
1779682167949677364,0.01,0.0,0.0,0.0,0.0,0.0
1779682168049965547,0.01,0.0,0.0,0.0,0.0,0.0
1779682168150328173,0.01,0.0,0.0,0.0,0.0,0.0
1779682168250479625,0.01,0.0,0.0,0.0,0.0,0.0
1779682168350836096,0.01,0.0,0.0,0.0,0.0,0.0
1779682168451150212,0.01,0.0,0.0,0.0,0.0,0.0
1779682168551426946,0.01,0.0,0.0,0.0,0.0,0.0
1779682168651690176,0.01,0.0,0.0,0.0,0.0,0.0
1779682168751832223,0.01,0.0,0.0,0.0,0.0,0.0
1779682168852292970,0.01,0.0,0.0,0.0,0.0,0.0
1779682168952688217,0.01,0.0,0.0,0.0,0.0,0.0
1779682169052895208,0.01,0.0,0.0,0.0,0.0,0.0
1779682169153487064,0.01,0.0,0.0,0.0,0.0,0.0
1779682169253752419,0.01,0.0,0.0,0.0,0.0,0.0
1779682169354036561,0.01,0.0,0.0,0.0,0.0,0.0
1779682169454297320,0.01,0.0,0.0,0.0,0.0,0.0
1779682169554499629,0.01,0.0,0.0,0.0,0.0,0.0
1779682169654747489,0.01,0.0,0.0,0.0,0.0,0.0
1779682169754922470,0.01,0.0,0.0,0.0,0.0,0.0
1779682169855904297,0.01,0.0,0.0,0.0,0.0,0.0
1779682169955996211,0.01,0.0,0.0,0.0,0.0,0.0
1779682170056554876,0.01,0.0,0.0,0.0,0.0,0.0
1779682170156729913,0.01,0.0,0.0,0.0,0.0,0.0
1779682170256896318,0.01,0.0,0.0,0.0,0.0,0.0
1779682170357269778,0.01,0.0,0.0,0.0,0.0,0.0
1779682170457359048,0.01,0.0,0.0,0.0,0.0,0.0
1779682170558202149,0.01,0.0,0.0,0.0,0.0,0.0
1779682170658494915,0.01,0.0,0.0,0.0,0.0,0.0
1779682170758919409,0.01,0.0,0.0,0.0,0.0,0.0
1779682170858972640,0.01,0.0,0.0,0.0,0.0,0.0
1779682170959493266,0.01,0.0,0.0,0.0,0.0,0.0
1779682171059685804,0.01,0.0,0.0,0.0,0.0,0.0
1779682171160155994,0.01,0.0,0.0,0.0,0.0,0.0
1779682171260408832,0.01,0.0,0.0,0.0,0.0,0.0
1779682171360628428,0.01,0.0,0.0,0.0,0.0,0.0
1779682171461214493,0.01,0.0,0.0,0.0,0.0,0.0
1779682171561417414,0.01,0.0,0.0,0.0,0.0,0.0
1779682171661935590,0.01,0.0,0.0,0.0,0.0,0.0
1779682171762148117,0.01,0.0,0.0,0.0,0.0,0.0
1779682171862548891,0.01,0.0,0.0,0.0,0.0,0.0
1779682171962970698,0.01,0.0,0.0,0.0,0.0,0.0
1779682172063822742,0.01,0.0,0.0,0.0,0.0,0.0
1779682172164174941,0.01,0.0,0.0,0.0,0.0,0.0
1779682172264753284,0.01,0.0,0.0,0.0,0.0,0.0
1779682172364654278,0.01,0.0,0.0,0.0,0.0,0.0
1779682172464885662,0.01,0.0,0.0,0.0,0.0,0.0
1779682172565182122,0.01,0.0,0.0,0.0,0.0,0.0
1779682172665704085,0.01,0.0,0.0,0.0,0.0,0.0
1779682172766106929,0.01,0.0,0.0,0.0,0.0,0.0
1779682172866463270,0.01,0.0,0.0,0.0,0.0,0.0
1779682172966863679,0.01,0.0,0.0,0.0,0.0,0.0
1779682173067466859,0.01,0.0,0.0,0.0,0.0,0.0
1779682173168097730,0.01,0.0,0.0,0.0,0.0,0.0
1779682173268280827,0.01,0.0,0.0,0.0,0.0,0.0
1779682173368780557,0.01,0.0,0.0,0.0,0.0,0.0
1779682173469289857,0.01,0.0,0.0,0.0,0.0,0.0
1779682173569377082,0.01,0.0,0.0,0.0,0.0,0.0
1779682173669764577,0.01,0.0,0.0,0.0,0.0,0.0
1779682173769900019,0.01,0.0,0.0,0.0,0.0,0.0
1779682173870264298,0.01,0.0,0.0,0.0,0.0,0.0
1779682173970563752,0.01,0.0,0.0,0.0,0.0,0.0
1779682174070914385,0.01,0.0,0.0,0.0,0.0,0.0
1779682174171106851,0.01,0.0,0.0,0.0,0.0,0.0
1779682174271320071,0.01,0.0,0.0,0.0,0.0,0.0
1779682174372366455,0.01,0.0,0.0,0.0,0.0,0.0
1779682174472229061,0.01,0.0,0.0,0.0,0.0,0.0
1779682174572682894,0.01,0.0,0.0,0.0,0.0,0.0
1779682174672806506,0.01,0.0,0.0,0.0,0.0,0.0
1779682174773344208,0.01,0.0,0.0,0.0,0.0,0.0
1779682174873587295,0.01,0.0,0.0,0.0,0.0,0.0
1779682174974200190,0.01,0.0,0.0,0.0,0.0,0.0
1779682175074730541,0.01,0.0,0.0,0.0,0.0,0.0
1779682175174910316,0.01,0.0,0.0,0.0,0.0,0.0
1779682175275290656,0.01,0.0,0.0,0.0,0.0,0.0
1779682175375472811,0.01,0.0,0.0,0.0,0.0,0.0
1779682175475751911,0.01,0.0,0.0,0.0,0.0,0.0
1779682175576027152,0.01,0.0,0.0,0.0,0.0,0.0
1779682175676451951,0.01,0.0,0.0,0.0,0.0,0.0
1779682175776928820,0.01,0.0,0.0,0.0,0.0,0.0
1779682175877085033,0.01,0.0,0.0,0.0,0.0,0.0
1779682175977265189,0.01,0.0,0.0,0.0,0.0,0.0
1779682176077779931,0.01,0.0,0.0,0.0,0.0,0.0
1779682176178820108,0.01,0.0,0.0,0.0,0.0,0.0
1779682176279178207,0.01,0.0,0.0,0.0,0.0,0.0
1779682176379525560,0.01,0.0,0.0,0.0,0.0,0.0
1779682176479670551,0.01,0.0,0.0,0.0,0.0,0.0
1779682176580042445,0.01,0.0,0.0,0.0,0.0,0.0
1779682176680282845,0.01,0.0,0.0,0.0,0.0,0.0
1779682176780502660,0.01,0.0,0.0,0.0,0.0,0.0
1779682176883235833,0.01,0.0,0.0,0.0,0.0,0.0
1779682176981469190,0.01,0.0,0.0,0.0,0.0,0.0
1779682177082073522,0.01,0.0,0.0,0.0,0.0,0.0
1779682177182187198,0.01,0.0,0.0,0.0,0.0,0.0
1779682177282576844,0.01,0.0,0.0,0.0,0.0,0.0
1779682177383254351,0.01,0.0,0.0,0.0,0.0,0.0
1779682177483496971,0.01,0.0,0.0,0.0,0.0,0.0
1779682177584600687,0.01,0.0,0.0,0.0,0.0,0.0
1779682177684870839,0.01,0.0,0.0,0.0,0.0,0.0
1779682177785571008,0.01,0.0,0.0,0.0,0.0,0.0
1779682177885605063,0.01,0.0,0.0,0.0,0.0,0.0
1779682177985926533,0.01,0.0,0.0,0.0,0.0,0.0
1779682178086471196,0.01,0.0,0.0,0.0,0.0,0.0
1779682178186950881,0.01,0.0,0.0,0.0,0.0,0.0
1779682178287274766,0.01,0.0,0.0,0.0,0.0,0.0
1779682178387898912,0.01,0.0,0.0,0.0,0.0,0.0
1779682178488890041,0.01,0.0,0.0,0.0,0.0,0.0
1779682178588912294,0.01,0.0,0.0,0.0,0.0,0.0
1779682178689556929,0.01,0.0,0.0,0.0,0.0,0.0
1779682178790096643,0.01,0.0,0.0,0.0,0.0,0.0
1779682178890763434,0.01,0.0,0.0,0.0,0.0,0.0
1779682178991162380,0.01,0.0,0.0,0.0,0.0,0.0
1779682179091473713,0.01,0.0,0.0,0.0,0.0,0.0
1779682179192794995,0.01,0.0,0.0,0.0,0.0,0.0
1779682179293060631,0.01,0.0,0.0,0.0,0.0,0.0
1779682179393552494,0.01,0.0,0.0,0.0,0.0,0.0
1779682179493935875,0.01,0.0,0.0,0.0,0.0,0.0
1779682179594385784,0.01,0.0,0.0,0.0,0.0,0.0
1779682179694627594,0.01,0.0,0.0,0.0,0.0,0.0
1779682179794904426,0.01,0.0,0.0,0.0,0.0,0.0
1779682179895390683,0.01,0.0,0.0,0.0,0.0,0.0
1779682179995629892,0.01,0.0,0.0,0.0,0.0,0.0
1779682180095891463,0.01,0.0,0.0,0.0,0.0,0.0
1779682180196273914,0.01,0.0,0.0,0.0,0.0,0.0
1779682180296456891,0.01,0.0,0.0,0.0,0.0,0.0
1779682180396980785,0.01,0.0,0.0,0.0,0.0,0.0
1779682180497652704,0.01,0.0,0.0,0.0,0.0,0.0
1779682180598108418,0.01,0.0,0.0,0.0,0.0,0.0
1779682180698456310,0.01,0.0,0.0,0.0,0.0,0.0
1779682180798817905,0.01,0.0,0.0,0.0,0.0,0.0
1779682180898974425,0.01,0.0,0.0,0.0,0.0,0.0
1779682180999523932,0.01,0.0,0.0,0.0,0.0,0.0
1779682181099737212,0.01,0.0,0.0,0.0,0.0,0.0
1779682181200061675,0.01,0.0,0.0,0.0,0.0,0.0
1779682181300244638,0.01,0.0,0.0,0.0,0.0,0.0
1779682181400668208,0.01,0.0,0.0,0.0,0.0,0.0
1779682181500852387,0.01,0.0,0.0,0.0,0.0,0.0
1779682181601515943,0.01,0.0,0.0,0.0,0.0,0.0
1779682181701976328,0.01,0.0,0.0,0.0,0.0,0.0
1779682181802511801,0.01,0.0,0.0,0.0,0.0,0.0
1779682181902821648,0.01,0.0,0.0,0.0,0.0,0.0
1779682182002901037,0.01,0.0,0.0,0.0,0.0,0.0
1779682182103368546,0.01,0.0,0.0,0.0,0.0,0.0
1779682182204155036,0.01,0.0,0.0,0.0,0.0,0.0
1779682182304404456,0.01,0.0,0.0,0.0,0.0,0.0
1779682182404801290,0.01,0.0,0.0,0.0,0.0,0.0
1779682182505009397,0.01,0.0,0.0,0.0,0.0,0.0
1779682182605514266,0.01,0.0,0.0,0.0,0.0,0.0
1779682182705732777,0.01,0.0,0.0,0.0,0.0,0.0
1779682182806369852,0.01,0.0,0.0,0.0,0.0,0.0
1779682182906762329,0.01,0.0,0.0,0.0,0.0,0.0
1779682183007287843,0.01,0.0,0.0,0.0,0.0,0.0
1779682183107613647,0.01,0.0,0.0,0.0,0.0,0.0
1779682183207976198,0.01,0.0,0.0,0.0,0.0,0.0
1779682183308577667,0.01,0.0,0.0,0.0,0.0,0.0
1779682183408843738,0.01,0.0,0.0,0.0,0.0,0.0
1779682183509060864,0.01,0.0,0.0,0.0,0.0,0.0
1779682183609553018,0.01,0.0,0.0,0.0,0.0,0.0
1779682183709705921,0.01,0.0,0.0,0.0,0.0,0.0
1779682183810025683,0.01,0.0,0.0,0.0,0.0,0.0
1779682183910095583,0.01,0.0,0.0,0.0,0.0,0.0
1779682184010307885,0.01,0.0,0.0,0.0,0.0,0.0
1779682184110765041,0.01,0.0,0.0,0.0,0.0,0.0
1779682184211883393,0.01,0.0,0.0,0.0,0.0,0.0
1779682184311962862,0.01,0.0,0.0,0.0,0.0,0.0
1779682184412234226,0.01,0.0,0.0,0.0,0.0,0.0
1779682184512699846,0.01,0.0,0.0,0.0,0.0,0.0
1779682184613231831,0.01,0.0,0.0,0.0,0.0,0.0
1779682184713659549,0.01,0.0,0.0,0.0,0.0,0.0
1779682184813807394,0.01,0.0,0.0,0.0,0.0,0.0
1779682184914473335,0.01,0.0,0.0,0.0,0.0,0.0
1779682185014574941,0.01,0.0,0.0,0.0,0.0,0.0
1779682185115454543,0.01,0.0,0.0,0.0,0.0,0.0
1779682185215956014,0.01,0.0,0.0,0.0,0.0,0.0
1779682185316295189,0.01,0.0,0.0,0.0,0.0,0.0
1779682185416744753,0.01,0.0,0.0,0.0,0.0,0.0
1779682185516951658,0.01,0.0,0.0,0.0,0.0,0.0
1779682185617337330,0.01,0.0,0.0,0.0,0.0,0.0
1779682185717411403,0.01,0.0,0.0,0.0,0.0,0.0
1779682185818022471,0.01,0.0,0.0,0.0,0.0,0.0
1779682185918460308,0.01,0.0,0.0,0.0,0.0,0.0
1779682186018583577,0.01,0.0,0.0,0.0,0.0,0.0
1779682186119179425,0.01,0.0,0.0,0.0,0.0,0.0
1779682186219689426,0.01,0.0,0.0,0.0,0.0,0.0
1779682186319799746,0.01,0.0,0.0,0.0,0.0,0.0
1779682186420170064,0.01,0.0,0.0,0.0,0.0,0.0
1779682186520341094,0.01,0.0,0.0,0.0,0.0,0.0
1779682186620917850,0.01,0.0,0.0,0.0,0.0,0.0
1779682186721285532,0.01,0.0,0.0,0.0,0.0,0.0
1779682186821739397,0.01,0.0,0.0,0.0,0.0,0.0
1779682186922050184,0.01,0.0,0.0,0.0,0.0,0.0
1779682187022207941,0.01,0.0,0.0,0.0,0.0,0.0
1779682187122657508,0.01,0.0,0.0,0.0,0.0,0.0
1779682187222867513,0.01,0.0,0.0,0.0,0.0,0.0
1779682187323228889,0.01,0.0,0.0,0.0,0.0,0.0
1779682187423417450,0.01,0.0,0.0,0.0,0.0,0.0
1779682187523557992,0.01,0.0,0.0,0.0,0.0,0.0
1779682187623940430,0.01,0.0,0.0,0.0,0.0,0.0
1779682187724098857,0.01,0.0,0.0,0.0,0.0,0.0
1779682187824581018,0.01,0.0,0.0,0.0,0.0,0.0
1779682187924960159,0.01,0.0,0.0,0.0,0.0,0.0
1779682188025533453,0.01,0.0,0.0,0.0,0.0,0.0
1779682188125520807,0.01,0.0,0.0,0.0,0.0,0.0
1779682188225875145,0.01,0.0,0.0,0.0,0.0,0.0
1779682188326231476,0.01,0.0,0.0,0.0,0.0,0.0
1779682188427221128,0.01,0.0,0.0,0.0,0.0,0.0
1779682188527579425,0.01,0.0,0.0,0.0,0.0,0.0
1779682188627840386,0.01,0.0,0.0,0.0,0.0,0.0
1779682188728244726,0.01,0.0,0.0,0.0,0.0,0.0
1779682188828712699,0.01,0.0,0.0,0.0,0.0,0.0
1779682188928797933,0.01,0.0,0.0,0.0,0.0,0.0
1779682189029027965,0.01,0.0,0.0,0.0,0.0,0.0
1779682189129592781,0.01,0.0,0.0,0.0,0.0,0.0
1779682189229610957,0.01,0.0,0.0,0.0,0.0,0.0
1779682189329979714,0.01,0.0,0.0,0.0,0.0,0.0
1779682189430352359,0.01,0.0,0.0,0.0,0.0,0.0
1779682189530424335,0.01,0.0,0.0,0.0,0.0,0.0
1779682189630786840,0.01,0.0,0.0,0.0,0.0,0.0
1779682189730937584,0.01,0.0,0.0,0.0,0.0,0.0
1779682189831243041,0.01,0.0,0.0,0.0,0.0,0.0
1779682189931544194,0.01,0.0,0.0,0.0,0.0,0.0
1779682190031899197,0.01,0.0,0.0,0.0,0.0,0.0
1779682190132437446,0.01,0.0,0.0,0.0,0.0,0.0
1779682190232533791,0.01,0.0,0.0,0.0,0.0,0.0
1779682190332916189,0.01,0.0,0.0,0.0,0.0,0.0
1779682190433052789,0.01,0.0,0.0,0.0,0.0,0.0
1779682190533476637,0.01,0.0,0.0,0.0,0.0,0.0
1779682190634094384,0.01,0.0,0.0,0.0,0.0,0.0
1779682190734225832,0.01,0.0,0.0,0.0,0.0,0.0
1779682190834770148,0.01,0.0,0.0,0.0,0.0,0.0
1779682190934744754,0.01,0.0,0.0,0.0,0.0,0.0
1779682191035033221,0.01,0.0,0.0,0.0,0.0,0.0
1779682191135335210,0.01,0.0,0.0,0.0,0.0,0.0
1779682191235640514,0.01,0.0,0.0,0.0,0.0,0.0
1779682191336723475,0.01,0.0,0.0,0.0,0.0,0.0
1779682191437344809,0.01,0.0,0.0,0.0,0.0,0.0
1779682191486619657,0.01,0.0,0.0,0.0,0.0,0.05
1779682191587676420,0.01,0.0,0.0,0.0,0.0,0.1
1779682191688047656,0.01,0.0,0.0,0.0,0.0,0.1
1779682191790486349,0.01,0.0,0.0,0.0,0.0,0.1
1779682191890757501,0.01,0.0,0.0,0.0,0.0,0.1
1779682191990993879,0.01,0.0,0.0,0.0,0.0,0.1
1779682192091328707,0.01,0.0,0.0,0.0,0.0,0.1
1779682192191687754,0.01,0.0,0.0,0.0,0.0,0.1
1779682192292267676,0.01,0.0,0.0,0.0,0.0,0.1
1779682192392462013,0.01,0.0,0.0,0.0,0.0,0.1
1779682192492675323,0.01,0.0,0.0,0.0,0.0,0.1
1779682192593013066,0.01,0.0,0.0,0.0,0.0,0.1
1779682192693397114,0.01,0.0,0.0,0.0,0.0,0.1
1779682192793558818,0.01,0.0,0.0,0.0,0.0,0.1
1779682192893809479,0.01,0.0,0.0,0.0,0.0,0.1
1779682192994201183,0.01,0.0,0.0,0.0,0.0,0.1
1779682193094502173,0.01,0.0,0.0,0.0,0.0,0.1
1779682193194982017,0.01,0.0,0.0,0.0,0.0,0.1
1779682193295228138,0.01,0.0,0.0,0.0,0.0,0.1
1779682193395528295,0.01,0.0,0.0,0.0,0.0,0.1
1779682193496082178,0.01,0.0,0.0,0.0,0.0,0.1
1779682193596392879,0.01,0.0,0.0,0.0,0.0,0.1
1779682193696727865,0.01,0.0,0.0,0.0,0.0,0.1
1779682193797040005,0.01,0.0,0.0,0.0,0.0,0.1
1779682193897471899,0.01,0.0,0.0,0.0,0.0,0.1
1779682193997726902,0.01,0.0,0.0,0.0,0.0,0.1
1779682194098189105,0.01,0.0,0.0,0.0,0.0,0.1
1779682194198241300,0.01,0.0,0.0,0.0,0.0,0.1
1779682194298438357,0.01,0.0,0.0,0.0,0.0,0.1
1779682194398760335,0.01,0.0,0.0,0.0,0.0,0.1
1779682194499799658,0.01,0.0,0.0,0.0,0.0,0.1
1779682194599755765,0.01,0.0,0.0,0.0,0.0,0.1
1779682194700163712,0.01,0.0,0.0,0.0,0.0,0.1
1779682194800499391,0.01,0.0,0.0,0.0,0.0,0.1
1779682194901350338,0.01,0.0,0.0,0.0,0.0,0.1
1779682195001417205,0.01,0.0,0.0,0.0,0.0,0.1
1779682195101797199,0.01,0.0,0.0,0.0,0.0,0.1
1779682195202269335,0.01,0.0,0.0,0.0,0.0,0.1
1779682195302812692,0.01,0.0,0.0,0.0,0.0,0.1
1779682195403061950,0.01,0.0,0.0,0.0,0.0,0.1
1779682195503397932,0.01,0.0,0.0,0.0,0.0,0.1
1779682195603961313,0.01,0.0,0.0,0.0,0.0,0.1
1779682195703969083,0.01,0.0,0.0,0.0,0.0,0.1
1779682195804211566,0.01,0.0,0.0,0.0,0.0,0.1
1779682195904592000,0.01,0.0,0.0,0.0,0.0,0.1
1779682196004970644,0.01,0.0,0.0,0.0,0.0,0.1
1779682196105368962,0.01,0.0,0.0,0.0,0.0,0.1
1779682196206297830,0.01,0.0,0.0,0.0,0.0,0.1
1779682196306053502,0.01,0.0,0.0,0.0,0.0,0.1
1779682196406317197,0.01,0.0,0.0,0.0,0.0,0.1
1779682196506469895,0.01,0.0,0.0,0.0,0.0,0.1
1779682196608256533,0.01,0.0,0.0,0.0,0.0,0.1
1779682196707942889,0.01,0.0,0.0,0.0,0.0,0.1
1779682196809836400,0.01,0.0,0.0,0.0,0.0,0.1
1779682196909886330,0.01,0.0,0.0,0.0,0.0,0.1
1779682197010192160,0.01,0.0,0.0,0.0,0.0,0.1
1779682197110674011,0.01,0.0,0.0,0.0,0.0,0.1
1779682197210957768,0.01,0.0,0.0,0.0,0.0,0.1
1779682197311365713,0.01,0.0,0.0,0.0,0.0,0.1
1779682197411805691,0.01,0.0,0.0,0.0,0.0,0.1
1779682197512146357,0.01,0.0,0.0,0.0,0.0,0.1
1779682197612743032,0.01,0.0,0.0,0.0,0.0,0.1
1779682197713048420,0.01,0.0,0.0,0.0,0.0,0.1
1779682197813316226,0.01,0.0,0.0,0.0,0.0,0.1
1779682197913620380,0.01,0.0,0.0,0.0,0.0,0.1
1779682198013993170,0.01,0.0,0.0,0.0,0.0,0.1
1779682198114554661,0.01,0.0,0.0,0.0,0.0,0.1
1779682198214754883,0.01,0.0,0.0,0.0,0.0,0.1
1779682198315128679,0.01,0.0,0.0,0.0,0.0,0.1
1779682198415267586,0.01,0.0,0.0,0.0,0.0,0.1
1779682198515531356,0.01,0.0,0.0,0.0,0.0,0.1
1779682198615790976,0.01,0.0,0.0,0.0,0.0,0.1
1779682198716546823,0.01,0.0,0.0,0.0,0.0,0.1
1779682198816558650,0.01,0.0,0.0,0.0,0.0,0.1
1779682198916737569,0.01,0.0,0.0,0.0,0.0,0.1
1779682199017028330,0.01,0.0,0.0,0.0,0.0,0.1
1779682199117524771,0.01,0.0,0.0,0.0,0.0,0.1
1779682199217800438,0.01,0.0,0.0,0.0,0.0,0.1
1779682199318224931,0.01,0.0,0.0,0.0,0.0,0.1
1779682199418333502,0.01,0.0,0.0,0.0,0.0,0.1
1779682199518976241,0.01,0.0,0.0,0.0,0.0,0.1
1779682199619046293,0.01,0.0,0.0,0.0,0.0,0.1
1779682199719387479,0.01,0.0,0.0,0.0,0.0,0.1
1779682199819665407,0.01,0.0,0.0,0.0,0.0,0.1
1779682199920245828,0.01,0.0,0.0,0.0,0.0,0.1
1779682200020248791,0.01,0.0,0.0,0.0,0.0,0.1
1779682200120522451,0.01,0.0,0.0,0.0,0.0,0.1
1779682200220817212,0.01,0.0,0.0,0.0,0.0,0.1
1779682200321100079,0.01,0.0,0.0,0.0,0.0,0.1
1779682200421552843,0.01,0.0,0.0,0.0,0.0,0.1
1779682200521756289,0.01,0.0,0.0,0.0,0.0,0.1
1779682200622106605,0.01,0.0,0.0,0.0,0.0,0.1
1779682200722513093,0.01,0.0,0.0,0.0,0.0,0.1
1779682200822810996,0.01,0.0,0.0,0.0,0.0,0.1
1779682200923342155,0.01,0.0,0.0,0.0,0.0,0.1
1779682201023517507,0.01,0.0,0.0,0.0,0.0,0.1
1779682201123906466,0.01,0.0,0.0,0.0,0.0,0.1
1779682201224050655,0.01,0.0,0.0,0.0,0.0,0.1
1779682201324393344,0.01,0.0,0.0,0.0,0.0,0.1
1779682201424601052,0.01,0.0,0.0,0.0,0.0,0.1
1779682201525127503,0.01,0.0,0.0,0.0,0.0,0.1
1779682201625255160,0.01,0.0,0.0,0.0,0.0,0.1
1779682201725682992,0.01,0.0,0.0,0.0,0.0,0.1
1779682201825973745,0.01,0.0,0.0,0.0,0.0,0.1
1779682201926178469,0.01,0.0,0.0,0.0,0.0,0.1
1779682202026469048,0.01,0.0,0.0,0.0,0.0,0.1
1779682202126663762,0.01,0.0,0.0,0.0,0.0,0.1
1779682202227095174,0.01,0.0,0.0,0.0,0.0,0.1
1779682202327528479,0.01,0.0,0.0,0.0,0.0,0.1
1779682202427883760,0.01,0.0,0.0,0.0,0.0,0.1
1779682202453827932,0.0,0.0,0.0,0.0,0.0,0.0
1779682202554218131,0.0,0.0,0.0,0.0,0.0,0.0
1779682202656076456,0.0,0.0,0.0,0.0,0.0,0.0
1779682202755208206,0.0,0.0,0.0,0.0,0.0,0.0
1779682202855787226,0.0,0.0,0.0,0.0,0.0,0.0
1779682202956108753,0.0,0.0,0.0,0.0,0.0,0.0
1779682203056420265,0.0,0.0,0.0,0.0,0.0,0.0
1779682203156910731,0.0,0.0,0.0,0.0,0.0,0.0
1779682203257381168,0.0,0.0,0.0,0.0,0.0,0.0
1779682203357732519,0.0,0.0,0.0,0.0,0.0,0.0
1779682203458128893,0.0,0.0,0.0,0.0,0.0,0.0
1779682203558649134,0.0,0.0,0.0,0.0,0.0,0.0
1779682203659077166,0.0,0.0,0.0,0.0,0.0,0.0
1779682203759620508,0.0,0.0,0.0,0.0,0.0,0.0
1779682203859939162,0.0,0.0,0.0,0.0,0.0,0.0
1779682203960436175,0.0,0.0,0.0,0.0,0.0,0.0
1779682204060885390,0.0,0.0,0.0,0.0,0.0,0.0
1779682204161343345,0.0,0.0,0.0,0.0,0.0,0.0
1779682204261426676,0.0,0.0,0.0,0.0,0.0,0.0
1779682204361665466,0.0,0.0,0.0,0.0,0.0,0.0
1779682204461816293,0.0,0.0,0.0,0.0,0.0,0.0
1779682204562104718,0.0,0.0,0.0,0.0,0.0,0.0
1779682204662581210,0.0,0.0,0.0,0.0,0.0,0.0
1779682204762799747,0.0,0.0,0.0,0.0,0.0,0.0
1779682204862960063,0.0,0.0,0.0,0.0,0.0,0.0
1779682204964875663,0.0,0.0,0.0,0.0,0.0,0.0
1779682205064953252,0.0,0.0,0.0,0.0,0.0,0.0
1779682205165507165,0.0,0.0,0.0,0.0,0.0,0.0
1779682205265516924,0.0,0.0,0.0,0.0,0.0,0.0
1779682205365743543,0.0,0.0,0.0,0.0,0.0,0.0
1779682205466190224,0.0,0.0,0.0,0.0,0.0,0.0
1779682205566624262,0.0,0.0,0.0,0.0,0.0,0.0
1779682205666800641,0.0,0.0,0.0,0.0,0.0,0.0
1779682205767279245,0.0,0.0,0.0,0.0,0.0,0.0
1779682205867463688,0.0,0.0,0.0,0.0,0.0,0.0
1779682205967812557,0.0,0.0,0.0,0.0,0.0,0.0
1779682206067940609,0.0,0.0,0.0,0.0,0.0,0.0
1779682206168299870,0.0,0.0,0.0,0.0,0.0,0.0
1779682206269117517,0.0,0.0,0.0,0.0,0.0,0.0
1779682206369358201,0.0,0.0,0.0,0.0,0.0,0.0
1779682206469754424,0.0,0.0,0.0,0.0,0.0,0.0
1779682206570355559,0.0,0.0,0.0,0.0,0.0,0.0
1779682206670400250,0.0,0.0,0.0,0.0,0.0,0.0
1779682206770629247,0.0,0.0,0.0,0.0,0.0,0.0
1779682206871224572,0.0,0.0,0.0,0.0,0.0,0.0
1779682206971557586,0.0,0.0,0.0,0.0,0.0,0.0
1779682207072501544,0.0,0.0,0.0,0.0,0.0,0.0
1779682207172488695,0.0,0.0,0.0,0.0,0.0,0.0
1779682207273053603,0.0,0.0,0.0,0.0,0.0,0.0
1779682207373195057,0.0,0.0,0.0,0.0,0.0,0.0
1779682207474175144,0.0,0.0,0.0,0.0,0.0,0.0
1779682207574350289,0.0,0.0,0.0,0.0,0.0,0.0
1779682207674673112,0.0,0.0,0.0,0.0,0.0,0.0
1779682207774984569,0.0,0.0,0.0,0.0,0.0,0.0
1779682207875711487,0.0,0.0,0.0,0.0,0.0,0.0
1779682207976331801,0.0,0.0,0.0,0.0,0.0,0.0
1779682208076572838,0.0,0.0,0.0,0.0,0.0,0.0
1779682208177453223,0.0,0.0,0.0,0.0,0.0,0.0
1779682208278638431,0.0,0.0,0.0,0.0,0.0,0.0
1779682208378594861,0.0,0.0,0.0,0.0,0.0,0.0
1779682208479063157,0.0,0.0,0.0,0.0,0.0,0.0
1779682208579339741,0.0,0.0,0.0,0.0,0.0,0.0
1779682208679566307,0.0,0.0,0.0,0.0,0.0,0.0
1779682208780357154,0.0,0.0,0.0,0.0,0.0,0.0
1779682208880420447,0.0,0.0,0.0,0.0,0.0,0.0
1779682208980746395,0.0,0.0,0.0,0.0,0.0,0.0
1779682209080974825,0.0,0.0,0.0,0.0,0.0,0.0
1779682209181322304,0.0,0.0,0.0,0.0,0.0,0.0
1779682209281862904,0.0,0.0,0.0,0.0,0.0,0.0
1779682209382311176,0.0,0.0,0.0,0.0,0.0,0.0
1779682209482445371,0.0,0.0,0.0,0.0,0.0,0.0
1779682209582594570,0.0,0.0,0.0,0.0,0.0,0.0
1779682209684163464,0.0,0.0,0.0,0.0,0.0,0.0
1779682209784106692,0.0,0.0,0.0,0.0,0.0,0.0
1779682209884186794,0.0,0.0,0.0,0.0,0.0,0.0
1779682209984590526,0.0,0.0,0.0,0.0,0.0,0.0
1779682210085002550,0.0,0.0,0.0,0.0,0.0,0.0
1779682210185282150,0.0,0.0,0.0,0.0,0.0,0.0
1779682210285374936,0.0,0.0,0.0,0.0,0.0,0.0
1779682210385599825,0.0,0.0,0.0,0.0,0.0,0.0
1779682210485982010,0.0,0.0,0.0,0.0,0.0,0.0
1779682210586028363,0.0,0.0,0.0,0.0,0.0,0.0
1779682210686414993,0.0,0.0,0.0,0.0,0.0,0.0
1779682210786925497,0.0,0.0,0.0,0.0,0.0,0.0
1779682210887042354,0.0,0.0,0.0,0.0,0.0,0.0
1779682210987508132,0.0,0.0,0.0,0.0,0.0,0.0
1779682211087540459,0.0,0.0,0.0,0.0,0.0,0.0
1779682211187886816,0.0,0.0,0.0,0.0,0.0,0.0
1779682211288193516,0.0,0.0,0.0,0.0,0.0,0.0
1779682211388424211,0.0,0.0,0.0,0.0,0.0,0.0
1779682211488979592,0.0,0.0,0.0,0.0,0.0,0.0
1779682211589166121,0.0,0.0,0.0,0.0,0.0,0.0
1779682211689392544,0.0,0.0,0.0,0.0,0.0,0.0
1779682211789680759,0.0,0.0,0.0,0.0,0.0,0.0
1779682211890027676,0.0,0.0,0.0,0.0,0.0,0.0
1779682211990296580,0.0,0.0,0.0,0.0,0.0,0.0
1779682212090401603,0.0,0.0,0.0,0.0,0.0,0.0
1779682212190661658,0.0,0.0,0.0,0.0,0.0,0.0
1779682212290934593,0.0,0.0,0.0,0.0,0.0,0.0
1779682212391331853,0.0,0.0,0.0,0.0,0.0,0.0
1779682212491562589,0.0,0.0,0.0,0.0,0.0,0.0
1779682212591903991,0.0,0.0,0.0,0.0,0.0,0.0
1779682212692108448,0.0,0.0,0.0,0.0,0.0,0.0
1779682212792408835,0.0,0.0,0.0,0.0,0.0,0.0
1779682212892783253,0.0,0.0,0.0,0.0,0.0,0.0
1779682212993082785,0.0,0.0,0.0,0.0,0.0,0.0
1779682213093420803,0.0,0.0,0.0,0.0,0.0,0.0
1779682213193449937,0.0,0.0,0.0,0.0,0.0,0.0
1779682213293595786,0.0,0.0,0.0,0.0,0.0,0.0
1779682213394024527,0.0,0.0,0.0,0.0,0.0,0.0
1779682213494359356,0.0,0.0,0.0,0.0,0.0,0.0
1779682213594641796,0.0,0.0,0.0,0.0,0.0,0.0
1779682213694984982,0.0,0.0,0.0,0.0,0.0,0.0
1779682213795384208,0.0,0.0,0.0,0.0,0.0,0.0
1779682213895498642,0.0,0.0,0.0,0.0,0.0,0.0
1779682213995888859,0.0,0.0,0.0,0.0,0.0,0.0
1779682214096159307,0.0,0.0,0.0,0.0,0.0,0.0
1779682214196460475,0.0,0.0,0.0,0.0,0.0,0.0
1779682214296608792,0.0,0.0,0.0,0.0,0.0,0.0
1779682214396938680,0.0,0.0,0.0,0.0,0.0,0.0
1779682214497340054,0.0,0.0,0.0,0.0,0.0,0.0
1779682214597727087,0.0,0.0,0.0,0.0,0.0,0.0
1779682214697919059,0.0,0.0,0.0,0.0,0.0,0.0
1779682214798454773,0.0,0.0,0.0,0.0,0.0,0.0
1779682214898599314,0.0,0.0,0.0,0.0,0.0,0.0
1779682214998719225,0.0,0.0,0.0,0.0,0.0,0.0
1779682215098907303,0.0,0.0,0.0,0.0,0.0,0.0
1779682215199424153,0.0,0.0,0.0,0.0,0.0,0.0
1779682215299933513,0.0,0.0,0.0,0.0,0.0,0.0
