%time,field.header.seq,field.header.stamp,field.header.frame_id,field.name0,field.name1,field.name2,field.name3,field.name4,field.name5,field.name6,field.position0,field.position1,field.position2,field.position3,field.position4,field.position5,field.position6,field.velocity0,field.velocity1,field.velocity2,field.velocity3,field.velocity4,field.velocity5,field.velocity6,field.effort0,field.effort1,field.effort2,field.effort3,field.effort4,field.effort5,field.effort6
1780954203768607362,73708,1780954203650394191,base_link,wheel_left_joint,wheel_right_joint,joint1,joint2,joint3,joint4,gripper,0.0015339809469878674,0.0,-0.016873789951205254,-1.5523885488510132,1.2363885641098022,0.6013205051422119,0.0,0.0,0.0,0.0,0.0,0.0,0.0,0.0,0.0,0.0,0.0,48.42000198364258,-352.3900146484375,-69.94000244140625,0.0
1780954203790969792,73709,1780954203684394191,base_link,wheel_left_joint,wheel_right_joint,joint1,joint2,joint3,joint4,gripper,0.0015339809469878674,0.0,-0.016873789951205254,-1.5523885488510132,1.2363885641098022,0.6013205051422119,0.0,0.0,0.0,0.0,0.0,0.0,0.0,0.0,0.0,0.0,0.0,48.42000198364258,-352.3900146484375,-67.25,0.0
1780954203823349041,73710,1780954203800394191,base_link,wheel_left_joint,wheel_right_joint,joint1,joint2,joint3,joint4,gripper,0.0015339809469878674,0.0,-0.016873789951205254,-1.5523885488510132,1.2363885641098022,0.6013205051422119,0.0,0.0,0.0,0.0,0.0,0.0,0.0,0.0,0.0,0.0,0.0,48.42000198364258,-352.3900146484375,-67.25,0.0
1780954203903979166,73711,1780954203824394191,base_link,wheel_left_joint,wheel_right_joint,joint1,joint2,joint3,joint4,gripper,0.0015339809469878674,0.0,-0.016873789951205254,-1.5523885488510132,1.2363885641098022,0.6013205051422119,0.0,0.0,0.0,0.0,0.0,0.0,0.0,0.0,0.0,0.0,0.0,45.72999954223633,-352.3900146484375,-67.25,0.0
1780954203950395821,73712,1780954203958394191,base_link,wheel_left_joint,wheel_right_joint,joint1,joint2,joint3,joint4,gripper,0.0015339809469878674,0.0,-0.016873789951205254,-1.5523885488510132,1.2363885641098022,0.6013205051422119,0.0,0.0,0.0,0.0,0.0,0.0,0.0,0.0,0.0,0.0,0.0,48.42000198364258,-352.3900146484375,-69.94000244140625,0.0
1780954204014913094,73713,1780954203978394191,base_link,wheel_left_joint,wheel_right_joint,joint1,joint2,joint3,joint4,gripper,0.0015339809469878674,0.0,-0.016873789951205254,-1.5523885488510132,1.2363885641098022,0.6013205051422119,0.0,0.0,0.0,0.0,0.0,0.0,0.0,0.0,0.0,0.0,0.0,45.72999954223633,-349.70001220703125,-67.25,0.0
1780954204078866125,73714,1780954204094394191,base_link,wheel_left_joint,wheel_right_joint,joint1,joint2,joint3,joint4,gripper,0.0015339809469878674,0.0,-0.016873789951205254,-1.5523885488510132,1.2363885641098022,0.6013205051422119,0.0,0.0,0.0,0.0,0.0,0.0,0.0,0.0,0.0,0.0,0.0,45.72999954223633,-352.3900146484375,-69.94000244140625,0.0
1780954204163076186,73715,1780954204128394191,base_link,wheel_left_joint,wheel_right_joint,joint1,joint2,joint3,joint4,gripper,0.0015339809469878674,0.0,-0.016873789951205254,-1.5523885488510132,1.2363885641098022,0.6013205051422119,0.0,0.0,0.0,0.0,0.0,0.0,0.0,0.0,0.0,0.0,0.0,48.42000198364258,-352.3900146484375,-69.94000244140625,0.0
1780954204225414230,73716,1780954204222394191,base_link,wheel_left_joint,wheel_right_joint,joint1,joint2,joint3,joint4,gripper,0.0015339809469878674,0.0,-0.016873789951205254,-1.5523885488510132,1.2363885641098022,0.6013205051422119,0.0,0.0,0.0,0.0,0.0,0.0,0.0,0.0,0.0,0.0,0.0,45.72999954223633,-352.3900146484375,-67.25,0.0
1780954204307730197,73717,1780954204256394191,base_link,wheel_left_joint,wheel_right_joint,joint1,joint2,joint3,joint4,gripper,0.0015339809469878674,0.0,-0.016873789951205254,-1.5523885488510132,1.2363885641098022,0.6013205051422119,0.0,0.0,0.0,0.0,0.0,0.0,0.0,0.0,0.0,0.0,0.0,45.72999954223633,-352.3900146484375,-69.94000244140625,0.0
1780954204344940777,73718,1780954204341394191,base_link,wheel_left_joint,wheel_right_joint,joint1,joint2,joint3,joint4,gripper,0.0,0.0,-0.016873789951205254,-1.5523885488510132,1.2363885641098022,0.6013205051422119,0.0,-0.01804683543741703,0.0,0.0,0.0,0.0,0.0,0.0,0.0,0.0,0.0,45.72999954223633,-352.3900146484375,-69.94000244140625,0.0
1780954204438255144,73719,1780954204375394191,base_link,wheel_left_joint,wheel_right_joint,joint1,joint2,joint3,joint4,gripper,0.0015339809469878674,0.0,-0.016873789951205254,-1.5523885488510132,1.2363885641098022,0.6013205051422119,0.0,0.04511708766222,0.0,0.0,0.0,0.0,0.0,0.0,0.0,0.0,0.0,45.72999954223633,-352.3900146484375,-67.25,0.0
1780954204467186458,73720,1780954204472394191,base_link,wheel_left_joint,wheel_right_joint,joint1,joint2,joint3,joint4,gripper,0.0015339809469878674,0.0,-0.016873789951205254,-1.5523885488510132,1.2363885641098022,0.6013205051422119,0.0,0.0,0.0,0.0,0.0,0.0,0.0,0.0,0.0,0.0,0.0,45.72999954223633,-352.3900146484375,-67.25,0.0
1780954204549438364,73721,1780954204506394191,base_link,wheel_left_joint,wheel_right_joint,joint1,joint2,joint3,joint4,gripper,0.0015339809469878674,0.0,-0.016873789951205254,-1.5523885488510132,1.2363885641098022,0.6013205051422119,0.0,0.0,0.0,0.0,0.0,0.0,0.0,0.0,0.0,0.0,0.0,45.72999954223633,-349.70001220703125,-67.25,0.0
1780954204600613450,73722,1780954204603394191,base_link,wheel_left_joint,wheel_right_joint,joint1,joint2,joint3,joint4,gripper,0.0015339809469878674,0.0,-0.016873789951205254,-1.5523885488510132,1.2363885641098022,0.6013205051422119,0.0,0.0,0.0,0.0,0.0,0.0,0.0,0.0,0.0,0.0,0.0,45.72999954223633,-352.3900146484375,-67.25,0.0
1780954204684520681,73723,1780954204637394191,base_link,wheel_left_joint,wheel_right_joint,joint1,joint2,joint3,joint4,gripper,0.0015339809469878674,0.0,-0.016873789951205254,-1.5523885488510132,1.2363885641098022,0.6028544902801514,0.0,0.0,0.0,0.0,0.0,0.0,0.0,0.0,0.0,0.0,0.0,45.72999954223633,-352.3900146484375,-69.94000244140625,0.0
1780954204724109974,73724,1780954204699914672,base_link,wheel_left_joint,wheel_right_joint,joint1,joint2,joint3,joint4,gripper,0.0015339809469878674,0.0,-0.016873789951205254,-1.5523885488510132,1.2363885641098022,0.6013205051422119,0.0,0.0,0.0,0.0,0.0,0.0,0.0,0.0,0.0,0.0,0.0,45.72999954223633,-352.3900146484375,-67.25,0.0
1780954204809413522,73725,1780954204733914672,base_link,wheel_left_joint,wheel_right_joint,joint1,joint2,joint3,joint4,gripper,0.0015339809469878674,0.0,-0.016873789951205254,-1.5523885488510132,1.2363885641098022,0.6013205051422119,0.0,0.0,0.0,0.0,0.0,0.0,0.0,0.0,0.0,0.0,0.0,45.72999954223633,-352.3900146484375,-67.25,0.0
1780954204856940023,73726,1780954204834914672,base_link,wheel_left_joint,wheel_right_joint,joint1,joint2,joint3,joint4,gripper,0.0015339809469878674,0.0,-0.016873789951205254,-1.5523885488510132,1.2363885641098022,0.6013205051422119,0.0,0.0,0.0,0.0,0.0,0.0,0.0,0.0,0.0,0.0,0.0,45.72999954223633,-352.3900146484375,-67.25,0.0
1780954204939594326,73727,1780954204868914672,base_link,wheel_left_joint,wheel_right_joint,joint1,joint2,joint3,joint4,gripper,0.0015339809469878674,0.0,-0.016873789951205254,-1.5523885488510132,1.2363885641098022,0.6013205051422119,0.0,0.0,0.0,0.0,0.0,0.0,0.0,0.0,0.0,0.0,0.0,45.72999954223633,-355.08001708984375,-67.25,0.0
1780954204983390033,73728,1780954204956914672,base_link,wheel_left_joint,wheel_right_joint,joint1,joint2,joint3,joint4,gripper,0.0015339809469878674,0.0,-0.016873789951205254,-1.5523885488510132,1.2363885641098022,0.6028544902801514,0.0,0.0,0.0,0.0,0.0,0.0,0.0,0.0,0.0,0.0,0.0,45.72999954223633,-352.3900146484375,-67.25,0.0
1780954205067630521,73729,1780954204990914672,base_link,wheel_left_joint,wheel_right_joint,joint1,joint2,joint3,joint4,gripper,0.0015339809469878674,0.0,-0.016873789951205254,-1.5523885488510132,1.2363885641098022,0.6013205051422119,0.0,0.0,0.0,0.0,0.0,0.0,0.0,0.0,0.0,0.0,0.0,45.72999954223633,-352.3900146484375,-69.94000244140625,0.0
1780954205103961227,73730,1780954205083914672,base_link,wheel_left_joint,wheel_right_joint,joint1,joint2,joint3,joint4,gripper,0.0015339809469878674,0.0,-0.016873789951205254,-1.5523885488510132,1.2363885641098022,0.6013205051422119,0.0,0.0,0.0,0.0,0.0,0.0,0.0,0.0,0.0,0.0,0.0,45.72999954223633,-352.3900146484375,-67.25,0.0
1780954205197390383,73731,1780954205117914672,base_link,wheel_left_joint,wheel_right_joint,joint1,joint2,joint3,joint4,gripper,0.0015339809469878674,0.0,-0.016873789951205254,-1.5523885488510132,1.2363885641098022,0.6013205051422119,0.0,0.0,0.0,0.0,0.0,0.0,0.0,0.0,0.0,0.0,0.0,43.040000915527344,-352.3900146484375,-69.94000244140625,0.0
1780954205234747884,73732,1780954205210914672,base_link,wheel_left_joint,wheel_right_joint,joint1,joint2,joint3,joint4,gripper,0.0015339809469878674,0.0,-0.016873789951205254,-1.5523885488510132,1.2363885641098022,0.6013205051422119,0.0,0.0,0.0,0.0,0.0,0.0,0.0,0.0,0.0,0.0,0.0,45.72999954223633,-352.3900146484375,-67.25,0.0
1780954205317969750,73733,1780954205244914672,base_link,wheel_left_joint,wheel_right_joint,joint1,joint2,joint3,joint4,gripper,0.0015339809469878674,0.0,-0.016873789951205254,-1.5523885488510132,1.2363885641098022,0.6013205051422119,0.0,0.0,0.0,0.0,0.0,0.0,0.0,0.0,0.0,0.0,0.0,45.72999954223633,-352.3900146484375,-67.25,0.0
1780954205365229149,73734,1780954205337914672,base_link,wheel_left_joint,wheel_right_joint,joint1,joint2,joint3,joint4,gripper,0.0015339809469878674,0.0,-0.016873789951205254,-1.5523885488510132,1.2363885641098022,0.6013205051422119,0.0,0.0,0.0,0.0,0.0,0.0,0.0,0.0,0.0,0.0,0.0,45.72999954223633,-352.3900146484375,-75.31999969482422,0.0
1780954205447865729,73735,1780954205371914672,base_link,wheel_left_joint,wheel_right_joint,joint1,joint2,joint3,joint4,gripper,0.0015339809469878674,0.0,-0.016873789951205254,-1.5523885488510132,1.2363885641098022,0.6013205051422119,0.0,0.0,0.0,0.0,0.0,0.0,0.0,0.0,0.0,0.0,0.0,45.72999954223633,-352.3900146484375,-67.25,0.0
1780954205485626833,73736,1780954205463914672,base_link,wheel_left_joint,wheel_right_joint,joint1,joint2,joint3,joint4,gripper,0.0015339809469878674,0.0,-0.016873789951205254,-1.5523885488510132,1.2363885641098022,0.6013205051422119,0.0,0.0,0.0,0.0,0.0,0.0,0.0,0.0,0.0,0.0,0.0,45.72999954223633,-349.70001220703125,-69.94000244140625,0.0
1780954205569861186,73737,1780954205497914672,base_link,wheel_left_joint,wheel_right_joint,joint1,joint2,joint3,joint4,gripper,0.0015339809469878674,0.0,-0.016873789951205254,-1.5523885488510132,1.2363885641098022,0.6013205051422119,0.0,0.0,0.0,0.0,0.0,0.0,0.0,0.0,0.0,0.0,0.0,45.72999954223633,-352.3900146484375,-75.31999969482422,0.0
1780954205613749313,73738,1780954205594914672,base_link,wheel_left_joint,wheel_right_joint,joint1,joint2,joint3,joint4,gripper,0.0015339809469878674,0.0,-0.016873789951205254,-1.5523885488510132,1.2363885641098022,0.6013205051422119,0.0,0.0,0.0,0.0,0.0,0.0,0.0,0.0,0.0,0.0,0.0,48.42000198364258,-352.3900146484375,-67.25,0.0
1780954205699430542,73739,1780954205627914672,base_link,wheel_left_joint,wheel_right_joint,joint1,joint2,joint3,joint4,gripper,0.0015339809469878674,0.0,-0.016873789951205254,-1.5523885488510132,1.2363885641098022,0.6013205051422119,0.0,0.0,0.0,0.0,0.0,0.0,0.0,0.0,0.0,0.0,0.0,48.42000198364258,-352.3900146484375,-67.25,0.0
1780954205735703718,73740,1780954205716914672,base_link,wheel_left_joint,wheel_right_joint,joint1,joint2,joint3,joint4,gripper,0.0015339809469878674,0.0,-0.016873789951205254,-1.5523885488510132,1.2363885641098022,0.6013205051422119,0.0,0.0,0.0,0.0,0.0,0.0,0.0,0.0,0.0,0.0,0.0,45.72999954223633,-352.3900146484375,-67.25,0.0
1780954205829628788,73741,1780954205749914672,base_link,wheel_left_joint,wheel_right_joint,joint1,joint2,joint3,joint4,gripper,0.0015339809469878674,0.0,-0.016873789951205254,-1.5523885488510132,1.2363885641098022,0.6013205051422119,0.0,0.0,0.0,0.0,0.0,0.0,0.0,0.0,0.0,0.0,0.0,45.72999954223633,-352.3900146484375,-67.25,0.0
1780954205876250596,73742,1780954205850914672,base_link,wheel_left_joint,wheel_right_joint,joint1,joint2,joint3,joint4,gripper,0.0015339809469878674,0.0,-0.016873789951205254,-1.5523885488510132,1.2363885641098022,0.6013205051422119,0.0,0.0,0.0,0.0,0.0,0.0,0.0,0.0,0.0,0.0,0.0,45.72999954223633,-352.3900146484375,-72.6300048828125,0.0
1780954205961425839,73743,1780954205883914672,base_link,wheel_left_joint,wheel_right_joint,joint1,joint2,joint3,joint4,gripper,0.0015339809469878674,0.0,-0.016873789951205254,-1.5523885488510132,1.2363885641098022,0.6013205051422119,0.0,0.0,0.0,0.0,0.0,0.0,0.0,0.0,0.0,0.0,0.0,45.72999954223633,-352.3900146484375,-67.25,0.0
1780954205999271643,73744,1780954205974914672,base_link,wheel_left_joint,wheel_right_joint,joint1,joint2,joint3,joint4,gripper,0.0015339809469878674,0.0,-0.016873789951205254,-1.5523885488510132,1.2363885641098022,0.6013205051422119,0.0,0.0,0.0,0.0,0.0,0.0,0.0,0.0,0.0,0.0,0.0,45.72999954223633,-349.70001220703125,-67.25,0.0
1780954206085342629,73745,1780954206007914672,base_link,wheel_left_joint,wheel_right_joint,joint1,joint2,joint3,joint4,gripper,0.0015339809469878674,0.0,-0.016873789951205254,-1.5523885488510132,1.2363885641098022,0.6013205051422119,0.0,0.0,0.0,0.0,0.0,0.0,0.0,0.0,0.0,0.0,0.0,48.42000198364258,-349.70001220703125,-69.94000244140625,0.0
1780954206129711273,73746,1780954206108914672,base_link,wheel_left_joint,wheel_right_joint,joint1,joint2,joint3,joint4,gripper,0.0,0.0,-0.016873789951205254,-1.5523885488510132,1.2363885641098022,0.6013205051422119,0.0,-0.015187930315732956,0.0,0.0,0.0,0.0,0.0,0.0,0.0,0.0,0.0,45.72999954223633,-352.3900146484375,-67.25,0.0
1780954206212035599,73747,1780954206141914672,base_link,wheel_left_joint,wheel_right_joint,joint1,joint2,joint3,joint4,gripper,0.0015339809469878674,0.0,-0.016873789951205254,-1.5523885488510132,1.2379225492477417,0.6013205051422119,0.0,0.04648427292704582,0.0,0.0,0.0,0.0,0.0,0.0,0.0,0.0,0.0,45.72999954223633,-349.70001220703125,-69.94000244140625,0.0
1780954206261153748,73748,1780954206232914672,base_link,wheel_left_joint,wheel_right_joint,joint1,joint2,joint3,joint4,gripper,0.0015339809469878674,0.0,-0.016873789951205254,-1.5523885488510132,1.2363885641098022,0.6013205051422119,0.0,0.0,0.0,0.0,0.0,0.0,0.0,0.0,0.0,0.0,0.0,45.72999954223633,-349.70001220703125,-75.31999969482422,0.0
1780954206341164854,73749,1780954206266914672,base_link,wheel_left_joint,wheel_right_joint,joint1,joint2,joint3,joint4,gripper,0.0015339809469878674,0.0,-0.016873789951205254,-1.5523885488510132,1.2363885641098022,0.6013205051422119,0.0,0.0,0.0,0.0,0.0,0.0,0.0,0.0,0.0,0.0,0.0,45.72999954223633,-352.3900146484375,-67.25,0.0
1780954206377040147,73750,1780954206363914672,base_link,wheel_left_joint,wheel_right_joint,joint1,joint2,joint3,joint4,gripper,0.0015339809469878674,0.0,-0.016873789951205254,-1.5523885488510132,1.2363885641098022,0.6013205051422119,0.0,0.0,0.0,0.0,0.0,0.0,0.0,0.0,0.0,0.0,0.0,45.72999954223633,-352.3900146484375,-69.94000244140625,0.0
1780954206439038960,73751,1780954206396914672,base_link,wheel_left_joint,wheel_right_joint,joint1,joint2,joint3,joint4,gripper,0.0015339809469878674,0.0,-0.016873789951205254,-1.5523885488510132,1.2363885641098022,0.6013205051422119,0.0,0.0,0.0,0.0,0.0,0.0,0.0,0.0,0.0,0.0,0.0,45.72999954223633,-352.3900146484375,-69.94000244140625,0.0
1780954206467285773,73752,1780954206480914672,base_link,wheel_left_joint,wheel_right_joint,joint1,joint2,joint3,joint4,gripper,0.0015339809469878674,0.0,-0.016873789951205254,-1.5523885488510132,1.2363885641098022,0.6013205051422119,0.0,0.0,0.0,0.0,0.0,0.0,0.0,0.0,0.0,0.0,0.0,45.72999954223633,-349.70001220703125,-69.94000244140625,0.0
1780954206512435311,73753,1780954206513914672,base_link,wheel_left_joint,wheel_right_joint,joint1,joint2,joint3,joint4,gripper,0.0015339809469878674,0.0,-0.016873789951205254,-1.5508545637130737,1.2363885641098022,0.6013205051422119,0.0,0.0,0.0,0.0,0.0,0.0,0.0,0.0,0.0,0.0,0.0,45.72999954223633,-349.70001220703125,-67.25,0.0
1780954206600046565,73754,1780954206579914672,base_link,wheel_left_joint,wheel_right_joint,joint1,joint2,joint3,joint4,gripper,0.0015339809469878674,0.0,-0.016873789951205254,-1.5523885488510132,1.2363885641098022,0.6013205051422119,0.0,0.0,0.0,0.0,0.0,0.0,0.0,0.0,0.0,0.0,0.0,45.72999954223633,-349.70001220703125,-72.6300048828125,0.0
1780954206683058928,73755,1780954206612914672,base_link,wheel_left_joint,wheel_right_joint,joint1,joint2,joint3,joint4,gripper,0.0015339809469878674,0.0,-0.016873789951205254,-1.5523885488510132,1.2363885641098022,0.6013205051422119,0.0,0.0,0.0,0.0,0.0,0.0,0.0,0.0,0.0,0.0,0.0,45.72999954223633,-349.70001220703125,-67.25,0.0
1780954206721995882,73756,1780954206698914672,base_link,wheel_left_joint,wheel_right_joint,joint1,joint2,joint3,joint4,gripper,0.0015339809469878674,0.0,-0.016873789951205254,-1.5523885488510132,1.2363885641098022,0.6013205051422119,0.0,0.0,0.0,0.0,0.0,0.0,0.0,0.0,0.0,0.0,0.0,45.72999954223633,-352.3900146484375,-72.6300048828125,0.0
1780954206810054918,73757,1780954206731914672,base_link,wheel_left_joint,wheel_right_joint,joint1,joint2,joint3,joint4,gripper,0.0015339809469878674,0.0,-0.016873789951205254,-1.5523885488510132,1.2363885641098022,0.6013205051422119,0.0,0.0,0.0,0.0,0.0,0.0,0.0,0.0,0.0,0.0,0.0,45.72999954223633,-352.3900146484375,-67.25,0.0
1780954206857525626,73758,1780954206834914672,base_link,wheel_left_joint,wheel_right_joint,joint1,joint2,joint3,joint4,gripper,0.0015339809469878674,0.0,-0.016873789951205254,-1.5523885488510132,1.2363885641098022,0.6013205051422119,0.0,0.0,0.0,0.0,0.0,0.0,0.0,0.0,0.0,0.0,0.0,45.72999954223633,-352.3900146484375,-67.25,0.0
1780954206938685227,73759,1780954206867914672,base_link,wheel_left_joint,wheel_right_joint,joint1,joint2,joint3,joint4,gripper,0.0015339809469878674,0.0,-0.016873789951205254,-1.5523885488510132,1.2363885641098022,0.6013205051422119,0.0,0.0,0.0,0.0,0.0,0.0,0.0,0.0,0.0,0.0,0.0,45.72999954223633,-352.3900146484375,-72.6300048828125,0.0
1780954206982975620,73760,1780954206958914672,base_link,wheel_left_joint,wheel_right_joint,joint1,joint2,joint3,joint4,gripper,0.0015339809469878674,0.0,-0.016873789951205254,-1.5523885488510132,1.2363885641098022,0.6013205051422119,0.0,0.0,0.0,0.0,0.0,0.0,0.0,0.0,0.0,0.0,0.0,45.72999954223633,-352.3900146484375,-67.25,0.0
1780954207067265599,73761,1780954206991914672,base_link,wheel_left_joint,wheel_right_joint,joint1,joint2,joint3,joint4,gripper,0.0015339809469878674,0.0,-0.016873789951205254,-1.5523885488510132,1.2363885641098022,0.6013205051422119,0.0,0.0,0.0,0.0,0.0,0.0,0.0,0.0,0.0,0.0,0.0,45.72999954223633,-352.3900146484375,-67.25,0.0
1780954207106640036,73762,1780954207086914672,base_link,wheel_left_joint,wheel_right_joint,joint1,joint2,joint3,joint4,gripper,0.0015339809469878674,0.0,-0.016873789951205254,-1.5523885488510132,1.2363885641098022,0.6013205051422119,0.0,0.0,0.0,0.0,0.0,0.0,0.0,0.0,0.0,0.0,0.0,45.72999954223633,-349.70001220703125,-69.94000244140625,0.0
1780954207191038555,73763,1780954207120914672,base_link,wheel_left_joint,wheel_right_joint,joint1,joint2,joint3,joint4,gripper,0.0015339809469878674,0.0,-0.016873789951205254,-1.5523885488510132,1.2363885641098022,0.6028544902801514,0.0,0.0,0.0,0.0,0.0,0.0,0.0,0.0,0.0,0.0,0.0,45.72999954223633,-352.3900146484375,-67.25,0.0
1780954207234530079,73764,1780954207206771736,base_link,wheel_left_joint,wheel_right_joint,joint1,joint2,joint3,joint4,gripper,0.0015339809469878674,0.0,-0.016873789951205254,-1.5523885488510132,1.2363885641098022,0.6013205051422119,0.0,0.0,0.0,0.0,0.0,0.0,0.0,0.0,0.0,0.0,0.0,45.72999954223633,-352.3900146484375,-69.94000244140625,0.0
1780954207315961504,73765,1780954207240771736,base_link,wheel_left_joint,wheel_right_joint,joint1,joint2,joint3,joint4,gripper,0.0015339809469878674,0.0,-0.016873789951205254,-1.5523885488510132,1.2363885641098022,0.6013205051422119,0.0,0.0,0.0,0.0,0.0,0.0,0.0,0.0,0.0,0.0,0.0,45.72999954223633,-352.3900146484375,-69.94000244140625,0.0
1780954207365187469,73766,1780954207332771736,base_link,wheel_left_joint,wheel_right_joint,joint1,joint2,joint3,joint4,gripper,0.0015339809469878674,0.0,-0.016873789951205254,-1.5523885488510132,1.2363885641098022,0.6013205051422119,0.0,0.0,0.0,0.0,0.0,0.0,0.0,0.0,0.0,0.0,0.0,48.42000198364258,-352.3900146484375,-75.31999969482422,0.0
1780954207452757371,73767,1780954207365771736,base_link,wheel_left_joint,wheel_right_joint,joint1,joint2,joint3,joint4,gripper,0.0015339809469878674,0.0,-0.016873789951205254,-1.5523885488510132,1.2363885641098022,0.6013205051422119,0.0,0.0,0.0,0.0,0.0,0.0,0.0,0.0,0.0,0.0,0.0,48.42000198364258,-352.3900146484375,-67.25,0.0
1780954207489625775,73768,1780954207458771736,base_link,wheel_left_joint,wheel_right_joint,joint1,joint2,joint3,joint4,gripper,0.0015339809469878674,0.0,-0.016873789951205254,-1.5523885488510132,1.2363885641098022,0.6013205051422119,0.0,0.0,0.0,0.0,0.0,0.0,0.0,0.0,0.0,0.0,0.0,48.42000198364258,-352.3900146484375,-67.25,0.0
1780954207572720953,73769,1780954207492771736,base_link,wheel_left_joint,wheel_right_joint,joint1,joint2,joint3,joint4,gripper,0.0015339809469878674,0.0,-0.016873789951205254,-1.5523885488510132,1.2363885641098022,0.6013205051422119,0.0,0.0,0.0,0.0,0.0,0.0,0.0,0.0,0.0,0.0,0.0,45.72999954223633,-352.3900146484375,-67.25,0.0
1780954207618248671,73770,1780954207589771736,base_link,wheel_left_joint,wheel_right_joint,joint1,joint2,joint3,joint4,gripper,0.0015339809469878674,0.0,-0.016873789951205254,-1.5523885488510132,1.2363885641098022,0.6013205051422119,0.0,0.0,0.0,0.0,0.0,0.0,0.0,0.0,0.0,0.0,0.0,45.72999954223633,-352.3900146484375,-69.94000244140625,0.0
1780954207704613666,73771,1780954207623771736,base_link,wheel_left_joint,wheel_right_joint,joint1,joint2,joint3,joint4,gripper,0.0015339809469878674,0.0,-0.016873789951205254,-1.5523885488510132,1.2363885641098022,0.6013205051422119,0.0,0.0,0.0,0.0,0.0,0.0,0.0,0.0,0.0,0.0,0.0,45.72999954223633,-352.3900146484375,-67.25,0.0
1780954207748926124,73772,1780954207718771736,base_link,wheel_left_joint,wheel_right_joint,joint1,joint2,joint3,joint4,gripper,0.0015339809469878674,0.0,-0.016873789951205254,-1.5523885488510132,1.2363885641098022,0.6013205051422119,0.0,0.0,0.0,0.0,0.0,0.0,0.0,0.0,0.0,0.0,0.0,45.72999954223633,-352.3900146484375,-67.25,0.0
1780954207838914800,73773,1780954207752771736,base_link,wheel_left_joint,wheel_right_joint,joint1,joint2,joint3,joint4,gripper,0.0015339809469878674,0.0,-0.016873789951205254,-1.5523885488510132,1.2363885641098022,0.6013205051422119,0.0,0.0,0.0,0.0,0.0,0.0,0.0,0.0,0.0,0.0,0.0,45.72999954223633,-352.3900146484375,-67.25,0.0
1780954207876370224,73774,1780954207849771736,base_link,wheel_left_joint,wheel_right_joint,joint1,joint2,joint3,joint4,gripper,0.0015339809469878674,0.0,-0.016873789951205254,-1.5523885488510132,1.2363885641098022,0.6013205051422119,0.0,0.0,0.0,0.0,0.0,0.0,0.0,0.0,0.0,0.0,0.0,45.72999954223633,-349.70001220703125,-69.94000244140625,0.0
1780954207957740639,73775,1780954207882771736,base_link,wheel_left_joint,wheel_right_joint,joint1,joint2,joint3,joint4,gripper,0.0015339809469878674,0.0,-0.016873789951205254,-1.5523885488510132,1.2363885641098022,0.6013205051422119,0.0,0.0,0.0,0.0,0.0,0.0,0.0,0.0,0.0,0.0,0.0,45.72999954223633,-352.3900146484375,-69.94000244140625,0.0
1780954208001513616,73776,1780954207975771736,base_link,wheel_left_joint,wheel_right_joint,joint1,joint2,joint3,joint4,gripper,0.0015339809469878674,0.0,-0.016873789951205254,-1.5523885488510132,1.2363885641098022,0.6013205051422119,0.0,0.0,0.0,0.0,0.0,0.0,0.0,0.0,0.0,0.0,0.0,48.42000198364258,-352.3900146484375,-67.25,0.0
1780954208085253462,73777,1780954208009771736,base_link,wheel_left_joint,wheel_right_joint,joint1,joint2,joint3,joint4,gripper,0.0015339809469878674,0.0,-0.016873789951205254,-1.5523885488510132,1.2363885641098022,0.6013205051422119,0.0,0.0,0.0,0.0,0.0,0.0,0.0,0.0,0.0,0.0,0.0,45.72999954223633,-352.3900146484375,-67.25,0.0
1780954208133406010,73778,1780954208096771736,base_link,wheel_left_joint,wheel_right_joint,joint1,joint2,joint3,joint4,gripper,0.0015339809469878674,0.0,-0.016873789951205254,-1.5523885488510132,1.2363885641098022,0.6013205051422119,0.0,0.0,0.0,0.0,0.0,0.0,0.0,0.0,0.0,0.0,0.0,45.72999954223633,-352.3900146484375,-67.25,0.0
1780954208216612022,73779,1780954208129771736,base_link,wheel_left_joint,wheel_right_joint,joint1,joint2,joint3,joint4,gripper,0.0015339809469878674,0.0,-0.016873789951205254,-1.5523885488510132,1.2363885641098022,0.6013205051422119,0.0,0.0,0.0,0.0,0.0,0.0,0.0,0.0,0.0,0.0,0.0,45.72999954223633,-349.70001220703125,-69.94000244140625,0.0
1780954208263258314,73780,1780954208229771736,base_link,wheel_left_joint,wheel_right_joint,joint1,joint2,joint3,joint4,gripper,0.0015339809469878674,0.0,-0.016873789951205254,-1.5523885488510132,1.2363885641098022,0.6013205051422119,0.0,0.0,0.0,0.0,0.0,0.0,0.0,0.0,0.0,0.0,0.0,45.72999954223633,-352.3900146484375,-69.94000244140625,0.0
1780954208346165879,73781,1780954208262771736,base_link,wheel_left_joint,wheel_right_joint,joint1,joint2,joint3,joint4,gripper,0.0015339809469878674,0.0,-0.016873789951205254,-1.5508545637130737,1.2363885641098022,0.6013205051422119,0.0,0.0,0.0,0.0,0.0,0.0,0.0,0.0,0.0,0.0,0.0,45.72999954223633,-352.3900146484375,-75.31999969482422,0.0
1780954208381784033,73782,1780954208354771736,base_link,wheel_left_joint,wheel_right_joint,joint1,joint2,joint3,joint4,gripper,0.0015339809469878674,0.0,-0.016873789951205254,-1.5523885488510132,1.2363885641098022,0.6013205051422119,0.0,0.0,0.0,0.0,0.0,0.0,0.0,0.0,0.0,0.0,0.0,48.42000198364258,-352.3900146484375,-69.94000244140625,0.0
1780954208467655205,73783,1780954208387771736,base_link,wheel_left_joint,wheel_right_joint,joint1,joint2,joint3,joint4,gripper,0.0015339809469878674,0.0,-0.016873789951205254,-1.5523885488510132,1.2363885641098022,0.6013205051422119,0.0,0.0,0.0,0.0,0.0,0.0,0.0,0.0,0.0,0.0,0.0,45.72999954223633,-352.3900146484375,-67.25,0.0
1780954208511847215,73784,1780954208486771736,base_link,wheel_left_joint,wheel_right_joint,joint1,joint2,joint3,joint4,gripper,0.0015339809469878674,0.0,-0.016873789951205254,-1.5523885488510132,1.2363885641098022,0.6013205051422119,0.0,0.0,0.0,0.0,0.0,0.0,0.0,0.0,0.0,0.0,0.0,48.42000198364258,-352.3900146484375,-67.25,0.0
1780954208599086722,73785,1780954208519771736,base_link,wheel_left_joint,wheel_right_joint,joint1,joint2,joint3,joint4,gripper,0.0015339809469878674,0.0,-0.016873789951205254,-1.5523885488510132,1.2363885641098022,0.6013205051422119,0.0,0.0,0.0,0.0,0.0,0.0,0.0,0.0,0.0,0.0,0.0,45.72999954223633,-352.3900146484375,-67.25,0.0
1780954208642864810,73786,1780954208605771736,base_link,wheel_left_joint,wheel_right_joint,joint1,joint2,joint3,joint4,gripper,0.0015339809469878674,0.0,-0.016873789951205254,-1.5523885488510132,1.2363885641098022,0.6013205051422119,0.0,0.0,0.0,0.0,0.0,0.0,0.0,0.0,0.0,0.0,0.0,45.72999954223633,-352.3900146484375,-69.94000244140625,0.0
1780954208729049172,73787,1780954208638771736,base_link,wheel_left_joint,wheel_right_joint,joint1,joint2,joint3,joint4,gripper,0.0015339809469878674,0.0,-0.016873789951205254,-1.5523885488510132,1.2363885641098022,0.6013205051422119,0.0,0.0,0.0,0.0,0.0,0.0,0.0,0.0,0.0,0.0,0.0,45.72999954223633,-352.3900146484375,-67.25,0.0
1780954208765556496,73788,1780954208735771736,base_link,wheel_left_joint,wheel_right_joint,joint1,joint2,joint3,joint4,gripper,0.0015339809469878674,0.0,-0.016873789951205254,-1.5523885488510132,1.2363885641098022,0.6013205051422119,0.0,0.0,0.0,0.0,0.0,0.0,0.0,0.0,0.0,0.0,0.0,45.72999954223633,-352.3900146484375,-67.25,0.0
1780954208851716588,73789,1780954208768771736,base_link,wheel_left_joint,wheel_right_joint,joint1,joint2,joint3,joint4,gripper,0.0015339809469878674,0.0,-0.016873789951205254,-1.5523885488510132,1.2363885641098022,0.6013205051422119,0.0,0.0,0.0,0.0,0.0,0.0,0.0,0.0,0.0,0.0,0.0,45.72999954223633,-352.3900146484375,-67.25,0.0
1780954208898219049,73790,1780954208869771736,base_link,wheel_left_joint,wheel_right_joint,joint1,joint2,joint3,joint4,gripper,0.0015339809469878674,0.0,-0.016873789951205254,-1.5523885488510132,1.2363885641098022,0.6013205051422119,0.0,0.0,0.0,0.0,0.0,0.0,0.0,0.0,0.0,0.0,0.0,45.72999954223633,-352.3900146484375,-69.94000244140625,0.0
1780954208980846330,73791,1780954208902771736,base_link,wheel_left_joint,wheel_right_joint,joint1,joint2,joint3,joint4,gripper,0.0015339809469878674,0.0,-0.016873789951205254,-1.5523885488510132,1.2363885641098022,0.6013205051422119,0.0,0.0,0.0,0.0,0.0,0.0,0.0,0.0,0.0,0.0,0.0,45.72999954223633,-352.3900146484375,-67.25,0.0
1780954209026771224,73792,1780954208989771736,base_link,wheel_left_joint,wheel_right_joint,joint1,joint2,joint3,joint4,gripper,0.0,0.0,-0.016873789951205254,-1.5523885488510132,1.2363885641098022,0.6013205051422119,0.0,-0.01763196475803852,0.0,0.0,0.0,0.0,0.0,0.0,0.0,0.0,0.0,45.72999954223633,-352.3900146484375,-67.25,0.0
1780954209109002756,73793,1780954209022771736,base_link,wheel_left_joint,wheel_right_joint,joint1,joint2,joint3,joint4,gripper,0.0015339809469878674,0.0,-0.016873789951205254,-1.5523885488510132,1.2363885641098022,0.6013205051422119,0.0,0.04648427292704582,0.0,0.0,0.0,0.0,0.0,0.0,0.0,0.0,0.0,45.72999954223633,-352.3900146484375,-67.25,0.0
1780954209144135316,73794,1780954209119771736,base_link,wheel_left_joint,wheel_right_joint,joint1,joint2,joint3,joint4,gripper,0.0015339809469878674,0.0,-0.016873789951205254,-1.5523885488510132,1.2363885641098022,0.6013205051422119,0.0,0.0,0.0,0.0,0.0,0.0,0.0,0.0,0.0,0.0,0.0,45.72999954223633,-352.3900146484375,-67.25,0.0
1780954209230824988,73795,1780954209152771736,base_link,wheel_left_joint,wheel_right_joint,joint1,joint2,joint3,joint4,gripper,0.0015339809469878674,0.0,-0.016873789951205254,-1.5523885488510132,1.2363885641098022,0.6013205051422119,0.0,0.0,0.0,0.0,0.0,0.0,0.0,0.0,0.0,0.0,0.0,45.72999954223633,-352.3900146484375,-67.25,0.0
1780954209274569030,73796,1780954209248771736,base_link,wheel_left_joint,wheel_right_joint,joint1,joint2,joint3,joint4,gripper,0.0015339809469878674,0.0,-0.016873789951205254,-1.5523885488510132,1.2363885641098022,0.6013205051422119,0.0,0.0,0.0,0.0,0.0,0.0,0.0,0.0,0.0,0.0,0.0,45.72999954223633,-352.3900146484375,-69.94000244140625,0.0
1780954209358825679,73797,1780954209281771736,base_link,wheel_left_joint,wheel_right_joint,joint1,joint2,joint3,joint4,gripper,0.0015339809469878674,0.0,-0.016873789951205254,-1.5523885488510132,1.2363885641098022,0.6013205051422119,0.0,0.0,0.0,0.0,0.0,0.0,0.0,0.0,0.0,0.0,0.0,45.72999954223633,-352.3900146484375,-75.31999969482422,0.0
1780954209403964385,73798,1780954209366771736,base_link,wheel_left_joint,wheel_right_joint,joint1,joint2,joint3,joint4,gripper,0.0015339809469878674,0.0,-0.016873789951205254,-1.5523885488510132,1.2363885641098022,0.6013205051422119,0.0,0.0,0.0,0.0,0.0,0.0,0.0,0.0,0.0,0.0,0.0,45.72999954223633,-352.3900146484375,-67.25,0.0
1780954209486386684,73799,1780954209399771736,base_link,wheel_left_joint,wheel_right_joint,joint1,joint2,joint3,joint4,gripper,0.0015339809469878674,0.0,-0.016873789951205254,-1.5523885488510132,1.2363885641098022,0.6013205051422119,0.0,0.0,0.0,0.0,0.0,0.0,0.0,0.0,0.0,0.0,0.0,45.72999954223633,-349.70001220703125,-67.25,0.0
1780954209525120553,73800,1780954209494771736,base_link,wheel_left_joint,wheel_right_joint,joint1,joint2,joint3,joint4,gripper,0.0015339809469878674,0.0,-0.016873789951205254,-1.5523885488510132,1.2363885641098022,0.6013205051422119,0.0,0.0,0.0,0.0,0.0,0.0,0.0,0.0,0.0,0.0,0.0,43.040000915527344,-352.3900146484375,-69.94000244140625,0.0
1780954209609628157,73801,1780954209527771736,base_link,wheel_left_joint,wheel_right_joint,joint1,joint2,joint3,joint4,gripper,0.0015339809469878674,0.0,-0.016873789951205254,-1.5523885488510132,1.2363885641098022,0.6013205051422119,0.0,0.0,0.0,0.0,0.0,0.0,0.0,0.0,0.0,0.0,0.0,45.72999954223633,-352.3900146484375,-67.25,0.0
1780954209660727285,73802,1780954209626771736,base_link,wheel_left_joint,wheel_right_joint,joint1,joint2,joint3,joint4,gripper,0.0015339809469878674,0.0,-0.016873789951205254,-1.5523885488510132,1.2363885641098022,0.6013205051422119,0.0,0.0,0.0,0.0,0.0,0.0,0.0,0.0,0.0,0.0,0.0,45.72999954223633,-352.3900146484375,-67.25,0.0
1780954209742488423,73803,1780954209660771736,base_link,wheel_left_joint,wheel_right_joint,joint1,joint2,joint3,joint4,gripper,0.0015339809469878674,0.0,-0.016873789951205254,-1.5523885488510132,1.2363885641098022,0.6028544902801514,0.0,0.0,0.0,0.0,0.0,0.0,0.0,0.0,0.0,0.0,0.0,45.72999954223633,-352.3900146484375,-67.25,0.0
1780954209775768019,73804,1780954209757747079,base_link,wheel_left_joint,wheel_right_joint,joint1,joint2,joint3,joint4,gripper,0.0015339809469878674,0.0,-0.016873789951205254,-1.5523885488510132,1.2363885641098022,0.6013205051422119,0.0,0.0,0.0,0.0,0.0,0.0,0.0,0.0,0.0,0.0,0.0,45.72999954223633,-352.3900146484375,-67.25,0.0
1780954209827412192,73805,1780954209791747079,base_link,wheel_left_joint,wheel_right_joint,joint1,joint2,joint3,joint4,gripper,0.0015339809469878674,0.0,-0.016873789951205254,-1.5523885488510132,1.2363885641098022,0.6013205051422119,0.0,0.0,0.0,0.0,0.0,0.0,0.0,0.0,0.0,0.0,0.0,45.72999954223633,-352.3900146484375,-72.6300048828125,0.0
1780954209855436728,73806,1780954209865747079,base_link,wheel_left_joint,wheel_right_joint,joint1,joint2,joint3,joint4,gripper,0.0015339809469878674,0.0,-0.016873789951205254,-1.5523885488510132,1.2363885641098022,0.6013205051422119,0.0,0.0,0.0,0.0,0.0,0.0,0.0,0.0,0.0,0.0,0.0,45.72999954223633,-349.70001220703125,-67.25,0.0
1780954209920227306,73807,1780954209899747079,base_link,wheel_left_joint,wheel_right_joint,joint1,joint2,joint3,joint4,gripper,0.0015339809469878674,0.0,-0.016873789951205254,-1.5523885488510132,1.2363885641098022,0.6013205051422119,2.3009712094790302e-05,0.0,0.0,0.0,0.0,0.0,0.0,0.0,0.0,0.0,0.0,45.72999954223633,-349.70001220703125,-67.25,0.0
1780954210004772928,73808,1780954209983747079,base_link,wheel_left_joint,wheel_right_joint,joint1,joint2,joint3,joint4,gripper,0.0015339809469878674,0.0,-0.016873789951205254,-1.5523885488510132,1.2363885641098022,0.6013205051422119,0.0,0.0,0.0,0.0,0.0,0.0,0.0,0.0,0.0,0.0,0.0,45.72999954223633,-352.3900146484375,-67.25,0.0
1780954210096166860,73809,1780954210017747079,base_link,wheel_left_joint,wheel_right_joint,joint1,joint2,joint3,joint4,gripper,0.0015339809469878674,0.0,-0.016873789951205254,-1.5523885488510132,1.2363885641098022,0.6013205051422119,0.0,0.0,0.0,0.0,0.0,0.0,0.0,0.0,0.0,0.0,0.0,45.72999954223633,-352.3900146484375,-67.25,0.0
1780954210137842885,73810,1780954210108747079,base_link,wheel_left_joint,wheel_right_joint,joint1,joint2,joint3,joint4,gripper,0.0015339809469878674,0.0,-0.016873789951205254,-1.5523885488510132,1.2363885641098022,0.6013205051422119,0.0,0.0,0.0,0.0,0.0,0.0,0.0,0.0,0.0,0.0,0.0,45.72999954223633,-352.3900146484375,-67.25,0.0
1780954210224900476,73811,1780954210142747079,base_link,wheel_left_joint,wheel_right_joint,joint1,joint2,joint3,joint4,gripper,0.0015339809469878674,0.0,-0.016873789951205254,-1.5523885488510132,1.2363885641098022,0.6013205051422119,0.0,0.0,0.0,0.0,0.0,0.0,0.0,0.0,0.0,0.0,0.0,45.72999954223633,-352.3900146484375,-67.25,0.0
1780954210261041280,73812,1780954210235747079,base_link,wheel_left_joint,wheel_right_joint,joint1,joint2,joint3,joint4,gripper,0.0,0.0,-0.016873789951205254,-1.5523885488510132,1.2363885641098022,0.6028544902801514,0.0,-0.016494419425725937,0.0,0.0,0.0,0.0,0.0,0.0,0.0,0.0,0.0,45.72999954223633,-352.3900146484375,-67.25,0.0
1780954210344123690,73813,1780954210269747079,base_link,wheel_left_joint,wheel_right_joint,joint1,joint2,joint3,joint4,gripper,0.0015339809469878674,0.0,-0.016873789951205254,-1.5523885488510132,1.2363885641098022,0.6013205051422119,0.0,0.04511708766222,0.0,0.0,0.0,0.0,0.0,0.0,0.0,0.0,0.0,45.72999954223633,-352.3900146484375,-69.94000244140625,0.0
1780954210392112755,73814,1780954210366747079,base_link,wheel_left_joint,wheel_right_joint,joint1,joint2,joint3,joint4,gripper,0.0015339809469878674,0.0,-0.016873789951205254,-1.5523885488510132,1.2363885641098022,0.6013205051422119,0.0,0.0,0.0,0.0,0.0,0.0,0.0,0.0,0.0,0.0,0.0,45.72999954223633,-352.3900146484375,-67.25,0.0
1780954210475701953,73815,1780954210399747079,base_link,wheel_left_joint,wheel_right_joint,joint1,joint2,joint3,joint4,gripper,0.0015339809469878674,0.0,-0.016873789951205254,-1.5523885488510132,1.2363885641098022,0.6013205051422119,0.0,0.0,0.0,0.0,0.0,0.0,0.0,0.0,0.0,0.0,0.0,45.72999954223633,-352.3900146484375,-67.25,0.0
1780954210519489802,73816,1780954210492747079,base_link,wheel_left_joint,wheel_right_joint,joint1,joint2,joint3,joint4,gripper,0.0015339809469878674,0.0,-0.016873789951205254,-1.5523885488510132,1.2363885641098022,0.6028544902801514,0.0,0.0,0.0,0.0,0.0,0.0,0.0,0.0,0.0,0.0,0.0,48.42000198364258,-352.3900146484375,-67.25,0.0
1780954210603183964,73817,1780954210526747079,base_link,wheel_left_joint,wheel_right_joint,joint1,joint2,joint3,joint4,gripper,0.0015339809469878674,0.0,-0.016873789951205254,-1.5523885488510132,1.2363885641098022,0.6013205051422119,0.0,0.0,0.0,0.0,0.0,0.0,0.0,0.0,0.0,0.0,0.0,48.42000198364258,-355.08001708984375,-67.25,0.0
1780954210639089472,73818,1780954210620747079,base_link,wheel_left_joint,wheel_right_joint,joint1,joint2,joint3,joint4,gripper,0.0015339809469878674,0.0,-0.016873789951205254,-1.5523885488510132,1.2363885641098022,0.6013205051422119,0.0,0.0,0.0,0.0,0.0,0.0,0.0,0.0,0.0,0.0,0.0,45.72999954223633,-352.3900146484375,-69.94000244140625,0.0
1780954210720956730,73819,1780954210653747079,base_link,wheel_left_joint,wheel_right_joint,joint1,joint2,joint3,joint4,gripper,0.0015339809469878674,0.0,-0.016873789951205254,-1.5523885488510132,1.2363885641098022,0.6013205051422119,0.0,0.0,0.0,0.0,0.0,0.0,0.0,0.0,0.0,0.0,0.0,45.72999954223633,-352.3900146484375,-64.55999755859375,0.0
1780954210766736744,73820,1780954210744747079,base_link,wheel_left_joint,wheel_right_joint,joint1,joint2,joint3,joint4,gripper,0.0015339809469878674,0.0,-0.016873789951205254,-1.5523885488510132,1.2363885641098022,0.6013205051422119,0.0,0.0,0.0,0.0,0.0,0.0,0.0,0.0,0.0,0.0,0.0,45.72999954223633,-349.70001220703125,-67.25,0.0
1780954210863431306,73821,1780954210778747079,base_link,wheel_left_joint,wheel_right_joint,joint1,joint2,joint3,joint4,gripper,0.0015339809469878674,0.0,-0.016873789951205254,-1.5523885488510132,1.2363885641098022,0.6013205051422119,0.0,0.0,0.0,0.0,0.0,0.0,0.0,0.0,0.0,0.0,0.0,45.72999954223633,-352.3900146484375,-69.94000244140625,0.0
1780954210894010441,73822,1780954210867747079,base_link,wheel_left_joint,wheel_right_joint,joint1,joint2,joint3,joint4,gripper,0.0015339809469878674,0.0,-0.016873789951205254,-1.5523885488510132,1.2363885641098022,0.6013205051422119,0.0,0.0,0.0,0.0,0.0,0.0,0.0,0.0,0.0,0.0,0.0,48.42000198364258,-352.3900146484375,-67.25,0.0
1780954210974080817,73823,1780954210901747079,base_link,wheel_left_joint,wheel_right_joint,joint1,joint2,joint3,joint4,gripper,0.0015339809469878674,0.0,-0.016873789951205254,-1.5523885488510132,1.2363885641098022,0.6013205051422119,0.0,0.0,0.0,0.0,0.0,0.0,0.0,0.0,0.0,0.0,0.0,45.72999954223633,-352.3900146484375,-67.25,0.0
1780954211019622019,73824,1780954210997747079,base_link,wheel_left_joint,wheel_right_joint,joint1,joint2,joint3,joint4,gripper,0.0015339809469878674,0.0,-0.016873789951205254,-1.5523885488510132,1.2363885641098022,0.6013205051422119,0.0,0.0,0.0,0.0,0.0,0.0,0.0,0.0,0.0,0.0,0.0,45.72999954223633,-352.3900146484375,-69.94000244140625,0.0
1780954211105859358,73825,1780954211031747079,base_link,wheel_left_joint,wheel_right_joint,joint1,joint2,joint3,joint4,gripper,0.0015339809469878674,0.0,-0.016873789951205254,-1.5523885488510132,1.2363885641098022,0.6013205051422119,0.0,0.0,0.0,0.0,0.0,0.0,0.0,0.0,0.0,0.0,0.0,45.72999954223633,-352.3900146484375,-67.25,0.0
1780954211149911798,73826,1780954211124747079,base_link,wheel_left_joint,wheel_right_joint,joint1,joint2,joint3,joint4,gripper,0.0015339809469878674,0.0,-0.016873789951205254,-1.5523885488510132,1.2363885641098022,0.6013205051422119,0.0,0.0,0.0,0.0,0.0,0.0,0.0,0.0,0.0,0.0,0.0,45.72999954223633,-352.3900146484375,-75.31999969482422,0.0
1780954211232549537,73827,1780954211158747079,base_link,wheel_left_joint,wheel_right_joint,joint1,joint2,joint3,joint4,gripper,0.0015339809469878674,0.0,-0.016873789951205254,-1.5523885488510132,1.2363885641098022,0.6013205051422119,0.0,0.0,0.0,0.0,0.0,0.0,0.0,0.0,0.0,0.0,0.0,45.72999954223633,-352.3900146484375,-69.94000244140625,0.0
1780954211269013937,73828,1780954211248747079,base_link,wheel_left_joint,wheel_right_joint,joint1,joint2,joint3,joint4,gripper,0.0015339809469878674,0.0,-0.016873789951205254,-1.5508545637130737,1.2363885641098022,0.6013205051422119,0.0,0.0,0.0,0.0,0.0,0.0,0.0,0.0,0.0,0.0,0.0,48.42000198364258,-349.70001220703125,-67.25,0.0
1780954211349974294,73829,1780954211282747079,base_link,wheel_left_joint,wheel_right_joint,joint1,joint2,joint3,joint4,gripper,0.0015339809469878674,0.0,-0.016873789951205254,-1.5523885488510132,1.2363885641098022,0.6013205051422119,0.0,0.0,0.0,0.0,0.0,0.0,0.0,0.0,0.0,0.0,0.0,48.42000198364258,-349.70001220703125,-67.25,0.0
1780954211397560396,73830,1780954211373747079,base_link,wheel_left_joint,wheel_right_joint,joint1,joint2,joint3,joint4,gripper,0.0015339809469878674,0.0,-0.016873789951205254,-1.5523885488510132,1.2363885641098022,0.6013205051422119,0.0,0.0,0.0,0.0,0.0,0.0,0.0,0.0,0.0,0.0,0.0,48.42000198364258,-349.70001220703125,-67.25,0.0
1780954211478998832,73831,1780954211407747079,base_link,wheel_left_joint,wheel_right_joint,joint1,joint2,joint3,joint4,gripper,0.0015339809469878674,0.0,-0.016873789951205254,-1.5523885488510132,1.2363885641098022,0.6013205051422119,0.0,0.0,0.0,0.0,0.0,0.0,0.0,0.0,0.0,0.0,0.0,48.42000198364258,-352.3900146484375,-67.25,0.0
1780954211526028763,73832,1780954211494747079,base_link,wheel_left_joint,wheel_right_joint,joint1,joint2,joint3,joint4,gripper,0.0015339809469878674,0.0,-0.016873789951205254,-1.5523885488510132,1.2363885641098022,0.6013205051422119,0.0,0.0,0.0,0.0,0.0,0.0,0.0,0.0,0.0,0.0,0.0,48.42000198364258,-352.3900146484375,-67.25,0.0
1780954211607983973,73833,1780954211528747079,base_link,wheel_left_joint,wheel_right_joint,joint1,joint2,joint3,joint4,gripper,0.0015339809469878674,0.0,-0.016873789951205254,-1.5523885488510132,1.2363885641098022,0.6013205051422119,0.0,0.0,0.0,0.0,0.0,0.0,0.0,0.0,0.0,0.0,0.0,48.42000198364258,-352.3900146484375,-67.25,0.0
1780954211645437401,73834,1780954211622747079,base_link,wheel_left_joint,wheel_right_joint,joint1,joint2,joint3,joint4,gripper,0.0015339809469878674,0.0,-0.016873789951205254,-1.5523885488510132,1.2363885641098022,0.6013205051422119,0.0,0.0,0.0,0.0,0.0,0.0,0.0,0.0,0.0,0.0,0.0,45.72999954223633,-352.3900146484375,-67.25,0.0
1780954211731487592,73835,1780954211656747079,base_link,wheel_left_joint,wheel_right_joint,joint1,joint2,joint3,joint4,gripper,0.0015339809469878674,0.0,-0.016873789951205254,-1.5523885488510132,1.2363885641098022,0.6013205051422119,0.0,0.0,0.0,0.0,0.0,0.0,0.0,0.0,0.0,0.0,0.0,45.72999954223633,-349.70001220703125,-69.94000244140625,0.0
1780954211777340157,73836,1780954211755747079,base_link,wheel_left_joint,wheel_right_joint,joint1,joint2,joint3,joint4,gripper,0.0015339809469878674,0.0,-0.016873789951205254,-1.5523885488510132,1.2379225492477417,0.6013205051422119,0.0,0.0,0.0,0.0,0.0,0.0,0.0,0.0,0.0,0.0,0.0,48.42000198364258,-352.3900146484375,-64.55999755859375,0.0
1780954211865167698,73837,1780954211789747079,base_link,wheel_left_joint,wheel_right_joint,joint1,joint2,joint3,joint4,gripper,0.0,0.0,-0.016873789951205254,-1.5523885488510132,1.2363885641098022,0.6013205051422119,0.0,-0.04511708766222,0.0,0.0,0.0,0.0,0.0,0.0,0.0,0.0,0.0,48.42000198364258,-352.3900146484375,-67.25,0.0
1780954211908018766,73838,1780954211885747079,base_link,wheel_left_joint,wheel_right_joint,joint1,joint2,joint3,joint4,gripper,0.0015339809469878674,0.0,-0.016873789951205254,-1.5523885488510132,1.2363885641098022,0.6013205051422119,0.0,0.015978969633579254,0.0,0.0,0.0,0.0,0.0,0.0,0.0,0.0,0.0,45.72999954223633,-352.3900146484375,-67.25,0.0
1780954211993410580,73839,1780954211919747079,base_link,wheel_left_joint,wheel_right_joint,joint1,joint2,joint3,joint4,gripper,0.0015339809469878674,0.0,-0.016873789951205254,-1.5523885488510132,1.2363885641098022,0.6028544902801514,0.0,0.0,0.0,0.0,0.0,0.0,0.0,0.0,0.0,0.0,0.0,45.72999954223633,-352.3900146484375,-69.94000244140625,0.0
1780954212039003695,73840,1780954212011747079,base_link,wheel_left_joint,wheel_right_joint,joint1,joint2,joint3,joint4,gripper,0.0015339809469878674,0.0,-0.016873789951205254,-1.5523885488510132,1.2363885641098022,0.6013205051422119,0.0,0.0,0.0,0.0,0.0,0.0,0.0,0.0,0.0,0.0,0.0,45.72999954223633,-352.3900146484375,-69.94000244140625,0.0
1780954212126516581,73841,1780954212045747079,base_link,wheel_left_joint,wheel_right_joint,joint1,joint2,joint3,joint4,gripper,0.0015339809469878674,0.0,-0.016873789951205254,-1.5523885488510132,1.2363885641098022,0.6013205051422119,0.0,0.0,0.0,0.0,0.0,0.0,0.0,0.0,0.0,0.0,0.0,45.72999954223633,-352.3900146484375,-67.25,0.0
1780954212167077404,73842,1780954212136747079,base_link,wheel_left_joint,wheel_right_joint,joint1,joint2,joint3,joint4,gripper,0.0015339809469878674,0.0,-0.016873789951205254,-1.5523885488510132,1.2363885641098022,0.6013205051422119,0.0,0.0,0.0,0.0,0.0,0.0,0.0,0.0,0.0,0.0,0.0,45.72999954223633,-352.3900146484375,-75.31999969482422,0.0
1780954212251120758,73843,1780954212171747079,base_link,wheel_left_joint,wheel_right_joint,joint1,joint2,joint3,joint4,gripper,0.0015339809469878674,0.0,-0.016873789951205254,-1.5523885488510132,1.2363885641098022,0.6013205051422119,0.0,0.0,0.0,0.0,0.0,0.0,0.0,0.0,0.0,0.0,0.0,45.72999954223633,-355.08001708984375,-67.25,0.0
1780954212297479132,73844,1780954212276087345,base_link,wheel_left_joint,wheel_right_joint,joint1,joint2,joint3,joint4,gripper,0.0015339809469878674,0.0,-0.016873789951205254,-1.5523885488510132,1.2363885641098022,0.6013205051422119,0.0,0.0,0.0,0.0,0.0,0.0,0.0,0.0,0.0,0.0,0.0,45.72999954223633,-352.3900146484375,-67.25,0.0
1780954212390804924,73845,1780954212310087345,base_link,wheel_left_joint,wheel_right_joint,joint1,joint2,joint3,joint4,gripper,0.0015339809469878674,0.0,-0.016873789951205254,-1.5523885488510132,1.2363885641098022,0.6013205051422119,0.0,0.0,0.0,0.0,0.0,0.0,0.0,0.0,0.0,0.0,0.0,48.42000198364258,-352.3900146484375,-67.25,0.0
1780954212426594861,73846,1780954212399087345,base_link,wheel_left_joint,wheel_right_joint,joint1,joint2,joint3,joint4,gripper,0.0015339809469878674,0.0,-0.016873789951205254,-1.5523885488510132,1.2363885641098022,0.6013205051422119,0.0,0.0,0.0,0.0,0.0,0.0,0.0,0.0,0.0,0.0,0.0,45.72999954223633,-352.3900146484375,-67.25,0.0
1780954212509109309,73847,1780954212433087345,base_link,wheel_left_joint,wheel_right_joint,joint1,joint2,joint3,joint4,gripper,0.0015339809469878674,0.0,-0.016873789951205254,-1.5523885488510132,1.2363885641098022,0.6013205051422119,0.0,0.0,0.0,0.0,0.0,0.0,0.0,0.0,0.0,0.0,0.0,48.42000198364258,-352.3900146484375,-67.25,0.0
1780954212543714076,73848,1780954212526087345,base_link,wheel_left_joint,wheel_right_joint,joint1,joint2,joint3,joint4,gripper,0.0015339809469878674,0.0,-0.016873789951205254,-1.5523885488510132,1.2363885641098022,0.6013205051422119,0.0,0.0,0.0,0.0,0.0,0.0,0.0,0.0,0.0,0.0,0.0,45.72999954223633,-352.3900146484375,-67.25,0.0
1780954212626223325,73849,1780954212560087345,base_link,wheel_left_joint,wheel_right_joint,joint1,joint2,joint3,joint4,gripper,0.0015339809469878674,0.0,-0.016873789951205254,-1.5523885488510132,1.2363885641098022,0.6013205051422119,0.0,0.0,0.0,0.0,0.0,0.0,0.0,0.0,0.0,0.0,0.0,45.72999954223633,-352.3900146484375,-67.25,0.0
1780954212669923074,73850,1780954212653087345,base_link,wheel_left_joint,wheel_right_joint,joint1,joint2,joint3,joint4,gripper,0.0015339809469878674,0.0,-0.016873789951205254,-1.5523885488510132,1.2363885641098022,0.6013205051422119,0.0,0.0,0.0,0.0,0.0,0.0,0.0,0.0,0.0,0.0,0.0,45.72999954223633,-352.3900146484375,-67.25,0.0
1780954212752780562,73851,1780954212687087345,base_link,wheel_left_joint,wheel_right_joint,joint1,joint2,joint3,joint4,gripper,0.0015339809469878674,0.0,-0.016873789951205254,-1.5523885488510132,1.2363885641098022,0.6013205051422119,0.0,0.0,0.0,0.0,0.0,0.0,0.0,0.0,0.0,0.0,0.0,45.72999954223633,-352.3900146484375,-67.25,0.0
1780954212799025121,73852,1780954212774087345,base_link,wheel_left_joint,wheel_right_joint,joint1,joint2,joint3,joint4,gripper,0.0015339809469878674,0.0,-0.016873789951205254,-1.5523885488510132,1.2363885641098022,0.6013205051422119,0.0,0.0,0.0,0.0,0.0,0.0,0.0,0.0,0.0,0.0,0.0,45.72999954223633,-349.70001220703125,-67.25,0.0
1780954212890886695,73853,1780954212808087345,base_link,wheel_left_joint,wheel_right_joint,joint1,joint2,joint3,joint4,gripper,0.0015339809469878674,0.0,-0.016873789951205254,-1.5523885488510132,1.2363885641098022,0.6013205051422119,0.0,0.0,0.0,0.0,0.0,0.0,0.0,0.0,0.0,0.0,0.0,48.42000198364258,-352.3900146484375,-67.25,0.0
1780954212927273015,73854,1780954212903087345,base_link,wheel_left_joint,wheel_right_joint,joint1,joint2,joint3,joint4,gripper,0.0015339809469878674,0.0,-0.016873789951205254,-1.5523885488510132,1.2363885641098022,0.6013205051422119,0.0,0.0,0.0,0.0,0.0,0.0,0.0,0.0,0.0,0.0,0.0,45.72999954223633,-352.3900146484375,-67.25,0.0
1780954213007136992,73855,1780954212937087345,base_link,wheel_left_joint,wheel_right_joint,joint1,joint2,joint3,joint4,gripper,0.0015339809469878674,0.0,-0.016873789951205254,-1.5523885488510132,1.2363885641098022,0.6013205051422119,0.0,0.0,0.0,0.0,0.0,0.0,0.0,0.0,0.0,0.0,0.0,48.42000198364258,-352.3900146484375,-75.31999969482422,0.0
1780954213054877467,73856,1780954213034087345,base_link,wheel_left_joint,wheel_right_joint,joint1,joint2,joint3,joint4,gripper,0.0015339809469878674,0.0,-0.016873789951205254,-1.5523885488510132,1.2363885641098022,0.6013205051422119,0.0,0.0,0.0,0.0,0.0,0.0,0.0,0.0,0.0,0.0,0.0,45.72999954223633,-352.3900146484375,-67.25,0.0
1780954213137135075,73857,1780954213068087345,base_link,wheel_left_joint,wheel_right_joint,joint1,joint2,joint3,joint4,gripper,0.0015339809469878674,0.0,-0.016873789951205254,-1.5523885488510132,1.2363885641098022,0.6013205051422119,0.0,0.0,0.0,0.0,0.0,0.0,0.0,0.0,0.0,0.0,0.0,45.72999954223633,-349.70001220703125,-67.25,0.0
1780954213164075275,73858,1780954213158087345,base_link,wheel_left_joint,wheel_right_joint,joint1,joint2,joint3,joint4,gripper,0.0015339809469878674,0.0,-0.016873789951205254,-1.5523885488510132,1.2363885641098022,0.6013205051422119,0.0,0.0,0.0,0.0,0.0,0.0,0.0,0.0,0.0,0.0,0.0,45.72999954223633,-355.08001708984375,-67.25,0.0
1780954213211757318,73859,1780954213192087345,base_link,wheel_left_joint,wheel_right_joint,joint1,joint2,joint3,joint4,gripper,0.0015339809469878674,0.0,-0.016873789951205254,-1.5523885488510132,1.2363885641098022,0.6013205051422119,0.0,0.0,0.0,0.0,0.0,0.0,0.0,0.0,0.0,0.0,0.0,45.72999954223633,-352.3900146484375,-67.25,0.0
1780954213234564949,73860,1780954213249087345,base_link,wheel_left_joint,wheel_right_joint,joint1,joint2,joint3,joint4,gripper,0.0015339809469878674,0.0,-0.016873789951205254,-1.5523885488510132,1.2363885641098022,0.6013205051422119,0.0,0.0,0.0,0.0,0.0,0.0,0.0,0.0,0.0,0.0,0.0,45.72999954223633,-352.3900146484375,-64.55999755859375,0.0
1780954213314212174,73861,1780954213283087345,base_link,wheel_left_joint,wheel_right_joint,joint1,joint2,joint3,joint4,gripper,0.0015339809469878674,0.0,-0.016873789951205254,-1.5523885488510132,1.2363885641098022,0.6028544902801514,0.0,0.0,0.0,0.0,0.0,0.0,0.0,0.0,0.0,0.0,0.0,45.72999954223633,-352.3900146484375,-67.25,0.0
1780954213406192640,73862,1780954213380087345,base_link,wheel_left_joint,wheel_right_joint,joint1,joint2,joint3,joint4,gripper,0.0015339809469878674,0.0,-0.016873789951205254,-1.5523885488510132,1.2363885641098022,0.6013205051422119,0.0,0.0,0.0,0.0,0.0,0.0,0.0,0.0,0.0,0.0,0.0,48.42000198364258,-352.3900146484375,-67.25,0.0
1780954213500622854,73863,1780954213414087345,base_link,wheel_left_joint,wheel_right_joint,joint1,joint2,joint3,joint4,gripper,0.0015339809469878674,0.0,-0.016873789951205254,-1.5523885488510132,1.2363885641098022,0.6013205051422119,0.0,0.0,0.0,0.0,0.0,0.0,0.0,0.0,0.0,0.0,0.0,48.42000198364258,-352.3900146484375,-67.25,0.0
1780954213529730704,73864,1780954213503087345,base_link,wheel_left_joint,wheel_right_joint,joint1,joint2,joint3,joint4,gripper,0.0015339809469878674,0.0,-0.016873789951205254,-1.5523885488510132,1.2363885641098022,0.6013205051422119,0.0,0.0,0.0,0.0,0.0,0.0,0.0,0.0,0.0,0.0,0.0,45.72999954223633,-352.3900146484375,-67.25,0.0
1780954213626788351,73865,1780954213537087345,base_link,wheel_left_joint,wheel_right_joint,joint1,joint2,joint3,joint4,gripper,0.0015339809469878674,0.0,-0.016873789951205254,-1.5523885488510132,1.2363885641098022,0.6013205051422119,0.0,0.0,0.0,0.0,0.0,0.0,0.0,0.0,0.0,0.0,0.0,48.42000198364258,-352.3900146484375,-67.25,0.0
1780954213663083859,73866,1780954213640087345,base_link,wheel_left_joint,wheel_right_joint,joint1,joint2,joint3,joint4,gripper,0.0015339809469878674,0.0,-0.016873789951205254,-1.5523885488510132,1.2363885641098022,0.6013205051422119,0.0,0.0,0.0,0.0,0.0,0.0,0.0,0.0,0.0,0.0,0.0,45.72999954223633,-352.3900146484375,-75.31999969482422,0.0
1780954213747371671,73867,1780954213674087345,base_link,wheel_left_joint,wheel_right_joint,joint1,joint2,joint3,joint4,gripper,0.0015339809469878674,0.0,-0.016873789951205254,-1.5523885488510132,1.2363885641098022,0.6013205051422119,0.0,0.0,0.0,0.0,0.0,0.0,0.0,0.0,0.0,0.0,0.0,48.42000198364258,-352.3900146484375,-69.94000244140625,0.0
1780954213795049012,73868,1780954213774087345,base_link,wheel_left_joint,wheel_right_joint,joint1,joint2,joint3,joint4,gripper,0.0015339809469878674,0.0,-0.016873789951205254,-1.5523885488510132,1.2363885641098022,0.6028544902801514,0.0,0.0,0.0,0.0,0.0,0.0,0.0,0.0,0.0,0.0,0.0,45.72999954223633,-352.3900146484375,-72.6300048828125,0.0
1780954213881579215,73869,1780954213808087345,base_link,wheel_left_joint,wheel_right_joint,joint1,joint2,joint3,joint4,gripper,0.0015339809469878674,0.0,-0.016873789951205254,-1.5523885488510132,1.2363885641098022,0.6013205051422119,0.0,0.0,0.0,0.0,0.0,0.0,0.0,0.0,0.0,0.0,0.0,48.42000198364258,-355.08001708984375,-67.25,0.0
1780954213920590087,73870,1780954213898087345,base_link,wheel_left_joint,wheel_right_joint,joint1,joint2,joint3,joint4,gripper,0.0015339809469878674,0.0,-0.016873789951205254,-1.5523885488510132,1.2363885641098022,0.6028544902801514,0.0,0.0,0.0,0.0,0.0,0.0,0.0,0.0,0.0,0.0,0.0,48.42000198364258,-352.3900146484375,-78.01000213623047,0.0
1780954214006974132,73871,1780954213932087345,base_link,wheel_left_joint,wheel_right_joint,joint1,joint2,joint3,joint4,gripper,0.0015339809469878674,0.0,-0.016873789951205254,-1.5523885488510132,1.2363885641098022,0.6013205051422119,0.0,0.0,0.0,0.0,0.0,0.0,0.0,0.0,0.0,0.0,0.0,48.42000198364258,-352.3900146484375,-72.6300048828125,0.0
1780954214058763726,73872,1780954214032087345,base_link,wheel_left_joint,wheel_right_joint,joint1,joint2,joint3,joint4,gripper,0.0015339809469878674,0.0,-0.016873789951205254,-1.5523885488510132,1.2363885641098022,0.6013205051422119,0.0,0.0,0.0,0.0,0.0,0.0,0.0,0.0,0.0,0.0,0.0,48.42000198364258,-352.3900146484375,-67.25,0.0
1780954214141804745,73873,1780954214066087345,base_link,wheel_left_joint,wheel_right_joint,joint1,joint2,joint3,joint4,gripper,0.0015339809469878674,0.0,-0.016873789951205254,-1.5523885488510132,1.2363885641098022,0.6013205051422119,0.0,0.0,0.0,0.0,0.0,0.0,0.0,0.0,0.0,0.0,0.0,48.42000198364258,-352.3900146484375,-67.25,0.0
1780954214187626557,73874,1780954214165087345,base_link,wheel_left_joint,wheel_right_joint,joint1,joint2,joint3,joint4,gripper,0.0,0.0,-0.016873789951205254,-1.5523885488510132,1.2363885641098022,0.6013205051422119,0.0,-0.01549475733190775,0.0,0.0,0.0,0.0,0.0,0.0,0.0,0.0,0.0,45.72999954223633,-352.3900146484375,-67.25,0.0
1780954214272107612,73875,1780954214199087345,base_link,wheel_left_joint,wheel_right_joint,joint1,joint2,joint3,joint4,gripper,0.0015339809469878674,0.0,-0.016873789951205254,-1.5523885488510132,1.2363885641098022,0.6013205051422119,0.0,0.04511708766222,0.0,0.0,0.0,0.0,0.0,0.0,0.0,0.0,0.0,48.42000198364258,-352.3900146484375,-67.25,0.0
1780954214316799960,73876,1780954214294087345,base_link,wheel_left_joint,wheel_right_joint,joint1,joint2,joint3,joint4,gripper,0.0,0.0,-0.016873789951205254,-1.5523885488510132,1.2363885641098022,0.6013205051422119,0.0,-0.01614716835319996,0.0,0.0,0.0,0.0,0.0,0.0,0.0,0.0,0.0,45.72999954223633,-352.3900146484375,-69.94000244140625,0.0
1780954214402209241,73877,1780954214328087345,base_link,wheel_left_joint,wheel_right_joint,joint1,joint2,joint3,joint4,gripper,0.0015339809469878674,0.0,-0.016873789951205254,-1.5523885488510132,1.2363885641098022,0.6013205051422119,0.0,0.04511708766222,0.0,0.0,0.0,0.0,0.0,0.0,0.0,0.0,0.0,48.42000198364258,-352.3900146484375,-67.25,0.0
1780954214438273133,73878,1780954214420087345,base_link,wheel_left_joint,wheel_right_joint,joint1,joint2,joint3,joint4,gripper,0.0015339809469878674,0.0,-0.016873789951205254,-1.5523885488510132,1.2363885641098022,0.6013205051422119,0.0,0.0,0.0,0.0,0.0,0.0,0.0,0.0,0.0,0.0,0.0,45.72999954223633,-352.3900146484375,-69.94000244140625,0.0
1780954214520712729,73879,1780954214454087345,base_link,wheel_left_joint,wheel_right_joint,joint1,joint2,joint3,joint4,gripper,0.0015339809469878674,0.0,-0.016873789951205254,-1.5523885488510132,1.2363885641098022,0.6013205051422119,0.0,0.0,0.0,0.0,0.0,0.0,0.0,0.0,0.0,0.0,0.0,45.72999954223633,-352.3900146484375,-67.25,0.0
1780954214568004692,73880,1780954214548087345,base_link,wheel_left_joint,wheel_right_joint,joint1,joint2,joint3,joint4,gripper,0.0015339809469878674,0.0,-0.016873789951205254,-1.5523885488510132,1.2363885641098022,0.6013205051422119,0.0,0.0,0.0,0.0,0.0,0.0,0.0,0.0,0.0,0.0,0.0,48.42000198364258,-352.3900146484375,-67.25,0.0
1780954214658245327,73881,1780954214582087345,base_link,wheel_left_joint,wheel_right_joint,joint1,joint2,joint3,joint4,gripper,0.0015339809469878674,0.0,-0.016873789951205254,-1.5523885488510132,1.2363885641098022,0.6013205051422119,0.0,0.0,0.0,0.0,0.0,0.0,0.0,0.0,0.0,0.0,0.0,48.42000198364258,-352.3900146484375,-67.25,0.0
1780954214703934607,73882,1780954214673087345,base_link,wheel_left_joint,wheel_right_joint,joint1,joint2,joint3,joint4,gripper,0.0015339809469878674,0.0,-0.016873789951205254,-1.5523885488510132,1.2363885641098022,0.6013205051422119,0.0,0.0,0.0,0.0,0.0,0.0,0.0,0.0,0.0,0.0,0.0,45.72999954223633,-352.3900146484375,-67.25,0.0
1780954214790919741,73883,1780954214707087345,base_link,wheel_left_joint,wheel_right_joint,joint1,joint2,joint3,joint4,gripper,0.0015339809469878674,0.0,-0.016873789951205254,-1.5523885488510132,1.2363885641098022,0.6013205051422119,0.0,0.0,0.0,0.0,0.0,0.0,0.0,0.0,0.0,0.0,0.0,45.72999954223633,-352.3900146484375,-69.94000244140625,0.0
1780954214828240097,73884,1780954214807575328,base_link,wheel_left_joint,wheel_right_joint,joint1,joint2,joint3,joint4,gripper,0.0015339809469878674,0.0,-0.016873789951205254,-1.5523885488510132,1.2363885641098022,0.6013205051422119,0.0,0.0,0.0,0.0,0.0,0.0,0.0,0.0,0.0,0.0,0.0,45.72999954223633,-352.3900146484375,-67.25,0.0
1780954214916029745,73885,1780954214841575328,base_link,wheel_left_joint,wheel_right_joint,joint1,joint2,joint3,joint4,gripper,0.0015339809469878674,0.0,-0.016873789951205254,-1.5523885488510132,1.2363885641098022,0.6013205051422119,0.0,0.0,0.0,0.0,0.0,0.0,0.0,0.0,0.0,0.0,0.0,45.72999954223633,-352.3900146484375,-72.6300048828125,0.0
1780954214962810444,73886,1780954214945575328,base_link,wheel_left_joint,wheel_right_joint,joint1,joint2,joint3,joint4,gripper,0.0015339809469878674,0.0,-0.016873789951205254,-1.5523885488510132,1.2363885641098022,0.6013205051422119,0.0,0.0,0.0,0.0,0.0,0.0,0.0,0.0,0.0,0.0,0.0,45.72999954223633,-352.3900146484375,-67.25,0.0
1780954215046822590,73887,1780954214979575328,base_link,wheel_left_joint,wheel_right_joint,joint1,joint2,joint3,joint4,gripper,0.0015339809469878674,0.0,-0.016873789951205254,-1.5523885488510132,1.2363885641098022,0.6028544902801514,0.0,0.0,0.0,0.0,0.0,0.0,0.0,0.0,0.0,0.0,0.0,45.72999954223633,-352.3900146484375,-67.25,0.0
1780954215095725758,73888,1780954215067575328,base_link,wheel_left_joint,wheel_right_joint,joint1,joint2,joint3,joint4,gripper,0.0015339809469878674,0.0,-0.016873789951205254,-1.5523885488510132,1.2363885641098022,0.6013205051422119,0.0,0.0,0.0,0.0,0.0,0.0,0.0,0.0,0.0,0.0,0.0,45.72999954223633,-352.3900146484375,-69.94000244140625,0.0
1780954215176117008,73889,1780954215101575328,base_link,wheel_left_joint,wheel_right_joint,joint1,joint2,joint3,joint4,gripper,0.0015339809469878674,0.0,-0.016873789951205254,-1.5523885488510132,1.2363885641098022,0.6013205051422119,0.0,0.0,0.0,0.0,0.0,0.0,0.0,0.0,0.0,0.0,0.0,45.72999954223633,-352.3900146484375,-67.25,0.0
1780954215212804256,73890,1780954215198575328,base_link,wheel_left_joint,wheel_right_joint,joint1,joint2,joint3,joint4,gripper,0.0015339809469878674,0.0,-0.016873789951205254,-1.5523885488510132,1.2363885641098022,0.6013205051422119,0.0,0.0,0.0,0.0,0.0,0.0,0.0,0.0,0.0,0.0,0.0,45.72999954223633,-349.70001220703125,-75.31999969482422,0.0
1780954215295907097,73891,1780954215232575328,base_link,wheel_left_joint,wheel_right_joint,joint1,joint2,joint3,joint4,gripper,0.0015339809469878674,0.0,-0.016873789951205254,-1.5523885488510132,1.2363885641098022,0.6013205051422119,0.0,0.0,0.0,0.0,0.0,0.0,0.0,0.0,0.0,0.0,0.0,45.72999954223633,-349.70001220703125,-67.25,0.0
1780954215340085607,73892,1780954215326575328,base_link,wheel_left_joint,wheel_right_joint,joint1,joint2,joint3,joint4,gripper,0.0015339809469878674,0.0,-0.016873789951205254,-1.5523885488510132,1.2363885641098022,0.6013205051422119,0.0,0.0,0.0,0.0,0.0,0.0,0.0,0.0,0.0,0.0,0.0,48.42000198364258,-352.3900146484375,-67.25,0.0
1780954215423328882,73893,1780954215360575328,base_link,wheel_left_joint,wheel_right_joint,joint1,joint2,joint3,joint4,gripper,0.0015339809469878674,0.0,-0.016873789951205254,-1.5523885488510132,1.2379225492477417,0.6013205051422119,0.0,0.0,0.0,0.0,0.0,0.0,0.0,0.0,0.0,0.0,0.0,45.72999954223633,-352.3900146484375,-69.94000244140625,0.0
1780954215467379525,73894,1780954215447575328,base_link,wheel_left_joint,wheel_right_joint,joint1,joint2,joint3,joint4,gripper,0.0015339809469878674,0.0,-0.016873789951205254,-1.5523885488510132,1.2363885641098022,0.6013205051422119,0.0,0.0,0.0,0.0,0.0,0.0,0.0,0.0,0.0,0.0,0.0,45.72999954223633,-352.3900146484375,-67.25,0.0
1780954215557115294,73895,1780954215481575328,base_link,wheel_left_joint,wheel_right_joint,joint1,joint2,joint3,joint4,gripper,0.0015339809469878674,0.0,-0.016873789951205254,-1.5508545637130737,1.2363885641098022,0.6013205051422119,0.0,0.0,0.0,0.0,0.0,0.0,0.0,0.0,0.0,0.0,0.0,48.42000198364258,-352.3900146484375,-67.25,0.0
1780954215594052419,73896,1780954215570575328,base_link,wheel_left_joint,wheel_right_joint,joint1,joint2,joint3,joint4,gripper,0.0015339809469878674,0.0,-0.016873789951205254,-1.5523885488510132,1.2363885641098022,0.6013205051422119,0.0,0.0,0.0,0.0,0.0,0.0,0.0,0.0,0.0,0.0,0.0,45.72999954223633,-355.08001708984375,-72.6300048828125,0.0
1780954215677428329,73897,1780954215604575328,base_link,wheel_left_joint,wheel_right_joint,joint1,joint2,joint3,joint4,gripper,0.0015339809469878674,0.0,-0.016873789951205254,-1.5523885488510132,1.2363885641098022,0.6013205051422119,0.0,0.0,0.0,0.0,0.0,0.0,0.0,0.0,0.0,0.0,0.0,48.42000198364258,-352.3900146484375,-67.25,0.0
1780954215725988170,73898,1780954215705575328,base_link,wheel_left_joint,wheel_right_joint,joint1,joint2,joint3,joint4,gripper,0.0015339809469878674,0.0,-0.016873789951205254,-1.5523885488510132,1.2363885641098022,0.6013205051422119,0.0,0.0,0.0,0.0,0.0,0.0,0.0,0.0,0.0,0.0,0.0,45.72999954223633,-352.3900146484375,-67.25,0.0
1780954215809112361,73899,1780954215739575328,base_link,wheel_left_joint,wheel_right_joint,joint1,joint2,joint3,joint4,gripper,0.0015339809469878674,0.0,-0.016873789951205254,-1.5523885488510132,1.2363885641098022,0.6013205051422119,0.0,0.0,0.0,0.0,0.0,0.0,0.0,0.0,0.0,0.0,0.0,48.42000198364258,-352.3900146484375,-67.25,0.0
1780954215853100020,73900,1780954215834575328,base_link,wheel_left_joint,wheel_right_joint,joint1,joint2,joint3,joint4,gripper,0.0015339809469878674,0.0,-0.016873789951205254,-1.5523885488510132,1.2363885641098022,0.6013205051422119,0.0,0.0,0.0,0.0,0.0,0.0,0.0,0.0,0.0,0.0,0.0,48.42000198364258,-352.3900146484375,-72.6300048828125,0.0
1780954215940996868,73901,1780954215868575328,base_link,wheel_left_joint,wheel_right_joint,joint1,joint2,joint3,joint4,gripper,0.0015339809469878674,0.0,-0.016873789951205254,-1.5523885488510132,1.2363885641098022,0.6013205051422119,0.0,0.0,0.0,0.0,0.0,0.0,0.0,0.0,0.0,0.0,0.0,48.42000198364258,-352.3900146484375,-67.25,0.0
1780954215977638824,73902,1780954215961575328,base_link,wheel_left_joint,wheel_right_joint,joint1,joint2,joint3,joint4,gripper,0.0015339809469878674,0.0,-0.016873789951205254,-1.5523885488510132,1.2363885641098022,0.6013205051422119,0.0,0.0,0.0,0.0,0.0,0.0,0.0,0.0,0.0,0.0,0.0,45.72999954223633,-352.3900146484375,-67.25,0.0
1780954216062383265,73903,1780954215995575328,base_link,wheel_left_joint,wheel_right_joint,joint1,joint2,joint3,joint4,gripper,0.0015339809469878674,0.0,-0.016873789951205254,-1.5523885488510132,1.2363885641098022,0.6013205051422119,0.0,0.0,0.0,0.0,0.0,0.0,0.0,0.0,0.0,0.0,0.0,45.72999954223633,-352.3900146484375,-67.25,0.0
1780954216108294988,73904,1780954216092575328,base_link,wheel_left_joint,wheel_right_joint,joint1,joint2,joint3,joint4,gripper,0.0015339809469878674,0.0,-0.016873789951205254,-1.5523885488510132,1.2363885641098022,0.6013205051422119,0.0,0.0,0.0,0.0,0.0,0.0,0.0,0.0,0.0,0.0,0.0,45.72999954223633,-352.3900146484375,-69.94000244140625,0.0
1780954216195080201,73905,1780954216126575328,base_link,wheel_left_joint,wheel_right_joint,joint1,joint2,joint3,joint4,gripper,0.0015339809469878674,0.0,-0.016873789951205254,-1.5523885488510132,1.2363885641098022,0.6013205051422119,0.0,0.0,0.0,0.0,0.0,0.0,0.0,0.0,0.0,0.0,0.0,45.72999954223633,-352.3900146484375,-67.25,0.0
1780954216239922193,73906,1780954216216575328,base_link,wheel_left_joint,wheel_right_joint,joint1,joint2,joint3,joint4,gripper,0.0015339809469878674,0.0,-0.016873789951205254,-1.5523885488510132,1.2363885641098022,0.6013205051422119,0.0,0.0,0.0,0.0,0.0,0.0,0.0,0.0,0.0,0.0,0.0,45.72999954223633,-355.08001708984375,-67.25,0.0
1780954216327172161,73907,1780954216250575328,base_link,wheel_left_joint,wheel_right_joint,joint1,joint2,joint3,joint4,gripper,0.0015339809469878674,0.0,-0.016873789951205254,-1.5523885488510132,1.2363885641098022,0.6013205051422119,0.0,0.0,0.0,0.0,0.0,0.0,0.0,0.0,0.0,0.0,0.0,45.72999954223633,-352.3900146484375,-67.25,0.0
1780954216363653119,73908,1780954216344575328,base_link,wheel_left_joint,wheel_right_joint,joint1,joint2,joint3,joint4,gripper,0.0015339809469878674,0.0,-0.016873789951205254,-1.5523885488510132,1.2363885641098022,0.6013205051422119,0.0,0.0,0.0,0.0,0.0,0.0,0.0,0.0,0.0,0.0,0.0,48.42000198364258,-352.3900146484375,-75.31999969482422,0.0
1780954216446813376,73909,1780954216378575328,base_link,wheel_left_joint,wheel_right_joint,joint1,joint2,joint3,joint4,gripper,0.0015339809469878674,0.0,-0.016873789951205254,-1.5523885488510132,1.2363885641098022,0.6013205051422119,0.0,0.0,0.0,0.0,0.0,0.0,0.0,0.0,0.0,0.0,0.0,45.72999954223633,-352.3900146484375,-69.94000244140625,0.0
1780954216495447002,73910,1780954216476575328,base_link,wheel_left_joint,wheel_right_joint,joint1,joint2,joint3,joint4,gripper,0.0015339809469878674,0.0,-0.016873789951205254,-1.5523885488510132,1.2363885641098022,0.6013205051422119,0.0,0.0,0.0,0.0,0.0,0.0,0.0,0.0,0.0,0.0,0.0,45.72999954223633,-352.3900146484375,-67.25,0.0
1780954216575835360,73911,1780954216510575328,base_link,wheel_left_joint,wheel_right_joint,joint1,joint2,joint3,joint4,gripper,0.0015339809469878674,0.0,-0.016873789951205254,-1.5523885488510132,1.2363885641098022,0.6013205051422119,0.0,0.0,0.0,0.0,0.0,0.0,0.0,0.0,0.0,0.0,0.0,45.72999954223633,-352.3900146484375,-67.25,0.0
1780954216610610720,73912,1780954216602575328,base_link,wheel_left_joint,wheel_right_joint,joint1,joint2,joint3,joint4,gripper,0.0015339809469878674,0.0,-0.016873789951205254,-1.5523885488510132,1.2363885641098022,0.6013205051422119,0.0,0.0,0.0,0.0,0.0,0.0,0.0,0.0,0.0,0.0,0.0,45.72999954223633,-352.3900146484375,-75.31999969482422,0.0
1780954216659553604,73913,1780954216636575328,base_link,wheel_left_joint,wheel_right_joint,joint1,joint2,joint3,joint4,gripper,0.0015339809469878674,0.0,-0.016873789951205254,-1.5523885488510132,1.2363885641098022,0.6013205051422119,0.0,0.0,0.0,0.0,0.0,0.0,0.0,0.0,0.0,0.0,0.0,45.72999954223633,-352.3900146484375,-67.25,0.0
1780954216685426269,73914,1780954216702575328,base_link,wheel_left_joint,wheel_right_joint,joint1,joint2,joint3,joint4,gripper,0.0015339809469878674,0.0,-0.016873789951205254,-1.5523885488510132,1.2363885641098022,0.6013205051422119,0.0,0.0,0.0,0.0,0.0,0.0,0.0,0.0,0.0,0.0,0.0,45.72999954223633,-352.3900146484375,-67.25,0.0
1780954216763885040,73915,1780954216736575328,base_link,wheel_left_joint,wheel_right_joint,joint1,joint2,joint3,joint4,gripper,0.0015339809469878674,0.0,-0.016873789951205254,-1.5523885488510132,1.2363885641098022,0.6013205051422119,0.0,0.0,0.0,0.0,0.0,0.0,0.0,0.0,0.0,0.0,0.0,45.72999954223633,-352.3900146484375,-67.25,0.0
1780954216829802671,73916,1780954216810575328,base_link,wheel_left_joint,wheel_right_joint,joint1,joint2,joint3,joint4,gripper,0.0015339809469878674,0.0,-0.016873789951205254,-1.5523885488510132,1.2363885641098022,0.6013205051422119,0.0,0.0,0.0,0.0,0.0,0.0,0.0,0.0,0.0,0.0,0.0,45.72999954223633,-352.3900146484375,-72.6300048828125,0.0
1780954216925079227,73917,1780954216844575328,base_link,wheel_left_joint,wheel_right_joint,joint1,joint2,joint3,joint4,gripper,0.0015339809469878674,0.0,-0.016873789951205254,-1.5523885488510132,1.2363885641098022,0.6013205051422119,0.0,0.0,0.0,0.0,0.0,0.0,0.0,0.0,0.0,0.0,0.0,45.72999954223633,-352.3900146484375,-69.94000244140625,0.0
1780954216950612713,73918,1780954216931575328,base_link,wheel_left_joint,wheel_right_joint,joint1,joint2,joint3,joint4,gripper,0.0015339809469878674,0.0,-0.016873789951205254,-1.5523885488510132,1.2363885641098022,0.6013205051422119,0.0,0.0,0.0,0.0,0.0,0.0,0.0,0.0,0.0,0.0,0.0,45.72999954223633,-349.70001220703125,-67.25,0.0
1780954217043767121,73919,1780954216965575328,base_link,wheel_left_joint,wheel_right_joint,joint1,joint2,joint3,joint4,gripper,0.0015339809469878674,0.0,-0.016873789951205254,-1.5523885488510132,1.2363885641098022,0.6013205051422119,0.0,0.0,0.0,0.0,0.0,0.0,0.0,0.0,0.0,0.0,0.0,48.42000198364258,-352.3900146484375,-67.25,0.0
1780954217072228725,73920,1780954217057575328,base_link,wheel_left_joint,wheel_right_joint,joint1,joint2,joint3,joint4,gripper,0.0015339809469878674,0.0,-0.016873789951205254,-1.5523885488510132,1.2363885641098022,0.6013205051422119,0.0,0.0,0.0,0.0,0.0,0.0,0.0,0.0,0.0,0.0,0.0,45.72999954223633,-352.3900146484375,-67.25,0.0
1780954217166412490,73921,1780954217091575328,base_link,wheel_left_joint,wheel_right_joint,joint1,joint2,joint3,joint4,gripper,0.0015339809469878674,0.0,-0.016873789951205254,-1.5523885488510132,1.2363885641098022,0.6013205051422119,0.0,0.0,0.0,0.0,0.0,0.0,0.0,0.0,0.0,0.0,0.0,45.72999954223633,-352.3900146484375,-72.6300048828125,0.0
1780954217206656383,73922,1780954217187575328,base_link,wheel_left_joint,wheel_right_joint,joint1,joint2,joint3,joint4,gripper,0.0015339809469878674,0.0,-0.016873789951205254,-1.5523885488510132,1.2363885641098022,0.6013205051422119,0.0,0.0,0.0,0.0,0.0,0.0,0.0,0.0,0.0,0.0,0.0,45.72999954223633,-352.3900146484375,-69.94000244140625,0.0
1780954217301853348,73923,1780954217221575328,base_link,wheel_left_joint,wheel_right_joint,joint1,joint2,joint3,joint4,gripper,0.0015339809469878674,0.0,-0.016873789951205254,-1.5523885488510132,1.2363885641098022,0.6013205051422119,0.0,0.0,0.0,0.0,0.0,0.0,0.0,0.0,0.0,0.0,0.0,45.72999954223633,-349.70001220703125,-69.94000244140625,0.0
1780954217338093303,73924,1780954217306791667,base_link,wheel_left_joint,wheel_right_joint,joint1,joint2,joint3,joint4,gripper,0.0015339809469878674,0.0,-0.016873789951205254,-1.5523885488510132,1.2363885641098022,0.6013205051422119,0.0,0.0,0.0,0.0,0.0,0.0,0.0,0.0,0.0,0.0,0.0,45.72999954223633,-352.3900146484375,-69.94000244140625,0.0
1780954217421902767,73925,1780954217340791667,base_link,wheel_left_joint,wheel_right_joint,joint1,joint2,joint3,joint4,gripper,0.0015339809469878674,0.0,-0.016873789951205254,-1.5523885488510132,1.2363885641098022,0.6013205051422119,0.0,0.0,0.0,0.0,0.0,0.0,0.0,0.0,0.0,0.0,0.0,45.72999954223633,-352.3900146484375,-67.25,0.0
1780954217459314057,73926,1780954217431791667,base_link,wheel_left_joint,wheel_right_joint,joint1,joint2,joint3,joint4,gripper,0.0015339809469878674,0.0,-0.016873789951205254,-1.5523885488510132,1.2363885641098022,0.6013205051422119,0.0,0.0,0.0,0.0,0.0,0.0,0.0,0.0,0.0,0.0,0.0,43.040000915527344,-355.08001708984375,-67.25,0.0
1780954217541898765,73927,1780954217465791667,base_link,wheel_left_joint,wheel_right_joint,joint1,joint2,joint3,joint4,gripper,0.0015339809469878674,0.0,-0.016873789951205254,-1.5523885488510132,1.2363885641098022,0.6013205051422119,0.0,0.0,0.0,0.0,0.0,0.0,0.0,0.0,0.0,0.0,0.0,45.72999954223633,-352.3900146484375,-67.25,0.0
1780954217590894855,73928,1780954217561791667,base_link,wheel_left_joint,wheel_right_joint,joint1,joint2,joint3,joint4,gripper,0.0015339809469878674,0.0,-0.016873789951205254,-1.5523885488510132,1.2363885641098022,0.6013205051422119,0.0,0.0,0.0,0.0,0.0,0.0,0.0,0.0,0.0,0.0,0.0,48.42000198364258,-352.3900146484375,-67.25,0.0
1780954217675931320,73929,1780954217595791667,base_link,wheel_left_joint,wheel_right_joint,joint1,joint2,joint3,joint4,gripper,0.0015339809469878674,0.0,-0.016873789951205254,-1.5523885488510132,1.2363885641098022,0.6013205051422119,0.0,0.0,0.0,0.0,0.0,0.0,0.0,0.0,0.0,0.0,0.0,48.42000198364258,-349.70001220703125,-78.01000213623047,0.0
1780954217711902616,73930,1780954217687791667,base_link,wheel_left_joint,wheel_right_joint,joint1,joint2,joint3,joint4,gripper,0.0015339809469878674,0.0,-0.016873789951205254,-1.5523885488510132,1.2363885641098022,0.6013205051422119,0.0,0.0,0.0,0.0,0.0,0.0,0.0,0.0,0.0,0.0,0.0,45.72999954223633,-352.3900146484375,-69.94000244140625,0.0
1780954217797765110,73931,1780954217721791667,base_link,wheel_left_joint,wheel_right_joint,joint1,joint2,joint3,joint4,gripper,0.0015339809469878674,0.0,-0.016873789951205254,-1.5523885488510132,1.2363885641098022,0.6013205051422119,0.0,0.0,0.0,0.0,0.0,0.0,0.0,0.0,0.0,0.0,0.0,45.72999954223633,-352.3900146484375,-67.25,0.0
1780954217840649803,73932,1780954217816791667,base_link,wheel_left_joint,wheel_right_joint,joint1,joint2,joint3,joint4,gripper,0.0015339809469878674,0.0,-0.016873789951205254,-1.5523885488510132,1.2363885641098022,0.6013205051422119,0.0,0.0,0.0,0.0,0.0,0.0,0.0,0.0,0.0,0.0,0.0,45.72999954223633,-352.3900146484375,-67.25,0.0
1780954217934015111,73933,1780954217850791667,base_link,wheel_left_joint,wheel_right_joint,joint1,joint2,joint3,joint4,gripper,0.0015339809469878674,0.0,-0.016873789951205254,-1.5523885488510132,1.2363885641098022,0.6013205051422119,0.0,0.0,0.0,0.0,0.0,0.0,0.0,0.0,0.0,0.0,0.0,45.72999954223633,-352.3900146484375,-64.55999755859375,0.0
1780954217976942191,73934,1780954217942791667,base_link,wheel_left_joint,wheel_right_joint,joint1,joint2,joint3,joint4,gripper,0.0015339809469878674,0.0,-0.016873789951205254,-1.5523885488510132,1.2363885641098022,0.6013205051422119,0.0,0.0,0.0,0.0,0.0,0.0,0.0,0.0,0.0,0.0,0.0,48.42000198364258,-352.3900146484375,-67.25,0.0
1780954218062405879,73935,1780954217976791667,base_link,wheel_left_joint,wheel_right_joint,joint1,joint2,joint3,joint4,gripper,0.0015339809469878674,0.0,-0.016873789951205254,-1.5523885488510132,1.2363885641098022,0.6013205051422119,0.0,0.0,0.0,0.0,0.0,0.0,0.0,0.0,0.0,0.0,0.0,45.72999954223633,-352.3900146484375,-67.25,0.0
1780954218100937888,73936,1780954218071791667,base_link,wheel_left_joint,wheel_right_joint,joint1,joint2,joint3,joint4,gripper,0.0015339809469878674,0.0,-0.016873789951205254,-1.5523885488510132,1.2363885641098022,0.6013205051422119,0.0,0.0,0.0,0.0,0.0,0.0,0.0,0.0,0.0,0.0,0.0,45.72999954223633,-352.3900146484375,-69.94000244140625,0.0
1780954218182599356,73937,1780954218105791667,base_link,wheel_left_joint,wheel_right_joint,joint1,joint2,joint3,joint4,gripper,0.0015339809469878674,0.0,-0.016873789951205254,-1.5523885488510132,1.2363885641098022,0.6013205051422119,0.0,0.0,0.0,0.0,0.0,0.0,0.0,0.0,0.0,0.0,0.0,45.72999954223633,-352.3900146484375,-69.94000244140625,0.0
1780954218230022380,73938,1780954218203791667,base_link,wheel_left_joint,wheel_right_joint,joint1,joint2,joint3,joint4,gripper,0.0015339809469878674,0.0,-0.016873789951205254,-1.5523885488510132,1.2363885641098022,0.6013205051422119,0.0,0.0,0.0,0.0,0.0,0.0,0.0,0.0,0.0,0.0,0.0,45.72999954223633,-352.3900146484375,-67.25,0.0
1780954218311206206,73939,1780954218237791667,base_link,wheel_left_joint,wheel_right_joint,joint1,joint2,joint3,joint4,gripper,0.0015339809469878674,0.0,-0.016873789951205254,-1.5523885488510132,1.2363885641098022,0.6013205051422119,0.0,0.0,0.0,0.0,0.0,0.0,0.0,0.0,0.0,0.0,0.0,45.72999954223633,-352.3900146484375,-67.25,0.0
1780954218357367268,73940,1780954218324791667,base_link,wheel_left_joint,wheel_right_joint,joint1,joint2,joint3,joint4,gripper,0.0015339809469878674,0.0,-0.016873789951205254,-1.5523885488510132,1.2363885641098022,0.6013205051422119,0.0,0.0,0.0,0.0,0.0,0.0,0.0,0.0,0.0,0.0,0.0,45.72999954223633,-352.3900146484375,-69.94000244140625,0.0
1780954218440008393,73941,1780954218358791667,base_link,wheel_left_joint,wheel_right_joint,joint1,joint2,joint3,joint4,gripper,0.0,0.0,-0.016873789951205254,-1.5523885488510132,1.2363885641098022,0.6013205051422119,0.0,-0.04511708766222,0.0,0.0,0.0,0.0,0.0,0.0,0.0,0.0,0.0,48.42000198364258,-349.70001220703125,-67.25,0.0
1780954218476381403,73942,1780954218453791667,base_link,wheel_left_joint,wheel_right_joint,joint1,joint2,joint3,joint4,gripper,0.0,0.0,-0.016873789951205254,-1.5523885488510132,1.2363885641098022,0.6013205051422119,0.0,0.0,0.0,0.0,0.0,0.0,0.0,0.0,0.0,0.0,0.0,45.72999954223633,-352.3900146484375,-67.25,0.0
1780954218562319109,73943,1780954218487791667,base_link,wheel_left_joint,wheel_right_joint,joint1,joint2,joint3,joint4,gripper,0.0015339809469878674,0.0,-0.016873789951205254,-1.5523885488510132,1.2363885641098022,0.6013205051422119,0.0,0.04511708766222,0.0,0.0,0.0,0.0,0.0,0.0,0.0,0.0,0.0,45.72999954223633,-352.3900146484375,-67.25,0.0
1780954218609018557,73944,1780954218578791667,base_link,wheel_left_joint,wheel_right_joint,joint1,joint2,joint3,joint4,gripper,0.0015339809469878674,0.0,-0.016873789951205254,-1.5523885488510132,1.2363885641098022,0.6013205051422119,0.0,0.0,0.0,0.0,0.0,0.0,0.0,0.0,0.0,0.0,0.0,48.42000198364258,-352.3900146484375,-67.25,0.0
1780954218695392630,73945,1780954218612791667,base_link,wheel_left_joint,wheel_right_joint,joint1,joint2,joint3,joint4,gripper,0.0015339809469878674,0.0,-0.016873789951205254,-1.5523885488510132,1.2363885641098022,0.6013205051422119,0.0,0.0,0.0,0.0,0.0,0.0,0.0,0.0,0.0,0.0,0.0,45.72999954223633,-352.3900146484375,-67.25,0.0
1780954218738612500,73946,1780954218705791667,base_link,wheel_left_joint,wheel_right_joint,joint1,joint2,joint3,joint4,gripper,0.0015339809469878674,0.0,-0.016873789951205254,-1.5508545637130737,1.2363885641098022,0.6013205051422119,0.0,0.0,0.0,0.0,0.0,0.0,0.0,0.0,0.0,0.0,0.0,45.72999954223633,-352.3900146484375,-67.25,0.0
1780954218826806013,73947,1780954218739791667,base_link,wheel_left_joint,wheel_right_joint,joint1,joint2,joint3,joint4,gripper,0.0015339809469878674,0.0,-0.016873789951205254,-1.5523885488510132,1.2363885641098022,0.6013205051422119,0.0,0.0,0.0,0.0,0.0,0.0,0.0,0.0,0.0,0.0,0.0,45.72999954223633,-352.3900146484375,-67.25,0.0
1780954218863551118,73948,1780954218832791667,base_link,wheel_left_joint,wheel_right_joint,joint1,joint2,joint3,joint4,gripper,0.0015339809469878674,0.0,-0.016873789951205254,-1.5523885488510132,1.2363885641098022,0.6013205051422119,0.0,0.0,0.0,0.0,0.0,0.0,0.0,0.0,0.0,0.0,0.0,45.72999954223633,-355.08001708984375,-67.25,0.0
1780954218955798605,73949,1780954218866791667,base_link,wheel_left_joint,wheel_right_joint,joint1,joint2,joint3,joint4,gripper,0.0015339809469878674,0.0,-0.016873789951205254,-1.5523885488510132,1.2363885641098022,0.6013205051422119,0.0,0.0,0.0,0.0,0.0,0.0,0.0,0.0,0.0,0.0,0.0,45.72999954223633,-352.3900146484375,-67.25,0.0
1780954218991965807,73950,1780954218961791667,base_link,wheel_left_joint,wheel_right_joint,joint1,joint2,joint3,joint4,gripper,0.0015339809469878674,0.0,-0.016873789951205254,-1.5523885488510132,1.2363885641098022,0.6013205051422119,0.0,0.0,0.0,0.0,0.0,0.0,0.0,0.0,0.0,0.0,0.0,45.72999954223633,-352.3900146484375,-67.25,0.0
1780954219075400752,73951,1780954218995791667,base_link,wheel_left_joint,wheel_right_joint,joint1,joint2,joint3,joint4,gripper,0.0015339809469878674,0.0,-0.016873789951205254,-1.5523885488510132,1.2363885641098022,0.6013205051422119,0.0,0.0,0.0,0.0,0.0,0.0,0.0,0.0,0.0,0.0,0.0,45.72999954223633,-352.3900146484375,-67.25,0.0
1780954219121003725,73952,1780954219095791667,base_link,wheel_left_joint,wheel_right_joint,joint1,joint2,joint3,joint4,gripper,0.0015339809469878674,0.0,-0.016873789951205254,-1.5523885488510132,1.2363885641098022,0.6013205051422119,0.0,0.0,0.0,0.0,0.0,0.0,0.0,0.0,0.0,0.0,0.0,45.72999954223633,-352.3900146484375,-67.25,0.0
1780954219211542357,73953,1780954219129791667,base_link,wheel_left_joint,wheel_right_joint,joint1,joint2,joint3,joint4,gripper,0.0015339809469878674,0.0,-0.016873789951205254,-1.5523885488510132,1.2363885641098022,0.6013205051422119,0.0,0.0,0.0,0.0,0.0,0.0,0.0,0.0,0.0,0.0,0.0,45.72999954223633,-352.3900146484375,-72.6300048828125,0.0
1780954219246664375,73954,1780954219216791667,base_link,wheel_left_joint,wheel_right_joint,joint1,joint2,joint3,joint4,gripper,0.0015339809469878674,0.0,-0.016873789951205254,-1.5523885488510132,1.2363885641098022,0.6013205051422119,0.0,0.0,0.0,0.0,0.0,0.0,0.0,0.0,0.0,0.0,0.0,48.42000198364258,-349.70001220703125,-67.25,0.0
1780954219332755432,73955,1780954219250791667,base_link,wheel_left_joint,wheel_right_joint,joint1,joint2,joint3,joint4,gripper,0.0015339809469878674,0.0,-0.016873789951205254,-1.5523885488510132,1.2363885641098022,0.6013205051422119,0.0,0.0,0.0,0.0,0.0,0.0,0.0,0.0,0.0,0.0,0.0,45.72999954223633,-352.3900146484375,-72.6300048828125,0.0
1780954219369602565,73956,1780954219340791667,base_link,wheel_left_joint,wheel_right_joint,joint1,joint2,joint3,joint4,gripper,0.0015339809469878674,0.0,-0.016873789951205254,-1.5523885488510132,1.2363885641098022,0.6028544902801514,0.0,0.0,0.0,0.0,0.0,0.0,0.0,0.0,0.0,0.0,0.0,45.72999954223633,-352.3900146484375,-67.25,0.0
1780954219451137991,73957,1780954219376791667,base_link,wheel_left_joint,wheel_right_joint,joint1,joint2,joint3,joint4,gripper,0.0015339809469878674,0.0,-0.016873789951205254,-1.5523885488510132,1.2363885641098022,0.6013205051422119,0.0,0.0,0.0,0.0,0.0,0.0,0.0,0.0,0.0,0.0,0.0,45.72999954223633,-355.08001708984375,-75.31999969482422,0.0
1780954219498615703,73958,1780954219471791667,base_link,wheel_left_joint,wheel_right_joint,joint1,joint2,joint3,joint4,gripper,0.0015339809469878674,0.0,-0.016873789951205254,-1.5523885488510132,1.2363885641098022,0.6013205051422119,0.0,0.0,0.0,0.0,0.0,0.0,0.0,0.0,0.0,0.0,0.0,45.72999954223633,-352.3900146484375,-67.25,0.0
1780954219579020474,73959,1780954219505791667,base_link,wheel_left_joint,wheel_right_joint,joint1,joint2,joint3,joint4,gripper,0.0015339809469878674,0.0,-0.016873789951205254,-1.5523885488510132,1.2363885641098022,0.6013205051422119,0.0,0.0,0.0,0.0,0.0,0.0,0.0,0.0,0.0,0.0,0.0,45.72999954223633,-352.3900146484375,-67.25,0.0
1780954219617928895,73960,1780954219591791667,base_link,wheel_left_joint,wheel_right_joint,joint1,joint2,joint3,joint4,gripper,0.0015339809469878674,0.0,-0.016873789951205254,-1.5523885488510132,1.2363885641098022,0.6013205051422119,0.0,0.0,0.0,0.0,0.0,0.0,0.0,0.0,0.0,0.0,0.0,45.72999954223633,-355.08001708984375,-67.25,0.0
1780954219703587231,73961,1780954219625791667,base_link,wheel_left_joint,wheel_right_joint,joint1,joint2,joint3,joint4,gripper,0.0015339809469878674,0.0,-0.016873789951205254,-1.5523885488510132,1.2363885641098022,0.6013205051422119,0.0,0.0,0.0,0.0,0.0,0.0,0.0,0.0,0.0,0.0,0.0,45.72999954223633,-352.3900146484375,-72.6300048828125,0.0
1780954219752180965,73962,1780954219722791667,base_link,wheel_left_joint,wheel_right_joint,joint1,joint2,joint3,joint4,gripper,0.0015339809469878674,0.0,-0.016873789951205254,-1.5523885488510132,1.2363885641098022,0.6013205051422119,0.0,0.0,0.0,0.0,0.0,0.0,0.0,0.0,0.0,0.0,0.0,48.42000198364258,-352.3900146484375,-72.6300048828125,0.0
1780954219835187101,73963,1780954219756791667,base_link,wheel_left_joint,wheel_right_joint,joint1,joint2,joint3,joint4,gripper,0.0015339809469878674,0.0,-0.016873789951205254,-1.5523885488510132,1.2363885641098022,0.6013205051422119,0.0,0.0,0.0,0.0,0.0,0.0,0.0,0.0,0.0,0.0,0.0,48.42000198364258,-352.3900146484375,-67.25,0.0
1780954219871014806,73964,1780954219851107099,base_link,wheel_left_joint,wheel_right_joint,joint1,joint2,joint3,joint4,gripper,0.0015339809469878674,0.0,-0.016873789951205254,-1.5523885488510132,1.2363885641098022,0.6013205051422119,0.0,0.0,0.0,0.0,0.0,0.0,0.0,0.0,0.0,0.0,0.0,45.72999954223633,-352.3900146484375,-67.25,0.0
1780954219960157086,73965,1780954219885107099,base_link,wheel_left_joint,wheel_right_joint,joint1,joint2,joint3,joint4,gripper,0.0015339809469878674,0.0,-0.016873789951205254,-1.5523885488510132,1.2363885641098022,0.6013205051422119,0.0,0.0,0.0,0.0,0.0,0.0,0.0,0.0,0.0,0.0,0.0,45.72999954223633,-352.3900146484375,-67.25,0.0
1780954220004186925,73966,1780954219982107099,base_link,wheel_left_joint,wheel_right_joint,joint1,joint2,joint3,joint4,gripper,0.0015339809469878674,0.0,-0.016873789951205254,-1.5523885488510132,1.2363885641098022,0.6013205051422119,0.0,0.0,0.0,0.0,0.0,0.0,0.0,0.0,0.0,0.0,0.0,45.72999954223633,-349.70001220703125,-67.25,0.0
1780954220075666445,73967,1780954220016107099,base_link,wheel_left_joint,wheel_right_joint,joint1,joint2,joint3,joint4,gripper,0.0015339809469878674,0.0,-0.016873789951205254,-1.5523885488510132,1.2363885641098022,0.6013205051422119,0.0,0.0,0.0,0.0,0.0,0.0,0.0,0.0,0.0,0.0,0.0,45.72999954223633,-349.70001220703125,-67.25,0.0
1780954220102679771,73968,1780954220102107099,base_link,wheel_left_joint,wheel_right_joint,joint1,joint2,joint3,joint4,gripper,0.0015339809469878674,0.0,-0.016873789951205254,-1.5523885488510132,1.2363885641098022,0.6013205051422119,0.0,0.0,0.0,0.0,0.0,0.0,0.0,0.0,0.0,0.0,0.0,45.72999954223633,-352.3900146484375,-69.94000244140625,0.0
1780954220149232865,73969,1780954220136107099,base_link,wheel_left_joint,wheel_right_joint,joint1,joint2,joint3,joint4,gripper,0.0015339809469878674,0.0,-0.016873789951205254,-1.5523885488510132,1.2363885641098022,0.6013205051422119,0.0,0.0,0.0,0.0,0.0,0.0,0.0,0.0,0.0,0.0,0.0,45.72999954223633,-355.08001708984375,-64.55999755859375,0.0
1780954220183464393,73970,1780954220187107099,base_link,wheel_left_joint,wheel_right_joint,joint1,joint2,joint3,joint4,gripper,0.0015339809469878674,0.0,-0.016873789951205254,-1.5523885488510132,1.2363885641098022,0.6013205051422119,0.0,0.0,0.0,0.0,0.0,0.0,0.0,0.0,0.0,0.0,0.0,45.72999954223633,-352.3900146484375,-67.25,0.0
1780954220272847013,73971,1780954220221107099,base_link,wheel_left_joint,wheel_right_joint,joint1,joint2,joint3,joint4,gripper,0.0015339809469878674,0.0,-0.016873789951205254,-1.5523885488510132,1.2363885641098022,0.6013205051422119,0.0,0.0,0.0,0.0,0.0,0.0,0.0,0.0,0.0,0.0,0.0,45.72999954223633,-352.3900146484375,-67.25,0.0
1780954220347819398,73972,1780954220329107099,base_link,wheel_left_joint,wheel_right_joint,joint1,joint2,joint3,joint4,gripper,0.0015339809469878674,0.0,-0.016873789951205254,-1.5523885488510132,1.2363885641098022,0.6013205051422119,0.0,0.0,0.0,0.0,0.0,0.0,0.0,0.0,0.0,0.0,0.0,45.72999954223633,-352.3900146484375,-67.25,0.0
1780954220439176899,73973,1780954220363107099,base_link,wheel_left_joint,wheel_right_joint,joint1,joint2,joint3,joint4,gripper,0.0015339809469878674,0.0,-0.016873789951205254,-1.5523885488510132,1.2363885641098022,0.6013205051422119,0.0,0.0,0.0,0.0,0.0,0.0,0.0,0.0,0.0,0.0,0.0,45.72999954223633,-352.3900146484375,-67.25,0.0
1780954220475801608,73974,1780954220454107099,base_link,wheel_left_joint,wheel_right_joint,joint1,joint2,joint3,joint4,gripper,0.0015339809469878674,0.0,-0.016873789951205254,-1.5523885488510132,1.2363885641098022,0.6013205051422119,0.0,0.0,0.0,0.0,0.0,0.0,0.0,0.0,0.0,0.0,0.0,48.42000198364258,-352.3900146484375,-75.31999969482422,0.0
1780954220567575800,73975,1780954220488107099,base_link,wheel_left_joint,wheel_right_joint,joint1,joint2,joint3,joint4,gripper,0.0015339809469878674,0.0,-0.016873789951205254,-1.5523885488510132,1.2363885641098022,0.6013205051422119,0.0,0.0,0.0,0.0,0.0,0.0,0.0,0.0,0.0,0.0,0.0,45.72999954223633,-352.3900146484375,-67.25,0.0
1780954220603941018,73976,1780954220581107099,base_link,wheel_left_joint,wheel_right_joint,joint1,joint2,joint3,joint4,gripper,0.0015339809469878674,0.0,-0.016873789951205254,-1.5523885488510132,1.2363885641098022,0.6013205051422119,0.0,0.0,0.0,0.0,0.0,0.0,0.0,0.0,0.0,0.0,0.0,48.42000198364258,-352.3900146484375,-69.94000244140625,0.0
1780954220687891035,73977,1780954220615107099,base_link,wheel_left_joint,wheel_right_joint,joint1,joint2,joint3,joint4,gripper,0.0015339809469878674,0.0,-0.016873789951205254,-1.5523885488510132,1.2363885641098022,0.6013205051422119,0.0,0.0,0.0,0.0,0.0,0.0,0.0,0.0,0.0,0.0,0.0,48.42000198364258,-352.3900146484375,-69.94000244140625,0.0
1780954220733111484,73978,1780954220708107099,base_link,wheel_left_joint,wheel_right_joint,joint1,joint2,joint3,joint4,gripper,0.0015339809469878674,0.0,-0.016873789951205254,-1.5523885488510132,1.2363885641098022,0.6013205051422119,0.0,0.0,0.0,0.0,0.0,0.0,0.0,0.0,0.0,0.0,0.0,45.72999954223633,-352.3900146484375,-67.25,0.0
1780954220813371688,73979,1780954220743107099,base_link,wheel_left_joint,wheel_right_joint,joint1,joint2,joint3,joint4,gripper,0.0015339809469878674,0.0,-0.016873789951205254,-1.5523885488510132,1.2363885641098022,0.6013205051422119,0.0,0.0,0.0,0.0,0.0,0.0,0.0,0.0,0.0,0.0,0.0,45.72999954223633,-352.3900146484375,-75.31999969482422,0.0
1780954220860857730,73980,1780954220834107099,base_link,wheel_left_joint,wheel_right_joint,joint1,joint2,joint3,joint4,gripper,0.0015339809469878674,0.0,-0.016873789951205254,-1.5523885488510132,1.2363885641098022,0.6013205051422119,0.0,0.0,0.0,0.0,0.0,0.0,0.0,0.0,0.0,0.0,0.0,45.72999954223633,-352.3900146484375,-69.94000244140625,0.0
1780954220952808467,73981,1780954220868107099,base_link,wheel_left_joint,wheel_right_joint,joint1,joint2,joint3,joint4,gripper,0.0015339809469878674,0.0,-0.016873789951205254,-1.5523885488510132,1.2363885641098022,0.6013205051422119,0.0,0.0,0.0,0.0,0.0,0.0,0.0,0.0,0.0,0.0,0.0,48.42000198364258,-352.3900146484375,-72.6300048828125,0.0
1780954220980180935,73982,1780954220959107099,base_link,wheel_left_joint,wheel_right_joint,joint1,joint2,joint3,joint4,gripper,0.0015339809469878674,0.0,-0.016873789951205254,-1.5523885488510132,1.2363885641098022,0.6013205051422119,0.0,0.0,0.0,0.0,0.0,0.0,0.0,0.0,0.0,0.0,0.0,48.42000198364258,-352.3900146484375,-67.25,0.0
1780954221071670599,73983,1780954220993107099,base_link,wheel_left_joint,wheel_right_joint,joint1,joint2,joint3,joint4,gripper,0.0015339809469878674,0.0,-0.016873789951205254,-1.5523885488510132,1.2363885641098022,0.6013205051422119,0.0,0.0,0.0,0.0,0.0,0.0,0.0,0.0,0.0,0.0,0.0,45.72999954223633,-352.3900146484375,-67.25,0.0
1780954221115908065,73984,1780954221088107099,base_link,wheel_left_joint,wheel_right_joint,joint1,joint2,joint3,joint4,gripper,0.0015339809469878674,0.0,-0.016873789951205254,-1.5523885488510132,1.2363885641098022,0.6013205051422119,0.0,0.0,0.0,0.0,0.0,0.0,0.0,0.0,0.0,0.0,0.0,45.72999954223633,-352.3900146484375,-67.25,0.0
1780954221209554509,73985,1780954221122107099,base_link,wheel_left_joint,wheel_right_joint,joint1,joint2,joint3,joint4,gripper,0.0015339809469878674,0.0,-0.016873789951205254,-1.5523885488510132,1.2363885641098022,0.6028544902801514,0.0,0.0,0.0,0.0,0.0,0.0,0.0,0.0,0.0,0.0,0.0,45.72999954223633,-352.3900146484375,-69.94000244140625,0.0
1780954221246203759,73986,1780954221216107099,base_link,wheel_left_joint,wheel_right_joint,joint1,joint2,joint3,joint4,gripper,0.0015339809469878674,0.0,-0.016873789951205254,-1.5523885488510132,1.2363885641098022,0.6013205051422119,0.0,0.0,0.0,0.0,0.0,0.0,0.0,0.0,0.0,0.0,0.0,45.72999954223633,-349.70001220703125,-67.25,0.0
1780954221330696696,73987,1780954221250107099,base_link,wheel_left_joint,wheel_right_joint,joint1,joint2,joint3,joint4,gripper,0.0015339809469878674,0.0,-0.016873789951205254,-1.5523885488510132,1.2363885641098022,0.6013205051422119,0.0,0.0,0.0,0.0,0.0,0.0,0.0,0.0,0.0,0.0,0.0,45.72999954223633,-349.70001220703125,-67.25,0.0
1780954221366588416,73988,1780954221345107099,base_link,wheel_left_joint,wheel_right_joint,joint1,joint2,joint3,joint4,gripper,0.0015339809469878674,0.0,-0.016873789951205254,-1.5523885488510132,1.2363885641098022,0.6013205051422119,0.0,0.0,0.0,0.0,0.0,0.0,0.0,0.0,0.0,0.0,0.0,48.42000198364258,-352.3900146484375,-67.25,0.0
1780954221461815449,73989,1780954221379107099,base_link,wheel_left_joint,wheel_right_joint,joint1,joint2,joint3,joint4,gripper,0.0015339809469878674,0.0,-0.016873789951205254,-1.5523885488510132,1.2363885641098022,0.6013205051422119,0.0,0.0,0.0,0.0,0.0,0.0,0.0,0.0,0.0,0.0,0.0,48.42000198364258,-352.3900146484375,-69.94000244140625,0.0
1780954221499489617,73990,1780954221473107099,base_link,wheel_left_joint,wheel_right_joint,joint1,joint2,joint3,joint4,gripper,0.0,0.0,-0.016873789951205254,-1.5523885488510132,1.2363885641098022,0.6013205051422119,0.0,-0.016318947076797485,0.0,0.0,0.0,0.0,0.0,0.0,0.0,0.0,0.0,48.42000198364258,-352.3900146484375,-67.25,0.0
1780954221581714551,73991,1780954221507107099,base_link,wheel_left_joint,wheel_right_joint,joint1,joint2,joint3,joint4,gripper,0.0015339809469878674,0.0,-0.016873789951205254,-1.5523885488510132,1.2363885641098022,0.6013205051422119,0.0,0.04511708766222,0.0,0.0,0.0,0.0,0.0,0.0,0.0,0.0,0.0,45.72999954223633,-352.3900146484375,-67.25,0.0
1780954221629820481,73992,1780954221603107099,base_link,wheel_left_joint,wheel_right_joint,joint1,joint2,joint3,joint4,gripper,0.0015339809469878674,0.0,-0.016873789951205254,-1.5523885488510132,1.2363885641098022,0.6013205051422119,0.0,0.0,0.0,0.0,0.0,0.0,0.0,0.0,0.0,0.0,0.0,48.42000198364258,-352.3900146484375,-69.94000244140625,0.0
1780954221722709367,73993,1780954221637107099,base_link,wheel_left_joint,wheel_right_joint,joint1,joint2,joint3,joint4,gripper,0.0015339809469878674,0.0,-0.016873789951205254,-1.5523885488510132,1.2363885641098022,0.6013205051422119,0.0,0.0,0.0,0.0,0.0,0.0,0.0,0.0,0.0,0.0,0.0,45.72999954223633,-352.3900146484375,-67.25,0.0
1780954221759828572,73994,1780954221731107099,base_link,wheel_left_joint,wheel_right_joint,joint1,joint2,joint3,joint4,gripper,0.0015339809469878674,0.0,-0.016873789951205254,-1.5523885488510132,1.2363885641098022,0.6013205051422119,0.0,0.0,0.0,0.0,0.0,0.0,0.0,0.0,0.0,0.0,0.0,45.72999954223633,-352.3900146484375,-72.6300048828125,0.0
1780954221850588478,73995,1780954221765107099,base_link,wheel_left_joint,wheel_right_joint,joint1,joint2,joint3,joint4,gripper,0.0015339809469878674,0.0,-0.016873789951205254,-1.5523885488510132,1.2363885641098022,0.6013205051422119,0.0,0.0,0.0,0.0,0.0,0.0,0.0,0.0,0.0,0.0,0.0,45.72999954223633,-352.3900146484375,-67.25,0.0
1780954221878379370,73996,1780954221855107099,base_link,wheel_left_joint,wheel_right_joint,joint1,joint2,joint3,joint4,gripper,0.0015339809469878674,0.0,-0.016873789951205254,-1.5523885488510132,1.2363885641098022,0.6013205051422119,0.0,0.0,0.0,0.0,0.0,0.0,0.0,0.0,0.0,0.0,0.0,45.72999954223633,-352.3900146484375,-67.25,0.0
1780954221976919433,73997,1780954221889107099,base_link,wheel_left_joint,wheel_right_joint,joint1,joint2,joint3,joint4,gripper,0.0015339809469878674,0.0,-0.016873789951205254,-1.5523885488510132,1.2363885641098022,0.6013205051422119,0.0,0.0,0.0,0.0,0.0,0.0,0.0,0.0,0.0,0.0,0.0,45.72999954223633,-355.08001708984375,-67.25,0.0
1780954222013422243,73998,1780954221991107099,base_link,wheel_left_joint,wheel_right_joint,joint1,joint2,joint3,joint4,gripper,0.0015339809469878674,0.0,-0.016873789951205254,-1.5523885488510132,1.2363885641098022,0.6013205051422119,0.0,0.0,0.0,0.0,0.0,0.0,0.0,0.0,0.0,0.0,0.0,45.72999954223633,-352.3900146484375,-72.6300048828125,0.0
1780954222108751003,73999,1780954222025107099,base_link,wheel_left_joint,wheel_right_joint,joint1,joint2,joint3,joint4,gripper,0.0015339809469878674,0.0,-0.016873789951205254,-1.5523885488510132,1.2363885641098022,0.6013205051422119,0.0,0.0,0.0,0.0,0.0,0.0,0.0,0.0,0.0,0.0,0.0,45.72999954223633,-355.08001708984375,-67.25,0.0
1780954222144306443,74000,1780954222120107099,base_link,wheel_left_joint,wheel_right_joint,joint1,joint2,joint3,joint4,gripper,0.0015339809469878674,0.0,-0.016873789951205254,-1.5523885488510132,1.2363885641098022,0.6013205051422119,0.0,0.0,0.0,0.0,0.0,0.0,0.0,0.0,0.0,0.0,0.0,45.72999954223633,-352.3900146484375,-67.25,0.0
1780954222237041666,74001,1780954222154107099,base_link,wheel_left_joint,wheel_right_joint,joint1,joint2,joint3,joint4,gripper,0.0015339809469878674,0.0,-0.016873789951205254,-1.5523885488510132,1.2363885641098022,0.6013205051422119,0.0,0.0,0.0,0.0,0.0,0.0,0.0,0.0,0.0,0.0,0.0,45.72999954223633,-352.3900146484375,-78.01000213623047,0.0
1780954222276697030,74002,1780954222251107099,base_link,wheel_left_joint,wheel_right_joint,joint1,joint2,joint3,joint4,gripper,0.0015339809469878674,0.0,-0.016873789951205254,-1.5523885488510132,1.2363885641098022,0.6013205051422119,0.0,0.0,0.0,0.0,0.0,0.0,0.0,0.0,0.0,0.0,0.0,48.42000198364258,-355.08001708984375,-72.6300048828125,0.0
1780954222368983840,74003,1780954222285107099,base_link,wheel_left_joint,wheel_right_joint,joint1,joint2,joint3,joint4,gripper,0.0015339809469878674,0.0,-0.016873789951205254,-1.5523885488510132,1.2363885641098022,0.6013205051422119,0.0,0.0,0.0,0.0,0.0,0.0,0.0,0.0,0.0,0.0,0.0,48.42000198364258,-352.3900146484375,-67.25,0.0
1780954222404652195,74004,1780954222381101068,base_link,wheel_left_joint,wheel_right_joint,joint1,joint2,joint3,joint4,gripper,0.0015339809469878674,0.0,-0.016873789951205254,-1.5523885488510132,1.2363885641098022,0.6013205051422119,0.0,0.0,0.0,0.0,0.0,0.0,0.0,0.0,0.0,0.0,0.0,45.72999954223633,-352.3900146484375,-67.25,0.0
1780954222498656921,74005,1780954222415101068,base_link,wheel_left_joint,wheel_right_joint,joint1,joint2,joint3,joint4,gripper,0.0015339809469878674,0.0,-0.016873789951205254,-1.5523885488510132,1.2363885641098022,0.6013205051422119,0.0,0.0,0.0,0.0,0.0,0.0,0.0,0.0,0.0,0.0,0.0,48.42000198364258,-352.3900146484375,-67.25,0.0
1780954222533694767,74006,1780954222507101068,base_link,wheel_left_joint,wheel_right_joint,joint1,joint2,joint3,joint4,gripper,0.0015339809469878674,0.0,-0.016873789951205254,-1.5523885488510132,1.2363885641098022,0.6013205051422119,0.0,0.0,0.0,0.0,0.0,0.0,0.0,0.0,0.0,0.0,0.0,48.42000198364258,-352.3900146484375,-67.25,0.0
1780954222627491407,74007,1780954222541101068,base_link,wheel_left_joint,wheel_right_joint,joint1,joint2,joint3,joint4,gripper,0.0,0.0,-0.016873789951205254,-1.5523885488510132,1.2363885641098022,0.6013205051422119,0.0,-0.04511708766222,0.0,0.0,0.0,0.0,0.0,0.0,0.0,0.0,0.0,48.42000198364258,-352.3900146484375,-67.25,0.0
1780954222662704577,74008,1780954222636101068,base_link,wheel_left_joint,wheel_right_joint,joint1,joint2,joint3,joint4,gripper,0.0015339809469878674,0.0,-0.016873789951205254,-1.5523885488510132,1.2363885641098022,0.6013205051422119,0.0,0.01614716835319996,0.0,0.0,0.0,0.0,0.0,0.0,0.0,0.0,0.0,48.42000198364258,-349.70001220703125,-67.25,0.0
1780954222755051394,74009,1780954222670101068,base_link,wheel_left_joint,wheel_right_joint,joint1,joint2,joint3,joint4,gripper,0.0015339809469878674,0.0,-0.016873789951205254,-1.5523885488510132,1.2363885641098022,0.6013205051422119,0.0,0.0,0.0,0.0,0.0,0.0,0.0,0.0,0.0,0.0,0.0,48.42000198364258,-349.70001220703125,-67.25,0.0
1780954222792437507,74010,1780954222758101068,base_link,wheel_left_joint,wheel_right_joint,joint1,joint2,joint3,joint4,gripper,0.0015339809469878674,0.0,-0.016873789951205254,-1.5523885488510132,1.2363885641098022,0.6013205051422119,0.0,0.0,0.0,0.0,0.0,0.0,0.0,0.0,0.0,0.0,0.0,48.42000198364258,-352.3900146484375,-69.94000244140625,0.0
1780954222882809423,74011,1780954222792101068,base_link,wheel_left_joint,wheel_right_joint,joint1,joint2,joint3,joint4,gripper,0.0015339809469878674,0.0,-0.016873789951205254,-1.5523885488510132,1.2363885641098022,0.6013205051422119,0.0,0.0,0.0,0.0,0.0,0.0,0.0,0.0,0.0,0.0,0.0,48.42000198364258,-352.3900146484375,-64.55999755859375,0.0
1780954222908622295,74012,1780954222887101068,base_link,wheel_left_joint,wheel_right_joint,joint1,joint2,joint3,joint4,gripper,0.0015339809469878674,0.0,-0.016873789951205254,-1.5523885488510132,1.2363885641098022,0.6013205051422119,0.0,0.0,0.0,0.0,0.0,0.0,0.0,0.0,0.0,0.0,0.0,48.42000198364258,-352.3900146484375,-67.25,0.0
1780954223002294646,74013,1780954222921101068,base_link,wheel_left_joint,wheel_right_joint,joint1,joint2,joint3,joint4,gripper,0.0015339809469878674,0.0,-0.016873789951205254,-1.5523885488510132,1.2363885641098022,0.6013205051422119,0.0,0.0,0.0,0.0,0.0,0.0,0.0,0.0,0.0,0.0,0.0,48.42000198364258,-352.3900146484375,-78.01000213623047,0.0
1780954223040612898,74014,1780954223017101068,base_link,wheel_left_joint,wheel_right_joint,joint1,joint2,joint3,joint4,gripper,0.0015339809469878674,0.0,-0.016873789951205254,-1.5523885488510132,1.2363885641098022,0.6013205051422119,0.0,0.0,0.0,0.0,0.0,0.0,0.0,0.0,0.0,0.0,0.0,48.42000198364258,-352.3900146484375,-67.25,0.0
1780954223133609606,74015,1780954223051101068,base_link,wheel_left_joint,wheel_right_joint,joint1,joint2,joint3,joint4,gripper,0.0015339809469878674,0.0,-0.016873789951205254,-1.5523885488510132,1.2363885641098022,0.6013205051422119,0.0,0.0,0.0,0.0,0.0,0.0,0.0,0.0,0.0,0.0,0.0,48.42000198364258,-355.08001708984375,-72.6300048828125,0.0
1780954223177604193,74016,1780954223146101068,base_link,wheel_left_joint,wheel_right_joint,joint1,joint2,joint3,joint4,gripper,0.0015339809469878674,0.0,-0.016873789951205254,-1.5523885488510132,1.2363885641098022,0.6013205051422119,0.0,0.0,0.0,0.0,0.0,0.0,0.0,0.0,0.0,0.0,0.0,45.72999954223633,-352.3900146484375,-67.25,0.0
1780954223262168193,74017,1780954223181101068,base_link,wheel_left_joint,wheel_right_joint,joint1,joint2,joint3,joint4,gripper,0.0015339809469878674,0.0,-0.016873789951205254,-1.5523885488510132,1.2363885641098022,0.6013205051422119,0.0,0.0,0.0,0.0,0.0,0.0,0.0,0.0,0.0,0.0,0.0,48.42000198364258,-352.3900146484375,-67.25,0.0
1780954223297724389,74018,1780954223274101068,base_link,wheel_left_joint,wheel_right_joint,joint1,joint2,joint3,joint4,gripper,0.0015339809469878674,0.0,-0.016873789951205254,-1.5523885488510132,1.2363885641098022,0.6013205051422119,0.0,0.0,0.0,0.0,0.0,0.0,0.0,0.0,0.0,0.0,0.0,48.42000198364258,-352.3900146484375,-69.94000244140625,0.0
1780954223391633520,74019,1780954223308101068,base_link,wheel_left_joint,wheel_right_joint,joint1,joint2,joint3,joint4,gripper,0.0015339809469878674,0.0,-0.016873789951205254,-1.5523885488510132,1.2363885641098022,0.6013205051422119,0.0,0.0,0.0,0.0,0.0,0.0,0.0,0.0,0.0,0.0,0.0,45.72999954223633,-352.3900146484375,-69.94000244140625,0.0
1780954223423517566,74020,1780954223401101068,base_link,wheel_left_joint,wheel_right_joint,joint1,joint2,joint3,joint4,gripper,0.0015339809469878674,0.0,-0.016873789951205254,-1.5523885488510132,1.2363885641098022,0.6013205051422119,0.0,0.0,0.0,0.0,0.0,0.0,0.0,0.0,0.0,0.0,0.0,45.72999954223633,-352.3900146484375,-64.55999755859375,0.0
1780954223470620957,74021,1780954223435101068,base_link,wheel_left_joint,wheel_right_joint,joint1,joint2,joint3,joint4,gripper,0.0015339809469878674,0.0,-0.016873789951205254,-1.5523885488510132,1.2363885641098022,0.6013205051422119,0.0,0.0,0.0,0.0,0.0,0.0,0.0,0.0,0.0,0.0,0.0,48.42000198364258,-352.3900146484375,-67.25,0.0
1780954223497670506,74022,1780954223507101068,base_link,wheel_left_joint,wheel_right_joint,joint1,joint2,joint3,joint4,gripper,0.0,0.0,-0.016873789951205254,-1.5523885488510132,1.2363885641098022,0.6013205051422119,0.0,-0.02130529098212719,0.0,0.0,0.0,0.0,0.0,0.0,0.0,0.0,0.0,48.42000198364258,-352.3900146484375,-67.25,0.0
1780954223574670823,74023,1780954223541101068,base_link,wheel_left_joint,wheel_right_joint,joint1,joint2,joint3,joint4,gripper,0.0015339809469878674,0.0,-0.016873789951205254,-1.5523885488510132,1.2363885641098022,0.6013205051422119,0.0,0.04511708766222,0.0,0.0,0.0,0.0,0.0,0.0,0.0,0.0,0.0,45.72999954223633,-352.3900146484375,-67.25,0.0
1780954223603031834,74024,1780954223582101068,base_link,wheel_left_joint,wheel_right_joint,joint1,joint2,joint3,joint4,gripper,0.0015339809469878674,0.0,-0.016873789951205254,-1.5523885488510132,1.2363885641098022,0.6013205051422119,0.0,0.0,0.0,0.0,0.0,0.0,0.0,0.0,0.0,0.0,0.0,45.72999954223633,-352.3900146484375,-75.31999969482422,0.0
1780954223696713241,74025,1780954223616101068,base_link,wheel_left_joint,wheel_right_joint,joint1,joint2,joint3,joint4,gripper,0.0015339809469878674,0.0,-0.016873789951205254,-1.5523885488510132,1.2363885641098022,0.6013205051422119,0.0,0.0,0.0,0.0,0.0,0.0,0.0,0.0,0.0,0.0,0.0,48.42000198364258,-352.3900146484375,-67.25,0.0
1780954223741595831,74026,1780954223718101068,base_link,wheel_left_joint,wheel_right_joint,joint1,joint2,joint3,joint4,gripper,0.0015339809469878674,0.0,-0.016873789951205254,-1.5523885488510132,1.2363885641098022,0.6013205051422119,0.0,0.0,0.0,0.0,0.0,0.0,0.0,0.0,0.0,0.0,0.0,48.42000198364258,-352.3900146484375,-67.25,0.0
1780954223834616025,74027,1780954223752101068,base_link,wheel_left_joint,wheel_right_joint,joint1,joint2,joint3,joint4,gripper,0.0015339809469878674,0.0,-0.016873789951205254,-1.5523885488510132,1.2363885641098022,0.6013205051422119,0.0,0.0,0.0,0.0,0.0,0.0,0.0,0.0,0.0,0.0,0.0,48.42000198364258,-352.3900146484375,-69.94000244140625,0.0
1780954223867632184,74028,1780954223843101068,base_link,wheel_left_joint,wheel_right_joint,joint1,joint2,joint3,joint4,gripper,0.0015339809469878674,0.0,-0.016873789951205254,-1.5523885488510132,1.2363885641098022,0.6013205051422119,0.0,0.0,0.0,0.0,0.0,0.0,0.0,0.0,0.0,0.0,0.0,48.42000198364258,-352.3900146484375,-69.94000244140625,0.0
1780954223959500048,74029,1780954223877101068,base_link,wheel_left_joint,wheel_right_joint,joint1,joint2,joint3,joint4,gripper,0.0015339809469878674,0.0,-0.016873789951205254,-1.5523885488510132,1.2363885641098022,0.6013205051422119,0.0,0.0,0.0,0.0,0.0,0.0,0.0,0.0,0.0,0.0,0.0,48.42000198364258,-352.3900146484375,-67.25,0.0
1780954223985204838,74030,1780954223961101068,base_link,wheel_left_joint,wheel_right_joint,joint1,joint2,joint3,joint4,gripper,0.0015339809469878674,0.0,-0.016873789951205254,-1.5523885488510132,1.2363885641098022,0.6013205051422119,0.0,0.0,0.0,0.0,0.0,0.0,0.0,0.0,0.0,0.0,0.0,45.72999954223633,-352.3900146484375,-69.94000244140625,0.0
1780954224083260278,74031,1780954223995101068,base_link,wheel_left_joint,wheel_right_joint,joint1,joint2,joint3,joint4,gripper,0.0015339809469878674,0.0,-0.016873789951205254,-1.5523885488510132,1.2363885641098022,0.6013205051422119,0.0,0.0,0.0,0.0,0.0,0.0,0.0,0.0,0.0,0.0,0.0,48.42000198364258,-352.3900146484375,-69.94000244140625,0.0
1780954224122031663,74032,1780954224093101068,base_link,wheel_left_joint,wheel_right_joint,joint1,joint2,joint3,joint4,gripper,0.0015339809469878674,0.0,-0.016873789951205254,-1.5523885488510132,1.2363885641098022,0.6013205051422119,0.0,0.0,0.0,0.0,0.0,0.0,0.0,0.0,0.0,0.0,0.0,45.72999954223633,-352.3900146484375,-67.25,0.0
1780954224213300225,74033,1780954224127101068,base_link,wheel_left_joint,wheel_right_joint,joint1,joint2,joint3,joint4,gripper,0.0015339809469878674,0.0,-0.016873789951205254,-1.5523885488510132,1.2363885641098022,0.6013205051422119,0.0,0.0,0.0,0.0,0.0,0.0,0.0,0.0,0.0,0.0,0.0,45.72999954223633,-352.3900146484375,-67.25,0.0
1780954224248543232,74034,1780954224225101068,base_link,wheel_left_joint,wheel_right_joint,joint1,joint2,joint3,joint4,gripper,0.0,0.0,-0.016873789951205254,-1.5523885488510132,1.2363885641098022,0.6013205051422119,0.0,-0.015652867034077644,0.0,0.0,0.0,0.0,0.0,0.0,0.0,0.0,0.0,45.72999954223633,-352.3900146484375,-67.25,0.0
1780954224341283892,74035,1780954224259101068,base_link,wheel_left_joint,wheel_right_joint,joint1,joint2,joint3,joint4,gripper,0.0,0.0,-0.016873789951205254,-1.5523885488510132,1.2363885641098022,0.6013205051422119,0.0,0.0,0.0,0.0,0.0,0.0,0.0,0.0,0.0,0.0,0.0,48.42000198364258,-352.3900146484375,-67.25,0.0
1780954224377223721,74036,1780954224354101068,base_link,wheel_left_joint,wheel_right_joint,joint1,joint2,joint3,joint4,gripper,0.0015339809469878674,0.0,-0.016873789951205254,-1.5523885488510132,1.2363885641098022,0.6013205051422119,0.0,0.01614716835319996,0.0,0.0,0.0,0.0,0.0,0.0,0.0,0.0,0.0,48.42000198364258,-352.3900146484375,-69.94000244140625,0.0
1780954224467506785,74037,1780954224388101068,base_link,wheel_left_joint,wheel_right_joint,joint1,joint2,joint3,joint4,gripper,0.0,0.0,-0.016873789951205254,-1.5523885488510132,1.2363885641098022,0.6013205051422119,0.0,-0.04511708766222,0.0,0.0,0.0,0.0,0.0,0.0,0.0,0.0,0.0,48.42000198364258,-352.3900146484375,-69.94000244140625,0.0
1780954224503671280,74038,1780954224482101068,base_link,wheel_left_joint,wheel_right_joint,joint1,joint2,joint3,joint4,gripper,0.0015339809469878674,0.0,-0.016873789951205254,-1.5523885488510132,1.2363885641098022,0.6013205051422119,0.0,0.016318947076797485,0.0,0.0,0.0,0.0,0.0,0.0,0.0,0.0,0.0,45.72999954223633,-352.3900146484375,-75.31999969482422,0.0
1780954224596902736,74039,1780954224516101068,base_link,wheel_left_joint,wheel_right_joint,joint1,joint2,joint3,joint4,gripper,0.0015339809469878674,0.0,-0.016873789951205254,-1.5523885488510132,1.2363885641098022,0.6013205051422119,0.0,0.0,0.0,0.0,0.0,0.0,0.0,0.0,0.0,0.0,0.0,48.42000198364258,-352.3900146484375,-67.25,0.0
1780954224642093516,74040,1780954224606101068,base_link,wheel_left_joint,wheel_right_joint,joint1,joint2,joint3,joint4,gripper,0.0015339809469878674,0.0,-0.016873789951205254,-1.5523885488510132,1.2363885641098022,0.6013205051422119,0.0,0.0,0.0,0.0,0.0,0.0,0.0,0.0,0.0,0.0,0.0,45.72999954223633,-352.3900146484375,-72.6300048828125,0.0
1780954224733303181,74041,1780954224640101068,base_link,wheel_left_joint,wheel_right_joint,joint1,joint2,joint3,joint4,gripper,0.0015339809469878674,0.0,-0.016873789951205254,-1.5523885488510132,1.2363885641098022,0.6013205051422119,0.0,0.0,0.0,0.0,0.0,0.0,0.0,0.0,0.0,0.0,0.0,45.72999954223633,-352.3900146484375,-67.25,0.0
1780954224762354750,74042,1780954224736101068,base_link,wheel_left_joint,wheel_right_joint,joint1,joint2,joint3,joint4,gripper,0.0015339809469878674,0.0,-0.016873789951205254,-1.5523885488510132,1.2363885641098022,0.6013205051422119,0.0,0.0,0.0,0.0,0.0,0.0,0.0,0.0,0.0,0.0,0.0,48.42000198364258,-352.3900146484375,-72.6300048828125,0.0
1780954224860011161,74043,1780954224770101068,base_link,wheel_left_joint,wheel_right_joint,joint1,joint2,joint3,joint4,gripper,0.0015339809469878674,0.0,-0.016873789951205254,-1.5523885488510132,1.2363885641098022,0.6013205051422119,0.0,0.0,0.0,0.0,0.0,0.0,0.0,0.0,0.0,0.0,0.0,48.42000198364258,-355.08001708984375,-78.01000213623047,0.0
1780954224897006190,74044,1780954224908765523,base_link,wheel_left_joint,wheel_right_joint,joint1,joint2,joint3,joint4,gripper,0.0015339809469878674,0.0,-0.016873789951205254,-1.5523885488510132,1.2363885641098022,0.6013205051422119,0.0,0.0,0.0,0.0,0.0,0.0,0.0,0.0,0.0,0.0,0.0,45.72999954223633,-352.3900146484375,-69.94000244140625,0.0
1780954224990073546,74045,1780954224942765523,base_link,wheel_left_joint,wheel_right_joint,joint1,joint2,joint3,joint4,gripper,0.0015339809469878674,0.0,-0.016873789951205254,-1.5523885488510132,1.2363885641098022,0.6013205051422119,0.0,0.0,0.0,0.0,0.0,0.0,0.0,0.0,0.0,0.0,0.0,45.72999954223633,-352.3900146484375,-72.6300048828125,0.0
1780954225028386355,74046,1780954225034765523,base_link,wheel_left_joint,wheel_right_joint,joint1,joint2,joint3,joint4,gripper,0.0015339809469878674,0.0,-0.016873789951205254,-1.5523885488510132,1.2363885641098022,0.6013205051422119,0.0,0.0,0.0,0.0,0.0,0.0,0.0,0.0,0.0,0.0,0.0,45.72999954223633,-352.3900146484375,-69.94000244140625,0.0
1780954225127703296,74047,1780954225068765523,base_link,wheel_left_joint,wheel_right_joint,joint1,joint2,joint3,joint4,gripper,0.0015339809469878674,0.0,-0.016873789951205254,-1.5523885488510132,1.2363885641098022,0.6013205051422119,0.0,0.0,0.0,0.0,0.0,0.0,0.0,0.0,0.0,0.0,0.0,45.72999954223633,-352.3900146484375,-67.25,0.0
1780954225151430466,74048,1780954225165765523,base_link,wheel_left_joint,wheel_right_joint,joint1,joint2,joint3,joint4,gripper,0.0015339809469878674,0.0,-0.016873789951205254,-1.5523885488510132,1.2363885641098022,0.6013205051422119,0.0,0.0,0.0,0.0,0.0,0.0,0.0,0.0,0.0,0.0,0.0,45.72999954223633,-352.3900146484375,-69.94000244140625,0.0
1780954225242781478,74049,1780954225199765523,base_link,wheel_left_joint,wheel_right_joint,joint1,joint2,joint3,joint4,gripper,0.0015339809469878674,0.0,-0.016873789951205254,-1.5523885488510132,1.2363885641098022,0.6013205051422119,0.0,0.0,0.0,0.0,0.0,0.0,0.0,0.0,0.0,0.0,0.0,48.42000198364258,-352.3900146484375,-64.55999755859375,0.0
1780954225278226898,74050,1780954225293765523,base_link,wheel_left_joint,wheel_right_joint,joint1,joint2,joint3,joint4,gripper,0.0015339809469878674,0.0,-0.016873789951205254,-1.5523885488510132,1.2363885641098022,0.6013205051422119,0.0,0.0,0.0,0.0,0.0,0.0,0.0,0.0,0.0,0.0,0.0,45.72999954223633,-352.3900146484375,-67.25,0.0
1780954225371763014,74051,1780954225327765523,base_link,wheel_left_joint,wheel_right_joint,joint1,joint2,joint3,joint4,gripper,0.0015339809469878674,0.0,-0.016873789951205254,-1.5523885488510132,1.2363885641098022,0.6013205051422119,0.0,0.0,0.0,0.0,0.0,0.0,0.0,0.0,0.0,0.0,0.0,48.42000198364258,-352.3900146484375,-67.25,0.0
1780954225407998076,74052,1780954225425765523,base_link,wheel_left_joint,wheel_right_joint,joint1,joint2,joint3,joint4,gripper,0.0015339809469878674,0.0,-0.016873789951205254,-1.5523885488510132,1.2363885641098022,0.6013205051422119,0.0,0.0,0.0,0.0,0.0,0.0,0.0,0.0,0.0,0.0,0.0,45.72999954223633,-349.70001220703125,-78.01000213623047,0.0
1780954225500407793,74053,1780954225459765523,base_link,wheel_left_joint,wheel_right_joint,joint1,joint2,joint3,joint4,gripper,0.0015339809469878674,0.0,-0.016873789951205254,-1.5523885488510132,1.2363885641098022,0.6013205051422119,0.0,0.0,0.0,0.0,0.0,0.0,0.0,0.0,0.0,0.0,0.0,45.72999954223633,-349.70001220703125,-67.25,0.0
1780954225536381596,74054,1780954225555765523,base_link,wheel_left_joint,wheel_right_joint,joint1,joint2,joint3,joint4,gripper,0.0015339809469878674,0.0,-0.016873789951205254,-1.5523885488510132,1.2363885641098022,0.6013205051422119,0.0,0.0,0.0,0.0,0.0,0.0,0.0,0.0,0.0,0.0,0.0,45.72999954223633,-352.3900146484375,-69.94000244140625,0.0
1780954225632008226,74055,1780954225589765523,base_link,wheel_left_joint,wheel_right_joint,joint1,joint2,joint3,joint4,gripper,0.0015339809469878674,0.0,-0.016873789951205254,-1.5523885488510132,1.2363885641098022,0.6013205051422119,0.0,0.0,0.0,0.0,0.0,0.0,0.0,0.0,0.0,0.0,0.0,45.72999954223633,-352.3900146484375,-67.25,0.0
1780954225668547563,74056,1780954225681765523,base_link,wheel_left_joint,wheel_right_joint,joint1,joint2,joint3,joint4,gripper,0.0015339809469878674,0.0,-0.016873789951205254,-1.5523885488510132,1.2363885641098022,0.6013205051422119,0.0,0.0,0.0,0.0,0.0,0.0,0.0,0.0,0.0,0.0,0.0,45.72999954223633,-352.3900146484375,-67.25,0.0
1780954225762720050,74057,1780954225715765523,base_link,wheel_left_joint,wheel_right_joint,joint1,joint2,joint3,joint4,gripper,0.0015339809469878674,0.0,-0.016873789951205254,-1.5523885488510132,1.2363885641098022,0.6013205051422119,0.0,0.0,0.0,0.0,0.0,0.0,0.0,0.0,0.0,0.0,0.0,45.72999954223633,-352.3900146484375,-69.94000244140625,0.0
1780954225799828616,74058,1780954225815765523,base_link,wheel_left_joint,wheel_right_joint,joint1,joint2,joint3,joint4,gripper,0.0015339809469878674,0.0,-0.016873789951205254,-1.5523885488510132,1.2363885641098022,0.6013205051422119,0.0,0.0,0.0,0.0,0.0,0.0,0.0,0.0,0.0,0.0,0.0,45.72999954223633,-352.3900146484375,-67.25,0.0
1780954225891501563,74059,1780954225849765523,base_link,wheel_left_joint,wheel_right_joint,joint1,joint2,joint3,joint4,gripper,0.0015339809469878674,0.0,-0.016873789951205254,-1.5523885488510132,1.2363885641098022,0.6013205051422119,0.0,0.0,0.0,0.0,0.0,0.0,0.0,0.0,0.0,0.0,0.0,45.72999954223633,-352.3900146484375,-67.25,0.0
1780954225927016931,74060,1780954225944765523,base_link,wheel_left_joint,wheel_right_joint,joint1,joint2,joint3,joint4,gripper,0.0015339809469878674,0.0,-0.016873789951205254,-1.5523885488510132,1.2363885641098022,0.6013205051422119,0.0,0.0,0.0,0.0,0.0,0.0,0.0,0.0,0.0,0.0,0.0,48.42000198364258,-352.3900146484375,-67.25,0.0
1780954226014849092,74061,1780954225978765523,base_link,wheel_left_joint,wheel_right_joint,joint1,joint2,joint3,joint4,gripper,0.0015339809469878674,0.0,-0.016873789951205254,-1.5523885488510132,1.2363885641098022,0.6013205051422119,0.0,0.0,0.0,0.0,0.0,0.0,0.0,0.0,0.0,0.0,0.0,48.42000198364258,-352.3900146484375,-67.25,0.0
1780954226052896895,74062,1780954226070765523,base_link,wheel_left_joint,wheel_right_joint,joint1,joint2,joint3,joint4,gripper,0.0015339809469878674,0.0,-0.016873789951205254,-1.5523885488510132,1.2363885641098022,0.6013205051422119,0.0,0.0,0.0,0.0,0.0,0.0,0.0,0.0,0.0,0.0,0.0,45.72999954223633,-352.3900146484375,-67.25,0.0
1780954226144218145,74063,1780954226104765523,base_link,wheel_left_joint,wheel_right_joint,joint1,joint2,joint3,joint4,gripper,0.0015339809469878674,0.0,-0.016873789951205254,-1.5523885488510132,1.2363885641098022,0.6013205051422119,0.0,0.0,0.0,0.0,0.0,0.0,0.0,0.0,0.0,0.0,0.0,48.42000198364258,-349.70001220703125,-67.25,0.0
1780954226191651076,74064,1780954226203765523,base_link,wheel_left_joint,wheel_right_joint,joint1,joint2,joint3,joint4,gripper,0.0015339809469878674,0.0,-0.016873789951205254,-1.5523885488510132,1.2363885641098022,0.6013205051422119,0.0,0.0,0.0,0.0,0.0,0.0,0.0,0.0,0.0,0.0,0.0,45.72999954223633,-349.70001220703125,-67.25,0.0
1780954226281672457,74065,1780954226237765523,base_link,wheel_left_joint,wheel_right_joint,joint1,joint2,joint3,joint4,gripper,0.0015339809469878674,0.0,-0.016873789951205254,-1.5523885488510132,1.2363885641098022,0.6013205051422119,0.0,0.0,0.0,0.0,0.0,0.0,0.0,0.0,0.0,0.0,0.0,45.72999954223633,-349.70001220703125,-67.25,0.0
1780954226310008740,74066,1780954226327765523,base_link,wheel_left_joint,wheel_right_joint,joint1,joint2,joint3,joint4,gripper,0.0015339809469878674,0.0,-0.016873789951205254,-1.5523885488510132,1.2363885641098022,0.6013205051422119,0.0,0.0,0.0,0.0,0.0,0.0,0.0,0.0,0.0,0.0,0.0,45.72999954223633,-352.3900146484375,-67.25,0.0
1780954226403451047,74067,1780954226361765523,base_link,wheel_left_joint,wheel_right_joint,joint1,joint2,joint3,joint4,gripper,0.0015339809469878674,0.0,-0.016873789951205254,-1.5523885488510132,1.2363885641098022,0.6013205051422119,0.0,0.0,0.0,0.0,0.0,0.0,0.0,0.0,0.0,0.0,0.0,45.72999954223633,-352.3900146484375,-67.25,0.0
1780954226439437609,74068,1780954226457765523,base_link,wheel_left_joint,wheel_right_joint,joint1,joint2,joint3,joint4,gripper,0.0015339809469878674,0.0,-0.016873789951205254,-1.5523885488510132,1.2363885641098022,0.6013205051422119,0.0,0.0,0.0,0.0,0.0,0.0,0.0,0.0,0.0,0.0,0.0,45.72999954223633,-352.3900146484375,-67.25,0.0
1780954226531605109,74069,1780954226491765523,base_link,wheel_left_joint,wheel_right_joint,joint1,joint2,joint3,joint4,gripper,0.0015339809469878674,0.0,-0.016873789951205254,-1.5523885488510132,1.2363885641098022,0.6013205051422119,0.0,0.0,0.0,0.0,0.0,0.0,0.0,0.0,0.0,0.0,0.0,48.42000198364258,-352.3900146484375,-67.25,0.0
1780954226574474489,74070,1780954226585765523,base_link,wheel_left_joint,wheel_right_joint,joint1,joint2,joint3,joint4,gripper,0.0015339809469878674,0.0,-0.016873789951205254,-1.5523885488510132,1.2363885641098022,0.6013205051422119,0.0,0.0,0.0,0.0,0.0,0.0,0.0,0.0,0.0,0.0,0.0,45.72999954223633,-352.3900146484375,-64.55999755859375,0.0
1780954226671275257,74071,1780954226619765523,base_link,wheel_left_joint,wheel_right_joint,joint1,joint2,joint3,joint4,gripper,0.0015339809469878674,0.0,-0.016873789951205254,-1.5523885488510132,1.2363885641098022,0.6013205051422119,0.0,0.0,0.0,0.0,0.0,0.0,0.0,0.0,0.0,0.0,0.0,45.72999954223633,-352.3900146484375,-78.01000213623047,0.0
1780954226699684099,74072,1780954226711765523,base_link,wheel_left_joint,wheel_right_joint,joint1,joint2,joint3,joint4,gripper,0.0015339809469878674,0.0,-0.016873789951205254,-1.5523885488510132,1.2363885641098022,0.6013205051422119,0.0,0.0,0.0,0.0,0.0,0.0,0.0,0.0,0.0,0.0,0.0,45.72999954223633,-352.3900146484375,-69.94000244140625,0.0
1780954226787455056,74073,1780954226745765523,base_link,wheel_left_joint,wheel_right_joint,joint1,joint2,joint3,joint4,gripper,0.0015339809469878674,0.0,-0.016873789951205254,-1.5523885488510132,1.2363885641098022,0.6013205051422119,0.0,0.0,0.0,0.0,0.0,0.0,0.0,0.0,0.0,0.0,0.0,45.72999954223633,-352.3900146484375,-69.94000244140625,0.0
1780954226803103475,74074,1780954226837765523,base_link,wheel_left_joint,wheel_right_joint,joint1,joint2,joint3,joint4,gripper,0.0,0.0,-0.016873789951205254,-1.5523885488510132,1.2363885641098022,0.6013205051422119,0.0,-0.016673706471920013,0.0,0.0,0.0,0.0,0.0,0.0,0.0,0.0,0.0,45.72999954223633,-352.3900146484375,-67.25,0.0
1780954226857174401,74075,1780954226871765523,base_link,wheel_left_joint,wheel_right_joint,joint1,joint2,joint3,joint4,gripper,0.0015339809469878674,0.0,-0.016873789951205254,-1.5523885488510132,1.2363885641098022,0.6013205051422119,0.0,0.04511708766222,0.0,0.0,0.0,0.0,0.0,0.0,0.0,0.0,0.0,45.72999954223633,-352.3900146484375,-67.25,0.0
1780954226877425884,74076,1780954226930765523,base_link,wheel_left_joint,wheel_right_joint,joint1,joint2,joint3,joint4,gripper,0.0015339809469878674,0.0,-0.016873789951205254,-1.5523885488510132,1.2363885641098022,0.6013205051422119,0.0,0.0,0.0,0.0,0.0,0.0,0.0,0.0,0.0,0.0,0.0,45.72999954223633,-352.3900146484375,-67.25,0.0
1780954226970517863,74077,1780954226964765523,base_link,wheel_left_joint,wheel_right_joint,joint1,joint2,joint3,joint4,gripper,0.0015339809469878674,0.0,-0.016873789951205254,-1.5523885488510132,1.2363885641098022,0.6013205051422119,0.0,0.0,0.0,0.0,0.0,0.0,0.0,0.0,0.0,0.0,0.0,45.72999954223633,-349.70001220703125,-67.25,0.0
1780954227033437977,74078,1780954227053765523,base_link,wheel_left_joint,wheel_right_joint,joint1,joint2,joint3,joint4,gripper,0.0015339809469878674,0.0,-0.016873789951205254,-1.5523885488510132,1.2363885641098022,0.6013205051422119,0.0,0.0,0.0,0.0,0.0,0.0,0.0,0.0,0.0,0.0,0.0,45.72999954223633,-349.70001220703125,-67.25,0.0
1780954227132608428,74079,1780954227087765523,base_link,wheel_left_joint,wheel_right_joint,joint1,joint2,joint3,joint4,gripper,0.0015339809469878674,0.0,-0.016873789951205254,-1.5523885488510132,1.2363885641098022,0.6013205051422119,0.0,0.0,0.0,0.0,0.0,0.0,0.0,0.0,0.0,0.0,0.0,45.72999954223633,-349.70001220703125,-67.25,0.0
1780954227168487586,74080,1780954227183765523,base_link,wheel_left_joint,wheel_right_joint,joint1,joint2,joint3,joint4,gripper,0.0015339809469878674,0.0,-0.016873789951205254,-1.5523885488510132,1.2363885641098022,0.6013205051422119,0.0,0.0,0.0,0.0,0.0,0.0,0.0,0.0,0.0,0.0,0.0,48.42000198364258,-352.3900146484375,-69.94000244140625,0.0
1780954227257043957,74081,1780954227217765523,base_link,wheel_left_joint,wheel_right_joint,joint1,joint2,joint3,joint4,gripper,0.0015339809469878674,0.0,-0.016873789951205254,-1.5523885488510132,1.2363885641098022,0.6013205051422119,0.0,0.0,0.0,0.0,0.0,0.0,0.0,0.0,0.0,0.0,0.0,45.72999954223633,-352.3900146484375,-67.25,0.0
1780954227296774778,74082,1780954227311765523,base_link,wheel_left_joint,wheel_right_joint,joint1,joint2,joint3,joint4,gripper,0.0015339809469878674,0.0,-0.016873789951205254,-1.5523885488510132,1.2363885641098022,0.6013205051422119,0.0,0.0,0.0,0.0,0.0,0.0,0.0,0.0,0.0,0.0,0.0,43.040000915527344,-349.70001220703125,-67.25,0.0
1780954227379724984,74083,1780954227345765523,base_link,wheel_left_joint,wheel_right_joint,joint1,joint2,joint3,joint4,gripper,0.0015339809469878674,0.0,-0.016873789951205254,-1.5523885488510132,1.2363885641098022,0.6013205051422119,0.0,0.0,0.0,0.0,0.0,0.0,0.0,0.0,0.0,0.0,0.0,45.72999954223633,-349.70001220703125,-67.25,0.0
1780954227425672046,74084,1780954227400108440,base_link,wheel_left_joint,wheel_right_joint,joint1,joint2,joint3,joint4,gripper,0.0015339809469878674,0.0,-0.016873789951205254,-1.5523885488510132,1.2363885641098022,0.6013205051422119,0.0,0.0,0.0,0.0,0.0,0.0,0.0,0.0,0.0,0.0,0.0,45.72999954223633,-349.70001220703125,-67.25,0.0
1780954227516133254,74085,1780954227434108440,base_link,wheel_left_joint,wheel_right_joint,joint1,joint2,joint3,joint4,gripper,0.0015339809469878674,0.0,-0.016873789951205254,-1.5523885488510132,1.2363885641098022,0.6013205051422119,0.0,0.0,0.0,0.0,0.0,0.0,0.0,0.0,0.0,0.0,0.0,45.72999954223633,-349.70001220703125,-67.25,0.0
1780954227544995868,74086,1780954227520108440,base_link,wheel_left_joint,wheel_right_joint,joint1,joint2,joint3,joint4,gripper,0.0015339809469878674,0.0,-0.016873789951205254,-1.5523885488510132,1.2363885641098022,0.6013205051422119,0.0,0.0,0.0,0.0,0.0,0.0,0.0,0.0,0.0,0.0,0.0,45.72999954223633,-352.3900146484375,-67.25,0.0
1780954227637806535,74087,1780954227554108440,base_link,wheel_left_joint,wheel_right_joint,joint1,joint2,joint3,joint4,gripper,0.0015339809469878674,0.0,-0.016873789951205254,-1.5523885488510132,1.2363885641098022,0.6013205051422119,0.0,0.0,0.0,0.0,0.0,0.0,0.0,0.0,0.0,0.0,0.0,45.72999954223633,-349.70001220703125,-67.25,0.0
1780954227680572925,74088,1780954227651108440,base_link,wheel_left_joint,wheel_right_joint,joint1,joint2,joint3,joint4,gripper,0.0015339809469878674,0.0,-0.016873789951205254,-1.5523885488510132,1.2363885641098022,0.6013205051422119,0.0,0.0,0.0,0.0,0.0,0.0,0.0,0.0,0.0,0.0,0.0,45.72999954223633,-349.70001220703125,-67.25,0.0
1780954227773788425,74089,1780954227685108440,base_link,wheel_left_joint,wheel_right_joint,joint1,joint2,joint3,joint4,gripper,0.0015339809469878674,0.0,-0.016873789951205254,-1.5523885488510132,1.2363885641098022,0.6013205051422119,0.0,0.0,0.0,0.0,0.0,0.0,0.0,0.0,0.0,0.0,0.0,45.72999954223633,-349.70001220703125,-67.25,0.0
1780954227803923884,74090,1780954227777108440,base_link,wheel_left_joint,wheel_right_joint,joint1,joint2,joint3,joint4,gripper,0.0015339809469878674,0.0,-0.016873789951205254,-1.5523885488510132,1.2363885641098022,0.6013205051422119,0.0,0.0,0.0,0.0,0.0,0.0,0.0,0.0,0.0,0.0,0.0,45.72999954223633,-352.3900146484375,-67.25,0.0
1780954227893807984,74091,1780954227811108440,base_link,wheel_left_joint,wheel_right_joint,joint1,joint2,joint3,joint4,gripper,0.0015339809469878674,0.0,-0.016873789951205254,-1.5523885488510132,1.2363885641098022,0.6013205051422119,0.0,0.0,0.0,0.0,0.0,0.0,0.0,0.0,0.0,0.0,0.0,45.72999954223633,-352.3900146484375,-67.25,0.0
1780954227930023173,74092,1780954227904108440,base_link,wheel_left_joint,wheel_right_joint,joint1,joint2,joint3,joint4,gripper,0.0015339809469878674,0.0,-0.016873789951205254,-1.5523885488510132,1.2363885641098022,0.6013205051422119,0.0,0.0,0.0,0.0,0.0,0.0,0.0,0.0,0.0,0.0,0.0,45.72999954223633,-352.3900146484375,-69.94000244140625,0.0
1780954228019692596,74093,1780954227938108440,base_link,wheel_left_joint,wheel_right_joint,joint1,joint2,joint3,joint4,gripper,0.0015339809469878674,0.0,-0.016873789951205254,-1.5523885488510132,1.2363885641098022,0.6013205051422119,0.0,0.0,0.0,0.0,0.0,0.0,0.0,0.0,0.0,0.0,0.0,45.72999954223633,-352.3900146484375,-67.25,0.0
1780954228058181388,74094,1780954228032108440,base_link,wheel_left_joint,wheel_right_joint,joint1,joint2,joint3,joint4,gripper,0.0015339809469878674,0.0,-0.016873789951205254,-1.5523885488510132,1.2363885641098022,0.6013205051422119,0.0,0.0,0.0,0.0,0.0,0.0,0.0,0.0,0.0,0.0,0.0,45.72999954223633,-352.3900146484375,-67.25,0.0
1780954228152239946,74095,1780954228066108440,base_link,wheel_left_joint,wheel_right_joint,joint1,joint2,joint3,joint4,gripper,0.0015339809469878674,0.0,-0.016873789951205254,-1.5523885488510132,1.2363885641098022,0.6013205051422119,0.0,0.0,0.0,0.0,0.0,0.0,0.0,0.0,0.0,0.0,0.0,48.42000198364258,-352.3900146484375,-67.25,0.0
1780954228188717451,74096,1780954228164108440,base_link,wheel_left_joint,wheel_right_joint,joint1,joint2,joint3,joint4,gripper,0.0015339809469878674,0.0,-0.016873789951205254,-1.5508545637130737,1.2363885641098022,0.6013205051422119,0.0,0.0,0.0,0.0,0.0,0.0,0.0,0.0,0.0,0.0,0.0,45.72999954223633,-355.08001708984375,-69.94000244140625,0.0
1780954228279516568,74097,1780954228198108440,base_link,wheel_left_joint,wheel_right_joint,joint1,joint2,joint3,joint4,gripper,0.0015339809469878674,0.0,-0.016873789951205254,-1.5523885488510132,1.2363885641098022,0.6013205051422119,0.0,0.0,0.0,0.0,0.0,0.0,0.0,0.0,0.0,0.0,0.0,45.72999954223633,-352.3900146484375,-67.25,0.0
1780954228316832167,74098,1780954228292108440,base_link,wheel_left_joint,wheel_right_joint,joint1,joint2,joint3,joint4,gripper,0.0015339809469878674,0.0,-0.016873789951205254,-1.5523885488510132,1.2363885641098022,0.6013205051422119,0.0,0.0,0.0,0.0,0.0,0.0,0.0,0.0,0.0,0.0,0.0,45.72999954223633,-349.70001220703125,-67.25,0.0
1780954228406429299,74099,1780954228326108440,base_link,wheel_left_joint,wheel_right_joint,joint1,joint2,joint3,joint4,gripper,0.0015339809469878674,0.0,-0.016873789951205254,-1.5523885488510132,1.2363885641098022,0.6013205051422119,0.0,0.0,0.0,0.0,0.0,0.0,0.0,0.0,0.0,0.0,0.0,45.72999954223633,-352.3900146484375,-67.25,0.0
1780954228441413176,74100,1780954228421108440,base_link,wheel_left_joint,wheel_right_joint,joint1,joint2,joint3,joint4,gripper,0.0015339809469878674,0.0,-0.016873789951205254,-1.5523885488510132,1.2363885641098022,0.6013205051422119,0.0,0.0,0.0,0.0,0.0,0.0,0.0,0.0,0.0,0.0,0.0,43.040000915527344,-352.3900146484375,-67.25,0.0
1780954228533582166,74101,1780954228455108440,base_link,wheel_left_joint,wheel_right_joint,joint1,joint2,joint3,joint4,gripper,0.0,0.0,-0.016873789951205254,-1.5523885488510132,1.2363885641098022,0.6013205051422119,0.0,-0.04511708766222,0.0,0.0,0.0,0.0,0.0,0.0,0.0,0.0,0.0,45.72999954223633,-352.3900146484375,-67.25,0.0
1780954228569179349,74102,1780954228546108440,base_link,wheel_left_joint,wheel_right_joint,joint1,joint2,joint3,joint4,gripper,0.0015339809469878674,0.0,-0.016873789951205254,-1.5523885488510132,1.2363885641098022,0.6013205051422119,0.0,0.016856934875249863,0.0,0.0,0.0,0.0,0.0,0.0,0.0,0.0,0.0,45.72999954223633,-352.3900146484375,-67.25,0.0
1780954228664403254,74103,1780954228580108440,base_link,wheel_left_joint,wheel_right_joint,joint1,joint2,joint3,joint4,gripper,0.0015339809469878674,0.0,-0.016873789951205254,-1.5523885488510132,1.2363885641098022,0.6013205051422119,0.0,0.0,0.0,0.0,0.0,0.0,0.0,0.0,0.0,0.0,0.0,45.72999954223633,-352.3900146484375,-69.94000244140625,0.0
1780954228700741996,74104,1780954228671108440,base_link,wheel_left_joint,wheel_right_joint,joint1,joint2,joint3,joint4,gripper,0.0015339809469878674,0.0,-0.016873789951205254,-1.5523885488510132,1.2363885641098022,0.6013205051422119,0.0,0.0,0.0,0.0,0.0,0.0,0.0,0.0,0.0,0.0,0.0,45.72999954223633,-352.3900146484375,-69.94000244140625,0.0
1780954228794790419,74105,1780954228705108440,base_link,wheel_left_joint,wheel_right_joint,joint1,joint2,joint3,joint4,gripper,0.0015339809469878674,0.0,-0.016873789951205254,-1.5523885488510132,1.2363885641098022,0.6013205051422119,0.0,0.0,0.0,0.0,0.0,0.0,0.0,0.0,0.0,0.0,0.0,45.72999954223633,-355.08001708984375,-72.6300048828125,0.0
1780954228830475167,74106,1780954228804108440,base_link,wheel_left_joint,wheel_right_joint,joint1,joint2,joint3,joint4,gripper,0.0015339809469878674,0.0,-0.016873789951205254,-1.5523885488510132,1.2363885641098022,0.6013205051422119,0.0,0.0,0.0,0.0,0.0,0.0,0.0,0.0,0.0,0.0,0.0,45.72999954223633,-349.70001220703125,-67.25,0.0
1780954228923027065,74107,1780954228838108440,base_link,wheel_left_joint,wheel_right_joint,joint1,joint2,joint3,joint4,gripper,0.0015339809469878674,0.0,-0.016873789951205254,-1.5523885488510132,1.2363885641098022,0.6013205051422119,0.0,0.0,0.0,0.0,0.0,0.0,0.0,0.0,0.0,0.0,0.0,45.72999954223633,-349.70001220703125,-67.25,0.0
1780954228959543942,74108,1780954228933108440,base_link,wheel_left_joint,wheel_right_joint,joint1,joint2,joint3,joint4,gripper,0.0015339809469878674,0.0,-0.016873789951205254,-1.5523885488510132,1.2363885641098022,0.6013205051422119,0.0,0.0,0.0,0.0,0.0,0.0,0.0,0.0,0.0,0.0,0.0,45.72999954223633,-349.70001220703125,-67.25,0.0
1780954229053816970,74109,1780954228967108440,base_link,wheel_left_joint,wheel_right_joint,joint1,joint2,joint3,joint4,gripper,0.0015339809469878674,0.0,-0.016873789951205254,-1.5523885488510132,1.2363885641098022,0.6013205051422119,0.0,0.0,0.0,0.0,0.0,0.0,0.0,0.0,0.0,0.0,0.0,45.72999954223633,-349.70001220703125,-67.25,0.0
1780954229088827734,74110,1780954229062108440,base_link,wheel_left_joint,wheel_right_joint,joint1,joint2,joint3,joint4,gripper,0.0015339809469878674,0.0,-0.016873789951205254,-1.5523885488510132,1.2363885641098022,0.6013205051422119,0.0,0.0,0.0,0.0,0.0,0.0,0.0,0.0,0.0,0.0,0.0,48.42000198364258,-352.3900146484375,-67.25,0.0
1780954229183936731,74111,1780954229096108440,base_link,wheel_left_joint,wheel_right_joint,joint1,joint2,joint3,joint4,gripper,0.0015339809469878674,0.0,-0.016873789951205254,-1.5523885488510132,1.2363885641098022,0.6013205051422119,0.0,0.0,0.0,0.0,0.0,0.0,0.0,0.0,0.0,0.0,0.0,45.72999954223633,-352.3900146484375,-69.94000244140625,0.0
1780954229219901698,74112,1780954229199108440,base_link,wheel_left_joint,wheel_right_joint,joint1,joint2,joint3,joint4,gripper,0.0015339809469878674,0.0,-0.016873789951205254,-1.5523885488510132,1.2363885641098022,0.6013205051422119,0.0,0.0,0.0,0.0,0.0,0.0,0.0,0.0,0.0,0.0,0.0,48.42000198364258,-352.3900146484375,-69.94000244140625,0.0
1780954229311705706,74113,1780954229233108440,base_link,wheel_left_joint,wheel_right_joint,joint1,joint2,joint3,joint4,gripper,0.0015339809469878674,0.0,-0.016873789951205254,-1.5523885488510132,1.2363885641098022,0.6013205051422119,0.0,0.0,0.0,0.0,0.0,0.0,0.0,0.0,0.0,0.0,0.0,45.72999954223633,-352.3900146484375,-67.25,0.0
1780954229347458356,74114,1780954229323108440,base_link,wheel_left_joint,wheel_right_joint,joint1,joint2,joint3,joint4,gripper,0.0015339809469878674,0.0,-0.016873789951205254,-1.5523885488510132,1.2363885641098022,0.6013205051422119,0.0,0.0,0.0,0.0,0.0,0.0,0.0,0.0,0.0,0.0,0.0,48.42000198364258,-352.3900146484375,-69.94000244140625,0.0
1780954229439734055,74115,1780954229357108440,base_link,wheel_left_joint,wheel_right_joint,joint1,joint2,joint3,joint4,gripper,0.0015339809469878674,0.0,-0.016873789951205254,-1.5523885488510132,1.2363885641098022,0.6013205051422119,0.0,0.0,0.0,0.0,0.0,0.0,0.0,0.0,0.0,0.0,0.0,48.42000198364258,-352.3900146484375,-67.25,0.0
1780954229475473257,74116,1780954229452108440,base_link,wheel_left_joint,wheel_right_joint,joint1,joint2,joint3,joint4,gripper,0.0015339809469878674,0.0,-0.016873789951205254,-1.5523885488510132,1.2363885641098022,0.6013205051422119,0.0,0.0,0.0,0.0,0.0,0.0,0.0,0.0,0.0,0.0,0.0,48.42000198364258,-352.3900146484375,-67.25,0.0
1780954229566874511,74117,1780954229486108440,base_link,wheel_left_joint,wheel_right_joint,joint1,joint2,joint3,joint4,gripper,0.0015339809469878674,0.0,-0.016873789951205254,-1.5523885488510132,1.2363885641098022,0.6013205051422119,0.0,0.0,0.0,0.0,0.0,0.0,0.0,0.0,0.0,0.0,0.0,48.42000198364258,-349.70001220703125,-69.94000244140625,0.0
1780954229603027459,74118,1780954229579108440,base_link,wheel_left_joint,wheel_right_joint,joint1,joint2,joint3,joint4,gripper,0.0015339809469878674,0.0,-0.016873789951205254,-1.5523885488510132,1.2363885641098022,0.6013205051422119,0.0,0.0,0.0,0.0,0.0,0.0,0.0,0.0,0.0,0.0,0.0,48.42000198364258,-352.3900146484375,-67.25,0.0
1780954229702489836,74119,1780954229613108440,base_link,wheel_left_joint,wheel_right_joint,joint1,joint2,joint3,joint4,gripper,0.0015339809469878674,0.0,-0.016873789951205254,-1.5523885488510132,1.2363885641098022,0.6013205051422119,0.0,0.0,0.0,0.0,0.0,0.0,0.0,0.0,0.0,0.0,0.0,45.72999954223633,-352.3900146484375,-67.25,0.0
1780954229739141882,74120,1780954229715108440,base_link,wheel_left_joint,wheel_right_joint,joint1,joint2,joint3,joint4,gripper,0.0,0.0,-0.016873789951205254,-1.5523885488510132,1.2363885641098022,0.6013205051422119,0.0,-0.015039029531180859,0.0,0.0,0.0,0.0,0.0,0.0,0.0,0.0,0.0,45.72999954223633,-352.3900146484375,-67.25,0.0
1780954229832574878,74121,1780954229749108440,base_link,wheel_left_joint,wheel_right_joint,joint1,joint2,joint3,joint4,gripper,0.0015339809469878674,0.0,-0.016873789951205254,-1.5523885488510132,1.2363885641098022,0.6013205051422119,0.0,0.04511708766222,0.0,0.0,0.0,0.0,0.0,0.0,0.0,0.0,0.0,45.72999954223633,-352.3900146484375,-67.25,0.0
1780954229872091289,74122,1780954229841108440,base_link,wheel_left_joint,wheel_right_joint,joint1,joint2,joint3,joint4,gripper,0.0015339809469878674,0.0,-0.016873789951205254,-1.5523885488510132,1.2363885641098022,0.6013205051422119,0.0,0.0,0.0,0.0,0.0,0.0,0.0,0.0,0.0,0.0,0.0,48.42000198364258,-352.3900146484375,-67.25,0.0
1780954229965732547,74123,1780954229875108440,base_link,wheel_left_joint,wheel_right_joint,joint1,joint2,joint3,joint4,gripper,0.0015339809469878674,0.0,-0.016873789951205254,-1.5523885488510132,1.2363885641098022,0.6013205051422119,0.0,0.0,0.0,0.0,0.0,0.0,0.0,0.0,0.0,0.0,0.0,48.42000198364258,-352.3900146484375,-67.25,0.0
1780954230000931107,74124,1780954229979664241,base_link,wheel_left_joint,wheel_right_joint,joint1,joint2,joint3,joint4,gripper,0.0015339809469878674,0.0,-0.016873789951205254,-1.5523885488510132,1.2363885641098022,0.6013205051422119,0.0,0.0,0.0,0.0,0.0,0.0,0.0,0.0,0.0,0.0,0.0,48.42000198364258,-352.3900146484375,-75.31999969482422,0.0
1780954230094162613,74125,1780954230013664241,base_link,wheel_left_joint,wheel_right_joint,joint1,joint2,joint3,joint4,gripper,0.0015339809469878674,0.0,-0.016873789951205254,-1.5523885488510132,1.2363885641098022,0.6013205051422119,0.0,0.0,0.0,0.0,0.0,0.0,0.0,0.0,0.0,0.0,0.0,45.72999954223633,-352.3900146484375,-67.25,0.0
1780954230130892660,74126,1780954230103664241,base_link,wheel_left_joint,wheel_right_joint,joint1,joint2,joint3,joint4,gripper,0.0015339809469878674,0.0,-0.016873789951205254,-1.5523885488510132,1.2363885641098022,0.6013205051422119,0.0,0.0,0.0,0.0,0.0,0.0,0.0,0.0,0.0,0.0,0.0,48.42000198364258,-349.70001220703125,-67.25,0.0
1780954230228531134,74127,1780954230137664241,base_link,wheel_left_joint,wheel_right_joint,joint1,joint2,joint3,joint4,gripper,0.0015339809469878674,0.0,-0.016873789951205254,-1.5523885488510132,1.2363885641098022,0.6013205051422119,0.0,0.0,0.0,0.0,0.0,0.0,0.0,0.0,0.0,0.0,0.0,48.42000198364258,-352.3900146484375,-67.25,0.0
1780954230254291278,74128,1780954230237664241,base_link,wheel_left_joint,wheel_right_joint,joint1,joint2,joint3,joint4,gripper,0.0015339809469878674,0.0,-0.016873789951205254,-1.5523885488510132,1.2363885641098022,0.6013205051422119,0.0,0.0,0.0,0.0,0.0,0.0,0.0,0.0,0.0,0.0,0.0,48.42000198364258,-352.3900146484375,-69.94000244140625,0.0
1780954230306067158,74129,1780954230271664241,base_link,wheel_left_joint,wheel_right_joint,joint1,joint2,joint3,joint4,gripper,0.0015339809469878674,0.0,-0.016873789951205254,-1.5523885488510132,1.2363885641098022,0.6013205051422119,0.0,0.0,0.0,0.0,0.0,0.0,0.0,0.0,0.0,0.0,0.0,45.72999954223633,-352.3900146484375,-67.25,0.0
1780954230328409756,74130,1780954230337664241,base_link,wheel_left_joint,wheel_right_joint,joint1,joint2,joint3,joint4,gripper,0.0015339809469878674,0.0,-0.016873789951205254,-1.5523885488510132,1.2363885641098022,0.6013205051422119,0.0,0.0,0.0,0.0,0.0,0.0,0.0,0.0,0.0,0.0,0.0,45.72999954223633,-352.3900146484375,-67.25,0.0
1780954230410464276,74131,1780954230371664241,base_link,wheel_left_joint,wheel_right_joint,joint1,joint2,joint3,joint4,gripper,0.0015339809469878674,0.0,-0.016873789951205254,-1.5523885488510132,1.2363885641098022,0.6013205051422119,0.0,0.0,0.0,0.0,0.0,0.0,0.0,0.0,0.0,0.0,0.0,45.72999954223633,-355.08001708984375,-67.25,0.0
1780954230446186418,74132,1780954230426664241,base_link,wheel_left_joint,wheel_right_joint,joint1,joint2,joint3,joint4,gripper,0.0015339809469878674,0.0,-0.016873789951205254,-1.5523885488510132,1.2363885641098022,0.6013205051422119,0.0,0.0,0.0,0.0,0.0,0.0,0.0,0.0,0.0,0.0,0.0,48.42000198364258,-352.3900146484375,-67.25,0.0
1780954230534794154,74133,1780954230460664241,base_link,wheel_left_joint,wheel_right_joint,joint1,joint2,joint3,joint4,gripper,0.0015339809469878674,0.0,-0.016873789951205254,-1.5523885488510132,1.2363885641098022,0.6013205051422119,0.0,0.0,0.0,0.0,0.0,0.0,0.0,0.0,0.0,0.0,0.0,48.42000198364258,-352.3900146484375,-67.25,0.0
1780954230572305321,74134,1780954230553664241,base_link,wheel_left_joint,wheel_right_joint,joint1,joint2,joint3,joint4,gripper,0.0015339809469878674,0.0,-0.016873789951205254,-1.5523885488510132,1.2363885641098022,0.6013205051422119,0.0,0.0,0.0,0.0,0.0,0.0,0.0,0.0,0.0,0.0,0.0,48.42000198364258,-352.3900146484375,-67.25,0.0
1780954230664657984,74135,1780954230587664241,base_link,wheel_left_joint,wheel_right_joint,joint1,joint2,joint3,joint4,gripper,0.0015339809469878674,0.0,-0.016873789951205254,-1.5523885488510132,1.2363885641098022,0.6013205051422119,0.0,0.0,0.0,0.0,0.0,0.0,0.0,0.0,0.0,0.0,0.0,48.42000198364258,-352.3900146484375,-67.25,0.0
1780954230700122370,74136,1780954230676664241,base_link,wheel_left_joint,wheel_right_joint,joint1,joint2,joint3,joint4,gripper,0.0015339809469878674,0.0,-0.016873789951205254,-1.5523885488510132,1.2363885641098022,0.6013205051422119,0.0,0.0,0.0,0.0,0.0,0.0,0.0,0.0,0.0,0.0,0.0,45.72999954223633,-352.3900146484375,-67.25,0.0
1780954230791776825,74137,1780954230711664241,base_link,wheel_left_joint,wheel_right_joint,joint1,joint2,joint3,joint4,gripper,0.0015339809469878674,0.0,-0.016873789951205254,-1.5523885488510132,1.2363885641098022,0.6013205051422119,0.0,0.0,0.0,0.0,0.0,0.0,0.0,0.0,0.0,0.0,0.0,45.72999954223633,-352.3900146484375,-69.94000244140625,0.0
1780954230827847411,74138,1780954230805664241,base_link,wheel_left_joint,wheel_right_joint,joint1,joint2,joint3,joint4,gripper,0.0015339809469878674,0.0,-0.016873789951205254,-1.5523885488510132,1.2363885641098022,0.6013205051422119,0.0,0.0,0.0,0.0,0.0,0.0,0.0,0.0,0.0,0.0,0.0,45.72999954223633,-352.3900146484375,-67.25,0.0
1780954230914889498,74139,1780954230839664241,base_link,wheel_left_joint,wheel_right_joint,joint1,joint2,joint3,joint4,gripper,0.0015339809469878674,0.0,-0.016873789951205254,-1.5523885488510132,1.2363885641098022,0.6013205051422119,0.0,0.0,0.0,0.0,0.0,0.0,0.0,0.0,0.0,0.0,0.0,45.72999954223633,-352.3900146484375,-67.25,0.0
1780954230951085426,74140,1780954230933664241,base_link,wheel_left_joint,wheel_right_joint,joint1,joint2,joint3,joint4,gripper,0.0015339809469878674,0.0,-0.016873789951205254,-1.5523885488510132,1.2363885641098022,0.6013205051422119,0.0,0.0,0.0,0.0,0.0,0.0,0.0,0.0,0.0,0.0,0.0,45.72999954223633,-352.3900146484375,-67.25,0.0
1780954231042885922,74141,1780954230967664241,base_link,wheel_left_joint,wheel_right_joint,joint1,joint2,joint3,joint4,gripper,0.0015339809469878674,0.0,-0.016873789951205254,-1.5523885488510132,1.2363885641098022,0.6013205051422119,0.0,0.0,0.0,0.0,0.0,0.0,0.0,0.0,0.0,0.0,0.0,45.72999954223633,-352.3900146484375,-67.25,0.0
1780954231088282519,74142,1780954231060664241,base_link,wheel_left_joint,wheel_right_joint,joint1,joint2,joint3,joint4,gripper,0.0015339809469878674,0.0,-0.016873789951205254,-1.5523885488510132,1.2363885641098022,0.6013205051422119,0.0,0.0,0.0,0.0,0.0,0.0,0.0,0.0,0.0,0.0,0.0,45.72999954223633,-352.3900146484375,-67.25,0.0
1780954231180058201,74143,1780954231094664241,base_link,wheel_left_joint,wheel_right_joint,joint1,joint2,joint3,joint4,gripper,0.0015339809469878674,0.0,-0.016873789951205254,-1.5523885488510132,1.2363885641098022,0.6013205051422119,0.0,0.0,0.0,0.0,0.0,0.0,0.0,0.0,0.0,0.0,0.0,45.72999954223633,-352.3900146484375,-67.25,0.0
1780954231214883445,74144,1780954231188664241,base_link,wheel_left_joint,wheel_right_joint,joint1,joint2,joint3,joint4,gripper,0.0015339809469878674,0.0,-0.016873789951205254,-1.5523885488510132,1.2363885641098022,0.6013205051422119,0.0,0.0,0.0,0.0,0.0,0.0,0.0,0.0,0.0,0.0,0.0,48.42000198364258,-352.3900146484375,-67.25,0.0
1780954231310984422,74145,1780954231222664241,base_link,wheel_left_joint,wheel_right_joint,joint1,joint2,joint3,joint4,gripper,0.0,0.0,-0.016873789951205254,-1.5523885488510132,1.2363885641098022,0.6013205051422119,0.0,-0.04511708766222,0.0,0.0,0.0,0.0,0.0,0.0,0.0,0.0,0.0,45.72999954223633,-352.3900146484375,-67.25,0.0
1780954231339874384,74146,1780954231319664241,base_link,wheel_left_joint,wheel_right_joint,joint1,joint2,joint3,joint4,gripper,0.0015339809469878674,0.0,-0.016873789951205254,-1.5523885488510132,1.2363885641098022,0.6013205051422119,0.0,0.01581423729658127,0.0,0.0,0.0,0.0,0.0,0.0,0.0,0.0,0.0,45.72999954223633,-352.3900146484375,-67.25,0.0
1780954231430861698,74147,1780954231353664241,base_link,wheel_left_joint,wheel_right_joint,joint1,joint2,joint3,joint4,gripper,0.0015339809469878674,0.0,-0.016873789951205254,-1.5523885488510132,1.2363885641098022,0.6013205051422119,0.0,0.0,0.0,0.0,0.0,0.0,0.0,0.0,0.0,0.0,0.0,45.72999954223633,-352.3900146484375,-67.25,0.0
1780954231467322732,74148,1780954231446664241,base_link,wheel_left_joint,wheel_right_joint,joint1,joint2,joint3,joint4,gripper,0.0015339809469878674,0.0,-0.016873789951205254,-1.5508545637130737,1.2363885641098022,0.6013205051422119,0.0,0.0,0.0,0.0,0.0,0.0,0.0,0.0,0.0,0.0,0.0,48.42000198364258,-352.3900146484375,-67.25,0.0
1780954231560359741,74149,1780954231480664241,base_link,wheel_left_joint,wheel_right_joint,joint1,joint2,joint3,joint4,gripper,0.0015339809469878674,0.0,-0.016873789951205254,-1.5523885488510132,1.2363885641098022,0.6013205051422119,0.0,0.0,0.0,0.0,0.0,0.0,0.0,0.0,0.0,0.0,0.0,45.72999954223633,-352.3900146484375,-67.25,0.0
1780954231596629626,74150,1780954231572664241,base_link,wheel_left_joint,wheel_right_joint,joint1,joint2,joint3,joint4,gripper,0.0015339809469878674,0.0,-0.016873789951205254,-1.5523885488510132,1.2363885641098022,0.6013205051422119,0.0,0.0,0.0,0.0,0.0,0.0,0.0,0.0,0.0,0.0,0.0,45.72999954223633,-352.3900146484375,-67.25,0.0
1780954231691025722,74151,1780954231606664241,base_link,wheel_left_joint,wheel_right_joint,joint1,joint2,joint3,joint4,gripper,0.0015339809469878674,0.0,-0.016873789951205254,-1.5523885488510132,1.2363885641098022,0.6013205051422119,0.0,0.0,0.0,0.0,0.0,0.0,0.0,0.0,0.0,0.0,0.0,45.72999954223633,-355.08001708984375,-67.25,0.0
1780954231726967600,74152,1780954231702664241,base_link,wheel_left_joint,wheel_right_joint,joint1,joint2,joint3,joint4,gripper,0.0015339809469878674,0.0,-0.016873789951205254,-1.5523885488510132,1.2363885641098022,0.6013205051422119,0.0,0.0,0.0,0.0,0.0,0.0,0.0,0.0,0.0,0.0,0.0,45.72999954223633,-349.70001220703125,-67.25,0.0
1780954231815144378,74153,1780954231736664241,base_link,wheel_left_joint,wheel_right_joint,joint1,joint2,joint3,joint4,gripper,0.0015339809469878674,0.0,-0.016873789951205254,-1.5523885488510132,1.2363885641098022,0.6028544902801514,0.0,0.0,0.0,0.0,0.0,0.0,0.0,0.0,0.0,0.0,0.0,48.42000198364258,-352.3900146484375,-67.25,0.0
1780954231863847698,74154,1780954231833664241,base_link,wheel_left_joint,wheel_right_joint,joint1,joint2,joint3,joint4,gripper,0.0015339809469878674,0.0,-0.016873789951205254,-1.5523885488510132,1.2363885641098022,0.6013205051422119,0.0,0.0,0.0,0.0,0.0,0.0,0.0,0.0,0.0,0.0,0.0,48.42000198364258,-352.3900146484375,-69.94000244140625,0.0
1780954231958914425,74155,1780954231867664241,base_link,wheel_left_joint,wheel_right_joint,joint1,joint2,joint3,joint4,gripper,0.0015339809469878674,0.0,-0.016873789951205254,-1.5523885488510132,1.2363885641098022,0.6013205051422119,0.0,0.0,0.0,0.0,0.0,0.0,0.0,0.0,0.0,0.0,0.0,45.72999954223633,-352.3900146484375,-69.94000244140625,0.0
1780954231994143784,74156,1780954231961664241,base_link,wheel_left_joint,wheel_right_joint,joint1,joint2,joint3,joint4,gripper,0.0015339809469878674,0.0,-0.016873789951205254,-1.5523885488510132,1.2363885641098022,0.6013205051422119,0.0,0.0,0.0,0.0,0.0,0.0,0.0,0.0,0.0,0.0,0.0,48.42000198364258,-352.3900146484375,-67.25,0.0
1780954232083323156,74157,1780954231995664241,base_link,wheel_left_joint,wheel_right_joint,joint1,joint2,joint3,joint4,gripper,0.0015339809469878674,0.0,-0.016873789951205254,-1.5523885488510132,1.2363885641098022,0.6013205051422119,0.0,0.0,0.0,0.0,0.0,0.0,0.0,0.0,0.0,0.0,0.0,45.72999954223633,-355.08001708984375,-67.25,0.0
1780954232111906605,74158,1780954232091664241,base_link,wheel_left_joint,wheel_right_joint,joint1,joint2,joint3,joint4,gripper,0.0015339809469878674,0.0,-0.016873789951205254,-1.5523885488510132,1.2363885641098022,0.6013205051422119,0.0,0.0,0.0,0.0,0.0,0.0,0.0,0.0,0.0,0.0,0.0,45.72999954223633,-352.3900146484375,-67.25,0.0
1780954232206789997,74159,1780954232125664241,base_link,wheel_left_joint,wheel_right_joint,joint1,joint2,joint3,joint4,gripper,0.0015339809469878674,0.0,-0.016873789951205254,-1.5523885488510132,1.2363885641098022,0.6013205051422119,0.0,0.0,0.0,0.0,0.0,0.0,0.0,0.0,0.0,0.0,0.0,45.72999954223633,-352.3900146484375,-69.94000244140625,0.0
1780954232244434372,74160,1780954232222664241,base_link,wheel_left_joint,wheel_right_joint,joint1,joint2,joint3,joint4,gripper,0.0015339809469878674,0.0,-0.016873789951205254,-1.5523885488510132,1.2363885641098022,0.6013205051422119,0.0,0.0,0.0,0.0,0.0,0.0,0.0,0.0,0.0,0.0,0.0,45.72999954223633,-352.3900146484375,-67.25,0.0
1780954232341943140,74161,1780954232256664241,base_link,wheel_left_joint,wheel_right_joint,joint1,joint2,joint3,joint4,gripper,0.0015339809469878674,0.0,-0.016873789951205254,-1.5523885488510132,1.2363885641098022,0.6013205051422119,0.0,0.0,0.0,0.0,0.0,0.0,0.0,0.0,0.0,0.0,0.0,45.72999954223633,-352.3900146484375,-67.25,0.0
1780954232382053224,74162,1780954232357664241,base_link,wheel_left_joint,wheel_right_joint,joint1,joint2,joint3,joint4,gripper,0.0015339809469878674,0.0,-0.016873789951205254,-1.5523885488510132,1.2363885641098022,0.6013205051422119,0.0,0.0,0.0,0.0,0.0,0.0,0.0,0.0,0.0,0.0,0.0,48.42000198364258,-352.3900146484375,-69.94000244140625,0.0
1780954232477471155,74163,1780954232391664241,base_link,wheel_left_joint,wheel_right_joint,joint1,joint2,joint3,joint4,gripper,0.0015339809469878674,0.0,-0.016873789951205254,-1.5523885488510132,1.2363885641098022,0.6013205051422119,0.0,0.0,0.0,0.0,0.0,0.0,0.0,0.0,0.0,0.0,0.0,48.42000198364258,-352.3900146484375,-67.25,0.0
1780954232513802227,74164,1780954232490246616,base_link,wheel_left_joint,wheel_right_joint,joint1,joint2,joint3,joint4,gripper,0.0015339809469878674,0.0,-0.016873789951205254,-1.5523885488510132,1.2363885641098022,0.6013205051422119,0.0,0.0,0.0,0.0,0.0,0.0,0.0,0.0,0.0,0.0,0.0,45.72999954223633,-352.3900146484375,-72.6300048828125,0.0
1780954232606573511,74165,1780954232524246616,base_link,wheel_left_joint,wheel_right_joint,joint1,joint2,joint3,joint4,gripper,0.0015339809469878674,0.0,-0.016873789951205254,-1.5523885488510132,1.2363885641098022,0.6013205051422119,0.0,0.0,0.0,0.0,0.0,0.0,0.0,0.0,0.0,0.0,0.0,45.72999954223633,-352.3900146484375,-67.25,0.0
1780954232641729245,74166,1780954232623246616,base_link,wheel_left_joint,wheel_right_joint,joint1,joint2,joint3,joint4,gripper,0.0015339809469878674,0.0,-0.016873789951205254,-1.5523885488510132,1.2363885641098022,0.6013205051422119,0.0,0.0,0.0,0.0,0.0,0.0,0.0,0.0,0.0,0.0,0.0,45.72999954223633,-352.3900146484375,-67.25,0.0
1780954232735338837,74167,1780954232657246616,base_link,wheel_left_joint,wheel_right_joint,joint1,joint2,joint3,joint4,gripper,0.0015339809469878674,0.0,-0.016873789951205254,-1.5523885488510132,1.2363885641098022,0.6013205051422119,0.0,0.0,0.0,0.0,0.0,0.0,0.0,0.0,0.0,0.0,0.0,45.72999954223633,-352.3900146484375,-67.25,0.0
1780954232771896983,74168,1780954232750246616,base_link,wheel_left_joint,wheel_right_joint,joint1,joint2,joint3,joint4,gripper,0.0015339809469878674,0.0,-0.016873789951205254,-1.5523885488510132,1.2363885641098022,0.6013205051422119,0.0,0.0,0.0,0.0,0.0,0.0,0.0,0.0,0.0,0.0,0.0,45.72999954223633,-352.3900146484375,-78.01000213623047,0.0
1780954232865679468,74169,1780954232784246616,base_link,wheel_left_joint,wheel_right_joint,joint1,joint2,joint3,joint4,gripper,0.0015339809469878674,0.0,-0.016873789951205254,-1.5523885488510132,1.2363885641098022,0.6013205051422119,0.0,0.0,0.0,0.0,0.0,0.0,0.0,0.0,0.0,0.0,0.0,45.72999954223633,-352.3900146484375,-69.94000244140625,0.0
1780954232899666520,74170,1780954232876246616,base_link,wheel_left_joint,wheel_right_joint,joint1,joint2,joint3,joint4,gripper,0.0015339809469878674,0.0,-0.016873789951205254,-1.5523885488510132,1.2363885641098022,0.6013205051422119,0.0,0.0,0.0,0.0,0.0,0.0,0.0,0.0,0.0,0.0,0.0,48.42000198364258,-352.3900146484375,-67.25,0.0
1780954232994550534,74171,1780954232910246616,base_link,wheel_left_joint,wheel_right_joint,joint1,joint2,joint3,joint4,gripper,0.0,0.0,-0.016873789951205254,-1.5523885488510132,1.2363885641098022,0.6013205051422119,0.0,-0.04511708766222,0.0,0.0,0.0,0.0,0.0,0.0,0.0,0.0,0.0,45.72999954223633,-355.08001708984375,-67.25,0.0
1780954233030512924,74172,1780954233007246616,base_link,wheel_left_joint,wheel_right_joint,joint1,joint2,joint3,joint4,gripper,0.0015339809469878674,0.0,-0.016873789951205254,-1.5523885488510132,1.2363885641098022,0.6013205051422119,0.0,0.01581423729658127,0.0,0.0,0.0,0.0,0.0,0.0,0.0,0.0,0.0,45.72999954223633,-352.3900146484375,-72.6300048828125,0.0
1780954233126012624,74173,1780954233041246616,base_link,wheel_left_joint,wheel_right_joint,joint1,joint2,joint3,joint4,gripper,0.0015339809469878674,0.0,-0.016873789951205254,-1.5523885488510132,1.2363885641098022,0.6013205051422119,0.0,0.0,0.0,0.0,0.0,0.0,0.0,0.0,0.0,0.0,0.0,45.72999954223633,-355.08001708984375,-69.94000244140625,0.0
1780954233164065358,74174,1780954233134246616,base_link,wheel_left_joint,wheel_right_joint,joint1,joint2,joint3,joint4,gripper,0.0015339809469878674,0.0,-0.016873789951205254,-1.5508545637130737,1.2363885641098022,0.6013205051422119,0.0,0.0,0.0,0.0,0.0,0.0,0.0,0.0,0.0,0.0,0.0,45.72999954223633,-352.3900146484375,-67.25,0.0
1780954233259639095,74175,1780954233168246616,base_link,wheel_left_joint,wheel_right_joint,joint1,joint2,joint3,joint4,gripper,0.0015339809469878674,0.0,-0.01840776950120926,-1.5523885488510132,1.2363885641098022,0.6013205051422119,0.0,0.0,0.0,0.0,0.0,0.0,0.0,0.0,0.0,0.0,0.0,48.42000198364258,-352.3900146484375,-75.31999969482422,0.0
1780954233285976643,74176,1780954233261246616,base_link,wheel_left_joint,wheel_right_joint,joint1,joint2,joint3,joint4,gripper,0.0015339809469878674,0.0,-0.016873789951205254,-1.5523885488510132,1.2363885641098022,0.6013205051422119,0.0,0.0,0.0,0.0,0.0,0.0,0.0,0.0,0.0,0.0,0.0,48.42000198364258,-352.3900146484375,-67.25,0.0
1780954233388036138,74177,1780954233295246616,base_link,wheel_left_joint,wheel_right_joint,joint1,joint2,joint3,joint4,gripper,0.0015339809469878674,0.0,-0.016873789951205254,-1.5523885488510132,1.2363885641098022,0.6013205051422119,0.0,0.0,0.0,0.0,0.0,0.0,0.0,0.0,0.0,0.0,0.0,48.42000198364258,-352.3900146484375,-67.25,0.0
1780954233425261335,74178,1780954233396246616,base_link,wheel_left_joint,wheel_right_joint,joint1,joint2,joint3,joint4,gripper,0.0015339809469878674,0.0,-0.016873789951205254,-1.5523885488510132,1.2363885641098022,0.6013205051422119,0.0,0.0,0.0,0.0,0.0,0.0,0.0,0.0,0.0,0.0,0.0,45.72999954223633,-352.3900146484375,-67.25,0.0
1780954233529862173,74179,1780954233430246616,base_link,wheel_left_joint,wheel_right_joint,joint1,joint2,joint3,joint4,gripper,0.0015339809469878674,0.0,-0.016873789951205254,-1.5523885488510132,1.2363885641098022,0.6013205051422119,0.0,0.0,0.0,0.0,0.0,0.0,0.0,0.0,0.0,0.0,0.0,48.42000198364258,-349.70001220703125,-67.25,0.0
1780954233564668130,74180,1780954233530246616,base_link,wheel_left_joint,wheel_right_joint,joint1,joint2,joint3,joint4,gripper,0.0015339809469878674,0.0,-0.016873789951205254,-1.5523885488510132,1.2363885641098022,0.6013205051422119,0.0,0.0,0.0,0.0,0.0,0.0,0.0,0.0,0.0,0.0,0.0,45.72999954223633,-352.3900146484375,-67.25,0.0
1780954233632975677,74181,1780954233564246616,base_link,wheel_left_joint,wheel_right_joint,joint1,joint2,joint3,joint4,gripper,0.0015339809469878674,0.0,-0.016873789951205254,-1.5523885488510132,1.2363885641098022,0.6013205051422119,0.0,0.0,0.0,0.0,0.0,0.0,0.0,0.0,0.0,0.0,0.0,45.72999954223633,-352.3900146484375,-67.25,0.0
1780954233655903602,74182,1780954233666246616,base_link,wheel_left_joint,wheel_right_joint,joint1,joint2,joint3,joint4,gripper,0.0015339809469878674,0.0,-0.016873789951205254,-1.5523885488510132,1.2363885641098022,0.6013205051422119,0.0,0.0,0.0,0.0,0.0,0.0,0.0,0.0,0.0,0.0,0.0,48.42000198364258,-352.3900146484375,-67.25,0.0
1780954233713125537,74183,1780954233700246616,base_link,wheel_left_joint,wheel_right_joint,joint1,joint2,joint3,joint4,gripper,0.0015339809469878674,0.0,-0.016873789951205254,-1.5523885488510132,1.2363885641098022,0.6013205051422119,0.0,0.0,0.0,0.0,0.0,0.0,0.0,0.0,0.0,0.0,0.0,45.72999954223633,-352.3900146484375,-69.94000244140625,0.0
1780954233759972564,74184,1780954233742246616,base_link,wheel_left_joint,wheel_right_joint,joint1,joint2,joint3,joint4,gripper,0.0015339809469878674,0.0,-0.016873789951205254,-1.5523885488510132,1.2363885641098022,0.6013205051422119,0.0,0.0,0.0,0.0,0.0,0.0,0.0,0.0,0.0,0.0,0.0,45.72999954223633,-352.3900146484375,-67.25,0.0
1780954233849146055,74185,1780954233776246616,base_link,wheel_left_joint,wheel_right_joint,joint1,joint2,joint3,joint4,gripper,0.0015339809469878674,0.0,-0.016873789951205254,-1.5523885488510132,1.2363885641098022,0.6013205051422119,0.0,0.0,0.0,0.0,0.0,0.0,0.0,0.0,0.0,0.0,0.0,48.42000198364258,-352.3900146484375,-67.25,0.0
1780954233888246296,74186,1780954233862246616,base_link,wheel_left_joint,wheel_right_joint,joint1,joint2,joint3,joint4,gripper,0.0015339809469878674,0.0,-0.016873789951205254,-1.5523885488510132,1.2363885641098022,0.6013205051422119,0.0,0.0,0.0,0.0,0.0,0.0,0.0,0.0,0.0,0.0,0.0,45.72999954223633,-352.3900146484375,-67.25,0.0
1780954233980633159,74187,1780954233896246616,base_link,wheel_left_joint,wheel_right_joint,joint1,joint2,joint3,joint4,gripper,0.0015339809469878674,0.0,-0.016873789951205254,-1.5523885488510132,1.2363885641098022,0.6013205051422119,0.0,0.0,0.0,0.0,0.0,0.0,0.0,0.0,0.0,0.0,0.0,45.72999954223633,-352.3900146484375,-78.01000213623047,0.0
1780954234016498862,74188,1780954233995246616,base_link,wheel_left_joint,wheel_right_joint,joint1,joint2,joint3,joint4,gripper,0.0015339809469878674,0.0,-0.016873789951205254,-1.5523885488510132,1.2363885641098022,0.6013205051422119,0.0,0.0,0.0,0.0,0.0,0.0,0.0,0.0,0.0,0.0,0.0,48.42000198364258,-352.3900146484375,-67.25,0.0
1780954234108671002,74189,1780954234029246616,base_link,wheel_left_joint,wheel_right_joint,joint1,joint2,joint3,joint4,gripper,0.0015339809469878674,0.0,-0.016873789951205254,-1.5523885488510132,1.2363885641098022,0.6013205051422119,0.0,0.0,0.0,0.0,0.0,0.0,0.0,0.0,0.0,0.0,0.0,48.42000198364258,-352.3900146484375,-67.25,0.0
1780954234144668310,74190,1780954234125246616,base_link,wheel_left_joint,wheel_right_joint,joint1,joint2,joint3,joint4,gripper,0.0,0.0,-0.016873789951205254,-1.5523885488510132,1.2363885641098022,0.6013205051422119,0.0,-0.015978969633579254,0.0,0.0,0.0,0.0,0.0,0.0,0.0,0.0,0.0,45.72999954223633,-352.3900146484375,-67.25,0.0
1780954234236839353,74191,1780954234159246616,base_link,wheel_left_joint,wheel_right_joint,joint1,joint2,joint3,joint4,gripper,0.0015339809469878674,0.0,-0.016873789951205254,-1.5523885488510132,1.2363885641098022,0.6013205051422119,0.0,0.04511708766222,0.0,0.0,0.0,0.0,0.0,0.0,0.0,0.0,0.0,45.72999954223633,-352.3900146484375,-67.25,0.0
1780954234272496879,74192,1780954234254246616,base_link,wheel_left_joint,wheel_right_joint,joint1,joint2,joint3,joint4,gripper,0.0015339809469878674,0.0,-0.016873789951205254,-1.5523885488510132,1.2363885641098022,0.6013205051422119,0.0,0.0,0.0,0.0,0.0,0.0,0.0,0.0,0.0,0.0,0.0,45.72999954223633,-349.70001220703125,-69.94000244140625,0.0
1780954234367798418,74193,1780954234288246616,base_link,wheel_left_joint,wheel_right_joint,joint1,joint2,joint3,joint4,gripper,0.0015339809469878674,0.0,-0.016873789951205254,-1.5523885488510132,1.2363885641098022,0.6013205051422119,0.0,0.0,0.0,0.0,0.0,0.0,0.0,0.0,0.0,0.0,0.0,48.42000198364258,-349.70001220703125,-69.94000244140625,0.0
1780954234411910765,74194,1780954234389246616,base_link,wheel_left_joint,wheel_right_joint,joint1,joint2,joint3,joint4,gripper,0.0015339809469878674,0.0,-0.016873789951205254,-1.5523885488510132,1.2363885641098022,0.6013205051422119,0.0,0.0,0.0,0.0,0.0,0.0,0.0,0.0,0.0,0.0,0.0,45.72999954223633,-352.3900146484375,-67.25,0.0
1780954234507974197,74195,1780954234423246616,base_link,wheel_left_joint,wheel_right_joint,joint1,joint2,joint3,joint4,gripper,0.0015339809469878674,0.0,-0.016873789951205254,-1.5523885488510132,1.2363885641098022,0.6013205051422119,0.0,0.0,0.0,0.0,0.0,0.0,0.0,0.0,0.0,0.0,0.0,48.42000198364258,-349.70001220703125,-67.25,0.0
1780954234543376568,74196,1780954234518246616,base_link,wheel_left_joint,wheel_right_joint,joint1,joint2,joint3,joint4,gripper,0.0,0.0,-0.016873789951205254,-1.5523885488510132,1.2363885641098022,0.6013205051422119,0.0,-0.01614716835319996,0.0,0.0,0.0,0.0,0.0,0.0,0.0,0.0,0.0,48.42000198364258,-349.70001220703125,-64.55999755859375,0.0
1780954234635751995,74197,1780954234552246616,base_link,wheel_left_joint,wheel_right_joint,joint1,joint2,joint3,joint4,gripper,0.0015339809469878674,0.0,-0.016873789951205254,-1.5523885488510132,1.2363885641098022,0.6013205051422119,0.0,0.04511708766222,0.0,0.0,0.0,0.0,0.0,0.0,0.0,0.0,0.0,45.72999954223633,-352.3900146484375,-67.25,0.0
1780954234673972331,74198,1780954234651246616,base_link,wheel_left_joint,wheel_right_joint,joint1,joint2,joint3,joint4,gripper,0.0,0.0,-0.016873789951205254,-1.5523885488510132,1.2363885641098022,0.6013205051422119,0.0,-0.01549475733190775,0.0,0.0,0.0,0.0,0.0,0.0,0.0,0.0,0.0,45.72999954223633,-352.3900146484375,-67.25,0.0
1780954234768984966,74199,1780954234685246616,base_link,wheel_left_joint,wheel_right_joint,joint1,joint2,joint3,joint4,gripper,0.0015339809469878674,0.0,-0.016873789951205254,-1.5523885488510132,1.2363885641098022,0.6013205051422119,0.0,0.04511708766222,0.0,0.0,0.0,0.0,0.0,0.0,0.0,0.0,0.0,48.42000198364258,-352.3900146484375,-67.25,0.0
1780954234805263332,74200,1780954234781246616,base_link,wheel_left_joint,wheel_right_joint,joint1,joint2,joint3,joint4,gripper,0.0015339809469878674,0.0,-0.016873789951205254,-1.5523885488510132,1.2363885641098022,0.6013205051422119,0.0,0.0,0.0,0.0,0.0,0.0,0.0,0.0,0.0,0.0,0.0,45.72999954223633,-352.3900146484375,-72.6300048828125,0.0
1780954234897897842,74201,1780954234815246616,base_link,wheel_left_joint,wheel_right_joint,joint1,joint2,joint3,joint4,gripper,0.0015339809469878674,0.0,-0.016873789951205254,-1.5523885488510132,1.2363885641098022,0.6013205051422119,0.0,0.0,0.0,0.0,0.0,0.0,0.0,0.0,0.0,0.0,0.0,45.72999954223633,-352.3900146484375,-67.25,0.0
1780954234938612559,74202,1780954234912246616,base_link,wheel_left_joint,wheel_right_joint,joint1,joint2,joint3,joint4,gripper,0.0015339809469878674,0.0,-0.016873789951205254,-1.5523885488510132,1.2363885641098022,0.6013205051422119,0.0,0.0,0.0,0.0,0.0,0.0,0.0,0.0,0.0,0.0,0.0,48.42000198364258,-352.3900146484375,-67.25,0.0
1780954235031794542,74203,1780954234946246616,base_link,wheel_left_joint,wheel_right_joint,joint1,joint2,joint3,joint4,gripper,0.0015339809469878674,0.0,-0.016873789951205254,-1.5523885488510132,1.2363885641098022,0.6013205051422119,0.0,0.0,0.0,0.0,0.0,0.0,0.0,0.0,0.0,0.0,0.0,48.42000198364258,-352.3900146484375,-75.31999969482422,0.0
1780954235068682100,74204,1780954235042686399,base_link,wheel_left_joint,wheel_right_joint,joint1,joint2,joint3,joint4,gripper,0.0015339809469878674,0.0,-0.016873789951205254,-1.5523885488510132,1.2363885641098022,0.6013205051422119,0.0,0.0,0.0,0.0,0.0,0.0,0.0,0.0,0.0,0.0,0.0,45.72999954223633,-352.3900146484375,-67.25,0.0
1780954235163221380,74205,1780954235076686399,base_link,wheel_left_joint,wheel_right_joint,joint1,joint2,joint3,joint4,gripper,0.0015339809469878674,0.0,-0.016873789951205254,-1.5523885488510132,1.2363885641098022,0.6013205051422119,0.0,0.0,0.0,0.0,0.0,0.0,0.0,0.0,0.0,0.0,0.0,45.72999954223633,-349.70001220703125,-67.25,0.0
1780954235199578822,74206,1780954235173686399,base_link,wheel_left_joint,wheel_right_joint,joint1,joint2,joint3,joint4,gripper,0.0015339809469878674,0.0,-0.016873789951205254,-1.5523885488510132,1.2363885641098022,0.6013205051422119,0.0,0.0,0.0,0.0,0.0,0.0,0.0,0.0,0.0,0.0,0.0,48.42000198364258,-352.3900146484375,-72.6300048828125,0.0
1780954235294210350,74207,1780954235207686399,base_link,wheel_left_joint,wheel_right_joint,joint1,joint2,joint3,joint4,gripper,0.0,0.0,-0.016873789951205254,-1.5523885488510132,1.2363885641098022,0.6013205051422119,0.0,-0.04511708766222,0.0,0.0,0.0,0.0,0.0,0.0,0.0,0.0,0.0,45.72999954223633,-352.3900146484375,-67.25,0.0
1780954235330025182,74208,1780954235304686399,base_link,wheel_left_joint,wheel_right_joint,joint1,joint2,joint3,joint4,gripper,0.0015339809469878674,0.0,-0.016873789951205254,-1.5523885488510132,1.2363885641098022,0.6013205051422119,0.0,0.01581423729658127,0.0,0.0,0.0,0.0,0.0,0.0,0.0,0.0,0.0,45.72999954223633,-349.70001220703125,-67.25,0.0
1780954235427725868,74209,1780954235338686399,base_link,wheel_left_joint,wheel_right_joint,joint1,joint2,joint3,joint4,gripper,0.0015339809469878674,0.0,-0.016873789951205254,-1.5523885488510132,1.2363885641098022,0.6013205051422119,0.0,0.0,0.0,0.0,0.0,0.0,0.0,0.0,0.0,0.0,0.0,45.72999954223633,-352.3900146484375,-69.94000244140625,0.0
1780954235463241269,74210,1780954235439686399,base_link,wheel_left_joint,wheel_right_joint,joint1,joint2,joint3,joint4,gripper,0.0015339809469878674,0.0,-0.016873789951205254,-1.5523885488510132,1.2363885641098022,0.6013205051422119,0.0,0.0,0.0,0.0,0.0,0.0,0.0,0.0,0.0,0.0,0.0,45.72999954223633,-352.3900146484375,-67.25,0.0
1780954235555128486,74211,1780954235473686399,base_link,wheel_left_joint,wheel_right_joint,joint1,joint2,joint3,joint4,gripper,0.0015339809469878674,0.0,-0.016873789951205254,-1.5523885488510132,1.2363885641098022,0.6013205051422119,0.0,0.0,0.0,0.0,0.0,0.0,0.0,0.0,0.0,0.0,0.0,45.72999954223633,-352.3900146484375,-75.31999969482422,0.0
1780954235592706430,74212,1780954235568686399,base_link,wheel_left_joint,wheel_right_joint,joint1,joint2,joint3,joint4,gripper,0.0015339809469878674,0.0,-0.016873789951205254,-1.5523885488510132,1.2363885641098022,0.6013205051422119,0.0,0.0,0.0,0.0,0.0,0.0,0.0,0.0,0.0,0.0,0.0,45.72999954223633,-352.3900146484375,-67.25,0.0
1780954235682969298,74213,1780954235602686399,base_link,wheel_left_joint,wheel_right_joint,joint1,joint2,joint3,joint4,gripper,0.0015339809469878674,0.0,-0.016873789951205254,-1.5523885488510132,1.2363885641098022,0.6013205051422119,0.0,0.0,0.0,0.0,0.0,0.0,0.0,0.0,0.0,0.0,0.0,48.42000198364258,-352.3900146484375,-69.94000244140625,0.0
1780954235719815693,74214,1780954235699686399,base_link,wheel_left_joint,wheel_right_joint,joint1,joint2,joint3,joint4,gripper,0.0015339809469878674,0.0,-0.016873789951205254,-1.5523885488510132,1.2363885641098022,0.6013205051422119,0.0,0.0,0.0,0.0,0.0,0.0,0.0,0.0,0.0,0.0,0.0,48.42000198364258,-352.3900146484375,-72.6300048828125,0.0
1780954235812496424,74215,1780954235733686399,base_link,wheel_left_joint,wheel_right_joint,joint1,joint2,joint3,joint4,gripper,0.0015339809469878674,0.0,-0.016873789951205254,-1.5523885488510132,1.2363885641098022,0.6013205051422119,0.0,0.0,0.0,0.0,0.0,0.0,0.0,0.0,0.0,0.0,0.0,48.42000198364258,-352.3900146484375,-67.25,0.0
1780954235847753095,74216,1780954235826686399,base_link,wheel_left_joint,wheel_right_joint,joint1,joint2,joint3,joint4,gripper,0.0015339809469878674,0.0,-0.016873789951205254,-1.5523885488510132,1.2363885641098022,0.6013205051422119,0.0,0.0,0.0,0.0,0.0,0.0,0.0,0.0,0.0,0.0,0.0,45.72999954223633,-352.3900146484375,-67.25,0.0
1780954235942463265,74217,1780954235860686399,base_link,wheel_left_joint,wheel_right_joint,joint1,joint2,joint3,joint4,gripper,0.0015339809469878674,0.0,-0.016873789951205254,-1.5523885488510132,1.2363885641098022,0.6013205051422119,0.0,0.0,0.0,0.0,0.0,0.0,0.0,0.0,0.0,0.0,0.0,45.72999954223633,-352.3900146484375,-69.94000244140625,0.0
1780954235978265019,74218,1780954235958686399,base_link,wheel_left_joint,wheel_right_joint,joint1,joint2,joint3,joint4,gripper,0.0015339809469878674,0.0,-0.016873789951205254,-1.5523885488510132,1.2363885641098022,0.6013205051422119,0.0,0.0,0.0,0.0,0.0,0.0,0.0,0.0,0.0,0.0,0.0,45.72999954223633,-352.3900146484375,-67.25,0.0
1780954236070591668,74219,1780954235992686399,base_link,wheel_left_joint,wheel_right_joint,joint1,joint2,joint3,joint4,gripper,0.0015339809469878674,0.0,-0.016873789951205254,-1.5523885488510132,1.2363885641098022,0.6013205051422119,0.0,0.0,0.0,0.0,0.0,0.0,0.0,0.0,0.0,0.0,0.0,45.72999954223633,-355.08001708984375,-67.25,0.0
1780954236107866757,74220,1780954236084686399,base_link,wheel_left_joint,wheel_right_joint,joint1,joint2,joint3,joint4,gripper,0.0015339809469878674,0.0,-0.016873789951205254,-1.5523885488510132,1.2363885641098022,0.6013205051422119,0.0,0.0,0.0,0.0,0.0,0.0,0.0,0.0,0.0,0.0,0.0,45.72999954223633,-352.3900146484375,-75.31999969482422,0.0
1780954236202736860,74221,1780954236118686399,base_link,wheel_left_joint,wheel_right_joint,joint1,joint2,joint3,joint4,gripper,0.0015339809469878674,0.0,-0.016873789951205254,-1.5523885488510132,1.2363885641098022,0.6013205051422119,0.0,0.0,0.0,0.0,0.0,0.0,0.0,0.0,0.0,0.0,0.0,43.040000915527344,-352.3900146484375,-69.94000244140625,0.0
1780954236239165564,74222,1780954236215686399,base_link,wheel_left_joint,wheel_right_joint,joint1,joint2,joint3,joint4,gripper,0.0015339809469878674,0.0,-0.016873789951205254,-1.5523885488510132,1.2363885641098022,0.6013205051422119,0.0,0.0,0.0,0.0,0.0,0.0,0.0,0.0,0.0,0.0,0.0,45.72999954223633,-349.70001220703125,-69.94000244140625,0.0
1780954236333987693,74223,1780954236249686399,base_link,wheel_left_joint,wheel_right_joint,joint1,joint2,joint3,joint4,gripper,0.0015339809469878674,0.0,-0.016873789951205254,-1.5523885488510132,1.2363885641098022,0.6013205051422119,0.0,0.0,0.0,0.0,0.0,0.0,0.0,0.0,0.0,0.0,0.0,45.72999954223633,-349.70001220703125,-67.25,0.0
1780954236369420769,74224,1780954236344686399,base_link,wheel_left_joint,wheel_right_joint,joint1,joint2,joint3,joint4,gripper,0.0015339809469878674,0.0,-0.016873789951205254,-1.5523885488510132,1.2363885641098022,0.6013205051422119,0.0,0.0,0.0,0.0,0.0,0.0,0.0,0.0,0.0,0.0,0.0,45.72999954223633,-352.3900146484375,-67.25,0.0
1780954236466644943,74225,1780954236378686399,base_link,wheel_left_joint,wheel_right_joint,joint1,joint2,joint3,joint4,gripper,0.0015339809469878674,0.0,-0.016873789951205254,-1.5523885488510132,1.2363885641098022,0.6013205051422119,0.0,0.0,0.0,0.0,0.0,0.0,0.0,0.0,0.0,0.0,0.0,45.72999954223633,-352.3900146484375,-67.25,0.0
1780954236494238050,74226,1780954236470686399,base_link,wheel_left_joint,wheel_right_joint,joint1,joint2,joint3,joint4,gripper,0.0015339809469878674,0.0,-0.016873789951205254,-1.5523885488510132,1.2363885641098022,0.6013205051422119,0.0,0.0,0.0,0.0,0.0,0.0,0.0,0.0,0.0,0.0,0.0,45.72999954223633,-352.3900146484375,-75.31999969482422,0.0
1780954236583548162,74227,1780954236504686399,base_link,wheel_left_joint,wheel_right_joint,joint1,joint2,joint3,joint4,gripper,0.0015339809469878674,0.0,-0.016873789951205254,-1.5523885488510132,1.2363885641098022,0.6013205051422119,0.0,0.0,0.0,0.0,0.0,0.0,0.0,0.0,0.0,0.0,0.0,45.72999954223633,-352.3900146484375,-67.25,0.0
1780954236620783020,74228,1780954236598686399,base_link,wheel_left_joint,wheel_right_joint,joint1,joint2,joint3,joint4,gripper,0.0015339809469878674,0.0,-0.016873789951205254,-1.5523885488510132,1.2363885641098022,0.6013205051422119,0.0,0.0,0.0,0.0,0.0,0.0,0.0,0.0,0.0,0.0,0.0,48.42000198364258,-352.3900146484375,-67.25,0.0
1780954236723007208,74229,1780954236632686399,base_link,wheel_left_joint,wheel_right_joint,joint1,joint2,joint3,joint4,gripper,0.0015339809469878674,0.0,-0.016873789951205254,-1.5523885488510132,1.2363885641098022,0.6013205051422119,0.0,0.0,0.0,0.0,0.0,0.0,0.0,0.0,0.0,0.0,0.0,45.72999954223633,-352.3900146484375,-67.25,0.0
1780954236760915111,74230,1780954236731686399,base_link,wheel_left_joint,wheel_right_joint,joint1,joint2,joint3,joint4,gripper,0.0015339809469878674,0.0,-0.016873789951205254,-1.5523885488510132,1.2363885641098022,0.6013205051422119,0.0,0.0,0.0,0.0,0.0,0.0,0.0,0.0,0.0,0.0,0.0,45.72999954223633,-352.3900146484375,-69.94000244140625,0.0
1780954236812429876,74231,1780954236765686399,base_link,wheel_left_joint,wheel_right_joint,joint1,joint2,joint3,joint4,gripper,0.0015339809469878674,0.0,-0.016873789951205254,-1.5523885488510132,1.2363885641098022,0.6013205051422119,0.0,0.0,0.0,0.0,0.0,0.0,0.0,0.0,0.0,0.0,0.0,45.72999954223633,-352.3900146484375,-67.25,0.0
1780954236835042501,74232,1780954236848686399,base_link,wheel_left_joint,wheel_right_joint,joint1,joint2,joint3,joint4,gripper,0.0015339809469878674,0.0,-0.016873789951205254,-1.5523885488510132,1.2363885641098022,0.6013205051422119,0.0,0.0,0.0,0.0,0.0,0.0,0.0,0.0,0.0,0.0,0.0,45.72999954223633,-349.70001220703125,-67.25,0.0
1780954236906685053,74233,1780954236882686399,base_link,wheel_left_joint,wheel_right_joint,joint1,joint2,joint3,joint4,gripper,0.0015339809469878674,0.0,-0.016873789951205254,-1.5523885488510132,1.2363885641098022,0.6013205051422119,0.0,0.0,0.0,0.0,0.0,0.0,0.0,0.0,0.0,0.0,0.0,43.040000915527344,-352.3900146484375,-64.55999755859375,0.0
1780954236980765053,74234,1780954236962686399,base_link,wheel_left_joint,wheel_right_joint,joint1,joint2,joint3,joint4,gripper,0.0015339809469878674,0.0,-0.016873789951205254,-1.5523885488510132,1.2363885641098022,0.6013205051422119,0.0,0.0,0.0,0.0,0.0,0.0,0.0,0.0,0.0,0.0,0.0,45.72999954223633,-352.3900146484375,-67.25,0.0
1780954237074811061,74235,1780954236996686399,base_link,wheel_left_joint,wheel_right_joint,joint1,joint2,joint3,joint4,gripper,0.0015339809469878674,0.0,-0.016873789951205254,-1.5523885488510132,1.2363885641098022,0.6013205051422119,0.0,0.0,0.0,0.0,0.0,0.0,0.0,0.0,0.0,0.0,0.0,48.42000198364258,-352.3900146484375,-69.94000244140625,0.0
1780954237110108270,74236,1780954237088686399,base_link,wheel_left_joint,wheel_right_joint,joint1,joint2,joint3,joint4,gripper,0.0015339809469878674,0.0,-0.016873789951205254,-1.5523885488510132,1.2363885641098022,0.6013205051422119,0.0,0.0,0.0,0.0,0.0,0.0,0.0,0.0,0.0,0.0,0.0,45.72999954223633,-352.3900146484375,-67.25,0.0
1780954237204639409,74237,1780954237122686399,base_link,wheel_left_joint,wheel_right_joint,joint1,joint2,joint3,joint4,gripper,0.0015339809469878674,0.0,-0.016873789951205254,-1.5523885488510132,1.2363885641098022,0.6013205051422119,0.0,0.0,0.0,0.0,0.0,0.0,0.0,0.0,0.0,0.0,0.0,45.72999954223633,-352.3900146484375,-75.31999969482422,0.0
1780954237240583096,74238,1780954237216686399,base_link,wheel_left_joint,wheel_right_joint,joint1,joint2,joint3,joint4,gripper,0.0015339809469878674,0.0,-0.016873789951205254,-1.5523885488510132,1.2363885641098022,0.6013205051422119,0.0,0.0,0.0,0.0,0.0,0.0,0.0,0.0,0.0,0.0,0.0,45.72999954223633,-352.3900146484375,-75.31999969482422,0.0
1780954237334560549,74239,1780954237250686399,base_link,wheel_left_joint,wheel_right_joint,joint1,joint2,joint3,joint4,gripper,0.0015339809469878674,0.0,-0.016873789951205254,-1.5523885488510132,1.2363885641098022,0.6013205051422119,0.0,0.0,0.0,0.0,0.0,0.0,0.0,0.0,0.0,0.0,0.0,45.72999954223633,-355.08001708984375,-67.25,0.0
1780954237371039578,74240,1780954237348686399,base_link,wheel_left_joint,wheel_right_joint,joint1,joint2,joint3,joint4,gripper,0.0015339809469878674,0.0,-0.016873789951205254,-1.5523885488510132,1.2363885641098022,0.6013205051422119,0.0,0.0,0.0,0.0,0.0,0.0,0.0,0.0,0.0,0.0,0.0,45.72999954223633,-349.70001220703125,-67.25,0.0
1780954237467266724,74241,1780954237382686399,base_link,wheel_left_joint,wheel_right_joint,joint1,joint2,joint3,joint4,gripper,0.0015339809469878674,0.0,-0.016873789951205254,-1.5523885488510132,1.2363885641098022,0.6013205051422119,0.0,0.0,0.0,0.0,0.0,0.0,0.0,0.0,0.0,0.0,0.0,45.72999954223633,-352.3900146484375,-69.94000244140625,0.0
1780954237507530169,74242,1780954237482686399,base_link,wheel_left_joint,wheel_right_joint,joint1,joint2,joint3,joint4,gripper,0.0015339809469878674,0.0,-0.016873789951205254,-1.5523885488510132,1.2363885641098022,0.6013205051422119,0.0,0.0,0.0,0.0,0.0,0.0,0.0,0.0,0.0,0.0,0.0,45.72999954223633,-352.3900146484375,-67.25,0.0
1780954237599991066,74243,1780954237516686399,base_link,wheel_left_joint,wheel_right_joint,joint1,joint2,joint3,joint4,gripper,0.0015339809469878674,0.0,-0.016873789951205254,-1.5523885488510132,1.2363885641098022,0.6013205051422119,0.0,0.0,0.0,0.0,0.0,0.0,0.0,0.0,0.0,0.0,0.0,45.72999954223633,-352.3900146484375,-67.25,0.0
1780954237645139271,74244,1780954237615654457,base_link,wheel_left_joint,wheel_right_joint,joint1,joint2,joint3,joint4,gripper,0.0015339809469878674,0.0,-0.016873789951205254,-1.5523885488510132,1.2363885641098022,0.6013205051422119,0.0,0.0,0.0,0.0,0.0,0.0,0.0,0.0,0.0,0.0,0.0,45.72999954223633,-352.3900146484375,-80.70000457763672,0.0
1780954237736637932,74245,1780954237649654457,base_link,wheel_left_joint,wheel_right_joint,joint1,joint2,joint3,joint4,gripper,0.0015339809469878674,0.0,-0.016873789951205254,-1.5523885488510132,1.2363885641098022,0.6013205051422119,0.0,0.0,0.0,0.0,0.0,0.0,0.0,0.0,0.0,0.0,0.0,45.72999954223633,-352.3900146484375,-67.25,0.0
1780954237765249979,74246,1780954237738654457,base_link,wheel_left_joint,wheel_right_joint,joint1,joint2,joint3,joint4,gripper,0.0015339809469878674,0.0,-0.016873789951205254,-1.5523885488510132,1.2363885641098022,0.6013205051422119,0.0,0.0,0.0,0.0,0.0,0.0,0.0,0.0,0.0,0.0,0.0,45.72999954223633,-352.3900146484375,-69.94000244140625,0.0
1780954237858805145,74247,1780954237772654457,base_link,wheel_left_joint,wheel_right_joint,joint1,joint2,joint3,joint4,gripper,0.0015339809469878674,0.0,-0.016873789951205254,-1.5508545637130737,1.2363885641098022,0.6013205051422119,0.0,0.0,0.0,0.0,0.0,0.0,0.0,0.0,0.0,0.0,0.0,45.72999954223633,-349.70001220703125,-67.25,0.0
1780954237894323252,74248,1780954237868654457,base_link,wheel_left_joint,wheel_right_joint,joint1,joint2,joint3,joint4,gripper,0.0015339809469878674,0.0,-0.016873789951205254,-1.5523885488510132,1.2363885641098022,0.6013205051422119,0.0,0.0,0.0,0.0,0.0,0.0,0.0,0.0,0.0,0.0,0.0,45.72999954223633,-352.3900146484375,-67.25,0.0
1780954237984504926,74249,1780954237902654457,base_link,wheel_left_joint,wheel_right_joint,joint1,joint2,joint3,joint4,gripper,0.0015339809469878674,0.0,-0.016873789951205254,-1.5523885488510132,1.2363885641098022,0.6013205051422119,0.0,0.0,0.0,0.0,0.0,0.0,0.0,0.0,0.0,0.0,0.0,45.72999954223633,-352.3900146484375,-69.94000244140625,0.0
1780954238021862201,74250,1780954237998654457,base_link,wheel_left_joint,wheel_right_joint,joint1,joint2,joint3,joint4,gripper,0.0015339809469878674,0.0,-0.016873789951205254,-1.5523885488510132,1.2363885641098022,0.6013205051422119,0.0,0.0,0.0,0.0,0.0,0.0,0.0,0.0,0.0,0.0,0.0,45.72999954223633,-352.3900146484375,-69.94000244140625,0.0
1780954238113396978,74251,1780954238032654457,base_link,wheel_left_joint,wheel_right_joint,joint1,joint2,joint3,joint4,gripper,0.0015339809469878674,0.0,-0.016873789951205254,-1.5508545637130737,1.2363885641098022,0.6013205051422119,0.0,0.0,0.0,0.0,0.0,0.0,0.0,0.0,0.0,0.0,0.0,45.72999954223633,-352.3900146484375,-67.25,0.0
1780954238149240308,74252,1780954238126654457,base_link,wheel_left_joint,wheel_right_joint,joint1,joint2,joint3,joint4,gripper,0.0015339809469878674,0.0,-0.016873789951205254,-1.5523885488510132,1.2363885641098022,0.6013205051422119,0.0,0.0,0.0,0.0,0.0,0.0,0.0,0.0,0.0,0.0,0.0,45.72999954223633,-352.3900146484375,-69.94000244140625,0.0
1780954238243261167,74253,1780954238160654457,base_link,wheel_left_joint,wheel_right_joint,joint1,joint2,joint3,joint4,gripper,0.0015339809469878674,0.0,-0.016873789951205254,-1.5523885488510132,1.2363885641098022,0.6013205051422119,0.0,0.0,0.0,0.0,0.0,0.0,0.0,0.0,0.0,0.0,0.0,45.72999954223633,-352.3900146484375,-67.25,0.0
1780954238279580270,74254,1780954238257654457,base_link,wheel_left_joint,wheel_right_joint,joint1,joint2,joint3,joint4,gripper,0.0015339809469878674,0.0,-0.016873789951205254,-1.5523885488510132,1.2379225492477417,0.6013205051422119,0.0,0.0,0.0,0.0,0.0,0.0,0.0,0.0,0.0,0.0,0.0,45.72999954223633,-352.3900146484375,-67.25,0.0
1780954238371953658,74255,1780954238291654457,base_link,wheel_left_joint,wheel_right_joint,joint1,joint2,joint3,joint4,gripper,0.0015339809469878674,0.0,-0.016873789951205254,-1.5523885488510132,1.2363885641098022,0.6013205051422119,0.0,0.0,0.0,0.0,0.0,0.0,0.0,0.0,0.0,0.0,0.0,45.72999954223633,-352.3900146484375,-67.25,0.0
1780954238408635563,74256,1780954238385654457,base_link,wheel_left_joint,wheel_right_joint,joint1,joint2,joint3,joint4,gripper,0.0015339809469878674,0.0,-0.016873789951205254,-1.5523885488510132,1.2363885641098022,0.6013205051422119,0.0,0.0,0.0,0.0,0.0,0.0,0.0,0.0,0.0,0.0,0.0,48.42000198364258,-352.3900146484375,-67.25,0.0
1780954238507325771,74257,1780954238419654457,base_link,wheel_left_joint,wheel_right_joint,joint1,joint2,joint3,joint4,gripper,0.0015339809469878674,0.0,-0.016873789951205254,-1.5523885488510132,1.2363885641098022,0.6013205051422119,0.0,0.0,0.0,0.0,0.0,0.0,0.0,0.0,0.0,0.0,0.0,45.72999954223633,-352.3900146484375,-67.25,0.0
1780954238545072152,74258,1780954238515654457,base_link,wheel_left_joint,wheel_right_joint,joint1,joint2,joint3,joint4,gripper,0.0015339809469878674,0.0,-0.016873789951205254,-1.5523885488510132,1.2363885641098022,0.6013205051422119,0.0,0.0,0.0,0.0,0.0,0.0,0.0,0.0,0.0,0.0,0.0,45.72999954223633,-352.3900146484375,-67.25,0.0
1780954238638217187,74259,1780954238549654457,base_link,wheel_left_joint,wheel_right_joint,joint1,joint2,joint3,joint4,gripper,0.0015339809469878674,0.0,-0.016873789951205254,-1.5523885488510132,1.2363885641098022,0.6013205051422119,0.0,0.0,0.0,0.0,0.0,0.0,0.0,0.0,0.0,0.0,0.0,48.42000198364258,-352.3900146484375,-64.55999755859375,0.0
1780954238666757473,74260,1780954238639654457,base_link,wheel_left_joint,wheel_right_joint,joint1,joint2,joint3,joint4,gripper,0.0015339809469878674,0.0,-0.016873789951205254,-1.5523885488510132,1.2363885641098022,0.6013205051422119,0.0,0.0,0.0,0.0,0.0,0.0,0.0,0.0,0.0,0.0,0.0,45.72999954223633,-352.3900146484375,-72.6300048828125,0.0
1780954238759320678,74261,1780954238673654457,base_link,wheel_left_joint,wheel_right_joint,joint1,joint2,joint3,joint4,gripper,0.0015339809469878674,0.0,-0.016873789951205254,-1.5523885488510132,1.2363885641098022,0.6013205051422119,0.0,0.0,0.0,0.0,0.0,0.0,0.0,0.0,0.0,0.0,0.0,45.72999954223633,-352.3900146484375,-67.25,0.0
1780954238787809944,74262,1780954238762654457,base_link,wheel_left_joint,wheel_right_joint,joint1,joint2,joint3,joint4,gripper,0.0015339809469878674,0.0,-0.016873789951205254,-1.5523885488510132,1.2363885641098022,0.6013205051422119,0.0,0.0,0.0,0.0,0.0,0.0,0.0,0.0,0.0,0.0,0.0,45.72999954223633,-352.3900146484375,-67.25,0.0
1780954238880555170,74263,1780954238796654457,base_link,wheel_left_joint,wheel_right_joint,joint1,joint2,joint3,joint4,gripper,0.0015339809469878674,0.0,-0.016873789951205254,-1.5523885488510132,1.2363885641098022,0.6013205051422119,0.0,0.0,0.0,0.0,0.0,0.0,0.0,0.0,0.0,0.0,0.0,45.72999954223633,-352.3900146484375,-67.25,0.0
1780954238915658319,74264,1780954238892654457,base_link,wheel_left_joint,wheel_right_joint,joint1,joint2,joint3,joint4,gripper,0.0015339809469878674,0.0,-0.016873789951205254,-1.5523885488510132,1.2363885641098022,0.6013205051422119,0.0,0.0,0.0,0.0,0.0,0.0,0.0,0.0,0.0,0.0,0.0,45.72999954223633,-352.3900146484375,-67.25,0.0
1780954239009375419,74265,1780954238926654457,base_link,wheel_left_joint,wheel_right_joint,joint1,joint2,joint3,joint4,gripper,0.0015339809469878674,0.0,-0.016873789951205254,-1.5523885488510132,1.2363885641098022,0.6013205051422119,0.0,0.0,0.0,0.0,0.0,0.0,0.0,0.0,0.0,0.0,0.0,45.72999954223633,-352.3900146484375,-67.25,0.0
1780954239045765867,74266,1780954239020654457,base_link,wheel_left_joint,wheel_right_joint,joint1,joint2,joint3,joint4,gripper,0.0015339809469878674,0.0,-0.016873789951205254,-1.5523885488510132,1.2363885641098022,0.6013205051422119,0.0,0.0,0.0,0.0,0.0,0.0,0.0,0.0,0.0,0.0,0.0,45.72999954223633,-352.3900146484375,-67.25,0.0
1780954239137258762,74267,1780954239054654457,base_link,wheel_left_joint,wheel_right_joint,joint1,joint2,joint3,joint4,gripper,0.0015339809469878674,0.0,-0.016873789951205254,-1.5523885488510132,1.2363885641098022,0.6013205051422119,0.0,0.0,0.0,0.0,0.0,0.0,0.0,0.0,0.0,0.0,0.0,45.72999954223633,-352.3900146484375,-69.94000244140625,0.0
1780954239174587422,74268,1780954239151654457,base_link,wheel_left_joint,wheel_right_joint,joint1,joint2,joint3,joint4,gripper,0.0015339809469878674,0.0,-0.016873789951205254,-1.5523885488510132,1.2363885641098022,0.6013205051422119,0.0,0.0,0.0,0.0,0.0,0.0,0.0,0.0,0.0,0.0,0.0,45.72999954223633,-352.3900146484375,-67.25,0.0
1780954239268674128,74269,1780954239185654457,base_link,wheel_left_joint,wheel_right_joint,joint1,joint2,joint3,joint4,gripper,0.0015339809469878674,0.0,-0.016873789951205254,-1.5523885488510132,1.2363885641098022,0.6013205051422119,0.0,0.0,0.0,0.0,0.0,0.0,0.0,0.0,0.0,0.0,0.0,45.72999954223633,-352.3900146484375,-67.25,0.0
1780954239304109257,74270,1780954239281654457,base_link,wheel_left_joint,wheel_right_joint,joint1,joint2,joint3,joint4,gripper,0.0015339809469878674,0.0,-0.016873789951205254,-1.5523885488510132,1.2363885641098022,0.6013205051422119,0.0,0.0,0.0,0.0,0.0,0.0,0.0,0.0,0.0,0.0,0.0,45.72999954223633,-352.3900146484375,-67.25,0.0
1780954239399115214,74271,1780954239315654457,base_link,wheel_left_joint,wheel_right_joint,joint1,joint2,joint3,joint4,gripper,0.0015339809469878674,0.0,-0.016873789951205254,-1.5508545637130737,1.2363885641098022,0.6013205051422119,0.0,0.0,0.0,0.0,0.0,0.0,0.0,0.0,0.0,0.0,0.0,45.72999954223633,-352.3900146484375,-67.25,0.0
1780954239434013426,74272,1780954239407654457,base_link,wheel_left_joint,wheel_right_joint,joint1,joint2,joint3,joint4,gripper,0.0015339809469878674,0.0,-0.016873789951205254,-1.5523885488510132,1.2363885641098022,0.6013205051422119,0.0,0.0,0.0,0.0,0.0,0.0,0.0,0.0,0.0,0.0,0.0,48.42000198364258,-352.3900146484375,-67.25,0.0
1780954239531053528,74273,1780954239441654457,base_link,wheel_left_joint,wheel_right_joint,joint1,joint2,joint3,joint4,gripper,0.0015339809469878674,0.0,-0.016873789951205254,-1.5523885488510132,1.2363885641098022,0.6013205051422119,0.0,0.0,0.0,0.0,0.0,0.0,0.0,0.0,0.0,0.0,0.0,45.72999954223633,-352.3900146484375,-67.25,0.0
1780954239566100865,74274,1780954239542654457,base_link,wheel_left_joint,wheel_right_joint,joint1,joint2,joint3,joint4,gripper,0.0015339809469878674,0.0,-0.016873789951205254,-1.5523885488510132,1.2363885641098022,0.6013205051422119,0.0,0.0,0.0,0.0,0.0,0.0,0.0,0.0,0.0,0.0,0.0,45.72999954223633,-352.3900146484375,-69.94000244140625,0.0
1780954239660374890,74275,1780954239576654457,base_link,wheel_left_joint,wheel_right_joint,joint1,joint2,joint3,joint4,gripper,0.0015339809469878674,0.0,-0.016873789951205254,-1.5523885488510132,1.2379225492477417,0.6013205051422119,0.0,0.0,0.0,0.0,0.0,0.0,0.0,0.0,0.0,0.0,0.0,45.72999954223633,-352.3900146484375,-67.25,0.0
1780954239697524294,74276,1780954239667654457,base_link,wheel_left_joint,wheel_right_joint,joint1,joint2,joint3,joint4,gripper,0.0015339809469878674,0.0,-0.016873789951205254,-1.5523885488510132,1.2363885641098022,0.6013205051422119,0.0,0.0,0.0,0.0,0.0,0.0,0.0,0.0,0.0,0.0,0.0,45.72999954223633,-352.3900146484375,-67.25,0.0
1780954239790186538,74277,1780954239701654457,base_link,wheel_left_joint,wheel_right_joint,joint1,joint2,joint3,joint4,gripper,0.0015339809469878674,0.0,-0.016873789951205254,-1.5523885488510132,1.2363885641098022,0.6013205051422119,0.0,0.0,0.0,0.0,0.0,0.0,0.0,0.0,0.0,0.0,0.0,45.72999954223633,-352.3900146484375,-67.25,0.0
1780954239827083830,74278,1780954239800654457,base_link,wheel_left_joint,wheel_right_joint,joint1,joint2,joint3,joint4,gripper,0.0015339809469878674,0.0,-0.016873789951205254,-1.5523885488510132,1.2363885641098022,0.6013205051422119,0.0,0.0,0.0,0.0,0.0,0.0,0.0,0.0,0.0,0.0,0.0,45.72999954223633,-352.3900146484375,-67.25,0.0
1780954239918867813,74279,1780954239834654457,base_link,wheel_left_joint,wheel_right_joint,joint1,joint2,joint3,joint4,gripper,0.0015339809469878674,0.0,-0.016873789951205254,-1.5523885488510132,1.2363885641098022,0.6013205051422119,0.0,0.0,0.0,0.0,0.0,0.0,0.0,0.0,0.0,0.0,0.0,45.72999954223633,-352.3900146484375,-67.25,0.0
1780954239957379982,74280,1780954239927654457,base_link,wheel_left_joint,wheel_right_joint,joint1,joint2,joint3,joint4,gripper,0.0015339809469878674,0.0,-0.016873789951205254,-1.5523885488510132,1.2363885641098022,0.6013205051422119,0.0,0.0,0.0,0.0,0.0,0.0,0.0,0.0,0.0,0.0,0.0,45.72999954223633,-352.3900146484375,-67.25,0.0
1780954240049312360,74281,1780954239961654457,base_link,wheel_left_joint,wheel_right_joint,joint1,joint2,joint3,joint4,gripper,0.0015339809469878674,0.0,-0.016873789951205254,-1.5523885488510132,1.2363885641098022,0.6013205051422119,0.0,0.0,0.0,0.0,0.0,0.0,0.0,0.0,0.0,0.0,0.0,45.72999954223633,-352.3900146484375,-75.31999969482422,0.0
1780954240093223546,74282,1780954240060654457,base_link,wheel_left_joint,wheel_right_joint,joint1,joint2,joint3,joint4,gripper,0.0015339809469878674,0.0,-0.016873789951205254,-1.5523885488510132,1.2363885641098022,0.6013205051422119,0.0,0.0,0.0,0.0,0.0,0.0,0.0,0.0,0.0,0.0,0.0,45.72999954223633,-352.3900146484375,-67.25,0.0
1780954240183572811,74283,1780954240094654457,base_link,wheel_left_joint,wheel_right_joint,joint1,joint2,joint3,joint4,gripper,0.0015339809469878674,0.0,-0.016873789951205254,-1.5523885488510132,1.2363885641098022,0.6013205051422119,0.0,0.0,0.0,0.0,0.0,0.0,0.0,0.0,0.0,0.0,0.0,45.72999954223633,-352.3900146484375,-67.25,0.0
1780954240221263731,74284,1780954240201274860,base_link,wheel_left_joint,wheel_right_joint,joint1,joint2,joint3,joint4,gripper,0.0015339809469878674,0.0,-0.016873789951205254,-1.5523885488510132,1.2363885641098022,0.6013205051422119,0.0,0.0,0.0,0.0,0.0,0.0,0.0,0.0,0.0,0.0,0.0,48.42000198364258,-352.3900146484375,-69.94000244140625,0.0
1780954240274904297,74285,1780954240235274860,base_link,wheel_left_joint,wheel_right_joint,joint1,joint2,joint3,joint4,gripper,0.0015339809469878674,0.0,-0.016873789951205254,-1.5523885488510132,1.2363885641098022,0.6013205051422119,0.0,0.0,0.0,0.0,0.0,0.0,0.0,0.0,0.0,0.0,0.0,45.72999954223633,-352.3900146484375,-72.6300048828125,0.0
1780954240296991063,74286,1780954240312274860,base_link,wheel_left_joint,wheel_right_joint,joint1,joint2,joint3,joint4,gripper,0.0015339809469878674,0.0,-0.016873789951205254,-1.5523885488510132,1.2363885641098022,0.6013205051422119,0.0,0.0,0.0,0.0,0.0,0.0,0.0,0.0,0.0,0.0,0.0,45.72999954223633,-352.3900146484375,-67.25,0.0
1780954240369870458,74287,1780954240346274860,base_link,wheel_left_joint,wheel_right_joint,joint1,joint2,joint3,joint4,gripper,0.0015339809469878674,0.0,-0.016873789951205254,-1.5523885488510132,1.2363885641098022,0.6013205051422119,0.0,0.0,0.0,0.0,0.0,0.0,0.0,0.0,0.0,0.0,0.0,45.72999954223633,-352.3900146484375,-67.25,0.0
1780954240413654238,74288,1780954240396274860,base_link,wheel_left_joint,wheel_right_joint,joint1,joint2,joint3,joint4,gripper,0.0015339809469878674,0.0,-0.016873789951205254,-1.5523885488510132,1.2363885641098022,0.6013205051422119,0.0,0.0,0.0,0.0,0.0,0.0,0.0,0.0,0.0,0.0,0.0,45.72999954223633,-349.70001220703125,-67.25,0.0
1780954240510215709,74289,1780954240430274860,base_link,wheel_left_joint,wheel_right_joint,joint1,joint2,joint3,joint4,gripper,0.0015339809469878674,0.0,-0.016873789951205254,-1.5523885488510132,1.2363885641098022,0.6013205051422119,0.0,0.0,0.0,0.0,0.0,0.0,0.0,0.0,0.0,0.0,0.0,48.42000198364258,-349.70001220703125,-69.94000244140625,0.0
1780954240546691780,74290,1780954240526274860,base_link,wheel_left_joint,wheel_right_joint,joint1,joint2,joint3,joint4,gripper,0.0015339809469878674,0.0,-0.016873789951205254,-1.5523885488510132,1.2363885641098022,0.6013205051422119,0.0,0.0,0.0,0.0,0.0,0.0,0.0,0.0,0.0,0.0,0.0,45.72999954223633,-349.70001220703125,-69.94000244140625,0.0
1780954240641889983,74291,1780954240560274860,base_link,wheel_left_joint,wheel_right_joint,joint1,joint2,joint3,joint4,gripper,0.0015339809469878674,0.0,-0.016873789951205254,-1.5523885488510132,1.2363885641098022,0.6013205051422119,0.0,0.0,0.0,0.0,0.0,0.0,0.0,0.0,0.0,0.0,0.0,45.72999954223633,-349.70001220703125,-67.25,0.0
1780954240678891278,74292,1780954240658274860,base_link,wheel_left_joint,wheel_right_joint,joint1,joint2,joint3,joint4,gripper,0.0015339809469878674,0.0,-0.016873789951205254,-1.5523885488510132,1.2363885641098022,0.6013205051422119,0.0,0.0,0.0,0.0,0.0,0.0,0.0,0.0,0.0,0.0,0.0,45.72999954223633,-352.3900146484375,-69.94000244140625,0.0
1780954240772450926,74293,1780954240692274860,base_link,wheel_left_joint,wheel_right_joint,joint1,joint2,joint3,joint4,gripper,0.0015339809469878674,0.0,-0.016873789951205254,-1.5523885488510132,1.2363885641098022,0.6013205051422119,0.0,0.0,0.0,0.0,0.0,0.0,0.0,0.0,0.0,0.0,0.0,45.72999954223633,-352.3900146484375,-69.94000244140625,0.0
1780954240808551159,74294,1780954240790274860,base_link,wheel_left_joint,wheel_right_joint,joint1,joint2,joint3,joint4,gripper,0.0015339809469878674,0.0,-0.016873789951205254,-1.5523885488510132,1.2363885641098022,0.6013205051422119,0.0,0.0,0.0,0.0,0.0,0.0,0.0,0.0,0.0,0.0,0.0,45.72999954223633,-352.3900146484375,-67.25,0.0
1780954240904036149,74295,1780954240824274860,base_link,wheel_left_joint,wheel_right_joint,joint1,joint2,joint3,joint4,gripper,0.0015339809469878674,0.0,-0.016873789951205254,-1.5523885488510132,1.2363885641098022,0.6013205051422119,0.0,0.0,0.0,0.0,0.0,0.0,0.0,0.0,0.0,0.0,0.0,45.72999954223633,-352.3900146484375,-67.25,0.0
1780954240942013031,74296,1780954240920274860,base_link,wheel_left_joint,wheel_right_joint,joint1,joint2,joint3,joint4,gripper,0.0015339809469878674,0.0,-0.016873789951205254,-1.5523885488510132,1.2363885641098022,0.6013205051422119,0.0,0.0,0.0,0.0,0.0,0.0,0.0,0.0,0.0,0.0,0.0,45.72999954223633,-352.3900146484375,-69.94000244140625,0.0
1780954241033299354,74297,1780954240954274860,base_link,wheel_left_joint,wheel_right_joint,joint1,joint2,joint3,joint4,gripper,0.0015339809469878674,0.0,-0.016873789951205254,-1.5523885488510132,1.2363885641098022,0.6013205051422119,0.0,0.0,0.0,0.0,0.0,0.0,0.0,0.0,0.0,0.0,0.0,45.72999954223633,-349.70001220703125,-67.25,0.0
1780954241067838323,74298,1780954241045274860,base_link,wheel_left_joint,wheel_right_joint,joint1,joint2,joint3,joint4,gripper,0.0015339809469878674,0.0,-0.016873789951205254,-1.5523885488510132,1.2363885641098022,0.6013205051422119,0.0,0.0,0.0,0.0,0.0,0.0,0.0,0.0,0.0,0.0,0.0,45.72999954223633,-352.3900146484375,-67.25,0.0
1780954241163636189,74299,1780954241079274860,base_link,wheel_left_joint,wheel_right_joint,joint1,joint2,joint3,joint4,gripper,0.0015339809469878674,0.0,-0.016873789951205254,-1.5523885488510132,1.2363885641098022,0.6013205051422119,0.0,0.0,0.0,0.0,0.0,0.0,0.0,0.0,0.0,0.0,0.0,45.72999954223633,-352.3900146484375,-67.25,0.0
1780954241191371472,74300,1780954241168274860,base_link,wheel_left_joint,wheel_right_joint,joint1,joint2,joint3,joint4,gripper,0.0015339809469878674,0.0,-0.016873789951205254,-1.5523885488510132,1.2363885641098022,0.6013205051422119,0.0,0.0,0.0,0.0,0.0,0.0,0.0,0.0,0.0,0.0,0.0,45.72999954223633,-352.3900146484375,-67.25,0.0
1780954241280836193,74301,1780954241202274860,base_link,wheel_left_joint,wheel_right_joint,joint1,joint2,joint3,joint4,gripper,0.0015339809469878674,0.0,-0.016873789951205254,-1.5523885488510132,1.2363885641098022,0.6013205051422119,0.0,0.0,0.0,0.0,0.0,0.0,0.0,0.0,0.0,0.0,0.0,45.72999954223633,-352.3900146484375,-67.25,0.0
1780954241314554264,74302,1780954241299274860,base_link,wheel_left_joint,wheel_right_joint,joint1,joint2,joint3,joint4,gripper,0.0015339809469878674,0.0,-0.016873789951205254,-1.5523885488510132,1.2363885641098022,0.6013205051422119,0.0,0.0,0.0,0.0,0.0,0.0,0.0,0.0,0.0,0.0,0.0,45.72999954223633,-357.77001953125,-67.25,0.0
1780954241409266057,74303,1780954241333274860,base_link,wheel_left_joint,wheel_right_joint,joint1,joint2,joint3,joint4,gripper,0.0015339809469878674,0.0,-0.016873789951205254,-1.5523885488510132,1.2363885641098022,0.6013205051422119,0.0,0.0,0.0,0.0,0.0,0.0,0.0,0.0,0.0,0.0,0.0,48.42000198364258,-352.3900146484375,-80.70000457763672,0.0
1780954241444152316,74304,1780954241427274860,base_link,wheel_left_joint,wheel_right_joint,joint1,joint2,joint3,joint4,gripper,0.0015339809469878674,0.0,-0.016873789951205254,-1.5523885488510132,1.2363885641098022,0.6013205051422119,0.0,0.0,0.0,0.0,0.0,0.0,0.0,0.0,0.0,0.0,0.0,45.72999954223633,-352.3900146484375,-67.25,0.0
1780954241542336197,74305,1780954241461274860,base_link,wheel_left_joint,wheel_right_joint,joint1,joint2,joint3,joint4,gripper,0.0015339809469878674,0.0,-0.016873789951205254,-1.5523885488510132,1.2363885641098022,0.6013205051422119,0.0,0.0,0.0,0.0,0.0,0.0,0.0,0.0,0.0,0.0,0.0,45.72999954223633,-352.3900146484375,-67.25,0.0
1780954241580734773,74306,1780954241560274860,base_link,wheel_left_joint,wheel_right_joint,joint1,joint2,joint3,joint4,gripper,0.0015339809469878674,0.0,-0.016873789951205254,-1.5523885488510132,1.2363885641098022,0.6028544902801514,0.0,0.0,0.0,0.0,0.0,0.0,0.0,0.0,0.0,0.0,0.0,45.72999954223633,-352.3900146484375,-75.31999969482422,0.0
1780954241677398294,74307,1780954241594274860,base_link,wheel_left_joint,wheel_right_joint,joint1,joint2,joint3,joint4,gripper,0.0015339809469878674,0.0,-0.016873789951205254,-1.5523885488510132,1.2363885641098022,0.6013205051422119,0.0,0.0,0.0,0.0,0.0,0.0,0.0,0.0,0.0,0.0,0.0,48.42000198364258,-352.3900146484375,-69.94000244140625,0.0
1780954241716450437,74308,1780954241693274860,base_link,wheel_left_joint,wheel_right_joint,joint1,joint2,joint3,joint4,gripper,0.0015339809469878674,0.0,-0.016873789951205254,-1.5523885488510132,1.2363885641098022,0.6013205051422119,0.0,0.0,0.0,0.0,0.0,0.0,0.0,0.0,0.0,0.0,0.0,45.72999954223633,-352.3900146484375,-78.01000213623047,0.0
1780954241810625409,74309,1780954241727274860,base_link,wheel_left_joint,wheel_right_joint,joint1,joint2,joint3,joint4,gripper,0.0015339809469878674,0.0,-0.016873789951205254,-1.5523885488510132,1.2363885641098022,0.6013205051422119,0.0,0.0,0.0,0.0,0.0,0.0,0.0,0.0,0.0,0.0,0.0,45.72999954223633,-349.70001220703125,-69.94000244140625,0.0
1780954241845950948,74310,1780954241826274860,base_link,wheel_left_joint,wheel_right_joint,joint1,joint2,joint3,joint4,gripper,0.0015339809469878674,0.0,-0.016873789951205254,-1.5523885488510132,1.2363885641098022,0.6013205051422119,0.0,0.0,0.0,0.0,0.0,0.0,0.0,0.0,0.0,0.0,0.0,45.72999954223633,-352.3900146484375,-67.25,0.0
1780954241938743436,74311,1780954241860274860,base_link,wheel_left_joint,wheel_right_joint,joint1,joint2,joint3,joint4,gripper,0.0015339809469878674,0.0,-0.016873789951205254,-1.5523885488510132,1.2363885641098022,0.6013205051422119,0.0,0.0,0.0,0.0,0.0,0.0,0.0,0.0,0.0,0.0,0.0,45.72999954223633,-352.3900146484375,-67.25,0.0
1780954241974588334,74312,1780954241957274860,base_link,wheel_left_joint,wheel_right_joint,joint1,joint2,joint3,joint4,gripper,0.0015339809469878674,0.0,-0.016873789951205254,-1.5523885488510132,1.2363885641098022,0.6013205051422119,0.0,0.0,0.0,0.0,0.0,0.0,0.0,0.0,0.0,0.0,0.0,48.42000198364258,-352.3900146484375,-75.31999969482422,0.0
1780954242068976935,74313,1780954241991274860,base_link,wheel_left_joint,wheel_right_joint,joint1,joint2,joint3,joint4,gripper,0.0015339809469878674,0.0,-0.016873789951205254,-1.5523885488510132,1.2363885641098022,0.6013205051422119,0.0,0.0,0.0,0.0,0.0,0.0,0.0,0.0,0.0,0.0,0.0,45.72999954223633,-352.3900146484375,-67.25,0.0
1780954242111820108,74314,1780954242086274860,base_link,wheel_left_joint,wheel_right_joint,joint1,joint2,joint3,joint4,gripper,0.0015339809469878674,0.0,-0.016873789951205254,-1.5523885488510132,1.2363885641098022,0.6013205051422119,0.0,0.0,0.0,0.0,0.0,0.0,0.0,0.0,0.0,0.0,0.0,48.42000198364258,-352.3900146484375,-67.25,0.0
1780954242205977976,74315,1780954242120274860,base_link,wheel_left_joint,wheel_right_joint,joint1,joint2,joint3,joint4,gripper,0.0015339809469878674,0.0,-0.016873789951205254,-1.5523885488510132,1.2363885641098022,0.6013205051422119,0.0,0.0,0.0,0.0,0.0,0.0,0.0,0.0,0.0,0.0,0.0,45.72999954223633,-352.3900146484375,-67.25,0.0
1780954242235354899,74316,1780954242212274860,base_link,wheel_left_joint,wheel_right_joint,joint1,joint2,joint3,joint4,gripper,0.0015339809469878674,0.0,-0.016873789951205254,-1.5523885488510132,1.2363885641098022,0.6013205051422119,0.0,0.0,0.0,0.0,0.0,0.0,0.0,0.0,0.0,0.0,0.0,45.72999954223633,-352.3900146484375,-67.25,0.0
1780954242331725164,74317,1780954242246274860,base_link,wheel_left_joint,wheel_right_joint,joint1,joint2,joint3,joint4,gripper,0.0015339809469878674,0.0,-0.016873789951205254,-1.5523885488510132,1.2363885641098022,0.6013205051422119,0.0,0.0,0.0,0.0,0.0,0.0,0.0,0.0,0.0,0.0,0.0,48.42000198364258,-352.3900146484375,-67.25,0.0
1780954242367534143,74318,1780954242346274860,base_link,wheel_left_joint,wheel_right_joint,joint1,joint2,joint3,joint4,gripper,0.0015339809469878674,0.0,-0.016873789951205254,-1.5523885488510132,1.2363885641098022,0.6013205051422119,0.0,0.0,0.0,0.0,0.0,0.0,0.0,0.0,0.0,0.0,0.0,45.72999954223633,-352.3900146484375,-67.25,0.0
1780954242460788262,74319,1780954242380274860,base_link,wheel_left_joint,wheel_right_joint,joint1,joint2,joint3,joint4,gripper,0.0015339809469878674,0.0,-0.016873789951205254,-1.5523885488510132,1.2363885641098022,0.6013205051422119,0.0,0.0,0.0,0.0,0.0,0.0,0.0,0.0,0.0,0.0,0.0,45.72999954223633,-352.3900146484375,-67.25,0.0
1780954242497122945,74320,1780954242475274860,base_link,wheel_left_joint,wheel_right_joint,joint1,joint2,joint3,joint4,gripper,0.0015339809469878674,0.0,-0.016873789951205254,-1.5523885488510132,1.2363885641098022,0.6013205051422119,0.0,0.0,0.0,0.0,0.0,0.0,0.0,0.0,0.0,0.0,0.0,48.42000198364258,-352.3900146484375,-69.94000244140625,0.0
1780954242593769794,74321,1780954242509274860,base_link,wheel_left_joint,wheel_right_joint,joint1,joint2,joint3,joint4,gripper,0.0015339809469878674,0.0,-0.016873789951205254,-1.5523885488510132,1.2363885641098022,0.6013205051422119,0.0,0.0,0.0,0.0,0.0,0.0,0.0,0.0,0.0,0.0,0.0,45.72999954223633,-352.3900146484375,-67.25,0.0
1780954242633555807,74322,1780954242609274860,base_link,wheel_left_joint,wheel_right_joint,joint1,joint2,joint3,joint4,gripper,0.0015339809469878674,0.0,-0.016873789951205254,-1.5523885488510132,1.2363885641098022,0.6013205051422119,0.0,0.0,0.0,0.0,0.0,0.0,0.0,0.0,0.0,0.0,0.0,45.72999954223633,-352.3900146484375,-69.94000244140625,0.0
1780954242729482503,74323,1780954242643274860,base_link,wheel_left_joint,wheel_right_joint,joint1,joint2,joint3,joint4,gripper,0.0015339809469878674,0.0,-0.016873789951205254,-1.5523885488510132,1.2363885641098022,0.6013205051422119,0.0,0.0,0.0,0.0,0.0,0.0,0.0,0.0,0.0,0.0,0.0,45.72999954223633,-352.3900146484375,-67.25,0.0
1780954242764886964,74324,1780954242740132009,base_link,wheel_left_joint,wheel_right_joint,joint1,joint2,joint3,joint4,gripper,0.0015339809469878674,0.0,-0.016873789951205254,-1.5523885488510132,1.2363885641098022,0.6013205051422119,0.0,0.0,0.0,0.0,0.0,0.0,0.0,0.0,0.0,0.0,0.0,45.72999954223633,-352.3900146484375,-67.25,0.0
1780954242860654000,74325,1780954242774132009,base_link,wheel_left_joint,wheel_right_joint,joint1,joint2,joint3,joint4,gripper,0.0015339809469878674,0.0,-0.016873789951205254,-1.5523885488510132,1.2363885641098022,0.6013205051422119,0.0,0.0,0.0,0.0,0.0,0.0,0.0,0.0,0.0,0.0,0.0,45.72999954223633,-352.3900146484375,-67.25,0.0
1780954242896255710,74326,1780954242872132009,base_link,wheel_left_joint,wheel_right_joint,joint1,joint2,joint3,joint4,gripper,0.0015339809469878674,0.0,-0.016873789951205254,-1.5523885488510132,1.2363885641098022,0.6013205051422119,0.0,0.0,0.0,0.0,0.0,0.0,0.0,0.0,0.0,0.0,0.0,45.72999954223633,-352.3900146484375,-67.25,0.0
1780954242987819083,74327,1780954242906132009,base_link,wheel_left_joint,wheel_right_joint,joint1,joint2,joint3,joint4,gripper,0.0015339809469878674,0.0,-0.016873789951205254,-1.5523885488510132,1.2363885641098022,0.6013205051422119,0.0,0.0,0.0,0.0,0.0,0.0,0.0,0.0,0.0,0.0,0.0,45.72999954223633,-355.08001708984375,-67.25,0.0
1780954243026954878,74328,1780954243001132009,base_link,wheel_left_joint,wheel_right_joint,joint1,joint2,joint3,joint4,gripper,0.0,0.0,-0.016873789951205254,-1.5523885488510132,1.2363885641098022,0.6013205051422119,0.0,-0.01614716835319996,0.0,0.0,0.0,0.0,0.0,0.0,0.0,0.0,0.0,45.72999954223633,-352.3900146484375,-67.25,0.0
1780954243116235933,74329,1780954243035132009,base_link,wheel_left_joint,wheel_right_joint,joint1,joint2,joint3,joint4,gripper,0.0015339809469878674,0.0,-0.016873789951205254,-1.5523885488510132,1.2363885641098022,0.6013205051422119,0.0,0.04511708766222,0.0,0.0,0.0,0.0,0.0,0.0,0.0,0.0,0.0,45.72999954223633,-352.3900146484375,-67.25,0.0
1780954243153273564,74330,1780954243132132009,base_link,wheel_left_joint,wheel_right_joint,joint1,joint2,joint3,joint4,gripper,0.0015339809469878674,0.0,-0.016873789951205254,-1.5523885488510132,1.2363885641098022,0.6013205051422119,0.0,0.0,0.0,0.0,0.0,0.0,0.0,0.0,0.0,0.0,0.0,45.72999954223633,-352.3900146484375,-67.25,0.0
1780954243244608622,74331,1780954243166132009,base_link,wheel_left_joint,wheel_right_joint,joint1,joint2,joint3,joint4,gripper,0.0015339809469878674,0.0,-0.016873789951205254,-1.5523885488510132,1.2363885641098022,0.6013205051422119,0.0,0.0,0.0,0.0,0.0,0.0,0.0,0.0,0.0,0.0,0.0,45.72999954223633,-352.3900146484375,-67.25,0.0
1780954243292182171,74332,1780954243260132009,base_link,wheel_left_joint,wheel_right_joint,joint1,joint2,joint3,joint4,gripper,0.0015339809469878674,0.0,-0.016873789951205254,-1.5523885488510132,1.2363885641098022,0.6013205051422119,0.0,0.0,0.0,0.0,0.0,0.0,0.0,0.0,0.0,0.0,0.0,45.72999954223633,-352.3900146484375,-69.94000244140625,0.0
1780954243383297749,74333,1780954243294132009,base_link,wheel_left_joint,wheel_right_joint,joint1,joint2,joint3,joint4,gripper,0.0015339809469878674,0.0,-0.016873789951205254,-1.5523885488510132,1.2363885641098022,0.6013205051422119,0.0,0.0,0.0,0.0,0.0,0.0,0.0,0.0,0.0,0.0,0.0,45.72999954223633,-352.3900146484375,-69.94000244140625,0.0
1780954243411499788,74334,1780954243390132009,base_link,wheel_left_joint,wheel_right_joint,joint1,joint2,joint3,joint4,gripper,0.0015339809469878674,0.0,-0.016873789951205254,-1.5523885488510132,1.2363885641098022,0.6013205051422119,0.0,0.0,0.0,0.0,0.0,0.0,0.0,0.0,0.0,0.0,0.0,45.72999954223633,-352.3900146484375,-67.25,0.0
1780954243503000687,74335,1780954243424132009,base_link,wheel_left_joint,wheel_right_joint,joint1,joint2,joint3,joint4,gripper,0.0015339809469878674,0.0,-0.016873789951205254,-1.5523885488510132,1.2363885641098022,0.6013205051422119,0.0,0.0,0.0,0.0,0.0,0.0,0.0,0.0,0.0,0.0,0.0,45.72999954223633,-355.08001708984375,-69.94000244140625,0.0
1780954243539458068,74336,1780954243519132009,base_link,wheel_left_joint,wheel_right_joint,joint1,joint2,joint3,joint4,gripper,0.0015339809469878674,0.0,-0.016873789951205254,-1.5523885488510132,1.2363885641098022,0.6028544902801514,0.0,0.0,0.0,0.0,0.0,0.0,0.0,0.0,0.0,0.0,0.0,45.72999954223633,-352.3900146484375,-67.25,0.0
1780954243612200127,74337,1780954243553132009,base_link,wheel_left_joint,wheel_right_joint,joint1,joint2,joint3,joint4,gripper,0.0015339809469878674,0.0,-0.016873789951205254,-1.5523885488510132,1.2363885641098022,0.6013205051422119,0.0,0.0,0.0,0.0,0.0,0.0,0.0,0.0,0.0,0.0,0.0,48.42000198364258,-352.3900146484375,-64.55999755859375,0.0
1780954243636730803,74338,1780954243645132009,base_link,wheel_left_joint,wheel_right_joint,joint1,joint2,joint3,joint4,gripper,0.0015339809469878674,0.0,-0.016873789951205254,-1.5523885488510132,1.2363885641098022,0.6013205051422119,0.0,0.0,0.0,0.0,0.0,0.0,0.0,0.0,0.0,0.0,0.0,45.72999954223633,-352.3900146484375,-67.25,0.0
1780954243696317379,74339,1780954243679132009,base_link,wheel_left_joint,wheel_right_joint,joint1,joint2,joint3,joint4,gripper,0.0015339809469878674,0.0,-0.016873789951205254,-1.5523885488510132,1.2363885641098022,0.6013205051422119,0.0,0.0,0.0,0.0,0.0,0.0,0.0,0.0,0.0,0.0,0.0,45.72999954223633,-349.70001220703125,-67.25,0.0
1780954243740156211,74340,1780954243725132009,base_link,wheel_left_joint,wheel_right_joint,joint1,joint2,joint3,joint4,gripper,0.0015339809469878674,0.0,-0.016873789951205254,-1.5523885488510132,1.2363885641098022,0.6013205051422119,0.0,0.0,0.0,0.0,0.0,0.0,0.0,0.0,0.0,0.0,0.0,45.72999954223633,-352.3900146484375,-67.25,0.0
1780954243831395261,74341,1780954243759132009,base_link,wheel_left_joint,wheel_right_joint,joint1,joint2,joint3,joint4,gripper,0.0015339809469878674,0.0,-0.016873789951205254,-1.5523885488510132,1.2363885641098022,0.6013205051422119,0.0,0.0,0.0,0.0,0.0,0.0,0.0,0.0,0.0,0.0,0.0,45.72999954223633,-352.3900146484375,-67.25,0.0
1780954243868075375,74342,1780954243841132009,base_link,wheel_left_joint,wheel_right_joint,joint1,joint2,joint3,joint4,gripper,0.0015339809469878674,0.0,-0.016873789951205254,-1.5523885488510132,1.2363885641098022,0.6013205051422119,0.0,0.0,0.0,0.0,0.0,0.0,0.0,0.0,0.0,0.0,0.0,45.72999954223633,-352.3900146484375,-67.25,0.0
1780954243963117467,74343,1780954243875132009,base_link,wheel_left_joint,wheel_right_joint,joint1,joint2,joint3,joint4,gripper,0.0015339809469878674,0.0,-0.016873789951205254,-1.5523885488510132,1.2363885641098022,0.6013205051422119,0.0,0.0,0.0,0.0,0.0,0.0,0.0,0.0,0.0,0.0,0.0,45.72999954223633,-352.3900146484375,-67.25,0.0
1780954243990661586,74344,1780954243965132009,base_link,wheel_left_joint,wheel_right_joint,joint1,joint2,joint3,joint4,gripper,0.0015339809469878674,0.0,-0.016873789951205254,-1.5523885488510132,1.2363885641098022,0.6013205051422119,0.0,0.0,0.0,0.0,0.0,0.0,0.0,0.0,0.0,0.0,0.0,45.72999954223633,-352.3900146484375,-67.25,0.0
1780954244080685782,74345,1780954243999132009,base_link,wheel_left_joint,wheel_right_joint,joint1,joint2,joint3,joint4,gripper,0.0,0.0,-0.01840776950120926,-1.5523885488510132,1.2363885641098022,0.6013205051422119,0.0,-0.04511708766222,0.0,0.0,0.0,0.0,0.0,0.0,0.0,0.0,0.0,45.72999954223633,-352.3900146484375,-75.31999969482422,0.0
1780954244116145855,74346,1780954244097132009,base_link,wheel_left_joint,wheel_right_joint,joint1,joint2,joint3,joint4,gripper,0.0015339809469878674,0.0,-0.016873789951205254,-1.5523885488510132,1.2363885641098022,0.6013205051422119,0.0,0.015652867034077644,0.0,0.0,0.0,0.0,0.0,0.0,0.0,0.0,0.0,45.72999954223633,-352.3900146484375,-75.31999969482422,0.0
1780954244209679512,74347,1780954244131132009,base_link,wheel_left_joint,wheel_right_joint,joint1,joint2,joint3,joint4,gripper,0.0015339809469878674,0.0,-0.016873789951205254,-1.5523885488510132,1.2363885641098022,0.6013205051422119,0.0,0.0,0.0,0.0,0.0,0.0,0.0,0.0,0.0,0.0,0.0,51.11000061035156,-349.70001220703125,-67.25,0.0
1780954244246968314,74348,1780954244224132009,base_link,wheel_left_joint,wheel_right_joint,joint1,joint2,joint3,joint4,gripper,0.0015339809469878674,0.0,-0.016873789951205254,-1.5523885488510132,1.2363885641098022,0.6013205051422119,0.0,0.0,0.0,0.0,0.0,0.0,0.0,0.0,0.0,0.0,0.0,45.72999954223633,-349.70001220703125,-67.25,0.0
1780954244340100332,74349,1780954244258132009,base_link,wheel_left_joint,wheel_right_joint,joint1,joint2,joint3,joint4,gripper,0.0015339809469878674,0.0,-0.016873789951205254,-1.5523885488510132,1.2363885641098022,0.6013205051422119,0.0,0.0,0.0,0.0,0.0,0.0,0.0,0.0,0.0,0.0,0.0,45.72999954223633,-352.3900146484375,-67.25,0.0
1780954244378657175,74350,1780954244355132009,base_link,wheel_left_joint,wheel_right_joint,joint1,joint2,joint3,joint4,gripper,0.0015339809469878674,0.0,-0.016873789951205254,-1.5523885488510132,1.2363885641098022,0.6013205051422119,0.0,0.0,0.0,0.0,0.0,0.0,0.0,0.0,0.0,0.0,0.0,45.72999954223633,-352.3900146484375,-67.25,0.0
1780954244472966785,74351,1780954244389132009,base_link,wheel_left_joint,wheel_right_joint,joint1,joint2,joint3,joint4,gripper,0.0015339809469878674,0.0,-0.016873789951205254,-1.5523885488510132,1.2363885641098022,0.6013205051422119,0.0,0.0,0.0,0.0,0.0,0.0,0.0,0.0,0.0,0.0,0.0,48.42000198364258,-352.3900146484375,-75.31999969482422,0.0
1780954244509167346,74352,1780954244486132009,base_link,wheel_left_joint,wheel_right_joint,joint1,joint2,joint3,joint4,gripper,0.0015339809469878674,0.0,-0.016873789951205254,-1.5523885488510132,1.2363885641098022,0.6013205051422119,0.0,0.0,0.0,0.0,0.0,0.0,0.0,0.0,0.0,0.0,0.0,45.72999954223633,-352.3900146484375,-67.25,0.0
1780954244602485581,74353,1780954244520132009,base_link,wheel_left_joint,wheel_right_joint,joint1,joint2,joint3,joint4,gripper,0.0015339809469878674,0.0,-0.016873789951205254,-1.5523885488510132,1.2363885641098022,0.6013205051422119,0.0,0.0,0.0,0.0,0.0,0.0,0.0,0.0,0.0,0.0,0.0,48.42000198364258,-352.3900146484375,-69.94000244140625,0.0
1780954244641661539,74354,1780954244617132009,base_link,wheel_left_joint,wheel_right_joint,joint1,joint2,joint3,joint4,gripper,0.0015339809469878674,0.0,-0.016873789951205254,-1.5523885488510132,1.2363885641098022,0.6013205051422119,0.0,0.0,0.0,0.0,0.0,0.0,0.0,0.0,0.0,0.0,0.0,45.72999954223633,-352.3900146484375,-69.94000244140625,0.0
1780954244736714353,74355,1780954244651132009,base_link,wheel_left_joint,wheel_right_joint,joint1,joint2,joint3,joint4,gripper,0.0015339809469878674,0.0,-0.016873789951205254,-1.5508545637130737,1.2363885641098022,0.6013205051422119,0.0,0.0,0.0,0.0,0.0,0.0,0.0,0.0,0.0,0.0,0.0,48.42000198364258,-355.08001708984375,-72.6300048828125,0.0
1780954244772928178,74356,1780954244750132009,base_link,wheel_left_joint,wheel_right_joint,joint1,joint2,joint3,joint4,gripper,0.0015339809469878674,0.0,-0.016873789951205254,-1.5523885488510132,1.2363885641098022,0.6013205051422119,0.0,0.0,0.0,0.0,0.0,0.0,0.0,0.0,0.0,0.0,0.0,45.72999954223633,-352.3900146484375,-67.25,0.0
1780954244867001106,74357,1780954244784132009,base_link,wheel_left_joint,wheel_right_joint,joint1,joint2,joint3,joint4,gripper,0.0015339809469878674,0.0,-0.016873789951205254,-1.5523885488510132,1.2363885641098022,0.6013205051422119,0.0,0.0,0.0,0.0,0.0,0.0,0.0,0.0,0.0,0.0,0.0,48.42000198364258,-352.3900146484375,-72.6300048828125,0.0
1780954244903192892,74358,1780954244875132009,base_link,wheel_left_joint,wheel_right_joint,joint1,joint2,joint3,joint4,gripper,0.0015339809469878674,0.0,-0.016873789951205254,-1.5523885488510132,1.2363885641098022,0.6013205051422119,0.0,0.0,0.0,0.0,0.0,0.0,0.0,0.0,0.0,0.0,0.0,48.42000198364258,-352.3900146484375,-69.94000244140625,0.0
1780954244996759397,74359,1780954244909132009,base_link,wheel_left_joint,wheel_right_joint,joint1,joint2,joint3,joint4,gripper,0.0015339809469878674,0.0,-0.016873789951205254,-1.5523885488510132,1.2363885641098022,0.6013205051422119,0.0,0.0,0.0,0.0,0.0,0.0,0.0,0.0,0.0,0.0,0.0,48.42000198364258,-352.3900146484375,-67.25,0.0
1780954245026432471,74360,1780954245001132009,base_link,wheel_left_joint,wheel_right_joint,joint1,joint2,joint3,joint4,gripper,0.0015339809469878674,0.0,-0.016873789951205254,-1.5523885488510132,1.2363885641098022,0.6013205051422119,0.0,0.0,0.0,0.0,0.0,0.0,0.0,0.0,0.0,0.0,0.0,48.42000198364258,-355.08001708984375,-67.25,0.0
1780954245116357159,74361,1780954245035132009,base_link,wheel_left_joint,wheel_right_joint,joint1,joint2,joint3,joint4,gripper,0.0015339809469878674,0.0,-0.016873789951205254,-1.5523885488510132,1.2363885641098022,0.6013205051422119,0.0,0.0,0.0,0.0,0.0,0.0,0.0,0.0,0.0,0.0,0.0,45.72999954223633,-352.3900146484375,-67.25,0.0
1780954245167726903,74362,1780954245132132009,base_link,wheel_left_joint,wheel_right_joint,joint1,joint2,joint3,joint4,gripper,0.0015339809469878674,0.0,-0.016873789951205254,-1.5523885488510132,1.2363885641098022,0.6013205051422119,0.0,0.0,0.0,0.0,0.0,0.0,0.0,0.0,0.0,0.0,0.0,45.72999954223633,-352.3900146484375,-67.25,0.0
1780954245262562538,74363,1780954245166132009,base_link,wheel_left_joint,wheel_right_joint,joint1,joint2,joint3,joint4,gripper,0.0015339809469878674,0.0,-0.016873789951205254,-1.5523885488510132,1.2363885641098022,0.6013205051422119,0.0,0.0,0.0,0.0,0.0,0.0,0.0,0.0,0.0,0.0,0.0,45.72999954223633,-355.08001708984375,-67.25,0.0
1780954245292729321,74364,1780954245270676715,base_link,wheel_left_joint,wheel_right_joint,joint1,joint2,joint3,joint4,gripper,0.0015339809469878674,0.0,-0.016873789951205254,-1.5508545637130737,1.2363885641098022,0.6013205051422119,0.0,0.0,0.0,0.0,0.0,0.0,0.0,0.0,0.0,0.0,0.0,45.72999954223633,-352.3900146484375,-69.94000244140625,0.0
1780954245381747364,74365,1780954245304676715,base_link,wheel_left_joint,wheel_right_joint,joint1,joint2,joint3,joint4,gripper,0.0015339809469878674,0.0,-0.016873789951205254,-1.5523885488510132,1.2363885641098022,0.6013205051422119,0.0,0.0,0.0,0.0,0.0,0.0,0.0,0.0,0.0,0.0,0.0,45.72999954223633,-352.3900146484375,-69.94000244140625,0.0
1780954245419494959,74366,1780954245403676715,base_link,wheel_left_joint,wheel_right_joint,joint1,joint2,joint3,joint4,gripper,0.0015339809469878674,0.0,-0.016873789951205254,-1.5523885488510132,1.2363885641098022,0.6013205051422119,0.0,0.0,0.0,0.0,0.0,0.0,0.0,0.0,0.0,0.0,0.0,45.72999954223633,-349.70001220703125,-67.25,0.0
1780954245510268030,74367,1780954245437676715,base_link,wheel_left_joint,wheel_right_joint,joint1,joint2,joint3,joint4,gripper,0.0,0.0,-0.016873789951205254,-1.5523885488510132,1.2363885641098022,0.6013205051422119,0.0,-0.04511708766222,0.0,0.0,0.0,0.0,0.0,0.0,0.0,0.0,0.0,48.42000198364258,-352.3900146484375,-69.94000244140625,0.0
1780954245545824460,74368,1780954245535676715,base_link,wheel_left_joint,wheel_right_joint,joint1,joint2,joint3,joint4,gripper,0.0015339809469878674,0.0,-0.016873789951205254,-1.5523885488510132,1.2363885641098022,0.6013205051422119,0.0,0.015652867034077644,0.0,0.0,0.0,0.0,0.0,0.0,0.0,0.0,0.0,45.72999954223633,-352.3900146484375,-67.25,0.0
1780954245643626898,74369,1780954245569676715,base_link,wheel_left_joint,wheel_right_joint,joint1,joint2,joint3,joint4,gripper,0.0015339809469878674,0.0,-0.016873789951205254,-1.5523885488510132,1.2363885641098022,0.6013205051422119,0.0,0.0,0.0,0.0,0.0,0.0,0.0,0.0,0.0,0.0,0.0,45.72999954223633,-352.3900146484375,-69.94000244140625,0.0
1780954245679635781,74370,1780954245667676715,base_link,wheel_left_joint,wheel_right_joint,joint1,joint2,joint3,joint4,gripper,0.0015339809469878674,0.0,-0.016873789951205254,-1.5523885488510132,1.2363885641098022,0.6013205051422119,0.0,0.0,0.0,0.0,0.0,0.0,0.0,0.0,0.0,0.0,0.0,45.72999954223633,-352.3900146484375,-67.25,0.0
1780954245773462528,74371,1780954245701676715,base_link,wheel_left_joint,wheel_right_joint,joint1,joint2,joint3,joint4,gripper,0.0015339809469878674,0.0,-0.016873789951205254,-1.5523885488510132,1.2363885641098022,0.6013205051422119,0.0,0.0,0.0,0.0,0.0,0.0,0.0,0.0,0.0,0.0,0.0,45.72999954223633,-352.3900146484375,-69.94000244140625,0.0
1780954245812265334,74372,1780954245796676715,base_link,wheel_left_joint,wheel_right_joint,joint1,joint2,joint3,joint4,gripper,0.0015339809469878674,0.0,-0.016873789951205254,-1.5523885488510132,1.2363885641098022,0.6013205051422119,0.0,0.0,0.0,0.0,0.0,0.0,0.0,0.0,0.0,0.0,0.0,45.72999954223633,-352.3900146484375,-67.25,0.0
1780954245905149144,74373,1780954245830676715,base_link,wheel_left_joint,wheel_right_joint,joint1,joint2,joint3,joint4,gripper,0.0015339809469878674,0.0,-0.016873789951205254,-1.5523885488510132,1.2363885641098022,0.6013205051422119,0.0,0.0,0.0,0.0,0.0,0.0,0.0,0.0,0.0,0.0,0.0,45.72999954223633,-352.3900146484375,-67.25,0.0
1780954245949374162,74374,1780954245928676715,base_link,wheel_left_joint,wheel_right_joint,joint1,joint2,joint3,joint4,gripper,0.0015339809469878674,0.0,-0.016873789951205254,-1.5523885488510132,1.2363885641098022,0.6013205051422119,0.0,0.0,0.0,0.0,0.0,0.0,0.0,0.0,0.0,0.0,0.0,48.42000198364258,-355.08001708984375,-67.25,0.0
1780954246043965902,74375,1780954245962676715,base_link,wheel_left_joint,wheel_right_joint,joint1,joint2,joint3,joint4,gripper,0.0015339809469878674,0.0,-0.016873789951205254,-1.5523885488510132,1.2363885641098022,0.6013205051422119,0.0,0.0,0.0,0.0,0.0,0.0,0.0,0.0,0.0,0.0,0.0,45.72999954223633,-352.3900146484375,-67.25,0.0
1780954246072586394,74376,1780954246058676715,base_link,wheel_left_joint,wheel_right_joint,joint1,joint2,joint3,joint4,gripper,0.0015339809469878674,0.0,-0.016873789951205254,-1.5523885488510132,1.2363885641098022,0.6013205051422119,0.0,0.0,0.0,0.0,0.0,0.0,0.0,0.0,0.0,0.0,-2.690000057220459,45.72999954223633,-352.3900146484375,-67.25,0.0
1780954246165627943,74377,1780954246092676715,base_link,wheel_left_joint,wheel_right_joint,joint1,joint2,joint3,joint4,gripper,0.0015339809469878674,0.0,-0.016873789951205254,-1.5523885488510132,1.2363885641098022,0.6013205051422119,0.0,0.0,0.0,0.0,0.0,0.0,0.0,0.0,0.0,0.0,0.0,45.72999954223633,-352.3900146484375,-67.25,0.0
1780954246202207248,74378,1780954246185676715,base_link,wheel_left_joint,wheel_right_joint,joint1,joint2,joint3,joint4,gripper,0.0015339809469878674,0.0,-0.016873789951205254,-1.5523885488510132,1.2363885641098022,0.6013205051422119,0.0,0.0,0.0,0.0,0.0,0.0,0.0,0.0,0.0,0.0,0.0,45.72999954223633,-352.3900146484375,-67.25,0.0
1780954246297187004,74379,1780954246219676715,base_link,wheel_left_joint,wheel_right_joint,joint1,joint2,joint3,joint4,gripper,0.0015339809469878674,0.0,-0.016873789951205254,-1.5523885488510132,1.2363885641098022,0.6013205051422119,0.0,0.0,0.0,0.0,0.0,0.0,0.0,0.0,0.0,0.0,0.0,48.42000198364258,-352.3900146484375,-67.25,0.0
1780954246332821302,74380,1780954246317676715,base_link,wheel_left_joint,wheel_right_joint,joint1,joint2,joint3,joint4,gripper,0.0015339809469878674,0.0,-0.016873789951205254,-1.5523885488510132,1.2363885641098022,0.6013205051422119,0.0,0.0,0.0,0.0,0.0,0.0,0.0,0.0,0.0,0.0,0.0,45.72999954223633,-352.3900146484375,-67.25,0.0
1780954246424537573,74381,1780954246351676715,base_link,wheel_left_joint,wheel_right_joint,joint1,joint2,joint3,joint4,gripper,0.0015339809469878674,0.0,-0.016873789951205254,-1.5523885488510132,1.2363885641098022,0.6013205051422119,0.0,0.0,0.0,0.0,0.0,0.0,0.0,0.0,0.0,0.0,0.0,45.72999954223633,-352.3900146484375,-67.25,0.0
1780954246462174795,74382,1780954246445676715,base_link,wheel_left_joint,wheel_right_joint,joint1,joint2,joint3,joint4,gripper,0.0015339809469878674,0.0,-0.016873789951205254,-1.5523885488510132,1.2363885641098022,0.6013205051422119,0.0,0.0,0.0,0.0,0.0,0.0,0.0,0.0,0.0,0.0,0.0,45.72999954223633,-352.3900146484375,-67.25,0.0
1780954246554420068,74383,1780954246479676715,base_link,wheel_left_joint,wheel_right_joint,joint1,joint2,joint3,joint4,gripper,0.0015339809469878674,0.0,-0.016873789951205254,-1.5523885488510132,1.2363885641098022,0.6013205051422119,0.0,0.0,0.0,0.0,0.0,0.0,0.0,0.0,0.0,0.0,0.0,45.72999954223633,-352.3900146484375,-67.25,0.0
1780954246593965925,74384,1780954246576676715,base_link,wheel_left_joint,wheel_right_joint,joint1,joint2,joint3,joint4,gripper,0.0015339809469878674,0.0,-0.016873789951205254,-1.5523885488510132,1.2363885641098022,0.6013205051422119,0.0,0.0,0.0,0.0,0.0,0.0,0.0,0.0,0.0,0.0,0.0,45.72999954223633,-352.3900146484375,-67.25,0.0
1780954246692256197,74385,1780954246610676715,base_link,wheel_left_joint,wheel_right_joint,joint1,joint2,joint3,joint4,gripper,0.0015339809469878674,0.0,-0.016873789951205254,-1.5523885488510132,1.2379225492477417,0.6013205051422119,0.0,0.0,0.0,0.0,0.0,0.0,0.0,0.0,0.0,0.0,0.0,45.72999954223633,-352.3900146484375,-69.94000244140625,0.0
1780954246737476261,74386,1780954246712676715,base_link,wheel_left_joint,wheel_right_joint,joint1,joint2,joint3,joint4,gripper,0.0015339809469878674,0.0,-0.016873789951205254,-1.5523885488510132,1.2363885641098022,0.6013205051422119,0.0,0.0,0.0,0.0,0.0,0.0,0.0,0.0,0.0,0.0,0.0,45.72999954223633,-355.08001708984375,-67.25,0.0
1780954246830837198,74387,1780954246746676715,base_link,wheel_left_joint,wheel_right_joint,joint1,joint2,joint3,joint4,gripper,0.0015339809469878674,0.0,-0.016873789951205254,-1.5523885488510132,1.2363885641098022,0.6013205051422119,0.0,0.0,0.0,0.0,0.0,0.0,0.0,0.0,0.0,0.0,0.0,45.72999954223633,-352.3900146484375,-78.01000213623047,0.0
1780954246858141273,74388,1780954246843676715,base_link,wheel_left_joint,wheel_right_joint,joint1,joint2,joint3,joint4,gripper,0.0015339809469878674,0.0,-0.016873789951205254,-1.5523885488510132,1.2363885641098022,0.6013205051422119,0.0,0.0,0.0,0.0,0.0,0.0,0.0,0.0,0.0,0.0,0.0,45.72999954223633,-352.3900146484375,-67.25,0.0
1780954246945394722,74389,1780954246877676715,base_link,wheel_left_joint,wheel_right_joint,joint1,joint2,joint3,joint4,gripper,0.0015339809469878674,0.0,-0.016873789951205254,-1.5523885488510132,1.2363885641098022,0.6013205051422119,0.0,0.0,0.0,0.0,0.0,0.0,0.0,0.0,0.0,0.0,0.0,45.72999954223633,-352.3900146484375,-67.25,0.0
1780954246967739893,74390,1780954246973676715,base_link,wheel_left_joint,wheel_right_joint,joint1,joint2,joint3,joint4,gripper,0.0015339809469878674,0.0,-0.016873789951205254,-1.5523885488510132,1.2363885641098022,0.6013205051422119,0.0,0.0,0.0,0.0,0.0,0.0,0.0,0.0,0.0,0.0,0.0,45.72999954223633,-349.70001220703125,-75.31999969482422,0.0
1780954247021669591,74391,1780954247007676715,base_link,wheel_left_joint,wheel_right_joint,joint1,joint2,joint3,joint4,gripper,0.0015339809469878674,0.0,-0.016873789951205254,-1.5523885488510132,1.2363885641098022,0.6013205051422119,0.0,0.0,0.0,0.0,0.0,0.0,0.0,0.0,0.0,0.0,0.0,45.72999954223633,-349.70001220703125,-78.01000213623047,0.0
1780954247042574205,74392,1780954247064676715,base_link,wheel_left_joint,wheel_right_joint,joint1,joint2,joint3,joint4,gripper,0.0015339809469878674,0.0,-0.016873789951205254,-1.5523885488510132,1.2363885641098022,0.6013205051422119,0.0,0.0,0.0,0.0,0.0,0.0,0.0,0.0,0.0,0.0,0.0,45.72999954223633,-349.70001220703125,-69.94000244140625,0.0
1780954247134084898,74393,1780954247098676715,base_link,wheel_left_joint,wheel_right_joint,joint1,joint2,joint3,joint4,gripper,0.0015339809469878674,0.0,-0.016873789951205254,-1.5523885488510132,1.2363885641098022,0.6013205051422119,0.0,0.0,0.0,0.0,0.0,0.0,0.0,0.0,0.0,0.0,0.0,45.72999954223633,-349.70001220703125,-72.6300048828125,0.0
1780954247176939588,74394,1780954247167676715,base_link,wheel_left_joint,wheel_right_joint,joint1,joint2,joint3,joint4,gripper,0.0015339809469878674,0.0,-0.016873789951205254,-1.5523885488510132,1.2363885641098022,0.6013205051422119,0.0,0.0,0.0,0.0,0.0,0.0,0.0,0.0,0.0,0.0,0.0,45.72999954223633,-352.3900146484375,-72.6300048828125,0.0
1780954247274392613,74395,1780954247201676715,base_link,wheel_left_joint,wheel_right_joint,joint1,joint2,joint3,joint4,gripper,0.0015339809469878674,0.0,-0.016873789951205254,-1.5523885488510132,1.2363885641098022,0.6013205051422119,0.0,0.0,0.0,0.0,0.0,0.0,0.0,0.0,0.0,0.0,0.0,45.72999954223633,-352.3900146484375,-67.25,0.0
1780954247312598833,74396,1780954247285676715,base_link,wheel_left_joint,wheel_right_joint,joint1,joint2,joint3,joint4,gripper,0.0015339809469878674,0.0,-0.016873789951205254,-1.5523885488510132,1.2363885641098022,0.6013205051422119,0.0,0.0,0.0,0.0,0.0,0.0,0.0,0.0,0.0,0.0,0.0,45.72999954223633,-352.3900146484375,-69.94000244140625,0.0
1780954247399594451,74397,1780954247320676715,base_link,wheel_left_joint,wheel_right_joint,joint1,joint2,joint3,joint4,gripper,0.0015339809469878674,0.0,-0.016873789951205254,-1.5523885488510132,1.2363885641098022,0.6013205051422119,0.0,0.0,0.0,0.0,0.0,0.0,0.0,0.0,0.0,0.0,0.0,45.72999954223633,-352.3900146484375,-69.94000244140625,0.0
1780954247436607483,74398,1780954247421676715,base_link,wheel_left_joint,wheel_right_joint,joint1,joint2,joint3,joint4,gripper,0.0015339809469878674,0.0,-0.016873789951205254,-1.5523885488510132,1.2363885641098022,0.6013205051422119,0.0,0.0,0.0,0.0,0.0,0.0,0.0,0.0,0.0,0.0,0.0,45.72999954223633,-352.3900146484375,-67.25,0.0
1780954247530735337,74399,1780954247455676715,base_link,wheel_left_joint,wheel_right_joint,joint1,joint2,joint3,joint4,gripper,0.0015339809469878674,0.0,-0.016873789951205254,-1.5523885488510132,1.2363885641098022,0.6013205051422119,0.0,0.0,0.0,0.0,0.0,0.0,0.0,0.0,0.0,0.0,0.0,45.72999954223633,-352.3900146484375,-69.94000244140625,0.0
1780954247566077055,74400,1780954247550676715,base_link,wheel_left_joint,wheel_right_joint,joint1,joint2,joint3,joint4,gripper,0.0015339809469878674,0.0,-0.016873789951205254,-1.5523885488510132,1.2363885641098022,0.6013205051422119,0.0,0.0,0.0,0.0,0.0,0.0,0.0,0.0,0.0,0.0,0.0,45.72999954223633,-349.70001220703125,-67.25,0.0
1780954247663688554,74401,1780954247584676715,base_link,wheel_left_joint,wheel_right_joint,joint1,joint2,joint3,joint4,gripper,0.0015339809469878674,0.0,-0.016873789951205254,-1.5523885488510132,1.2363885641098022,0.6013205051422119,0.0,0.0,0.0,0.0,0.0,0.0,0.0,0.0,0.0,0.0,0.0,45.72999954223633,-352.3900146484375,-67.25,0.0
1780954247704092475,74402,1780954247680676715,base_link,wheel_left_joint,wheel_right_joint,joint1,joint2,joint3,joint4,gripper,0.0015339809469878674,0.0,-0.016873789951205254,-1.5523885488510132,1.2363885641098022,0.6013205051422119,0.0,0.0,0.0,0.0,0.0,0.0,0.0,0.0,0.0,0.0,0.0,45.72999954223633,-349.70001220703125,-67.25,0.0
1780954247798451789,74403,1780954247714676715,base_link,wheel_left_joint,wheel_right_joint,joint1,joint2,joint3,joint4,gripper,0.0015339809469878674,0.0,-0.016873789951205254,-1.5523885488510132,1.2363885641098022,0.6013205051422119,0.0,0.0,0.0,0.0,0.0,0.0,0.0,0.0,0.0,0.0,0.0,45.72999954223633,-352.3900146484375,-69.94000244140625,0.0
1780954247828400244,74404,1780954247806984050,base_link,wheel_left_joint,wheel_right_joint,joint1,joint2,joint3,joint4,gripper,0.0015339809469878674,0.0,-0.016873789951205254,-1.5523885488510132,1.2363885641098022,0.6013205051422119,0.0,0.0,0.0,0.0,0.0,0.0,0.0,0.0,0.0,0.0,0.0,45.72999954223633,-349.70001220703125,-67.25,0.0
1780954247923952498,74405,1780954247840984050,base_link,wheel_left_joint,wheel_right_joint,joint1,joint2,joint3,joint4,gripper,0.0015339809469878674,0.0,-0.016873789951205254,-1.5523885488510132,1.2363885641098022,0.6013205051422119,0.0,0.0,0.0,0.0,0.0,0.0,0.0,0.0,0.0,0.0,0.0,45.72999954223633,-349.70001220703125,-67.25,0.0
1780954247959628347,74406,1780954247939984050,base_link,wheel_left_joint,wheel_right_joint,joint1,joint2,joint3,joint4,gripper,0.0015339809469878674,0.0,-0.016873789951205254,-1.5523885488510132,1.2363885641098022,0.6013205051422119,0.0,0.0,0.0,0.0,0.0,0.0,0.0,0.0,0.0,0.0,0.0,45.72999954223633,-352.3900146484375,-67.25,0.0
1780954248050516744,74407,1780954247973984050,base_link,wheel_left_joint,wheel_right_joint,joint1,joint2,joint3,joint4,gripper,0.0015339809469878674,0.0,-0.016873789951205254,-1.5523885488510132,1.2363885641098022,0.6013205051422119,0.0,0.0,0.0,0.0,0.0,0.0,0.0,0.0,0.0,0.0,0.0,45.72999954223633,-352.3900146484375,-69.94000244140625,0.0
1780954248093722258,74408,1780954248070984050,base_link,wheel_left_joint,wheel_right_joint,joint1,joint2,joint3,joint4,gripper,0.0015339809469878674,0.0,-0.016873789951205254,-1.5523885488510132,1.2363885641098022,0.6013205051422119,0.0,0.0,0.0,0.0,0.0,0.0,0.0,0.0,0.0,0.0,0.0,45.72999954223633,-352.3900146484375,-67.25,0.0
1780954248182287411,74409,1780954248104984050,base_link,wheel_left_joint,wheel_right_joint,joint1,joint2,joint3,joint4,gripper,0.0015339809469878674,0.0,-0.016873789951205254,-1.5523885488510132,1.2363885641098022,0.6013205051422119,0.0,0.0,0.0,0.0,0.0,0.0,0.0,0.0,0.0,0.0,0.0,45.72999954223633,-352.3900146484375,-67.25,0.0
1780954248220261539,74410,1780954248202984050,base_link,wheel_left_joint,wheel_right_joint,joint1,joint2,joint3,joint4,gripper,0.0015339809469878674,0.0,-0.016873789951205254,-1.5523885488510132,1.2363885641098022,0.6013205051422119,0.0,0.0,0.0,0.0,0.0,0.0,0.0,0.0,0.0,0.0,0.0,45.72999954223633,-352.3900146484375,-75.31999969482422,0.0
1780954248311188650,74411,1780954248236984050,base_link,wheel_left_joint,wheel_right_joint,joint1,joint2,joint3,joint4,gripper,0.0015339809469878674,0.0,-0.016873789951205254,-1.5523885488510132,1.2363885641098022,0.6013205051422119,0.0,0.0,0.0,0.0,0.0,0.0,0.0,0.0,0.0,0.0,0.0,45.72999954223633,-349.70001220703125,-67.25,0.0
1780954248348143173,74412,1780954248330984050,base_link,wheel_left_joint,wheel_right_joint,joint1,joint2,joint3,joint4,gripper,0.0015339809469878674,0.0,-0.016873789951205254,-1.5523885488510132,1.2363885641098022,0.6013205051422119,0.0,0.0,0.0,0.0,0.0,0.0,0.0,0.0,0.0,0.0,0.0,45.72999954223633,-352.3900146484375,-67.25,0.0
1780954248442126542,74413,1780954248364984050,base_link,wheel_left_joint,wheel_right_joint,joint1,joint2,joint3,joint4,gripper,0.0015339809469878674,0.0,-0.016873789951205254,-1.5523885488510132,1.2363885641098022,0.6013205051422119,0.0,0.0,0.0,0.0,0.0,0.0,0.0,0.0,0.0,0.0,0.0,45.72999954223633,-352.3900146484375,-67.25,0.0
1780954248478344277,74414,1780954248461984050,base_link,wheel_left_joint,wheel_right_joint,joint1,joint2,joint3,joint4,gripper,0.0015339809469878674,0.0,-0.016873789951205254,-1.5523885488510132,1.2363885641098022,0.6013205051422119,0.0,0.0,0.0,0.0,0.0,0.0,0.0,0.0,0.0,0.0,0.0,45.72999954223633,-352.3900146484375,-67.25,0.0
1780954248572643732,74415,1780954248495984050,base_link,wheel_left_joint,wheel_right_joint,joint1,joint2,joint3,joint4,gripper,0.0015339809469878674,0.0,-0.016873789951205254,-1.5523885488510132,1.2363885641098022,0.6013205051422119,0.0,0.0,0.0,0.0,0.0,0.0,0.0,0.0,0.0,0.0,0.0,45.72999954223633,-352.3900146484375,-67.25,0.0
1780954248607336636,74416,1780954248590984050,base_link,wheel_left_joint,wheel_right_joint,joint1,joint2,joint3,joint4,gripper,0.0015339809469878674,0.0,-0.016873789951205254,-1.5523885488510132,1.2363885641098022,0.6013205051422119,0.0,0.0,0.0,0.0,0.0,0.0,0.0,0.0,0.0,0.0,0.0,45.72999954223633,-352.3900146484375,-67.25,0.0
1780954248705944461,74417,1780954248624984050,base_link,wheel_left_joint,wheel_right_joint,joint1,joint2,joint3,joint4,gripper,0.0015339809469878674,0.0,-0.016873789951205254,-1.5523885488510132,1.2363885641098022,0.6013205051422119,0.0,0.0,0.0,0.0,0.0,0.0,0.0,0.0,0.0,0.0,0.0,45.72999954223633,-352.3900146484375,-72.6300048828125,0.0
1780954248743451017,74418,1780954248725984050,base_link,wheel_left_joint,wheel_right_joint,joint1,joint2,joint3,joint4,gripper,0.0015339809469878674,0.0,-0.016873789951205254,-1.5523885488510132,1.2363885641098022,0.6013205051422119,0.0,0.0,0.0,0.0,0.0,0.0,0.0,0.0,0.0,0.0,0.0,45.72999954223633,-349.70001220703125,-64.55999755859375,0.0
1780954248834640519,74419,1780954248759984050,base_link,wheel_left_joint,wheel_right_joint,joint1,joint2,joint3,joint4,gripper,0.0015339809469878674,0.0,-0.016873789951205254,-1.5523885488510132,1.2363885641098022,0.6013205051422119,0.0,0.0,0.0,0.0,0.0,0.0,0.0,0.0,0.0,0.0,0.0,43.040000915527344,-349.70001220703125,-69.94000244140625,0.0
1780954248870210285,74420,1780954248854984050,base_link,wheel_left_joint,wheel_right_joint,joint1,joint2,joint3,joint4,gripper,0.0015339809469878674,0.0,-0.016873789951205254,-1.5523885488510132,1.2363885641098022,0.6013205051422119,0.0,0.0,0.0,0.0,0.0,0.0,0.0,0.0,0.0,0.0,0.0,45.72999954223633,-352.3900146484375,-69.94000244140625,0.0
1780954248963401294,74421,1780954248888984050,base_link,wheel_left_joint,wheel_right_joint,joint1,joint2,joint3,joint4,gripper,0.0015339809469878674,0.0,-0.016873789951205254,-1.5523885488510132,1.2363885641098022,0.6013205051422119,0.0,0.0,0.0,0.0,0.0,0.0,0.0,0.0,0.0,0.0,0.0,45.72999954223633,-352.3900146484375,-67.25,0.0
1780954248999210829,74422,1780954248980984050,base_link,wheel_left_joint,wheel_right_joint,joint1,joint2,joint3,joint4,gripper,0.0015339809469878674,0.0,-0.016873789951205254,-1.5523885488510132,1.2363885641098022,0.6013205051422119,0.0,0.0,0.0,0.0,0.0,0.0,0.0,0.0,0.0,0.0,0.0,48.42000198364258,-352.3900146484375,-67.25,0.0
1780954249090973117,74423,1780954249014984050,base_link,wheel_left_joint,wheel_right_joint,joint1,joint2,joint3,joint4,gripper,0.0015339809469878674,0.0,-0.016873789951205254,-1.5523885488510132,1.2363885641098022,0.6013205051422119,0.0,0.0,0.0,0.0,0.0,0.0,0.0,0.0,0.0,0.0,0.0,45.72999954223633,-352.3900146484375,-67.25,0.0
1780954249127339493,74424,1780954249106984050,base_link,wheel_left_joint,wheel_right_joint,joint1,joint2,joint3,joint4,gripper,0.0015339809469878674,0.0,-0.016873789951205254,-1.5523885488510132,1.2363885641098022,0.6013205051422119,0.0,0.0,0.0,0.0,0.0,0.0,0.0,0.0,0.0,0.0,0.0,45.72999954223633,-352.3900146484375,-67.25,0.0
1780954249216670316,74425,1780954249140984050,base_link,wheel_left_joint,wheel_right_joint,joint1,joint2,joint3,joint4,gripper,0.0015339809469878674,0.0,-0.016873789951205254,-1.5523885488510132,1.2363885641098022,0.6013205051422119,0.0,0.0,0.0,0.0,0.0,0.0,0.0,0.0,0.0,0.0,0.0,45.72999954223633,-352.3900146484375,-67.25,0.0
1780954249265895795,74426,1780954249233984050,base_link,wheel_left_joint,wheel_right_joint,joint1,joint2,joint3,joint4,gripper,0.0015339809469878674,0.0,-0.016873789951205254,-1.5523885488510132,1.2379225492477417,0.6013205051422119,0.0,0.0,0.0,0.0,0.0,0.0,0.0,0.0,0.0,0.0,0.0,45.72999954223633,-349.70001220703125,-67.25,0.0
1780954249359655203,74427,1780954249267984050,base_link,wheel_left_joint,wheel_right_joint,joint1,joint2,joint3,joint4,gripper,0.0015339809469878674,0.0,-0.016873789951205254,-1.5523885488510132,1.2363885641098022,0.6013205051422119,0.0,0.0,0.0,0.0,0.0,0.0,0.0,0.0,0.0,0.0,0.0,45.72999954223633,-352.3900146484375,-67.25,0.0
1780954249399862882,74428,1780954249375984050,base_link,wheel_left_joint,wheel_right_joint,joint1,joint2,joint3,joint4,gripper,0.0015339809469878674,0.0,-0.016873789951205254,-1.5523885488510132,1.2363885641098022,0.6013205051422119,0.0,0.0,0.0,0.0,0.0,0.0,0.0,0.0,0.0,0.0,0.0,45.72999954223633,-352.3900146484375,-67.25,0.0
1780954249495345888,74429,1780954249409984050,base_link,wheel_left_joint,wheel_right_joint,joint1,joint2,joint3,joint4,gripper,0.0015339809469878674,0.0,-0.016873789951205254,-1.5523885488510132,1.2363885641098022,0.6013205051422119,0.0,0.0,0.0,0.0,0.0,0.0,0.0,0.0,0.0,0.0,0.0,45.72999954223633,-352.3900146484375,-67.25,0.0
1780954249524457238,74430,1780954249501984050,base_link,wheel_left_joint,wheel_right_joint,joint1,joint2,joint3,joint4,gripper,0.0015339809469878674,0.0,-0.016873789951205254,-1.5523885488510132,1.2363885641098022,0.6013205051422119,0.0,0.0,0.0,0.0,0.0,0.0,0.0,0.0,0.0,0.0,0.0,45.72999954223633,-352.3900146484375,-80.70000457763672,0.0
1780954249613848538,74431,1780954249536984050,base_link,wheel_left_joint,wheel_right_joint,joint1,joint2,joint3,joint4,gripper,0.0015339809469878674,0.0,-0.01840776950120926,-1.5508545637130737,1.2363885641098022,0.6013205051422119,0.0,0.0,0.0,0.0,0.0,0.0,0.0,0.0,0.0,0.0,-2.690000057220459,80.70000457763672,-384.6700134277344,-123.74000549316406,0.0
1780954249654433213,74432,1780954249635984050,base_link,wheel_left_joint,wheel_right_joint,joint1,joint2,joint3,joint4,gripper,0.0015339809469878674,0.0,-0.03374757990241051,-1.526310920715332,1.2103108167648315,0.5921165943145752,0.0,0.0,0.0,-0.14388494193553925,0.2637890577316284,-0.2637890577316284,-0.07194247096776962,0.0,0.0,0.0,0.0,67.25,-293.2099914550781,-86.08000183105469,0.0
1780954249748331167,74433,1780954249669984050,base_link,wheel_left_joint,wheel_right_joint,joint1,joint2,joint3,joint4,gripper,0.0,0.0,-0.03988350182771683,-1.5155730247497559,1.199573040008545,0.5890486240386963,0.0,-0.04511708766222,0.0,-0.14388494193553925,0.2877698838710785,-0.2877698838710785,-0.11990412324666977,0.0,0.0,0.0,0.0,37.65999984741211,-301.2799987792969,-83.38999938964844,0.0
1780954249792981122,74434,1780954249769984050,base_link,wheel_left_joint,wheel_right_joint,joint1,joint2,joint3,joint4,gripper,0.0015339809469878674,0.0,-0.05982525274157524,-1.480291485786438,1.1780972480773926,0.5767768025398254,0.0,0.015339810401201248,0.0,-0.16786576807498932,0.33573153614997864,-0.21582742035388947,-0.0959232971072197,0.0,0.0,0.0,0.0,34.970001220703125,-295.8999938964844,-86.08000183105469,0.0
1780954249882966233,74435,1780954249803984050,base_link,wheel_left_joint,wheel_right_joint,joint1,joint2,joint3,joint4,gripper,0.0015339809469878674,0.0,-0.06596117466688156,-1.4695535898208618,1.167359471321106,0.5737088322639465,0.0,0.0,0.0,-0.16786576807498932,0.31175071001052856,-0.23980824649333954,-0.0959232971072197,0.0,0.0,0.0,2.690000057220459,45.72999954223633,-293.2099914550781,-86.08000183105469,0.0
1780954249920982319,74436,1780954249902984050,base_link,wheel_left_joint,wheel_right_joint,joint1,joint2,joint3,joint4,gripper,0.0015339809469878674,0.0,-0.08283496648073196,-1.4373400211334229,1.1458836793899536,0.5629709362983704,0.0,0.0,0.0,-0.16786576807498932,0.31175071001052856,-0.21582742035388947,-0.0959232971072197,0.0,0.0,0.0,0.0,40.35000228881836,-309.3500061035156,-80.70000457763672,0.0
1780954250014253487,74437,1780954249936984050,base_link,wheel_left_joint,wheel_right_joint,joint1,joint2,joint3,joint4,gripper,0.0015339809469878674,0.0,-0.08897088468074799,-1.4266021251678467,1.1351457834243774,0.5599030256271362,0.0,0.0,0.0,-0.16786576807498932,0.31175071001052856,-0.23980824649333954,-0.0959232971072197,0.0,0.0,0.0,-5.380000114440918,32.279998779296875,-293.2099914550781,-88.77000427246094,0.0
1780954250047655989,74438,1780954250032984050,base_link,wheel_left_joint,wheel_right_joint,joint1,joint2,joint3,joint4,gripper,0.0015339809469878674,0.0,-0.10737866163253784,-1.3959225416183472,1.1136701107025146,0.5491651296615601,0.0,0.0,0.0,-0.16786576807498932,0.31175071001052856,-0.21582742035388947,-0.0959232971072197,0.0,0.0,0.0,0.0,26.900001525878906,-312.0400085449219,-80.70000457763672,0.0
1780954250141057753,74439,1780954250066984050,base_link,wheel_left_joint,wheel_right_joint,joint1,joint2,joint3,joint4,gripper,0.0015339809469878674,0.0,-0.11198060214519501,-1.3836506605148315,1.1060001850128174,0.5460971593856812,0.0,0.0,0.0,-0.16786576807498932,0.31175071001052856,-0.21582742035388947,-0.0959232971072197,0.0,0.0,0.0,0.0,32.279998779296875,-301.2799987792969,-83.38999938964844,0.0
1780954250177338844,74440,1780954250161984050,base_link,wheel_left_joint,wheel_right_joint,joint1,joint2,joint3,joint4,gripper,0.0015339809469878674,0.0,-0.13038836419582367,-1.352971076965332,1.0799225568771362,0.5353593230247498,0.0,0.0,0.0,-0.16786576807498932,0.31175071001052856,-0.2637890577316284,-0.0959232971072197,0.0,0.0,0.0,0.0,29.59000015258789,-279.760009765625,-88.77000427246094,0.0
1780954250277953757,74441,1780954250195984050,base_link,wheel_left_joint,wheel_right_joint,joint1,joint2,joint3,joint4,gripper,0.0015339809469878674,0.0,-0.13499031960964203,-1.3422331809997559,1.0707186460494995,0.5322913527488708,0.0,0.0,0.0,-0.16786576807498932,0.31175071001052856,-0.2637890577316284,-0.0959232971072197,0.0,0.0,0.0,0.0,26.900001525878906,-298.5899963378906,-88.77000427246094,0.0
1780954250326280106,74442,1780954250324262899,base_link,wheel_left_joint,wheel_right_joint,joint1,joint2,joint3,joint4,gripper,0.0015339809469878674,0.0,-0.15493206679821014,-1.3084856271743774,1.0477088689804077,0.5215534567832947,0.0,0.0,0.0,-0.16786576807498932,0.33573153614997864,-0.23980824649333954,-0.0959232971072197,0.0,0.0,0.0,0.0,16.139999389648438,-290.52001953125,-88.77000427246094,0.0
1780954250408987866,74443,1780954250358262899,base_link,wheel_left_joint,wheel_right_joint,joint1,joint2,joint3,joint4,gripper,0.0015339809469878674,0.0,-0.1595340073108673,-1.2977477312088013,1.0400390625,0.5169515609741211,0.0,0.0,0.0,-0.16786576807498932,0.31175071001052856,-0.23980824649333954,-0.0959232971072197,0.0,0.0,0.0,-8.069999694824219,24.21000099182129,-301.2799987792969,-88.77000427246094,0.0
1780954250426037044,74444,1780954250459262899,base_link,wheel_left_joint,wheel_right_joint,joint1,joint2,joint3,joint4,gripper,0.0015339809469878674,0.0,-0.17794176936149597,-1.2655341625213623,1.0139613151550293,0.5077476501464844,0.0,0.0,0.0,-0.16786576807498932,0.31175071001052856,-0.21582742035388947,-0.0959232971072197,0.0,0.0,0.0,-2.690000057220459,5.380000114440918,-298.5899963378906,-94.1500015258789,0.0
1780954250477542488,74445,1780954250493262899,base_link,wheel_left_joint,wheel_right_joint,joint1,joint2,joint3,joint4,gripper,0.0015339809469878674,0.0,-0.1840776950120926,-1.2532622814178467,1.0047574043273926,0.503145694732666,0.0,0.0,0.0,-0.16786576807498932,0.31175071001052856,-0.23980824649333954,-0.0959232971072197,0.0,0.0,0.0,2.690000057220459,2.690000057220459,-314.7300109863281,-86.08000183105469,0.0
1780954250507186981,74446,1780954250549262899,base_link,wheel_left_joint,wheel_right_joint,joint1,joint2,joint3,joint4,gripper,0.0015339809469878674,0.0,-0.19481556117534637,-1.2363885641098022,0.9924855828285217,0.4970097839832306,0.0,0.0,0.0,-0.16786576807498932,0.31175071001052856,-0.21582742035388947,-0.0959232971072197,0.0,0.0,0.0,5.380000114440918,5.380000114440918,-330.8699951171875,-94.1500015258789,0.0
1780954250600462634,74447,1780954250583262899,base_link,wheel_left_joint,wheel_right_joint,joint1,joint2,joint3,joint4,gripper,0.0015339809469878674,0.0,-0.200951486825943,-1.2271846532821655,0.9848157167434692,0.4924078583717346,0.0,0.0,0.0,-0.16786576807498932,0.31175071001052856,-0.21582742035388947,-0.0959232971072197,0.0,0.0,0.0,2.690000057220459,5.380000114440918,-325.4900207519531,-91.45999908447266,0.0
1780954250639377292,74448,1780954250643262899,base_link,wheel_left_joint,wheel_right_joint,joint1,joint2,joint3,joint4,gripper,0.0015339809469878674,0.0,-0.21168935298919678,-1.2057089805603027,0.9694758653640747,0.4862719178199768,0.0,0.0,0.0,-0.16786576807498932,0.31175071001052856,-0.23980824649333954,-0.0959232971072197,0.0,0.0,0.0,5.380000114440918,0.0,-312.0400085449219,-80.70000457763672,0.0
1780954250735077208,74449,1780954250677262899,base_link,wheel_left_joint,wheel_right_joint,joint1,joint2,joint3,joint4,gripper,0.0015339809469878674,0.0,-0.2178252786397934,-1.1949710845947266,0.9602720141410828,0.4832039475440979,0.0,0.0,0.0,-0.16786576807498932,0.31175071001052856,-0.2637890577316284,-0.0959232971072197,0.0,0.0,0.0,0.0,0.0,-301.2799987792969,-86.08000183105469,0.0
1780954250763725300,74450,1780954250773262899,base_link,wheel_left_joint,wheel_right_joint,joint1,joint2,joint3,joint4,gripper,0.0015339809469878674,0.0,-0.2346990704536438,-1.1627575159072876,0.9357283115386963,0.4724660813808441,0.0,0.0,0.0,-0.16786576807498932,0.31175071001052856,-0.23980824649333954,-0.0959232971072197,0.0,0.0,0.0,0.0,-2.690000057220459,-293.2099914550781,-80.70000457763672,0.0
1780954250856845331,74451,1780954250807262899,base_link,wheel_left_joint,wheel_right_joint,joint1,joint2,joint3,joint4,gripper,0.0015339809469878674,0.0,-0.24083499610424042,-1.1489516496658325,0.928058385848999,0.4693981409072876,0.0,0.0,0.0,-0.16786576807498932,0.33573153614997864,-0.23980824649333954,-0.0959232971072197,0.0,0.0,0.0,5.380000114440918,-2.690000057220459,-293.2099914550781,-91.45999908447266,0.0
1780954250893750670,74452,1780954250903262899,base_link,wheel_left_joint,wheel_right_joint,joint1,joint2,joint3,joint4,gripper,0.0015339809469878674,0.0,-0.2577087879180908,-1.118272066116333,0.905048668384552,0.4586602747440338,0.0,0.0,0.0,-0.16786576807498932,0.31175071001052856,-0.21582742035388947,-0.0959232971072197,0.0,0.0,0.0,0.0,0.0,-312.0400085449219,-91.45999908447266,0.0
1780954250985278870,74453,1780954250937262899,base_link,wheel_left_joint,wheel_right_joint,joint1,joint2,joint3,joint4,gripper,0.0015339809469878674,0.0,-0.26384469866752625,-1.1090681552886963,0.8973788022994995,0.45405831933021545,0.0,0.0,0.0,-0.16786576807498932,0.2877698838710785,-0.21582742035388947,-0.0959232971072197,0.0,0.0,0.0,2.690000057220459,0.0,-317.4200134277344,-80.70000457763672,0.0
1780954251024859276,74454,1780954251033262899,base_link,wheel_left_joint,wheel_right_joint,joint1,joint2,joint3,joint4,gripper,0.0015339809469878674,0.0,-0.2822524607181549,-1.0783885717391968,0.872835099697113,0.44332045316696167,0.0,0.0,0.0,-0.16786576807498932,0.31175071001052856,-0.23980824649333954,-0.0959232971072197,0.0,0.0,0.0,0.0,-10.760000228881836,-320.1100158691406,-86.08000183105469,0.0
1780954251115903260,74455,1780954251067262899,base_link,wheel_left_joint,wheel_right_joint,joint1,joint2,joint3,joint4,gripper,0.0015339809469878674,0.0,-0.2883884012699127,-1.0676506757736206,0.8651651740074158,0.44025251269340515,0.0,0.0,0.0,-0.16786576807498932,0.31175071001052856,-0.21582742035388947,-0.0959232971072197,0.0,0.0,0.0,-5.380000114440918,-24.21000099182129,-325.4900207519531,-83.38999938964844,0.0
1780954251156811901,74456,1780954251164262899,base_link,wheel_left_joint,wheel_right_joint,joint1,joint2,joint3,joint4,gripper,0.0015339809469878674,0.0,-0.29759228229522705,-1.0599807500839233,0.8574953079223633,0.4325825870037079,0.0,0.0,0.0,-0.0959232971072197,0.07194247096776962,-0.07194247096776962,-0.07194247096776962,0.0,0.0,0.0,0.0,-5.380000114440918,-349.70001220703125,-80.70000457763672,0.0
1780954251246923860,74457,1780954251198262899,base_link,wheel_left_joint,wheel_right_joint,joint1,joint2,joint3,joint4,gripper,0.0015339809469878674,0.0,-0.29759228229522705,-1.0599807500839233,0.8574953079223633,0.43104860186576843,0.0,0.0,0.0,-0.023980824276804924,0.0,0.0,-0.04796164855360985,0.0,0.0,0.0,0.0,-2.690000057220459,-352.3900146484375,-83.38999938964844,0.0
1780954251283357246,74458,1780954251296262899,base_link,wheel_left_joint,wheel_right_joint,joint1,joint2,joint3,joint4,gripper,0.0015339809469878674,0.0,-0.29759228229522705,-1.0584467649459839,0.8574953079223633,0.43104860186576843,0.0,0.0,0.0,0.0,0.0,0.0,0.0,0.0,0.0,0.0,0.0,-5.380000114440918,-352.3900146484375,-78.01000213623047,0.0
1780954251376012157,74459,1780954251330262899,base_link,wheel_left_joint,wheel_right_joint,joint1,joint2,joint3,joint4,gripper,0.0015339809469878674,0.0,-0.29759228229522705,-1.0569127798080444,0.8574953079223633,0.4325825870037079,0.0,0.0,0.0,0.0,0.0,0.0,0.0,0.0,0.0,0.0,0.0,-5.380000114440918,-352.3900146484375,-69.94000244140625,0.0
1780954251413051011,74460,1780954251426262899,base_link,wheel_left_joint,wheel_right_joint,joint1,joint2,joint3,joint4,gripper,0.0015339809469878674,0.0,-0.29759228229522705,-1.0584467649459839,0.8574953079223633,0.43104860186576843,0.0,0.0,0.0,0.0,0.0,0.0,0.0,0.0,0.0,0.0,0.0,-5.380000114440918,-352.3900146484375,-69.94000244140625,0.0
1780954251507561099,74461,1780954251460262899,base_link,wheel_left_joint,wheel_right_joint,joint1,joint2,joint3,joint4,gripper,0.0015339809469878674,0.0,-0.29759228229522705,-1.0584467649459839,0.8574953079223633,0.43104860186576843,0.0,0.0,0.0,0.0,0.0,0.0,0.0,0.0,0.0,0.0,0.0,-5.380000114440918,-352.3900146484375,-67.25,0.0
1780954251553556777,74462,1780954251556262899,base_link,wheel_left_joint,wheel_right_joint,joint1,joint2,joint3,joint4,gripper,0.0015339809469878674,0.0,-0.29759228229522705,-1.0584467649459839,0.8574953079223633,0.43104860186576843,0.0,0.0,0.0,0.0,0.0,0.0,0.0,0.0,0.0,0.0,0.0,-5.380000114440918,-352.3900146484375,-75.31999969482422,0.0
1780954251645159272,74463,1780954251590262899,base_link,wheel_left_joint,wheel_right_joint,joint1,joint2,joint3,joint4,gripper,0.0015339809469878674,0.0,-0.29759228229522705,-1.0584467649459839,0.8574953079223633,0.43104860186576843,0.0,0.0,0.0,0.0,0.0,0.0,0.0,0.0,0.0,0.0,0.0,-5.380000114440918,-352.3900146484375,-80.70000457763672,0.0
1780954251673439897,74464,1780954251687262899,base_link,wheel_left_joint,wheel_right_joint,joint1,joint2,joint3,joint4,gripper,0.0015339809469878674,0.0,-0.29759228229522705,-1.0569127798080444,0.8574953079223633,0.43104860186576843,0.0,0.0,0.0,0.0,0.0,0.0,0.0,0.0,0.0,0.0,0.0,-8.069999694824219,-352.3900146484375,-75.31999969482422,0.0
1780954251774272783,74465,1780954251721262899,base_link,wheel_left_joint,wheel_right_joint,joint1,joint2,joint3,joint4,gripper,0.0015339809469878674,0.0,-0.29759228229522705,-1.0584467649459839,0.8574953079223633,0.43104860186576843,0.0,0.0,0.0,0.0,0.0,0.0,0.0,0.0,0.0,0.0,0.0,-2.690000057220459,-352.3900146484375,-78.01000213623047,0.0
1780954251810040982,74466,1780954251821262899,base_link,wheel_left_joint,wheel_right_joint,joint1,joint2,joint3,joint4,gripper,0.0015339809469878674,0.0,-0.29759228229522705,-1.0584467649459839,0.8574953079223633,0.43104860186576843,0.0,0.0,0.0,0.0,0.0,0.0,0.0,0.0,0.0,0.0,0.0,-13.450000762939453,-352.3900146484375,-72.6300048828125,0.0
1780954251895413309,74467,1780954251853262899,base_link,wheel_left_joint,wheel_right_joint,joint1,joint2,joint3,joint4,gripper,0.0015339809469878674,0.0,-0.29759228229522705,-1.0584467649459839,0.8574953079223633,0.43104860186576843,0.0,0.0,0.0,0.0,0.0,0.0,0.0,0.0,0.0,0.0,0.0,-5.380000114440918,-392.7400207519531,-102.22000122070312,0.0
1780954251940069877,74468,1780954251948262899,base_link,wheel_left_joint,wheel_right_joint,joint1,joint2,joint3,joint4,gripper,0.0015339809469878674,0.0,-0.30526217818260193,-1.0461748838424683,0.8452234268188477,0.42644667625427246,0.0,0.0,0.0,-0.07194247096776962,0.0959232971072197,-0.11990412324666977,-0.023980824276804924,0.0,0.0,0.0,13.450000762939453,-8.069999694824219,-322.8000183105469,-91.45999908447266,0.0
1780954252035018622,74469,1780954251982262899,base_link,wheel_left_joint,wheel_right_joint,joint1,joint2,joint3,joint4,gripper,0.0015339809469878674,0.0,-0.30833014845848083,-1.04157292842865,0.8390874862670898,0.42644667625427246,0.0,0.0,0.0,-0.0959232971072197,0.14388494193553925,-0.16786576807498932,-0.04796164855360985,0.0,0.0,0.0,-2.690000057220459,-10.760000228881836,-328.17999267578125,-86.08000183105469,0.0
1780954252062904933,74470,1780954252072262899,base_link,wheel_left_joint,wheel_right_joint,joint1,joint2,joint3,joint4,gripper,0.0015339809469878674,0.0,-0.3160000443458557,-1.0277671813964844,0.826815664768219,0.42031073570251465,0.0,0.0,0.0,-0.0959232971072197,0.14388494193553925,-0.11990412324666977,-0.04796164855360985,0.0,0.0,0.0,10.760000228881836,-24.21000099182129,-322.8000183105469,-83.38999938964844,0.0
1780954252159194483,74471,1780954252106262899,base_link,wheel_left_joint,wheel_right_joint,joint1,joint2,joint3,joint4,gripper,0.0015339809469878674,0.0,-0.3190680146217346,-1.0216312408447266,0.8237476944923401,0.4187767803668976,0.0,0.0,0.0,-0.07194247096776962,0.14388494193553925,-0.11990412324666977,-0.04796164855360985,0.0,0.0,0.0,5.380000114440918,-16.139999389648438,-336.25,-94.1500015258789,0.0
1780954252196606863,74472,1780954252206262899,base_link,wheel_left_joint,wheel_right_joint,joint1,joint2,joint3,joint4,gripper,0.0015339809469878674,0.0,-0.32827189564704895,-1.006291389465332,0.8099418878555298,0.41264083981513977,0.0,0.0,0.0,-0.0959232971072197,0.14388494193553925,-0.14388494193553925,-0.04796164855360985,0.0,0.0,0.0,5.380000114440918,-24.21000099182129,-320.1100158691406,-88.77000427246094,0.0
1780954252288257790,74473,1780954252240262899,base_link,wheel_left_joint,wheel_right_joint,joint1,joint2,joint3,joint4,gripper,0.0015339809469878674,0.0,-0.33133986592292786,-1.0001554489135742,0.803805947303772,0.4111068546772003,0.0,0.0,0.0,-0.07194247096776962,0.14388494193553925,-0.14388494193553925,-0.04796164855360985,0.0,0.0,0.0,-2.690000057220459,-18.829999923706055,-298.5899963378906,-88.77000427246094,0.0
1780954252328603163,74474,1780954252336262899,base_link,wheel_left_joint,wheel_right_joint,joint1,joint2,joint3,joint4,gripper,0.0015339809469878674,0.0,-0.3405437469482422,-0.9863497018814087,0.7900001406669617,0.4049709439277649,0.0,0.0,0.0,-0.07194247096776962,0.14388494193553925,-0.11990412324666977,-0.04796164855360985,0.0,0.0,0.0,10.760000228881836,-24.21000099182129,-320.1100158691406,-86.08000183105469,0.0
1780954252422365475,74475,1780954252370262899,base_link,wheel_left_joint,wheel_right_joint,joint1,joint2,joint3,joint4,gripper,0.0015339809469878674,0.0,-0.34207773208618164,-0.9802137613296509,0.7869321703910828,0.4049709439277649,0.0,0.0,0.0,-0.07194247096776962,0.14388494193553925,-0.0959232971072197,-0.04796164855360985,0.0,0.0,0.0,13.450000762939453,-2.690000057220459,-333.55999755859375,-102.22000122070312,0.0
1780954252462168234,74476,1780954252470262899,base_link,wheel_left_joint,wheel_right_joint,joint1,joint2,joint3,joint4,gripper,0.0015339809469878674,0.0,-0.35128161311149597,-0.9664078950881958,0.7761942744255066,0.3988350033760071,0.0,0.0,0.0,-0.07194247096776962,0.14388494193553925,-0.11990412324666977,-0.04796164855360985,0.0,0.0,0.0,13.450000762939453,-10.760000228881836,-379.2900085449219,-94.1500015258789,0.0
1780954252555011391,74477,1780954252504262899,base_link,wheel_left_joint,wheel_right_joint,joint1,joint2,joint3,joint4,gripper,0.0015339809469878674,0.0,-0.3543495833873749,-0.9602720141410828,0.7700583934783936,0.39730104804039,0.0,0.0,0.0,-0.07194247096776962,0.14388494193553925,-0.11990412324666977,-0.04796164855360985,0.0,0.0,0.0,16.139999389648438,-18.829999923706055,-317.4200134277344,-96.84000396728516,0.0
1780954252592823569,74478,1780954252603262899,base_link,wheel_left_joint,wheel_right_joint,joint1,joint2,joint3,joint4,gripper,0.0015339809469878674,0.0,-0.3635534644126892,-0.9449321627616882,0.7562525272369385,0.39269909262657166,0.0,0.0,0.0,-0.07194247096776962,0.14388494193553925,-0.14388494193553925,-0.023980824276804924,0.0,0.0,0.0,10.760000228881836,-18.829999923706055,-312.0400085449219,-94.1500015258789,0.0
1780954252685133891,74479,1780954252637262899,base_link,wheel_left_joint,wheel_right_joint,joint1,joint2,joint3,joint4,gripper,0.0015339809469878674,0.0,-0.3666214048862457,-0.9387962818145752,0.7516506314277649,0.38963112235069275,0.0,0.0,0.0,-0.07194247096776962,0.14388494193553925,-0.11990412324666977,-0.04796164855360985,0.0,0.0,0.0,13.450000762939453,-21.520000457763672,-312.0400085449219,-83.38999938964844,0.0
1780954252728914787,74480,1780954252734262899,base_link,wheel_left_joint,wheel_right_joint,joint1,joint2,joint3,joint4,gripper,0.0015339809469878674,0.0,-0.374291330575943,-0.9234564304351807,0.7409127354621887,0.3850291967391968,0.0,0.0,0.0,-0.07194247096776962,0.14388494193553925,-0.0959232971072197,-0.04796164855360985,0.0,0.0,0.0,-10.760000228881836,-24.21000099182129,-338.94000244140625,-91.45999908447266,0.0
1780954252829650295,74481,1780954252768262899,base_link,wheel_left_joint,wheel_right_joint,joint1,joint2,joint3,joint4,gripper,0.0015339809469878674,0.0,-0.37889325618743896,-0.9173205494880676,0.7363107800483704,0.3834952116012573,0.0,0.0,0.0,-0.07194247096776962,0.14388494193553925,-0.0959232971072197,-0.04796164855360985,0.0,0.0,0.0,13.450000762939453,-26.900001525878906,-330.8699951171875,-96.84000396728516,0.0
1780954252864999284,74482,1780954252840184251,base_link,wheel_left_joint,wheel_right_joint,joint1,joint2,joint3,joint4,gripper,0.0015339809469878674,0.0,-0.3880971372127533,-0.9019807577133179,0.7225049734115601,0.3773592710494995,0.0,0.0,0.0,-0.07194247096776962,0.14388494193553925,-0.14388494193553925,-0.04796164855360985,0.0,0.0,0.0,-5.380000114440918,-26.900001525878906,-333.55999755859375,-88.77000427246094,0.0
1780954252960073467,74483,1780954252874184251,base_link,wheel_left_joint,wheel_right_joint,joint1,joint2,joint3,joint4,gripper,0.0015339809469878674,0.0,-0.3911651074886322,-0.8958448171615601,0.7163690328598022,0.37582531571388245,0.0,0.0,0.0,-0.07194247096776962,0.14388494193553925,-0.14388494193553925,-0.04796164855360985,0.0,0.0,0.0,0.0,-29.59000015258789,-336.25,-88.77000427246094,0.0
1780954252996399989,74484,1780954252971184251,base_link,wheel_left_joint,wheel_right_joint,joint1,joint2,joint3,joint4,gripper,0.0015339809469878674,0.0,-0.40036898851394653,-0.8805050253868103,0.7040972113609314,0.3712233603000641,0.0,0.0,0.0,-0.07194247096776962,0.14388494193553925,-0.11990412324666977,-0.023980824276804924,0.0,0.0,0.0,13.450000762939453,-29.59000015258789,-330.8699951171875,-91.45999908447266,0.0
1780954253094093505,74485,1780954253005184251,base_link,wheel_left_joint,wheel_right_joint,joint1,joint2,joint3,joint4,gripper,0.0015339809469878674,0.0,-0.40343695878982544,-0.8759030699729919,0.7010292410850525,0.3681553900241852,0.0,0.0,0.0,-0.07194247096776962,0.14388494193553925,-0.11990412324666977,-0.023980824276804924,0.0,0.0,0.0,2.690000057220459,-32.279998779296875,-344.32000732421875,-88.77000427246094,0.0
1780954253131624923,74486,1780954253104184251,base_link,wheel_left_joint,wheel_right_joint,joint1,joint2,joint3,joint4,gripper,0.0015339809469878674,0.0,-0.4111068546772003,-0.8590292930603027,0.6872234344482422,0.3635534644126892,0.0,0.0,0.0,-0.07194247096776962,0.14388494193553925,-0.11990412324666977,-0.04796164855360985,0.0,0.0,0.0,10.760000228881836,-29.59000015258789,-298.5899963378906,-104.91000366210938,0.0
1780954253226441122,74487,1780954253138184251,base_link,wheel_left_joint,wheel_right_joint,joint1,joint2,joint3,joint4,gripper,0.0015339809469878674,0.0,-0.4141748249530792,-0.8544273376464844,0.6810874938964844,0.36201947927474976,0.0,0.0,0.0,-0.07194247096776962,0.14388494193553925,-0.14388494193553925,-0.04796164855360985,0.0,0.0,0.0,8.069999694824219,-26.900001525878906,-298.5899963378906,-94.1500015258789,0.0
1780954253262278027,74488,1780954253238184251,base_link,wheel_left_joint,wheel_right_joint,joint1,joint2,joint3,joint4,gripper,0.0015339809469878674,0.0,-0.42337870597839355,-0.8390874862670898,0.6672816872596741,0.35588353872299194,0.0,0.0,0.0,-0.07194247096776962,0.14388494193553925,-0.11990412324666977,-0.04796164855360985,0.0,0.0,0.0,18.829999923706055,-32.279998779296875,-338.94000244140625,-83.38999938964844,0.0
1780954253357058125,74489,1780954253272184251,base_link,wheel_left_joint,wheel_right_joint,joint1,joint2,joint3,joint4,gripper,0.0015339809469878674,0.0,-0.42644667625427246,-0.8329516053199768,0.6626797318458557,0.3528155982494354,0.0,0.0,0.0,-0.07194247096776962,0.14388494193553925,-0.11990412324666977,-0.04796164855360985,0.0,0.0,0.0,8.069999694824219,-26.900001525878906,-306.6600036621094,-88.77000427246094,0.0
1780954253393416669,74490,1780954253369184251,base_link,wheel_left_joint,wheel_right_joint,joint1,joint2,joint3,joint4,gripper,0.0,0.0,-0.43411657214164734,-0.8176117539405823,0.6519418358802795,0.34821364283561707,0.0,-0.01581423729658127,0.0,-0.07194247096776962,0.14388494193553925,-0.0959232971072197,-0.04796164855360985,0.0,0.0,0.0,5.380000114440918,-43.040000915527344,-312.0400085449219,-86.08000183105469,0.0
1780954253484159458,74491,1780954253403184251,base_link,wheel_left_joint,wheel_right_joint,joint1,joint2,joint3,joint4,gripper,0.0015339809469878674,0.0,-0.4356505572795868,-0.8130098581314087,0.6504078507423401,0.3466796576976776,0.0,0.04511708766222,0.0,-0.04796164855360985,0.11990412324666977,-0.0959232971072197,-0.04796164855360985,0.0,0.0,0.0,0.0,-34.970001220703125,-333.55999755859375,-91.45999908447266,0.0
1780954253525978539,74492,1780954253500184251,base_link,wheel_left_joint,wheel_right_joint,joint1,joint2,joint3,joint4,gripper,0.0015339809469878674,0.0,-0.4356505572795868,-0.8114758729934692,0.6504078507423401,0.3436117172241211,0.0,0.0,0.0,0.0,0.0,0.0,-0.023980824276804924,0.0,0.0,0.0,0.0,-24.21000099182129,-336.25,-104.91000366210938,0.0
1780954253616628263,74493,1780954253534184251,base_link,wheel_left_joint,wheel_right_joint,joint1,joint2,joint3,joint4,gripper,0.0015339809469878674,0.0,-0.4356505572795868,-0.8114758729934692,0.6504078507423401,0.3436117172241211,0.0,0.0,0.0,0.0,0.0,0.0,0.0,0.0,0.0,0.0,0.0,-21.520000457763672,-336.25,-104.91000366210938,0.0
1780954253658242702,74494,1780954253629184251,base_link,wheel_left_joint,wheel_right_joint,joint1,joint2,joint3,joint4,gripper,0.0015339809469878674,0.0,-0.4356505572795868,-0.8114758729934692,0.6504078507423401,0.34514567255973816,0.0,0.0,0.0,0.0,0.0,0.0,0.0,0.0,0.0,0.0,0.0,-24.21000099182129,-338.94000244140625,-107.60000610351562,0.0
1780954253748452210,74495,1780954253663184251,base_link,wheel_left_joint,wheel_right_joint,joint1,joint2,joint3,joint4,gripper,0.0015339809469878674,0.0,-0.4356505572795868,-0.8114758729934692,0.6504078507423401,0.3436117172241211,0.0,0.0,0.0,0.0,0.0,0.0,0.0,0.0,0.0,0.0,0.0,-16.139999389648438,-338.94000244140625,-99.52999877929688,0.0
1780954253787890619,74496,1780954253764184251,base_link,wheel_left_joint,wheel_right_joint,joint1,joint2,joint3,joint4,gripper,0.0015339809469878674,0.0,-0.4356505572795868,-0.8114758729934692,0.6504078507423401,0.3436117172241211,0.0,0.0,0.0,0.0,0.0,0.0,0.0,0.0,0.0,0.0,0.0,-16.139999389648438,-338.94000244140625,-102.22000122070312,0.0
1780954253875578032,74497,1780954253798184251,base_link,wheel_left_joint,wheel_right_joint,joint1,joint2,joint3,joint4,gripper,0.0015339809469878674,0.0,-0.4356505572795868,-0.8114758729934692,0.6504078507423401,0.3436117172241211,0.0,0.0,0.0,0.0,0.0,0.0,0.0,0.0,0.0,0.0,0.0,-21.520000457763672,-338.94000244140625,-102.22000122070312,0.0
1780954253898187453,74498,1780954253897184251,base_link,wheel_left_joint,wheel_right_joint,joint1,joint2,joint3,joint4,gripper,0.0015339809469878674,0.0,-0.4356505572795868,-0.8114758729934692,0.6504078507423401,0.3436117172241211,0.0,0.0,0.0,0.0,0.0,0.0,0.0,0.0,0.0,0.0,0.0,-21.520000457763672,-338.94000244140625,-102.22000122070312,0.0
1780954253950274519,74499,1780954253931184251,base_link,wheel_left_joint,wheel_right_joint,joint1,joint2,joint3,joint4,gripper,0.0015339809469878674,0.0,-0.4356505572795868,-0.8114758729934692,0.6504078507423401,0.3436117172241211,0.0,0.0,0.0,0.0,0.0,0.0,0.0,0.0,0.0,0.0,0.0,-21.520000457763672,-338.94000244140625,-104.91000366210938,0.0
1780954253979246620,74500,1780954253987184251,base_link,wheel_left_joint,wheel_right_joint,joint1,joint2,joint3,joint4,gripper,0.0015339809469878674,0.0,-0.4356505572795868,-0.8114758729934692,0.6504078507423401,0.3436117172241211,0.0,0.0,0.0,0.0,0.0,0.0,0.0,0.0,0.0,0.0,0.0,-10.760000228881836,-338.94000244140625,-99.52999877929688,0.0
1780954254072587416,74501,1780954254021184251,base_link,wheel_left_joint,wheel_right_joint,joint1,joint2,joint3,joint4,gripper,0.0015339809469878674,0.0,-0.4356505572795868,-0.8114758729934692,0.6504078507423401,0.34514567255973816,0.0,0.0,0.0,0.0,0.0,0.0,0.0,0.0,0.0,0.0,0.0,-16.139999389648438,-338.94000244140625,-102.22000122070312,0.0
1780954254116853394,74502,1780954254097184251,base_link,wheel_left_joint,wheel_right_joint,joint1,joint2,joint3,joint4,gripper,0.0015339809469878674,0.0,-0.4356505572795868,-0.8114758729934692,0.6504078507423401,0.34514567255973816,0.0,0.0,0.0,0.0,0.0,0.0,0.0,0.0,0.0,0.0,0.0,-18.829999923706055,-338.94000244140625,-99.52999877929688,0.0
1780954254213762842,74503,1780954254132184251,base_link,wheel_left_joint,wheel_right_joint,joint1,joint2,joint3,joint4,gripper,0.0015339809469878674,0.0,-0.4356505572795868,-0.8114758729934692,0.6504078507423401,0.34514567255973816,0.0,0.0,0.0,0.0,0.0,0.0,0.0,0.0,0.0,0.0,0.0,-18.829999923706055,-349.70001220703125,-118.36000061035156,0.0
1780954254249249022,74504,1780954254224184251,base_link,wheel_left_joint,wheel_right_joint,joint1,joint2,joint3,joint4,gripper,0.0015339809469878674,0.0,-0.4448544383049011,-0.7992039918899536,0.6381360292434692,0.3374757766723633,0.0,0.0,0.0,-0.07194247096776962,0.11990412324666977,-0.0959232971072197,-0.04796164855360985,0.0,0.0,0.0,0.0,-34.970001220703125,-290.52001953125,-83.38999938964844,0.0
1780954254343956263,74505,1780954254258184251,base_link,wheel_left_joint,wheel_right_joint,joint1,joint2,joint3,joint4,gripper,0.0015339809469878674,0.0,-0.4494563937187195,-0.7915341258049011,0.630466103553772,0.3344078063964844,0.0,0.0,0.0,-0.11990412324666977,0.1918465942144394,-0.21582742035388947,-0.07194247096776962,0.0,0.0,0.0,-2.690000057220459,-29.59000015258789,-295.8999938964844,-78.01000213623047,0.0
1780954254371906700,74506,1780954254352184251,base_link,wheel_left_joint,wheel_right_joint,joint1,joint2,joint3,joint4,gripper,0.0015339809469878674,0.0,-0.46019425988197327,-0.7700583934783936,0.6105243563652039,0.3267379105091095,0.0,0.0,0.0,-0.11990412324666977,0.21582742035388947,-0.1918465942144394,-0.07194247096776962,0.0,0.0,0.0,-5.380000114440918,-32.279998779296875,-309.3500061035156,-96.84000396728516,0.0
1780954254464592483,74507,1780954254386184251,base_link,wheel_left_joint,wheel_right_joint,joint1,joint2,joint3,joint4,gripper,0.0015339809469878674,0.0,-0.46479618549346924,-0.7608544826507568,0.6059224009513855,0.323669970035553,0.0,0.0,0.0,-0.11990412324666977,0.21582742035388947,-0.16786576807498932,-0.07194247096776962,0.0,0.0,0.0,-5.380000114440918,-37.65999984741211,-333.55999755859375,-86.08000183105469,0.0
1780954254501010387,74508,1780954254477184251,base_link,wheel_left_joint,wheel_right_joint,joint1,joint2,joint3,joint4,gripper,0.0015339809469878674,0.0,-0.4770680367946625,-0.7393787503242493,0.5890486240386963,0.3160000443458557,0.0,0.0,0.0,-0.11990412324666977,0.21582742035388947,-0.16786576807498932,-0.07194247096776962,0.0,0.0,0.0,8.069999694824219,-51.11000061035156,-303.9700012207031,-83.38999938964844,0.0
1780954254595607445,74509,1780954254511184251,base_link,wheel_left_joint,wheel_right_joint,joint1,joint2,joint3,joint4,gripper,0.0015339809469878674,0.0,-0.48166999220848083,-0.7317088842391968,0.5813787579536438,0.3129321038722992,0.0,0.0,0.0,-0.11990412324666977,0.21582742035388947,-0.1918465942144394,-0.07194247096776962,0.0,0.0,0.0,0.0,-40.35000228881836,-322.8000183105469,-78.01000213623047,0.0
1780954254632028258,74510,1780954254608184251,base_link,wheel_left_joint,wheel_right_joint,joint1,joint2,joint3,joint4,gripper,0.0015339809469878674,0.0,-0.4939418137073517,-0.7071651816368103,0.5629709362983704,0.30526217818260193,0.0,0.0,0.0,-0.11990412324666977,0.23980824649333954,-0.16786576807498932,-0.07194247096776962,0.0,0.0,0.0,-5.380000114440918,-56.4900016784668,-314.7300109863281,-96.84000396728516,0.0
1780954254727705542,74511,1780954254642184251,base_link,wheel_left_joint,wheel_right_joint,joint1,joint2,joint3,joint4,gripper,0.0015339809469878674,0.0,-0.49854376912117004,-0.7010292410850525,0.5553010702133179,0.3021942377090454,0.0,0.0,0.0,-0.11990412324666977,0.21582742035388947,-0.16786576807498932,-0.07194247096776962,0.0,0.0,0.0,-5.380000114440918,-40.35000228881836,-309.3500061035156,-94.1500015258789,0.0
1780954254764275793,74512,1780954254739184251,base_link,wheel_left_joint,wheel_right_joint,joint1,joint2,joint3,joint4,gripper,0.0015339809469878674,0.0,-0.5123496055603027,-0.6780195236206055,0.5338253378868103,0.29452431201934814,0.0,0.0,0.0,-0.11990412324666977,0.21582742035388947,-0.21582742035388947,-0.07194247096776962,0.0,0.0,0.0,-2.690000057220459,-56.4900016784668,-306.6600036621094,-83.38999938964844,0.0
1780954254863706696,74513,1780954254773184251,base_link,wheel_left_joint,wheel_right_joint,joint1,joint2,joint3,joint4,gripper,0.0015339809469878674,0.0,-0.5154175758361816,-0.6703495979309082,0.5276893973350525,0.2914563715457916,0.0,0.0,0.0,-0.11990412324666977,0.21582742035388947,-0.1918465942144394,-0.07194247096776962,0.0,0.0,0.0,-5.380000114440918,-61.87000274658203,-312.0400085449219,-88.77000427246094,0.0
1780954254899623206,74514,1780954254872184251,base_link,wheel_left_joint,wheel_right_joint,joint1,joint2,joint3,joint4,gripper,0.0015339809469878674,0.0,-0.5292233824729919,-0.644271969795227,0.5077476501464844,0.2822524607181549,0.0,0.0,0.0,-0.11990412324666977,0.23980824649333954,-0.1918465942144394,-0.04796164855360985,0.0,0.0,0.0,0.0,-56.4900016784668,-317.4200134277344,-83.38999938964844,0.0
1780954254993784149,74515,1780954254906184251,base_link,wheel_left_joint,wheel_right_joint,joint1,joint2,joint3,joint4,gripper,0.0015339809469878674,0.0,-0.5338253378868103,-0.6366020441055298,0.5016117095947266,0.28071850538253784,0.0,0.0,0.0,-0.11990412324666977,0.21582742035388947,-0.1918465942144394,-0.07194247096776962,0.0,0.0,0.0,0.0,-48.42000198364258,-309.3500061035156,-91.45999908447266,0.0
1780954255029583484,74516,1780954255000184251,base_link,wheel_left_joint,wheel_right_joint,joint1,joint2,joint3,joint4,gripper,0.0015339809469878674,0.0,-0.5460971593856812,-0.6151263117790222,0.4832039475440979,0.2730485796928406,0.0,0.0,0.0,-0.11990412324666977,0.21582742035388947,-0.16786576807498932,-0.07194247096776962,0.0,0.0,0.0,-2.690000057220459,-64.55999755859375,-341.6300048828125,-96.84000396728516,0.0
1780954255124099953,74517,1780954255034184251,base_link,wheel_left_joint,wheel_right_joint,joint1,joint2,joint3,joint4,gripper,0.0015339809469878674,0.0,-0.5506991147994995,-0.6043884754180908,0.47860202193260193,0.26998063921928406,0.0,0.0,0.0,-0.11990412324666977,0.23980824649333954,-0.16786576807498932,-0.07194247096776962,0.0,0.0,0.0,0.0,-72.6300048828125,-312.0400085449219,-99.52999877929688,0.0
1780954255148609179,74518,1780954255129184251,base_link,wheel_left_joint,wheel_right_joint,joint1,joint2,joint3,joint4,gripper,0.0015339809469878674,0.0,-0.5629709362983704,-0.5813787579536438,0.4586602747440338,0.2623107135295868,0.0,0.0,0.0,-0.11990412324666977,0.23980824649333954,-0.1918465942144394,-0.07194247096776962,0.0,0.0,0.0,0.0,-64.55999755859375,-309.3500061035156,-88.77000427246094,0.0
1780954255241874986,74519,1780954255163184251,base_link,wheel_left_joint,wheel_right_joint,joint1,joint2,joint3,joint4,gripper,0.0015339809469878674,0.0,-0.5675728917121887,-0.5737088322639465,0.45099037885665894,0.2592427730560303,0.0,0.0,0.0,-0.11990412324666977,0.21582742035388947,-0.1918465942144394,-0.07194247096776962,0.0,0.0,0.0,-5.380000114440918,-61.87000274658203,-338.94000244140625,-83.38999938964844,0.0
1780954255282546781,74520,1780954255258184251,base_link,wheel_left_joint,wheel_right_joint,joint1,joint2,joint3,joint4,gripper,0.0015339809469878674,0.0,-0.575242817401886,-0.5629709362983704,0.4463884234428406,0.25617480278015137,0.0,0.0,0.0,-0.07194247096776962,0.0959232971072197,-0.04796164855360985,-0.023980824276804924,0.0,0.0,0.0,-2.690000057220459,-51.11000061035156,-363.1499938964844,-88.77000427246094,0.0
1780954255376981323,74521,1780954255292184251,base_link,wheel_left_joint,wheel_right_joint,joint1,joint2,joint3,joint4,gripper,0.0015339809469878674,0.0,-0.575242817401886,-0.5629709362983704,0.4448544383049011,0.25617480278015137,0.0,0.0,0.0,-0.023980824276804924,0.023980824276804924,0.0,0.0,0.0,0.0,0.0,-2.690000057220459,-43.040000915527344,-365.8399963378906,-88.77000427246094,0.0
1780954255412466990,74522,1780954255394718708,base_link,wheel_left_joint,wheel_right_joint,joint1,joint2,joint3,joint4,gripper,0.0015339809469878674,0.0,-0.575242817401886,-0.5629709362983704,0.4448544383049011,0.25617480278015137,0.0,0.0,0.0,0.0,0.0,0.0,0.0,0.0,0.0,0.0,-2.690000057220459,-45.72999954223633,-360.46002197265625,-91.45999908447266,0.0
1780954255505127965,74523,1780954255428718708,base_link,wheel_left_joint,wheel_right_joint,joint1,joint2,joint3,joint4,gripper,0.0015339809469878674,0.0,-0.5737088322639465,-0.5645049214363098,0.4448544383049011,0.2546408176422119,0.0,0.0,0.0,0.0,0.0,0.0,0.0,0.0,0.0,0.0,-2.690000057220459,-56.4900016784668,-360.46002197265625,-94.1500015258789,0.0
1780954255541435683,74524,1780954255521718708,base_link,wheel_left_joint,wheel_right_joint,joint1,joint2,joint3,joint4,gripper,0.0015339809469878674,0.0,-0.575242817401886,-0.5629709362983704,0.4463884234428406,0.25617480278015137,0.0,0.0,0.0,0.0,0.0,0.0,0.0,0.0,0.0,0.0,0.0,-53.80000305175781,-360.46002197265625,-91.45999908447266,0.0
1780954255634480577,74525,1780954255555718708,base_link,wheel_left_joint,wheel_right_joint,joint1,joint2,joint3,joint4,gripper,0.0015339809469878674,0.0,-0.575242817401886,-0.5629709362983704,0.4448544383049011,0.25617480278015137,0.0,0.0,0.0,0.0,0.0,0.0,0.0,0.0,0.0,0.0,-2.690000057220459,-43.040000915527344,-360.46002197265625,-88.77000427246094,0.0
1780954255678382720,74526,1780954255651718708,base_link,wheel_left_joint,wheel_right_joint,joint1,joint2,joint3,joint4,gripper,0.0015339809469878674,0.0,-0.575242817401886,-0.5645049214363098,0.4463884234428406,0.2546408176422119,0.0,0.0,0.0,0.0,0.0,0.0,0.0,0.0,0.0,0.0,-2.690000057220459,-53.80000305175781,-360.46002197265625,-80.70000457763672,0.0
1780954255771242608,74527,1780954255685718708,base_link,wheel_left_joint,wheel_right_joint,joint1,joint2,joint3,joint4,gripper,0.0015339809469878674,0.0,-0.575242817401886,-0.5629709362983704,0.4448544383049011,0.25617480278015137,0.0,0.0,0.0,0.0,0.0,0.0,0.0,0.0,0.0,0.0,0.0,-37.65999984741211,-357.77001953125,-83.38999938964844,0.0
1780954255802294565,74528,1780954255776718708,base_link,wheel_left_joint,wheel_right_joint,joint1,joint2,joint3,joint4,gripper,0.0015339809469878674,0.0,-0.575242817401886,-0.5645049214363098,0.4463884234428406,0.2546408176422119,0.0,0.0,0.0,0.0,0.0,0.0,0.0,0.0,0.0,0.0,0.0,-40.35000228881836,-363.1499938964844,-72.6300048828125,0.0
1780954255892271819,74529,1780954255808718708,base_link,wheel_left_joint,wheel_right_joint,joint1,joint2,joint3,joint4,gripper,0.0015339809469878674,0.0,-0.575242817401886,-0.5629709362983704,0.4448544383049011,0.25617480278015137,0.0,0.0,0.0,0.0,0.0,0.0,0.0,0.0,0.0,0.0,2.690000057220459,-26.900001525878906,-403.5,-118.36000061035156,0.0
1780954255940854386,74530,1780954255915718708,base_link,wheel_left_joint,wheel_right_joint,joint1,joint2,joint3,joint4,gripper,0.0015339809469878674,0.0,-0.5875146389007568,-0.5414952039718628,0.424912691116333,0.2485048919916153,0.0,0.0,0.0,-0.0959232971072197,0.1918465942144394,-0.21582742035388947,-0.04796164855360985,0.0,0.0,0.0,0.0,-88.77000427246094,-312.0400085449219,-88.77000427246094,0.0
1780954256034280464,74531,1780954255949718708,base_link,wheel_left_joint,wheel_right_joint,joint1,joint2,joint3,joint4,gripper,0.0015339809469878674,0.0,-0.5905826091766357,-0.5338253378868103,0.41724279522895813,0.24390295147895813,0.0,0.0,0.0,-0.11990412324666977,0.23980824649333954,-0.23980824649333954,-0.07194247096776962,0.0,0.0,0.0,5.380000114440918,-72.6300048828125,-325.4900207519531,-99.52999877929688,0.0
1780954256071287465,74532,1780954256041718708,base_link,wheel_left_joint,wheel_right_joint,joint1,joint2,joint3,joint4,gripper,0.0015339809469878674,0.0,-0.6043884754180908,-0.5123496055603027,0.3988350033760071,0.23623304069042206,0.0,0.0,0.0,-0.11990412324666977,0.21582742035388947,-0.1918465942144394,-0.07194247096776962,0.0,0.0,0.0,0.0,-75.31999969482422,-301.2799987792969,-86.08000183105469,0.0
1780954256163278910,74533,1780954256075718708,base_link,wheel_left_joint,wheel_right_joint,joint1,joint2,joint3,joint4,gripper,0.0,0.0,-0.6089903712272644,-0.5046796798706055,0.3911651074886322,0.2346990704536438,0.0,-0.04511708766222,0.0,-0.11990412324666977,0.21582742035388947,-0.1918465942144394,-0.07194247096776962,0.0,0.0,0.0,0.0,-80.70000457763672,-309.3500061035156,-94.1500015258789,0.0
1780954256191893372,74534,1780954256170718708,base_link,wheel_left_joint,wheel_right_joint,joint1,joint2,joint3,joint4,gripper,0.0015339809469878674,0.0,-0.62126225233078,-0.48166999220848083,0.37275734543800354,0.22702915966510773,0.0,0.01614716835319996,0.0,-0.11990412324666977,0.21582742035388947,-0.1918465942144394,-0.07194247096776962,0.0,0.0,0.0,-10.760000228881836,-80.70000457763672,-293.2099914550781,-91.45999908447266,0.0
1780954256287651987,74535,1780954256204718708,base_link,wheel_left_joint,wheel_right_joint,joint1,joint2,joint3,joint4,gripper,0.0015339809469878674,0.0,-0.6243302226066589,-0.47400006651878357,0.36508744955062866,0.22396120429039001,0.0,0.0,0.0,-0.11990412324666977,0.21582742035388947,-0.1918465942144394,-0.07194247096776962,0.0,0.0,0.0,0.0,-75.31999969482422,-314.7300109863281,-83.38999938964844,0.0
1780954256327181065,74536,1780954256300718708,base_link,wheel_left_joint,wheel_right_joint,joint1,joint2,joint3,joint4,gripper,0.0015339809469878674,0.0,-0.6381360292434692,-0.45099037885665894,0.3497476279735565,0.21629129350185394,0.0,0.0,0.0,-0.11990412324666977,0.23980824649333954,-0.16786576807498932,-0.04796164855360985,0.0,0.0,0.0,10.760000228881836,-88.77000427246094,-309.3500061035156,-86.08000183105469,0.0
1780954256417423483,74537,1780954256334718708,base_link,wheel_left_joint,wheel_right_joint,joint1,joint2,joint3,joint4,gripper,0.0015339809469878674,0.0,-0.6427379846572876,-0.44332045316696167,0.34207773208618164,0.21475732326507568,0.0,0.0,0.0,-0.11990412324666977,0.21582742035388947,-0.16786576807498932,-0.04796164855360985,0.0,0.0,0.0,-2.690000057220459,-80.70000457763672,-312.0400085449219,-78.01000213623047,0.0
1780954256458262329,74538,1780954256433718708,base_link,wheel_left_joint,wheel_right_joint,joint1,joint2,joint3,joint4,gripper,0.0015339809469878674,0.0,-0.6565437912940979,-0.4187767803668976,0.3206019997596741,0.20555342733860016,0.0,0.0,0.0,-0.11990412324666977,0.21582742035388947,-0.1918465942144394,-0.07194247096776962,0.0,0.0,0.0,0.0,-83.38999938964844,-325.4900207519531,-72.6300048828125,0.0
1780954256546246402,74539,1780954256467718708,base_link,wheel_left_joint,wheel_right_joint,joint1,joint2,joint3,joint4,gripper,0.0015339809469878674,0.0,-0.6596117615699768,-0.40957286953926086,0.3160000443458557,0.20248547196388245,0.0,0.0,0.0,-0.11990412324666977,0.21582742035388947,-0.16786576807498932,-0.07194247096776962,0.0,0.0,0.0,-10.760000228881836,-91.45999908447266,-328.17999267578125,-75.31999969482422,0.0
1780954256592707253,74540,1780954256565718708,base_link,wheel_left_joint,wheel_right_joint,joint1,joint2,joint3,joint4,gripper,0.0015339809469878674,0.0,-0.6734175682067871,-0.38656318187713623,0.2960582971572876,0.19481556117534637,0.0,0.0,0.0,-0.11990412324666977,0.23980824649333954,-0.1918465942144394,-0.07194247096776962,0.0,0.0,0.0,2.690000057220459,-64.55999755859375,-301.2799987792969,-91.45999908447266,0.0
1780954256683176034,74541,1780954256599718708,base_link,wheel_left_joint,wheel_right_joint,joint1,joint2,joint3,joint4,gripper,0.0015339809469878674,0.0,-0.6780195236206055,-0.37889325618743896,0.2883884012699127,0.19328159093856812,0.0,0.0,0.0,-0.11990412324666977,0.21582742035388947,-0.21582742035388947,-0.07194247096776962,0.0,0.0,0.0,-2.690000057220459,-107.60000610351562,-301.2799987792969,-91.45999908447266,0.0
1780954256711631740,74542,1780954256693718708,base_link,wheel_left_joint,wheel_right_joint,joint1,joint2,joint3,joint4,gripper,0.0015339809469878674,0.0,-0.6887574195861816,-0.3574175238609314,0.26998063921928406,0.18561168015003204,0.0,0.0,0.0,-0.11990412324666977,0.21582742035388947,-0.1918465942144394,-0.07194247096776962,0.0,0.0,0.0,-2.690000057220459,-115.67000579833984,-328.17999267578125,-86.08000183105469,0.0
1780954256806247001,74543,1780954256727718708,base_link,wheel_left_joint,wheel_right_joint,joint1,joint2,joint3,joint4,gripper,0.0015339809469878674,0.0,-0.6948933005332947,-0.3497476279735565,0.26384469866752625,0.1840776950120926,0.0,0.0,0.0,-0.11990412324666977,0.21582742035388947,-0.16786576807498932,-0.04796164855360985,0.0,0.0,0.0,0.0,-110.29000091552734,-290.52001953125,-86.08000183105469,0.0
1780954256843052689,74544,1780954256823718708,base_link,wheel_left_joint,wheel_right_joint,joint1,joint2,joint3,joint4,gripper,0.0015339809469878674,0.0,-0.7071651816368103,-0.3267379105091095,0.24543693661689758,0.1764077991247177,0.0,0.0,0.0,-0.11990412324666977,0.21582742035388947,-0.1918465942144394,-0.07194247096776962,0.0,0.0,0.0,-5.380000114440918,-104.91000366210938,-306.6600036621094,-88.77000427246094,0.0
1780954256939222939,74545,1780954256857718708,base_link,wheel_left_joint,wheel_right_joint,joint1,joint2,joint3,joint4,gripper,0.0015339809469878674,0.0,-0.7117670774459839,-0.3190680146217346,0.23930101096630096,0.1733398288488388,0.0,0.0,0.0,-0.11990412324666977,0.21582742035388947,-0.1918465942144394,-0.04796164855360985,0.0,0.0,0.0,2.690000057220459,-107.60000610351562,-303.9700012207031,-88.77000427246094,0.0
1780954256974501797,74546,1780954256956718708,base_link,wheel_left_joint,wheel_right_joint,joint1,joint2,joint3,joint4,gripper,0.0015339809469878674,0.0,-0.7148350477218628,-0.31446605920791626,0.2377670258283615,0.1672039031982422,0.0,0.0,0.0,-0.023980824276804924,0.023980824276804924,0.0,-0.023980824276804924,0.0,0.0,0.0,-2.690000057220459,-83.38999938964844,-336.25,-72.6300048828125,0.0
1780954257069682772,74547,1780954256990718708,base_link,wheel_left_joint,wheel_right_joint,joint1,joint2,joint3,joint4,gripper,0.0015339809469878674,0.0,-0.7148350477218628,-0.31446605920791626,0.2377670258283615,0.1672039031982422,0.0,0.0,0.0,0.0,0.0,0.0,-0.023980824276804924,0.0,0.0,0.0,-5.380000114440918,-78.01000213623047,-336.25,-67.25,0.0
1780954257105802064,74548,1780954257083718708,base_link,wheel_left_joint,wheel_right_joint,joint1,joint2,joint3,joint4,gripper,0.0015339809469878674,0.0,-0.7133010625839233,-0.31446605920791626,0.2377670258283615,0.1672039031982422,0.0,0.0,0.0,0.0,0.0,0.0,0.0,0.0,0.0,0.0,-2.690000057220459,-99.52999877929688,-336.25,-67.25,0.0
1780954257198316545,74549,1780954257117718708,base_link,wheel_left_joint,wheel_right_joint,joint1,joint2,joint3,joint4,gripper,0.0015339809469878674,0.0,-0.7148350477218628,-0.3160000443458557,0.2377670258283615,0.1672039031982422,0.0,0.0,0.0,0.0,0.0,0.0,0.0,0.0,0.0,0.0,-2.690000057220459,-99.52999877929688,-336.25,-67.25,0.0
1780954257230389287,74550,1780954257215718708,base_link,wheel_left_joint,wheel_right_joint,joint1,joint2,joint3,joint4,gripper,0.0015339809469878674,0.0,-0.7148350477218628,-0.31446605920791626,0.2377670258283615,0.1672039031982422,0.0,0.0,0.0,0.0,0.0,0.0,0.0,0.0,0.0,0.0,0.0,-91.45999908447266,-336.25,-67.25,0.0
1780954257284800831,74551,1780954257249718708,base_link,wheel_left_joint,wheel_right_joint,joint1,joint2,joint3,joint4,gripper,0.0015339809469878674,0.0,-0.7148350477218628,-0.31446605920791626,0.2377670258283615,0.1672039031982422,0.0,0.0,0.0,0.0,0.0,0.0,0.0,0.0,0.0,0.0,0.0,-96.84000396728516,-336.25,-67.25,0.0
1780954257306712847,74552,1780954257320718708,base_link,wheel_left_joint,wheel_right_joint,joint1,joint2,joint3,joint4,gripper,0.0015339809469878674,0.0,-0.7133010625839233,-0.31446605920791626,0.2377670258283615,0.1672039031982422,0.0,0.0,0.0,0.0,0.0,0.0,0.0,0.0,0.0,0.0,-2.690000057220459,-86.08000183105469,-336.25,-67.25,0.0
1780954257384781377,74553,1780954257354718708,base_link,wheel_left_joint,wheel_right_joint,joint1,joint2,joint3,joint4,gripper,0.0015339809469878674,0.0,-0.7148350477218628,-0.31446605920791626,0.2377670258283615,0.1672039031982422,0.0,0.0,0.0,0.0,0.0,0.0,0.0,0.0,0.0,0.0,-2.690000057220459,-86.08000183105469,-336.25,-67.25,0.0
1780954257432764633,74554,1780954257407718708,base_link,wheel_left_joint,wheel_right_joint,joint1,joint2,joint3,joint4,gripper,0.0015339809469878674,0.0,-0.7163690328598022,-0.3129321038722992,0.2377670258283615,0.16566993296146393,0.0,0.0,0.0,0.0,0.0,0.0,0.0,0.0,0.0,0.0,-32.279998779296875,-80.70000457763672,-392.7400207519531,-88.77000427246094,0.0
1780954257528082674,74555,1780954257441718708,base_link,wheel_left_joint,wheel_right_joint,joint1,joint2,joint3,joint4,gripper,0.0015339809469878674,0.0,-0.7194370031356812,-0.3067961633205414,0.23009712994098663,0.16413594782352448,0.0,0.0,0.0,-0.04796164855360985,0.07194247096776962,-0.04796164855360985,-0.023980824276804924,0.0,0.0,0.0,-16.139999389648438,-110.29000091552734,-320.1100158691406,-96.84000396728516,0.0
1780954257556142962,74556,1780954257532718708,base_link,wheel_left_joint,wheel_right_joint,joint1,joint2,joint3,joint4,gripper,0.0015339809469878674,0.0,-0.7332428097724915,-0.2853204309940338,0.20862139761447906,0.1564660519361496,0.0,0.0,0.0,-0.11990412324666977,0.21582742035388947,-0.21582742035388947,-0.07194247096776962,0.0,0.0,0.0,-5.380000114440918,-110.29000091552734,-295.8999938964844,-88.77000427246094,0.0
1780954257646920091,74557,1780954257566718708,base_link,wheel_left_joint,wheel_right_joint,joint1,joint2,joint3,joint4,gripper,0.0015339809469878674,0.0,-0.7363107800483704,-0.27765053510665894,0.20248547196388245,0.1533980816602707,0.0,0.0,0.0,-0.11990412324666977,0.21582742035388947,-0.1918465942144394,-0.07194247096776962,0.0,0.0,0.0,-10.760000228881836,-107.60000610351562,-325.4900207519531,-86.08000183105469,0.0
1780954257683510247,74558,1780954257664718708,base_link,wheel_left_joint,wheel_right_joint,joint1,joint2,joint3,joint4,gripper,0.0015339809469878674,0.0,-0.7501166462898254,-0.25310683250427246,0.18561168015003204,0.14419420063495636,0.0,0.0,0.0,-0.11990412324666977,0.23980824649333954,-0.16786576807498932,-0.07194247096776962,0.0,0.0,0.0,0.0,-121.05000305175781,-336.25,-94.1500015258789,0.0
1780954257777270324,74559,1780954257698718708,base_link,wheel_left_joint,wheel_right_joint,joint1,joint2,joint3,joint4,gripper,0.0015339809469878674,0.0,-0.754718542098999,-0.24390295147895813,0.17794176936149597,0.1426602154970169,0.0,0.0,0.0,-0.11990412324666977,0.23980824649333954,-0.16786576807498932,-0.07194247096776962,0.0,0.0,0.0,0.0,-121.05000305175781,-325.4900207519531,-86.08000183105469,0.0
1780954257820823662,74560,1780954257794718708,base_link,wheel_left_joint,wheel_right_joint,joint1,joint2,joint3,joint4,gripper,0.0015339809469878674,0.0,-0.7654564380645752,-0.21935926377773285,0.1595340073108673,0.13345633447170258,0.0,0.0,0.0,-0.11990412324666977,0.21582742035388947,-0.1918465942144394,-0.07194247096776962,0.0,0.0,0.0,-2.690000057220459,-115.67000579833984,-312.0400085449219,-72.6300048828125,0.0
1780954257918865134,74561,1780954257828718708,base_link,wheel_left_joint,wheel_right_joint,joint1,joint2,joint3,joint4,gripper,0.0015339809469878674,0.0,-0.771592378616333,-0.21322333812713623,0.1533980816602707,0.13192234933376312,0.0,0.0,0.0,-0.11990412324666977,0.21582742035388947,-0.1918465942144394,-0.07194247096776962,0.0,0.0,0.0,8.069999694824219,-129.1199951171875,-333.55999755859375,-88.77000427246094,0.0
1780954257957703912,74562,1780954257931013883,base_link,wheel_left_joint,wheel_right_joint,joint1,joint2,joint3,joint4,gripper,0.0015339809469878674,0.0,-0.7853981852531433,-0.1871456652879715,0.13038836419582367,0.12271846830844879,0.0,0.0,0.0,-0.11990412324666977,0.23980824649333954,-0.1918465942144394,-0.07194247096776962,0.0,0.0,0.0,-5.380000114440918,-137.19000244140625,-282.45001220703125,-83.38999938964844,0.0
1780954258049090859,74563,1780954257965013883,base_link,wheel_left_joint,wheel_right_joint,joint1,joint2,joint3,joint4,gripper,0.0015339809469878674,0.0,-0.7900001406669617,-0.17794176936149597,0.12271846830844879,0.11965050548315048,0.0,0.0,0.0,-0.11990412324666977,0.23980824649333954,-0.21582742035388947,-0.07194247096776962,0.0,0.0,0.0,-10.760000228881836,-137.19000244140625,-301.2799987792969,-80.70000457763672,0.0
1780954258077806762,74564,1780954258058013883,base_link,wheel_left_joint,wheel_right_joint,joint1,joint2,joint3,joint4,gripper,0.0015339809469878674,0.0,-0.8007379770278931,-0.1564660519361496,0.10584467649459839,0.11198060214519501,0.0,0.0,0.0,-0.11990412324666977,0.21582742035388947,-0.1918465942144394,-0.07194247096776962,0.0,0.0,0.0,0.0,-129.1199951171875,-320.1100158691406,-83.38999938964844,0.0
1780954258169129244,74565,1780954258092013883,base_link,wheel_left_joint,wheel_right_joint,joint1,joint2,joint3,joint4,gripper,0.0015339809469878674,0.0,-0.8068739175796509,-0.15033012628555298,0.09970875084400177,0.11044661700725555,0.0,0.0,0.0,-0.11990412324666977,0.21582742035388947,-0.16786576807498932,-0.07194247096776962,0.0,0.0,0.0,-8.069999694824219,-126.43000030517578,-301.2799987792969,-83.38999938964844,0.0
1780954258206577905,74566,1780954258185013883,base_link,wheel_left_joint,wheel_right_joint,joint1,joint2,joint3,joint4,gripper,0.0015339809469878674,0.0,-0.8176117539405823,-0.1288543939590454,0.07976700365543365,0.10124273598194122,0.0,0.0,0.0,-0.11990412324666977,0.21582742035388947,-0.1918465942144394,-0.07194247096776962,0.0,0.0,0.0,-8.069999694824219,-126.43000030517578,-306.6600036621094,-78.01000213623047,0.0
1780954258300909315,74567,1780954258219013883,base_link,wheel_left_joint,wheel_right_joint,joint1,joint2,joint3,joint4,gripper,0.0015339809469878674,0.0,-0.8222137093544006,-0.12118448317050934,0.07363107800483704,0.09970875084400177,0.0,0.0,0.0,-0.11990412324666977,0.21582742035388947,-0.1918465942144394,-0.07194247096776962,0.0,0.0,0.0,-5.380000114440918,-129.1199951171875,-303.9700012207031,-86.08000183105469,0.0
1780954258337154320,74568,1780954258315013883,base_link,wheel_left_joint,wheel_right_joint,joint1,joint2,joint3,joint4,gripper,0.0015339809469878674,0.0,-0.8344855904579163,-0.09664079546928406,0.05675728991627693,0.0920388475060463,0.0,0.0,0.0,-0.11990412324666977,0.23980824649333954,-0.16786576807498932,-0.07194247096776962,0.0,0.0,0.0,-10.760000228881836,-134.5,-330.8699951171875,-80.70000457763672,0.0
1780954258430022922,74569,1780954258349013883,base_link,wheel_left_joint,wheel_right_joint,joint1,joint2,joint3,joint4,gripper,0.0015339809469878674,0.0,-0.8375535607337952,-0.08897088468074799,0.05062136799097061,0.08897088468074799,0.0,0.0,0.0,-0.11990412324666977,0.23980824649333954,-0.16786576807498932,-0.07194247096776962,0.0,0.0,0.0,-13.450000762939453,-137.19000244140625,-287.83001708984375,-88.77000427246094,0.0
1780954258466269800,74570,1780954258446013883,base_link,wheel_left_joint,wheel_right_joint,joint1,joint2,joint3,joint4,gripper,0.0015339809469878674,0.0,-0.849825382232666,-0.06902913749217987,0.03221359848976135,0.07976700365543365,0.0,0.0,0.0,-0.11990412324666977,0.1918465942144394,-0.16786576807498932,-0.07194247096776962,0.0,0.0,0.0,2.690000057220459,-126.43000030517578,-312.0400085449219,-67.25,0.0
1780954258560842810,74571,1780954258480013883,base_link,wheel_left_joint,wheel_right_joint,joint1,joint2,joint3,joint4,gripper,0.0015339809469878674,0.0,-0.8528933525085449,-0.06596117466688156,0.03221359848976135,0.0782330259680748,0.0,0.0,0.0,-0.0959232971072197,0.14388494193553925,-0.0959232971072197,-0.07194247096776962,0.0,0.0,0.0,2.690000057220459,-131.80999755859375,-336.25,-67.25,0.0
1780954258597535798,74572,1780954258575013883,base_link,wheel_left_joint,wheel_right_joint,joint1,joint2,joint3,joint4,gripper,0.0015339809469878674,0.0,-0.8544273376464844,-0.06596117466688156,0.03221359848976135,0.0782330259680748,0.0,0.0,0.0,0.0,0.0,0.0,0.0,0.0,0.0,0.0,-5.380000114440918,-123.74000549316406,-338.94000244140625,-69.94000244140625,0.0
1780954258691830048,74573,1780954258609013883,base_link,wheel_left_joint,wheel_right_joint,joint1,joint2,joint3,joint4,gripper,0.0015339809469878674,0.0,-0.8544273376464844,-0.06596117466688156,0.03221359848976135,0.0782330259680748,0.0,0.0,0.0,0.0,0.0,0.0,0.0,0.0,0.0,0.0,-2.690000057220459,-123.74000549316406,-336.25,-69.94000244140625,0.0
1780954258729116063,74574,1780954258704013883,base_link,wheel_left_joint,wheel_right_joint,joint1,joint2,joint3,joint4,gripper,0.0015339809469878674,0.0,-0.8544273376464844,-0.06596117466688156,0.03221359848976135,0.0782330259680748,0.0,0.0,0.0,0.0,0.0,0.0,0.0,0.0,0.0,0.0,0.0,-123.74000549316406,-338.94000244140625,-67.25,0.0
1780954258820897767,74575,1780954258738013883,base_link,wheel_left_joint,wheel_right_joint,joint1,joint2,joint3,joint4,gripper,0.0015339809469878674,0.0,-0.8544273376464844,-0.06596117466688156,0.03221359848976135,0.0782330259680748,0.0,0.0,0.0,0.0,0.0,0.0,0.0,0.0,0.0,0.0,-2.690000057220459,-123.74000549316406,-338.94000244140625,-67.25,0.0
1780954258862177908,74576,1780954258838013883,base_link,wheel_left_joint,wheel_right_joint,joint1,joint2,joint3,joint4,gripper,0.0015339809469878674,0.0,-0.8544273376464844,-0.06596117466688156,0.03221359848976135,0.0782330259680748,0.0,0.0,0.0,0.0,0.0,0.0,0.0,0.0,0.0,0.0,-2.690000057220459,-123.74000549316406,-338.94000244140625,-67.25,0.0
1780954258960905684,74577,1780954258872013883,base_link,wheel_left_joint,wheel_right_joint,joint1,joint2,joint3,joint4,gripper,0.0015339809469878674,0.0,-0.8544273376464844,-0.06596117466688156,0.03221359848976135,0.0782330259680748,0.0,0.0,0.0,0.0,0.0,0.0,0.0,0.0,0.0,0.0,-2.690000057220459,-123.74000549316406,-338.94000244140625,-72.6300048828125,0.0
1780954258997520382,74578,1780954258975013883,base_link,wheel_left_joint,wheel_right_joint,joint1,joint2,joint3,joint4,gripper,0.0015339809469878674,0.0,-0.8544273376464844,-0.06596117466688156,0.03221359848976135,0.0782330259680748,0.0,0.0,0.0,0.0,0.0,0.0,0.0,0.0,0.0,0.0,-2.690000057220459,-126.43000030517578,-338.94000244140625,-67.25,0.0
1780954259092733958,74579,1780954259010013883,base_link,wheel_left_joint,wheel_right_joint,joint1,joint2,joint3,joint4,gripper,0.0015339809469878674,0.0,-0.8544273376464844,-0.06596117466688156,0.03221359848976135,0.0782330259680748,0.0,0.0,0.0,0.0,0.0,0.0,0.0,0.0,0.0,0.0,-2.690000057220459,-123.74000549316406,-349.70001220703125,-91.45999908447266,0.0
1780954259129767565,74580,1780954259106013883,base_link,wheel_left_joint,wheel_right_joint,joint1,joint2,joint3,joint4,gripper,0.0015339809469878674,0.0,-0.8620972037315369,-0.052155349403619766,0.019941750913858414,0.07209710031747818,0.0,0.0,0.0,-0.07194247096776962,0.14388494193553925,-0.11990412324666977,-0.04796164855360985,0.0,0.0,0.0,-24.21000099182129,-137.19000244140625,-320.1100158691406,-83.38999938964844,0.0
1780954259223609402,74581,1780954259140013883,base_link,wheel_left_joint,wheel_right_joint,joint1,joint2,joint3,joint4,gripper,0.0015339809469878674,0.0,-0.8666991591453552,-0.04141748324036598,0.012271846644580364,0.06902913749217987,0.0,0.0,0.0,-0.0959232971072197,0.21582742035388947,-0.1918465942144394,-0.07194247096776962,0.0,0.0,0.0,0.0,-145.260009765625,-306.6600036621094,-91.45999908447266,0.0
1780954259261130887,74582,1780954259237013883,base_link,wheel_left_joint,wheel_right_joint,joint1,joint2,joint3,joint4,gripper,0.0015339809469878674,0.0,-0.8805050253868103,-0.01840776950120926,-0.0076699042692780495,0.06289321184158325,0.0,0.0,0.0,-0.11990412324666977,0.21582742035388947,-0.1918465942144394,-0.07194247096776962,0.0,0.0,0.0,-13.450000762939453,-134.5,-306.6600036621094,-91.45999908447266,0.0
1780954259357822559,74583,1780954259271013883,base_link,wheel_left_joint,wheel_right_joint,joint1,joint2,joint3,joint4,gripper,0.0015339809469878674,0.0,-0.8835729360580444,-0.010737866163253784,-0.015339808538556099,0.05982525274157524,0.0,0.0,0.0,-0.11990412324666977,0.21582742035388947,-0.1918465942144394,-0.07194247096776962,0.0,0.0,0.0,-10.760000228881836,-126.43000030517578,-287.83001708984375,-83.38999938964844,0.0
1780954259395210714,74584,1780954259371013883,base_link,wheel_left_joint,wheel_right_joint,joint1,joint2,joint3,joint4,gripper,0.0015339809469878674,0.0,-0.8973788022994995,0.013805827125906944,-0.03528155758976936,0.05062136799097061,0.0,0.0,0.0,-0.11990412324666977,0.23980824649333954,-0.1918465942144394,-0.07194247096776962,0.0,0.0,0.0,-10.760000228881836,-123.74000549316406,-306.6600036621094,-75.31999969482422,0.0
1780954259484359747,74585,1780954259405013883,base_link,wheel_left_joint,wheel_right_joint,joint1,joint2,joint3,joint4,gripper,0.0015339809469878674,0.0,-0.9004467725753784,0.02147573232650757,-0.04141748324036598,0.04908738657832146,0.0,0.0,0.0,-0.11990412324666977,0.21582742035388947,-0.1918465942144394,-0.07194247096776962,0.0,0.0,0.0,-24.21000099182129,-131.80999755859375,-312.0400085449219,-91.45999908447266,0.0
1780954259525146955,74586,1780954259503013883,base_link,wheel_left_joint,wheel_right_joint,joint1,joint2,joint3,joint4,gripper,0.0015339809469878674,0.0,-0.9157865643501282,0.04448544234037399,-0.05982525274157524,0.03988350182771683,0.0,0.0,0.0,-0.11990412324666977,0.21582742035388947,-0.1918465942144394,-0.07194247096776962,0.0,0.0,0.0,-2.690000057220459,-145.260009765625,-314.7300109863281,-91.45999908447266,0.0
1780954259615624334,74587,1780954259537013883,base_link,wheel_left_joint,wheel_right_joint,joint1,joint2,joint3,joint4,gripper,0.0,0.0,-0.9188545346260071,0.052155349403619766,-0.06596117466688156,0.03681553900241852,0.0,-0.04511708766222,0.0,-0.11990412324666977,0.23980824649333954,-0.1918465942144394,-0.07194247096776962,0.0,0.0,0.0,-5.380000114440918,-139.8800048828125,-309.3500061035156,-69.94000244140625,0.0
1780954259663207584,74588,1780954259633013883,base_link,wheel_left_joint,wheel_right_joint,joint1,joint2,joint3,joint4,gripper,0.0015339809469878674,0.0,-0.9311263561248779,0.07516506314277649,-0.08436894416809082,0.029145635664463043,0.0,0.015978969633579254,0.0,-0.11990412324666977,0.21582742035388947,-0.1918465942144394,-0.07194247096776962,0.0,0.0,0.0,-8.069999694824219,-134.5,-320.1100158691406,-94.1500015258789,0.0
1780954259758493189,74589,1780954259667013883,base_link,wheel_left_joint,wheel_right_joint,joint1,joint2,joint3,joint4,gripper,0.0015339809469878674,0.0,-0.9357283115386963,0.08283496648073196,-0.0920388475060463,0.026077674701809883,0.0,0.0,0.0,-0.11990412324666977,0.21582742035388947,-0.1918465942144394,-0.07194247096776962,0.0,0.0,0.0,-5.380000114440918,-156.02000427246094,-298.5899963378906,-80.70000457763672,0.0
1780954259783564280,74590,1780954259763013883,base_link,wheel_left_joint,wheel_right_joint,joint1,joint2,joint3,joint4,gripper,0.0015339809469878674,0.0,-0.9495341181755066,0.10584467649459839,-0.1089126393198967,0.01840776950120926,0.0,0.0,0.0,-0.11990412324666977,0.21582742035388947,-0.16786576807498932,-0.07194247096776962,0.0,0.0,0.0,0.0,-150.63999938964844,-338.94000244140625,-86.08000183105469,0.0
1780954259877719290,74591,1780954259797013883,base_link,wheel_left_joint,wheel_right_joint,joint1,joint2,joint3,joint4,gripper,0.0015339809469878674,0.0,-0.9526020884513855,0.11351457983255386,-0.11504856497049332,0.015339808538556099,0.0,0.0,0.0,-0.11990412324666977,0.21582742035388947,-0.16786576807498932,-0.07194247096776962,0.0,0.0,0.0,-13.450000762939453,-131.80999755859375,-322.8000183105469,-99.52999877929688,0.0
1780954259914182562,74592,1780954259894013883,base_link,wheel_left_joint,wheel_right_joint,joint1,joint2,joint3,joint4,gripper,0.0015339809469878674,0.0,-0.9664078950881958,0.1365242898464203,-0.1365242898464203,0.0076699042692780495,0.0,0.0,0.0,-0.11990412324666977,0.21582742035388947,-0.21582742035388947,-0.07194247096776962,0.0,0.0,0.0,-13.450000762939453,-142.57000732421875,-290.52001953125,-86.08000183105469,0.0
1780954260011763308,74593,1780954259928013883,base_link,wheel_left_joint,wheel_right_joint,joint1,joint2,joint3,joint4,gripper,0.0015339809469878674,0.0,-0.9710098505020142,0.1426602154970169,-0.14419420063495636,0.004601942375302315,0.0,0.0,0.0,-0.11990412324666977,0.21582742035388947,-0.1918465942144394,-0.07194247096776962,0.0,0.0,0.0,-2.690000057220459,-134.5,-314.7300109863281,-94.1500015258789,0.0
1780954260049941593,74594,1780954260029013883,base_link,wheel_left_joint,wheel_right_joint,joint1,joint2,joint3,joint4,gripper,0.0015339809469878674,0.0,-0.9832817316055298,0.16873788833618164,-0.16413594782352448,-0.004601942375302315,0.0,0.0,0.0,-0.11990412324666977,0.23980824649333954,-0.1918465942144394,-0.07194247096776962,0.0,0.0,0.0,-10.760000228881836,-164.08999633789062,-285.1400146484375,-75.31999969482422,0.0
1780954260144656955,74595,1780954260063013883,base_link,wheel_left_joint,wheel_right_joint,joint1,joint2,joint3,joint4,gripper,0.0015339809469878674,0.0,-0.9878836274147034,0.1764077991247177,-0.1702718734741211,-0.0076699042692780495,0.0,0.0,0.0,-0.11990412324666977,0.23980824649333954,-0.1918465942144394,-0.07194247096776962,0.0,0.0,0.0,-10.760000228881836,-185.61000061035156,-293.2099914550781,-83.38999938964844,0.0
1780954260180963485,74596,1780954260162013883,base_link,wheel_left_joint,wheel_right_joint,joint1,joint2,joint3,joint4,gripper,0.0015339809469878674,0.0,-0.9940195679664612,0.18254372477531433,-0.17487381398677826,-0.0076699042692780495,0.0,0.0,0.0,-0.04796164855360985,0.04796164855360985,-0.023980824276804924,-0.023980824276804924,0.0,0.0,0.0,0.0,-147.9499969482422,-336.25,-67.25,0.0
1780954260276179937,74597,1780954260196013883,base_link,wheel_left_joint,wheel_right_joint,joint1,joint2,joint3,joint4,gripper,0.0015339809469878674,0.0,-0.9940195679664612,0.18254372477531433,-0.17487381398677826,-0.0076699042692780495,0.0,0.0,0.0,0.0,0.0,0.0,0.0,0.0,0.0,0.0,-2.690000057220459,-147.9499969482422,-336.25,-69.94000244140625,0.0
1780954260313762977,74598,1780954260293013883,base_link,wheel_left_joint,wheel_right_joint,joint1,joint2,joint3,joint4,gripper,0.0015339809469878674,0.0,-0.9940195679664612,0.18254372477531433,-0.17487381398677826,-0.00920388475060463,0.0,0.0,0.0,0.0,0.0,0.0,0.0,0.0,0.0,0.0,0.0,-147.9499969482422,-336.25,-86.08000183105469,0.0
1780954260410112438,74599,1780954260327013883,base_link,wheel_left_joint,wheel_right_joint,joint1,joint2,joint3,joint4,gripper,0.0015339809469878674,0.0,-0.9940195679664612,0.18254372477531433,-0.17487381398677826,-0.0076699042692780495,0.0,0.0,0.0,0.0,0.0,0.0,0.0,0.0,0.0,0.0,-2.690000057220459,-147.9499969482422,-336.25,-67.25,0.0
1780954260455707424,74600,1780954260458015233,base_link,wheel_left_joint,wheel_right_joint,joint1,joint2,joint3,joint4,gripper,0.0015339809469878674,0.0,-0.9940195679664612,0.18254372477531433,-0.17487381398677826,-0.00920388475060463,0.0,0.0,0.0,0.0,0.0,0.0,0.0,0.0,0.0,0.0,0.0,-150.63999938964844,-336.25,-78.01000213623047,0.0
1780954260548607461,74601,1780954260492015233,base_link,wheel_left_joint,wheel_right_joint,joint1,joint2,joint3,joint4,gripper,0.0015339809469878674,0.0,-0.9940195679664612,0.18254372477531433,-0.17487381398677826,-0.00920388475060463,0.0,0.0,0.0,0.0,0.0,0.0,0.0,0.0,0.0,0.0,-2.690000057220459,-147.9499969482422,-336.25,-72.6300048828125,0.0
1780954260577298734,74602,1780954260591015233,base_link,wheel_left_joint,wheel_right_joint,joint1,joint2,joint3,joint4,gripper,0.0015339809469878674,0.0,-0.9940195679664612,0.18254372477531433,-0.17487381398677826,-0.00920388475060463,0.0,0.0,0.0,0.0,0.0,0.0,0.0,0.0,0.0,0.0,-2.690000057220459,-147.9499969482422,-336.25,-69.94000244140625,0.0
1780954260672656773,74603,1780954260625015233,base_link,wheel_left_joint,wheel_right_joint,joint1,joint2,joint3,joint4,gripper,0.0015339809469878674,0.0,-0.9940195679664612,0.18254372477531433,-0.17487381398677826,-0.00920388475060463,0.0,0.0,0.0,0.0,0.0,0.0,0.0,0.0,0.0,0.0,-2.690000057220459,-147.9499969482422,-333.55999755859375,-80.70000457763672,0.0
1780954260706236608,74604,1780954260726015233,base_link,wheel_left_joint,wheel_right_joint,joint1,joint2,joint3,joint4,gripper,0.0015339809469878674,0.0,-0.9986215233802795,0.19481556117534637,-0.1871456652879715,-0.012271846644580364,0.0,0.0,0.0,-0.04796164855360985,0.11990412324666977,-0.11990412324666977,-0.023980824276804924,0.0,0.0,0.0,-43.040000915527344,-150.63999938964844,-301.2799987792969,-72.6300048828125,0.0
1780954260758580777,74605,1780954260760015233,base_link,wheel_left_joint,wheel_right_joint,joint1,joint2,joint3,joint4,gripper,0.0015339809469878674,0.0,-1.0032234191894531,0.2040194571018219,-0.19481556117534637,-0.016873789951205254,0.0,0.0,0.0,-0.07194247096776962,0.21582742035388947,-0.21582742035388947,-0.07194247096776962,0.0,0.0,0.0,-18.829999923706055,-158.7100067138672,-325.4900207519531,-78.01000213623047,0.0
1780954260778496036,74606,1780954260822015233,base_link,wheel_left_joint,wheel_right_joint,joint1,joint2,joint3,joint4,gripper,0.0015339809469878674,0.0,-1.0124273300170898,0.2208932340145111,-0.2070874124765396,-0.019941750913858414,0.0,0.0,0.0,-0.14388494193553925,0.23980824649333954,-0.1918465942144394,-0.07194247096776962,0.0,0.0,0.0,-16.139999389648438,-177.54000854492188,-298.5899963378906,-96.84000396728516,0.0
1780954260864977011,74607,1780954260856015233,base_link,wheel_left_joint,wheel_right_joint,joint1,joint2,joint3,joint4,gripper,0.0015339809469878674,0.0,-1.0185632705688477,0.22702915966510773,-0.21168935298919678,-0.02454369328916073,0.0,0.0,0.0,-0.14388494193553925,0.23980824649333954,-0.1918465942144394,-0.04796164855360985,0.0,0.0,0.0,-5.380000114440918,-166.77999877929688,-317.4200134277344,-88.77000427246094,0.0
1780954260908565172,74608,1780954260913015233,base_link,wheel_left_joint,wheel_right_joint,joint1,joint2,joint3,joint4,gripper,0.0015339809469878674,0.0,-1.0246992111206055,0.24083499610424042,-0.22396120429039001,-0.029145635664463043,0.0,0.0,0.0,-0.11990412324666977,0.21582742035388947,-0.16786576807498932,-0.07194247096776962,0.0,0.0,0.0,-10.760000228881836,-177.54000854492188,-317.4200134277344,-96.84000396728516,0.0
1780954261005086975,74609,1780954260947015233,base_link,wheel_left_joint,wheel_right_joint,joint1,joint2,joint3,joint4,gripper,0.0015339809469878674,0.0,-1.0293011665344238,0.2485048919916153,-0.23009712994098663,-0.030679617077112198,0.0,0.0,0.0,-0.11990412324666977,0.21582742035388947,-0.16786576807498932,-0.07194247096776962,0.0,0.0,0.0,-8.069999694824219,-158.7100067138672,-330.8699951171875,-91.45999908447266,0.0
1780954261032854878,74610,1780954261042015233,base_link,wheel_left_joint,wheel_right_joint,joint1,joint2,joint3,joint4,gripper,0.0015339809469878674,0.0,-1.0431069135665894,0.26998063921928406,-0.25003886222839355,-0.03988350182771683,0.0,0.0,0.0,-0.11990412324666977,0.21582742035388947,-0.1918465942144394,-0.07194247096776962,0.0,0.0,0.0,-8.069999694824219,-164.08999633789062,-312.0400085449219,-88.77000427246094,0.0
1780954261129499653,74611,1780954261076015233,base_link,wheel_left_joint,wheel_right_joint,joint1,joint2,joint3,joint4,gripper,0.0015339809469878674,0.0,-1.0461748838424683,0.2791845202445984,-0.25617480278015137,-0.04295146465301514,0.0,0.0,0.0,-0.11990412324666977,0.21582742035388947,-0.1918465942144394,-0.07194247096776962,0.0,0.0,0.0,-10.760000228881836,-150.63999938964844,-312.0400085449219,-96.84000396728516,0.0
1780954261166136156,74612,1780954261170015233,base_link,wheel_left_joint,wheel_right_joint,joint1,joint2,joint3,joint4,gripper,0.0015339809469878674,0.0,-1.0584467649459839,0.30066025257110596,-0.2761165499687195,-0.04908738657832146,0.0,0.0,0.0,-0.11990412324666977,0.21582742035388947,-0.1918465942144394,-0.07194247096776962,0.0,0.0,0.0,-5.380000114440918,-190.99000549316406,-301.2799987792969,-91.45999908447266,0.0
1780954261263552645,74613,1780954261204015233,base_link,wheel_left_joint,wheel_right_joint,joint1,joint2,joint3,joint4,gripper,0.0015339809469878674,0.0,-1.0630487203598022,0.3098641335964203,-0.2822524607181549,-0.052155349403619766,0.0,0.0,0.0,-0.11990412324666977,0.23980824649333954,-0.1918465942144394,-0.07194247096776962,0.0,0.0,0.0,-5.380000114440918,-169.47000122070312,-301.2799987792969,-91.45999908447266,0.0
1780954261290001479,74614,1780954261296015233,base_link,wheel_left_joint,wheel_right_joint,joint1,joint2,joint3,joint4,gripper,0.0,0.0,-1.0753206014633179,0.33133986592292786,-0.30066025257110596,-0.05982525274157524,0.0,-0.016673706471920013,0.0,-0.11990412324666977,0.21582742035388947,-0.1918465942144394,-0.07194247096776962,0.0,0.0,0.0,-13.450000762939453,-199.05999755859375,-322.8000183105469,-94.1500015258789,0.0
1780954261382889464,74615,1780954261330015233,base_link,wheel_left_joint,wheel_right_joint,joint1,joint2,joint3,joint4,gripper,0.0015339809469878674,0.0,-1.0799225568771362,0.33900976181030273,-0.3067961633205414,-0.06289321184158325,0.0,0.04511708766222,0.0,-0.11990412324666977,0.21582742035388947,-0.1918465942144394,-0.07194247096776962,0.0,0.0,0.0,-10.760000228881836,-204.44000244140625,-317.4200134277344,-83.38999938964844,0.0
1780954261423687100,74616,1780954261429015233,base_link,wheel_left_joint,wheel_right_joint,joint1,joint2,joint3,joint4,gripper,0.0015339809469878674,0.0,-1.0921943187713623,0.36508744955062866,-0.32520392537117004,-0.07056311517953873,0.0,0.0,0.0,-0.11990412324666977,0.21582742035388947,-0.16786576807498932,-0.07194247096776962,0.0,0.0,0.0,-24.21000099182129,-199.05999755859375,-314.7300109863281,-91.45999908447266,0.0
1780954261516960573,74617,1780954261463015233,base_link,wheel_left_joint,wheel_right_joint,joint1,joint2,joint3,joint4,gripper,0.0015339809469878674,0.0,-1.0967962741851807,0.37275734543800354,-0.3328738510608673,-0.07363107800483704,0.0,0.0,0.0,-0.11990412324666977,0.21582742035388947,-0.1918465942144394,-0.07194247096776962,0.0,0.0,0.0,-29.59000015258789,-207.1300048828125,-301.2799987792969,-91.45999908447266,0.0
1780954261557550812,74618,1780954261563015233,base_link,wheel_left_joint,wheel_right_joint,joint1,joint2,joint3,joint4,gripper,0.0,0.0,-1.1090681552886963,0.3942330777645111,-0.35128161311149597,-0.08283496648073196,0.0,-0.015339810401201248,0.0,-0.11990412324666977,0.21582742035388947,-0.1918465942144394,-0.07194247096776962,0.0,0.0,0.0,-8.069999694824219,-169.47000122070312,-336.25,-78.01000213623047,0.0
1780954261647524440,74619,1780954261597015233,base_link,wheel_left_joint,wheel_right_joint,joint1,joint2,joint3,joint4,gripper,0.0015339809469878674,0.0,-1.1136701107025146,0.401902973651886,-0.35895150899887085,-0.08436894416809082,0.0,0.04511708766222,0.0,-0.11990412324666977,0.1918465942144394,-0.16786576807498932,-0.07194247096776962,0.0,0.0,0.0,-13.450000762939453,-180.23001098632812,-325.4900207519531,-86.08000183105469,0.0
1780954261683767173,74620,1780954261694015233,base_link,wheel_left_joint,wheel_right_joint,joint1,joint2,joint3,joint4,gripper,0.0015339809469878674,0.0,-1.1259418725967407,0.42644667625427246,-0.37889325618743896,-0.09357283264398575,0.0,0.0,0.0,-0.11990412324666977,0.23980824649333954,-0.1918465942144394,-0.07194247096776962,0.0,0.0,0.0,-21.520000457763672,-209.82000732421875,-298.5899963378906,-78.01000213623047,0.0
1780954261776829263,74621,1780954261728015233,base_link,wheel_left_joint,wheel_right_joint,joint1,joint2,joint3,joint4,gripper,0.0015339809469878674,0.0,-1.130543828010559,0.43104860186576843,-0.3804272413253784,-0.0951068103313446,0.0,0.0,0.0,-0.11990412324666977,0.21582742035388947,-0.16786576807498932,-0.07194247096776962,0.0,0.0,0.0,0.0,-228.65000915527344,-336.25,-69.94000244140625,0.0
1780954261812531155,74622,1780954261820015233,base_link,wheel_left_joint,wheel_right_joint,joint1,joint2,joint3,joint4,gripper,0.0015339809469878674,0.0,-1.1320778131484985,0.4325825870037079,-0.3804272413253784,-0.09664079546928406,0.0,0.0,0.0,-0.023980824276804924,0.0,0.0,0.0,0.0,0.0,0.0,-5.380000114440918,-228.65000915527344,-338.94000244140625,-69.94000244140625,0.0
1780954261906332658,74623,1780954261854015233,base_link,wheel_left_joint,wheel_right_joint,joint1,joint2,joint3,joint4,gripper,0.0015339809469878674,0.0,-1.133611798286438,0.4325825870037079,-0.3804272413253784,-0.09664079546928406,0.0,0.0,0.0,0.0,0.0,0.0,0.0,0.0,0.0,0.0,-5.380000114440918,-220.5800018310547,-336.25,-67.25,0.0
1780954261945630822,74624,1780954261953015233,base_link,wheel_left_joint,wheel_right_joint,joint1,joint2,joint3,joint4,gripper,0.0015339809469878674,0.0,-1.1320778131484985,0.4325825870037079,-0.3804272413253784,-0.09664079546928406,0.0,0.0,0.0,0.0,0.0,0.0,0.0,0.0,0.0,0.0,-2.690000057220459,-225.9600067138672,-338.94000244140625,-80.70000457763672,0.0
1780954262042448088,74625,1780954261987015233,base_link,wheel_left_joint,wheel_right_joint,joint1,joint2,joint3,joint4,gripper,0.0015339809469878674,0.0,-1.1320778131484985,0.4325825870037079,-0.3804272413253784,-0.09664079546928406,0.0,0.0,0.0,0.0,0.0,0.0,0.0,0.0,0.0,0.0,-5.380000114440918,-220.5800018310547,-338.94000244140625,-67.25,0.0
1780954262078110704,74626,1780954262088015233,base_link,wheel_left_joint,wheel_right_joint,joint1,joint2,joint3,joint4,gripper,0.0015339809469878674,0.0,-1.1320778131484985,0.4325825870037079,-0.3804272413253784,-0.09664079546928406,0.0,0.0,0.0,0.0,0.0,0.0,0.0,0.0,0.0,0.0,-2.690000057220459,-223.27000427246094,-338.94000244140625,-69.94000244140625,0.0
1780954262171283194,74627,1780954262122015233,base_link,wheel_left_joint,wheel_right_joint,joint1,joint2,joint3,joint4,gripper,0.0015339809469878674,0.0,-1.1320778131484985,0.4325825870037079,-0.3804272413253784,-0.09664079546928406,0.0,0.0,0.0,0.0,0.0,0.0,0.0,0.0,0.0,0.0,-2.690000057220459,-225.9600067138672,-336.25,-67.25,0.0
1780954262208602375,74628,1780954262218015233,base_link,wheel_left_joint,wheel_right_joint,joint1,joint2,joint3,joint4,gripper,0.0015339809469878674,0.0,-1.133611798286438,0.4325825870037079,-0.3804272413253784,-0.09664079546928406,0.0,0.0,0.0,0.0,0.0,0.0,0.0,0.0,0.0,0.0,-2.690000057220459,-225.9600067138672,-338.94000244140625,-67.25,0.0
1780954262293628984,74629,1780954262250015233,base_link,wheel_left_joint,wheel_right_joint,joint1,joint2,joint3,joint4,gripper,0.0015339809469878674,0.0,-1.133611798286438,0.4325825870037079,-0.3804272413253784,-0.09664079546928406,0.0,0.0,0.0,0.0,0.0,0.0,0.0,0.0,0.0,0.0,0.0,-199.05999755859375,-363.1499938964844,-88.77000427246094,0.0
1780954262341932127,74630,1780954262351015233,base_link,wheel_left_joint,wheel_right_joint,joint1,joint2,joint3,joint4,gripper,0.0015339809469878674,0.0,-1.1397477388381958,0.44792240858078003,-0.39576706290245056,-0.10277671366930008,0.0,0.0,0.0,-0.07194247096776962,0.14388494193553925,-0.14388494193553925,-0.04796164855360985,0.0,0.0,0.0,-40.35000228881836,-188.3000030517578,-306.6600036621094,-88.77000427246094,0.0
1780954262435643397,74631,1780954262385015233,base_link,wheel_left_joint,wheel_right_joint,joint1,joint2,joint3,joint4,gripper,0.0015339809469878674,0.0,-1.1458836793899536,0.45712628960609436,-0.40343695878982544,-0.10584467649459839,0.0,0.0,0.0,-0.0959232971072197,0.21582742035388947,-0.21582742035388947,-0.07194247096776962,0.0,0.0,0.0,-29.59000015258789,-190.99000549316406,-303.9700012207031,-72.6300048828125,0.0
1780954262472265516,74632,1780954262472015233,base_link,wheel_left_joint,wheel_right_joint,joint1,joint2,joint3,joint4,gripper,0.0015339809469878674,0.0,-1.1566215753555298,0.47860202193260193,-0.4218447208404541,-0.11198060214519501,0.0,0.0,0.0,-0.14388494193553925,0.2637890577316284,-0.21582742035388947,-0.07194247096776962,0.0,0.0,0.0,-8.069999694824219,-207.1300048828125,-298.5899963378906,-83.38999938964844,0.0
1780954262566255648,74633,1780954262506015233,base_link,wheel_left_joint,wheel_right_joint,joint1,joint2,joint3,joint4,gripper,0.0015339809469878674,0.0,-1.1612235307693481,0.48780590295791626,-0.4279806613922119,-0.11504856497049332,0.0,0.0,0.0,-0.11990412324666977,0.23980824649333954,-0.1918465942144394,-0.07194247096776962,0.0,0.0,0.0,-16.139999389648438,-207.1300048828125,-320.1100158691406,-83.38999938964844,0.0
1780954262594394542,74634,1780954262600015233,base_link,wheel_left_joint,wheel_right_joint,joint1,joint2,joint3,joint4,gripper,0.0015339809469878674,0.0,-1.1734952926635742,0.5108156204223633,-0.4448544383049011,-0.12425244599580765,0.0,0.0,0.0,-0.11990412324666977,0.23980824649333954,-0.1918465942144394,-0.07194247096776962,0.0,0.0,0.0,-13.450000762939453,-223.27000427246094,-295.8999938964844,-69.94000244140625,0.0
1780954262682926808,74635,1780954262634015233,base_link,wheel_left_joint,wheel_right_joint,joint1,joint2,joint3,joint4,gripper,0.0015339809469878674,0.0,-1.1780972480773926,0.5184855461120605,-0.452524334192276,-0.12732040882110596,0.0,0.0,0.0,-0.11990412324666977,0.23980824649333954,-0.1918465942144394,-0.07194247096776962,0.0,0.0,0.0,-10.760000228881836,-231.3400115966797,-279.760009765625,-88.77000427246094,0.0
1780954262722691145,74636,1780954262731015233,base_link,wheel_left_joint,wheel_right_joint,joint1,joint2,joint3,joint4,gripper,0.0015339809469878674,0.0,-1.1903691291809082,0.5414952039718628,-0.4693981409072876,-0.13499031960964203,0.0,0.0,0.0,-0.11990412324666977,0.21582742035388947,-0.16786576807498932,-0.07194247096776962,0.0,0.0,0.0,-32.279998779296875,-204.44000244140625,-312.0400085449219,-80.70000457763672,0.0
1780954262815184035,74637,1780954262765015233,base_link,wheel_left_joint,wheel_right_joint,joint1,joint2,joint3,joint4,gripper,0.0015339809469878674,0.0,-1.1949710845947266,0.5491651296615601,-0.4770680367946625,-0.13805827498435974,0.0,0.0,0.0,-0.11990412324666977,0.21582742035388947,-0.16786576807498932,-0.07194247096776962,0.0,0.0,0.0,-10.760000228881836,-204.44000244140625,-298.5899963378906,-78.01000213623047,0.0
1780954262859552640,74638,1780954262861015233,base_link,wheel_left_joint,wheel_right_joint,joint1,joint2,joint3,joint4,gripper,0.0015339809469878674,0.0,-1.2087769508361816,0.5721748471260071,-0.4970097839832306,-0.14419420063495636,0.0,0.0,0.0,-0.11990412324666977,0.23980824649333954,-0.1918465942144394,-0.07194247096776962,0.0,0.0,0.0,-21.520000457763672,-239.41000366210938,-317.4200134277344,-83.38999938964844,0.0
1780954262952728092,74639,1780954262895015233,base_link,wheel_left_joint,wheel_right_joint,joint1,joint2,joint3,joint4,gripper,0.0015339809469878674,0.0,-1.211844801902771,0.5798447728157043,-0.503145694732666,-0.14726215600967407,0.0,0.0,0.0,-0.11990412324666977,0.23980824649333954,-0.1918465942144394,-0.07194247096776962,0.0,0.0,0.0,-21.520000457763672,-225.9600067138672,-330.8699951171875,-80.70000457763672,0.0
1780954262991719041,74640,1780954262966713655,base_link,wheel_left_joint,wheel_right_joint,joint1,joint2,joint3,joint4,gripper,0.0015339809469878674,0.0,-1.225650668144226,0.6059224009513855,-0.5215534567832947,-0.1564660519361496,0.0,0.0,0.0,-0.11990412324666977,0.23980824649333954,-0.16786576807498932,-0.07194247096776962,0.0,0.0,0.0,-8.069999694824219,-247.48001098632812,-330.8699951171875,-94.1500015258789,0.0
1780954263092642097,74641,1780954263000713655,base_link,wheel_left_joint,wheel_right_joint,joint1,joint2,joint3,joint4,gripper,0.0015339809469878674,0.0,-1.228718638420105,0.6135923266410828,-0.5276893973350525,-0.1595340073108673,0.0,0.0,0.0,-0.11990412324666977,0.23980824649333954,-0.16786576807498932,-0.07194247096776962,0.0,0.0,0.0,-18.829999923706055,-236.72000122070312,-336.25,-96.84000396728516,0.0
1780954263132061443,74642,1780954263104713655,base_link,wheel_left_joint,wheel_right_joint,joint1,joint2,joint3,joint4,gripper,0.0015339809469878674,0.0,-1.24252450466156,0.6381360292434692,-0.552233099937439,-0.16873788833618164,0.0,0.0,0.0,-0.11990412324666977,0.23980824649333954,-0.21582742035388947,-0.07194247096776962,0.0,0.0,0.0,-24.21000099182129,-244.79000854492188,-287.83001708984375,-78.01000213623047,0.0
1780954263226604929,74643,1780954263138713655,base_link,wheel_left_joint,wheel_right_joint,joint1,joint2,joint3,joint4,gripper,0.0015339809469878674,0.0,-1.2471264600753784,0.6458059549331665,-0.5583690404891968,-0.1702718734741211,0.0,0.0,0.0,-0.11990412324666977,0.23980824649333954,-0.21582742035388947,-0.07194247096776962,0.0,0.0,0.0,-13.450000762939453,-231.3400115966797,-306.6600036621094,-86.08000183105469,0.0
1780954263264440920,74644,1780954263239713655,base_link,wheel_left_joint,wheel_right_joint,joint1,joint2,joint3,joint4,gripper,0.0015339809469878674,0.0,-1.2593982219696045,0.6688156127929688,-0.5783107876777649,-0.17947575449943542,0.0,0.0,0.0,-0.11990412324666977,0.21582742035388947,-0.16786576807498932,-0.07194247096776962,0.0,0.0,0.0,-34.970001220703125,-242.10000610351562,-312.0400085449219,-96.84000396728516,0.0
1780954263359490807,74645,1780954263273713655,base_link,wheel_left_joint,wheel_right_joint,joint1,joint2,joint3,joint4,gripper,0.0015339809469878674,0.0,-1.2640001773834229,0.676485538482666,-0.5859806537628174,-0.18254372477531433,0.0,0.0,0.0,-0.11990412324666977,0.21582742035388947,-0.1918465942144394,-0.07194247096776962,0.0,0.0,0.0,-32.279998779296875,-263.6199951171875,-279.760009765625,-83.38999938964844,0.0
1780954263396328778,74646,1780954263372713655,base_link,wheel_left_joint,wheel_right_joint,joint1,joint2,joint3,joint4,gripper,0.0015339809469878674,0.0,-1.2701361179351807,0.6810874938964844,-0.5875146389007568,-0.1840776950120926,0.0,0.0,0.0,-0.04796164855360985,0.023980824276804924,0.0,0.0,0.0,0.0,0.0,-2.690000057220459,-239.41000366210938,-328.17999267578125,-96.84000396728516,0.0
1780954263490775765,74647,1780954263406713655,base_link,wheel_left_joint,wheel_right_joint,joint1,joint2,joint3,joint4,gripper,0.0015339809469878674,0.0,-1.2716701030731201,0.6810874938964844,-0.5875146389007568,-0.1840776950120926,0.0,0.0,0.0,-0.023980824276804924,0.0,0.0,0.0,0.0,0.0,0.0,-5.380000114440918,-239.41000366210938,-322.8000183105469,-91.45999908447266,0.0
1780954263528672066,74648,1780954263505713655,base_link,wheel_left_joint,wheel_right_joint,joint1,joint2,joint3,joint4,gripper,0.0015339809469878674,0.0,-1.2716701030731201,0.6810874938964844,-0.5875146389007568,-0.18561168015003204,0.0,0.0,0.0,0.0,0.0,0.0,0.0,0.0,0.0,0.0,-2.690000057220459,-242.10000610351562,-325.4900207519531,-72.6300048828125,0.0
1780954263624283662,74649,1780954263539713655,base_link,wheel_left_joint,wheel_right_joint,joint1,joint2,joint3,joint4,gripper,0.0015339809469878674,0.0,-1.2716701030731201,0.6810874938964844,-0.5859806537628174,-0.1840776950120926,0.0,0.0,0.0,0.0,0.0,0.0,0.0,0.0,0.0,0.0,-2.690000057220459,-239.41000366210938,-320.1100158691406,-75.31999969482422,0.0
1780954263661232955,74650,1780954263629713655,base_link,wheel_left_joint,wheel_right_joint,joint1,joint2,joint3,joint4,gripper,0.0015339809469878674,0.0,-1.2716701030731201,0.6810874938964844,-0.5859806537628174,-0.18561168015003204,0.0,0.0,0.0,0.0,0.0,0.0,0.0,0.0,0.0,0.0,-2.690000057220459,-239.41000366210938,-325.4900207519531,-67.25,0.0
1780954263760639258,74651,1780954263663713655,base_link,wheel_left_joint,wheel_right_joint,joint1,joint2,joint3,joint4,gripper,0.0015339809469878674,0.0,-1.2716701030731201,0.6810874938964844,-0.5875146389007568,-0.18561168015003204,0.0,0.0,0.0,0.0,0.0,0.0,0.0,0.0,0.0,0.0,-5.380000114440918,-239.41000366210938,-322.8000183105469,-67.25,0.0
1780954263787100656,74652,1780954263760713655,base_link,wheel_left_joint,wheel_right_joint,joint1,joint2,joint3,joint4,gripper,0.0015339809469878674,0.0,-1.2716701030731201,0.6810874938964844,-0.5875146389007568,-0.1840776950120926,0.0,0.0,0.0,0.0,0.0,0.0,0.0,0.0,0.0,0.0,-5.380000114440918,-239.41000366210938,-322.8000183105469,-72.6300048828125,0.0
1780954263882412597,74653,1780954263794713655,base_link,wheel_left_joint,wheel_right_joint,joint1,joint2,joint3,joint4,gripper,0.0015339809469878674,0.0,-1.2701361179351807,0.6810874938964844,-0.5859806537628174,-0.18561168015003204,0.0,0.0,0.0,0.0,0.0,0.0,0.0,0.0,0.0,0.0,-5.380000114440918,-239.41000366210938,-322.8000183105469,-72.6300048828125,0.0
1780954263919651748,74654,1780954263896713655,base_link,wheel_left_joint,wheel_right_joint,joint1,joint2,joint3,joint4,gripper,0.0015339809469878674,0.0,-1.2716701030731201,0.6810874938964844,-0.5875146389007568,-0.18561168015003204,0.0,0.0,0.0,0.0,0.0,0.0,0.0,0.0,0.0,0.0,-2.690000057220459,-239.41000366210938,-322.8000183105469,-72.6300048828125,0.0
1780954264007570085,74655,1780954263928713655,base_link,wheel_left_joint,wheel_right_joint,joint1,joint2,joint3,joint4,gripper,0.0015339809469878674,0.0,-1.2716701030731201,0.6810874938964844,-0.5859806537628174,-0.18561168015003204,0.0,0.0,0.0,0.0,0.0,0.0,0.0,0.0,0.0,0.0,-5.380000114440918,-223.27000427246094,-352.3900146484375,-88.77000427246094,0.0
1780954264058443932,74656,1780954264032713655,base_link,wheel_left_joint,wheel_right_joint,joint1,joint2,joint3,joint4,gripper,0.0015339809469878674,0.0,-1.2793400287628174,0.6979612708091736,-0.6043884754180908,-0.19174760580062866,0.0,0.0,0.0,-0.07194247096776962,0.16786576807498932,-0.1918465942144394,-0.04796164855360985,0.0,0.0,0.0,-48.42000198364258,-204.44000244140625,-301.2799987792969,-88.77000427246094,0.0
1780954264157636531,74657,1780954264066713655,base_link,wheel_left_joint,wheel_right_joint,joint1,joint2,joint3,joint4,gripper,0.0,0.0,-1.2839419841766357,0.7056311964988708,-0.6105243563652039,-0.19481556117534637,0.0,-0.04511708766222,0.0,-0.0959232971072197,0.21582742035388947,-0.1918465942144394,-0.07194247096776962,0.0,0.0,0.0,-8.069999694824219,-225.9600067138672,-298.5899963378906,-83.38999938964844,0.0
1780954264171935978,74658,1780954264161713655,base_link,wheel_left_joint,wheel_right_joint,joint1,joint2,joint3,joint4,gripper,0.0015339809469878674,0.0,-1.2977477312088013,0.7301748991012573,-0.6289321184158325,-0.20248547196388245,0.0,0.01614716835319996,0.0,-0.14388494193553925,0.2637890577316284,-0.16786576807498932,-0.07194247096776962,0.0,0.0,0.0,-13.450000762939453,-260.92999267578125,-317.4200134277344,-91.45999908447266,0.0
1780954264226883959,74659,1780954264195713655,base_link,wheel_left_joint,wheel_right_joint,joint1,joint2,joint3,joint4,gripper,0.0015339809469878674,0.0,-1.3023496866226196,0.7393787503242493,-0.6335340738296509,-0.20555342733860016,0.0,0.0,0.0,-0.11990412324666977,0.23980824649333954,-0.16786576807498932,-0.07194247096776962,0.0,0.0,0.0,-5.380000114440918,-244.79000854492188,-320.1100158691406,-88.77000427246094,0.0
1780954264247743551,74660,1780954264261713655,base_link,wheel_left_joint,wheel_right_joint,joint1,joint2,joint3,joint4,gripper,0.0015339809469878674,0.0,-1.310019612312317,0.754718542098999,-0.644271969795227,-0.21168935298919678,0.0,0.0,0.0,-0.11990412324666977,0.21582742035388947,-0.16786576807498932,-0.07194247096776962,0.0,0.0,0.0,-18.829999923706055,-252.86000061035156,-341.6300048828125,-61.87000274658203,0.0
1780954264337869926,74661,1780954264295713655,base_link,wheel_left_joint,wheel_right_joint,joint1,joint2,joint3,joint4,gripper,0.0015339809469878674,0.0,-1.3146215677261353,0.7623884677886963,-0.6519418358802795,-0.21475732326507568,0.0,0.0,0.0,-0.11990412324666977,0.21582742035388947,-0.1918465942144394,-0.07194247096776962,0.0,0.0,0.0,-29.59000015258789,-263.6199951171875,-333.55999755859375,-69.94000244140625,0.0
1780954264399882502,74662,1780954264382713655,base_link,wheel_left_joint,wheel_right_joint,joint1,joint2,joint3,joint4,gripper,0.0015339809469878674,0.0,-1.3253594636917114,0.7838642001152039,-0.6703495979309082,-0.22242721915245056,0.0,0.0,0.0,-0.11990412324666977,0.23980824649333954,-0.21582742035388947,-0.07194247096776962,0.0,0.0,0.0,-16.139999389648438,-269.0,-320.1100158691406,-86.08000183105469,0.0
1780954264495213212,74663,1780954264416713655,base_link,wheel_left_joint,wheel_right_joint,joint1,joint2,joint3,joint4,gripper,0.0015339809469878674,0.0,-1.3299614191055298,0.7915341258049011,-0.676485538482666,-0.22396120429039001,0.0,0.0,0.0,-0.11990412324666977,0.23980824649333954,-0.1918465942144394,-0.07194247096776962,0.0,0.0,0.0,-26.900001525878906,-242.10000610351562,-309.3500061035156,-96.84000396728516,0.0
1780954264531269491,74664,1780954264505713655,base_link,wheel_left_joint,wheel_right_joint,joint1,joint2,joint3,joint4,gripper,0.0015339809469878674,0.0,-1.3406991958618164,0.8114758729934692,-0.6948933005332947,-0.2316311001777649,0.0,0.0,0.0,-0.11990412324666977,0.1918465942144394,-0.1918465942144394,-0.07194247096776962,0.0,0.0,0.0,-34.970001220703125,-250.1699981689453,-298.5899963378906,-88.77000427246094,0.0
1780954264625184788,74665,1780954264539713655,base_link,wheel_left_joint,wheel_right_joint,joint1,joint2,joint3,joint4,gripper,0.0015339809469878674,0.0,-1.3453011512756348,0.8191457390785217,-0.7025632262229919,-0.2346990704536438,0.0,0.0,0.0,-0.11990412324666977,0.21582742035388947,-0.1918465942144394,-0.07194247096776962,0.0,0.0,0.0,-26.900001525878906,-239.41000366210938,-293.2099914550781,-75.31999969482422,0.0
1780954264662054651,74666,1780954264633713655,base_link,wheel_left_joint,wheel_right_joint,joint1,joint2,joint3,joint4,gripper,0.0015339809469878674,0.0,-1.3575730323791504,0.8406214714050293,-0.7209709882736206,-0.24236896634101868,0.0,0.0,0.0,-0.11990412324666977,0.23980824649333954,-0.16786576807498932,-0.07194247096776962,0.0,0.0,0.0,-32.279998779296875,-260.92999267578125,-322.8000183105469,-94.1500015258789,0.0
1780954264753072657,74667,1780954264667713655,base_link,wheel_left_joint,wheel_right_joint,joint1,joint2,joint3,joint4,gripper,0.0015339809469878674,0.0,-1.3621749877929688,0.849825382232666,-0.7271069288253784,-0.24543693661689758,0.0,0.0,0.0,-0.11990412324666977,0.23980824649333954,-0.16786576807498932,-0.07194247096776962,0.0,0.0,0.0,-13.450000762939453,-269.0,-336.25,-69.94000244140625,0.0
1780954264791195351,74668,1780954264761713655,base_link,wheel_left_joint,wheel_right_joint,joint1,joint2,joint3,joint4,gripper,0.0015339809469878674,0.0,-1.3744468688964844,0.872835099697113,-0.7455146908760071,-0.25310683250427246,0.0,0.0,0.0,-0.11990412324666977,0.23980824649333954,-0.16786576807498932,-0.07194247096776962,0.0,0.0,0.0,-37.65999984741211,-269.0,-325.4900207519531,-86.08000183105469,0.0
1780954264884741338,74669,1780954264795713655,base_link,wheel_left_joint,wheel_right_joint,joint1,joint2,joint3,joint4,gripper,0.0015339809469878674,0.0,-1.3790488243103027,0.8805050253868103,-0.754718542098999,-0.25617480278015137,0.0,0.0,0.0,-0.11990412324666977,0.23980824649333954,-0.1918465942144394,-0.07194247096776962,0.0,0.0,0.0,-24.21000099182129,-258.239990234375,-298.5899963378906,-75.31999969482422,0.0
1780954264911189830,74670,1780954264891713655,base_link,wheel_left_joint,wheel_right_joint,joint1,joint2,joint3,joint4,gripper,0.0015339809469878674,0.0,-1.3913205862045288,0.9035146832466125,-0.771592378616333,-0.2653786838054657,0.0,0.0,0.0,-0.11990412324666977,0.21582742035388947,-0.16786576807498932,-0.07194247096776962,0.0,0.0,0.0,-24.21000099182129,-252.86000061035156,-341.6300048828125,-91.45999908447266,0.0
1780954265003111093,74671,1780954264925713655,base_link,wheel_left_joint,wheel_right_joint,joint1,joint2,joint3,joint4,gripper,0.0015339809469878674,0.0,-1.3959225416183472,0.9111846089363098,-0.777728259563446,-0.26691266894340515,0.0,0.0,0.0,-0.11990412324666977,0.21582742035388947,-0.16786576807498932,-0.07194247096776962,0.0,0.0,0.0,-34.970001220703125,-271.69000244140625,-338.94000244140625,-91.45999908447266,0.0
1780954265039679941,74672,1780954265021713655,base_link,wheel_left_joint,wheel_right_joint,joint1,joint2,joint3,joint4,gripper,0.0015339809469878674,0.0,-1.4081944227218628,0.9295923709869385,-0.7930681109428406,-0.2715145945549011,0.0,0.0,0.0,-0.11990412324666977,0.1918465942144394,-0.16786576807498932,-0.04796164855360985,0.0,0.0,0.0,2.690000057220459,-252.86000061035156,-336.25,-88.77000427246094,0.0
1780954265138071270,74673,1780954265055713655,base_link,wheel_left_joint,wheel_right_joint,joint1,joint2,joint3,joint4,gripper,0.0015339809469878674,0.0,-1.4097284078598022,0.9295923709869385,-0.7930681109428406,-0.2730485796928406,0.0,0.0,0.0,-0.07194247096776962,0.0959232971072197,-0.07194247096776962,0.0,0.0,0.0,0.0,0.0,-247.48001098632812,-344.32000732421875,-96.84000396728516,0.0
1780954265175453312,74674,1780954265150713655,base_link,wheel_left_joint,wheel_right_joint,joint1,joint2,joint3,joint4,gripper,0.0015339809469878674,0.0,-1.4097284078598022,0.9295923709869385,-0.7930681109428406,-0.2715145945549011,0.0,0.0,0.0,0.0,0.0,0.0,0.0,0.0,0.0,0.0,-8.069999694824219,-244.79000854492188,-338.94000244140625,-88.77000427246094,0.0
1780954265269942613,74675,1780954265184713655,base_link,wheel_left_joint,wheel_right_joint,joint1,joint2,joint3,joint4,gripper,0.0015339809469878674,0.0,-1.4097284078598022,0.9295923709869385,-0.7930681109428406,-0.2730485796928406,0.0,0.0,0.0,0.0,0.0,0.0,0.0,0.0,0.0,0.0,-5.380000114440918,-242.10000610351562,-341.6300048828125,-75.31999969482422,0.0
1780954265306654162,74676,1780954265286713655,base_link,wheel_left_joint,wheel_right_joint,joint1,joint2,joint3,joint4,gripper,0.0015339809469878674,0.0,-1.4097284078598022,0.9295923709869385,-0.7930681109428406,-0.2730485796928406,0.0,0.0,0.0,0.0,0.0,0.0,0.0,0.0,0.0,0.0,-8.069999694824219,-244.79000854492188,-338.94000244140625,-69.94000244140625,0.0
1780954265401986168,74677,1780954265320713655,base_link,wheel_left_joint,wheel_right_joint,joint1,joint2,joint3,joint4,gripper,0.0015339809469878674,0.0,-1.4112623929977417,0.9295923709869385,-0.7930681109428406,-0.2730485796928406,0.0,0.0,0.0,0.0,0.0,0.0,0.0,0.0,0.0,0.0,-5.380000114440918,-244.79000854492188,-338.94000244140625,-78.01000213623047,0.0
1780954265449879125,74678,1780954265421713655,base_link,wheel_left_joint,wheel_right_joint,joint1,joint2,joint3,joint4,gripper,0.0015339809469878674,0.0,-1.4112623929977417,0.9295923709869385,-0.7930681109428406,-0.2730485796928406,0.0,0.0,0.0,0.0,0.0,0.0,0.0,0.0,0.0,0.0,-5.380000114440918,-244.79000854492188,-341.6300048828125,-67.25,0.0
1780954265543910445,74679,1780954265456713655,base_link,wheel_left_joint,wheel_right_joint,joint1,joint2,joint3,joint4,gripper,0.0015339809469878674,0.0,-1.4097284078598022,0.9295923709869385,-0.7930681109428406,-0.2730485796928406,0.0,0.0,0.0,0.0,0.0,0.0,0.0,0.0,0.0,0.0,-8.069999694824219,-244.79000854492188,-355.08001708984375,-94.1500015258789,0.0
1780954265572300683,74680,1780954265632707401,base_link,wheel_left_joint,wheel_right_joint,joint1,joint2,joint3,joint4,gripper,0.0015339809469878674,0.0,-1.41586434841156,0.9403302669525146,-0.8068739175796509,-0.2791845202445984,0.0,0.0,0.0,-0.023980824276804924,0.11990412324666977,-0.14388494193553925,-0.04796164855360985,0.0,0.0,0.0,-59.18000030517578,-212.510009765625,-282.45001220703125,-86.08000183105469,0.0
1780954265665372366,74681,1780954265666707401,base_link,wheel_left_joint,wheel_right_joint,joint1,joint2,joint3,joint4,gripper,0.0015339809469878674,0.0,-1.418932318687439,0.9480001330375671,-0.8145438432693481,-0.28071850538253784,0.0,0.0,0.0,-0.07194247096776962,0.1918465942144394,-0.21582742035388947,-0.07194247096776962,0.0,0.0,0.0,-53.80000305175781,-228.65000915527344,-287.83001708984375,-88.77000427246094,0.0
1780954265700943090,74682,1780954265761707401,base_link,wheel_left_joint,wheel_right_joint,joint1,joint2,joint3,joint4,gripper,0.0015339809469878674,0.0,-1.4327380657196045,0.9725438356399536,-0.8329516053199768,-0.2883884012699127,0.0,0.0,0.0,-0.14388494193553925,0.23980824649333954,-0.16786576807498932,-0.07194247096776962,0.0,0.0,0.0,-29.59000015258789,-271.69000244140625,-295.8999938964844,-99.52999877929688,0.0
1780954265795977864,74683,1780954265795707401,base_link,wheel_left_joint,wheel_right_joint,joint1,joint2,joint3,joint4,gripper,0.0015339809469878674,0.0,-1.4373400211334229,0.9817477464675903,-0.8406214714050293,-0.2914563715457916,0.0,0.0,0.0,-0.14388494193553925,0.23980824649333954,-0.1918465942144394,-0.07194247096776962,0.0,0.0,0.0,-34.970001220703125,-258.239990234375,-290.52001953125,-86.08000183105469,0.0
1780954265832641324,74684,1780954265882707401,base_link,wheel_left_joint,wheel_right_joint,joint1,joint2,joint3,joint4,gripper,0.0015339809469878674,0.0,-1.4496119022369385,1.0016894340515137,-0.8559613227844238,-0.2991262674331665,0.0,0.0,0.0,-0.11990412324666977,0.21582742035388947,-0.16786576807498932,-0.07194247096776962,0.0,0.0,0.0,-21.520000457763672,-263.6199951171875,-293.2099914550781,-72.6300048828125,0.0
1780954265928537878,74685,1780954265916707401,base_link,wheel_left_joint,wheel_right_joint,joint1,joint2,joint3,joint4,gripper,0.0015339809469878674,0.0,-1.4526798725128174,1.0108933448791504,-0.8636311888694763,-0.3021942377090454,0.0,0.0,0.0,-0.11990412324666977,0.21582742035388947,-0.16786576807498932,-0.07194247096776962,0.0,0.0,0.0,-37.65999984741211,-258.239990234375,-314.7300109863281,-67.25,0.0
1780954265959868384,74686,1780954266016707401,base_link,wheel_left_joint,wheel_right_joint,joint1,joint2,joint3,joint4,gripper,0.0015339809469878674,0.0,-1.466485619544983,1.036971092224121,-0.882038950920105,-0.31139811873435974,0.0,0.0,0.0,-0.11990412324666977,0.23980824649333954,-0.1918465942144394,-0.07194247096776962,0.0,0.0,0.0,-43.040000915527344,-277.07000732421875,-314.7300109863281,-99.52999877929688,0.0
1780954266048611968,74687,1780954266050707401,base_link,wheel_left_joint,wheel_right_joint,joint1,joint2,joint3,joint4,gripper,0.0015339809469878674,0.0,-1.4710875749588013,1.0446408987045288,-0.8897088766098022,-0.31139811873435974,0.0,0.0,0.0,-0.11990412324666977,0.23980824649333954,-0.16786576807498932,-0.07194247096776962,0.0,0.0,0.0,-40.35000228881836,-266.30999755859375,-317.4200134277344,-91.45999908447266,0.0
1780954266087277749,74688,1780954266147707401,base_link,wheel_left_joint,wheel_right_joint,joint1,joint2,joint3,joint4,gripper,0.0015339809469878674,0.0,-1.483359456062317,1.0661166906356812,-0.9081166386604309,-0.3206019997596741,0.0,0.0,0.0,-0.11990412324666977,0.21582742035388947,-0.1918465942144394,-0.07194247096776962,0.0,0.0,0.0,-29.59000015258789,-260.92999267578125,-330.8699951171875,-91.45999908447266,0.0
1780954266187407864,74689,1780954266181707401,base_link,wheel_left_joint,wheel_right_joint,joint1,joint2,joint3,joint4,gripper,0.0015339809469878674,0.0,-1.4879614114761353,1.0737866163253784,-0.9142525792121887,-0.323669970035553,0.0,0.0,0.0,-0.11990412324666977,0.21582742035388947,-0.16786576807498932,-0.07194247096776962,0.0,0.0,0.0,-37.65999984741211,-260.92999267578125,-322.8000183105469,-96.84000396728516,0.0
1780954266225300850,74690,1780954266282707401,base_link,wheel_left_joint,wheel_right_joint,joint1,joint2,joint3,joint4,gripper,0.0015339809469878674,0.0,-1.5017672777175903,1.0983302593231201,-0.9357283115386963,-0.3328738510608673,0.0,0.0,0.0,-0.11990412324666977,0.21582742035388947,-0.1918465942144394,-0.07194247096776962,0.0,0.0,0.0,-40.35000228881836,-269.0,-333.55999755859375,-69.94000244140625,0.0
1780954266317376242,74691,1780954266316707401,base_link,wheel_left_joint,wheel_right_joint,joint1,joint2,joint3,joint4,gripper,0.0015339809469878674,0.0,-1.5063692331314087,1.1060001850128174,-0.9418642520904541,-0.33594179153442383,0.0,0.0,0.0,-0.11990412324666977,0.23980824649333954,-0.1918465942144394,-0.07194247096776962,0.0,0.0,0.0,-37.65999984741211,-266.30999755859375,-330.8699951171875,-61.87000274658203,0.0
1780954266357071601,74692,1780954266412707401,base_link,wheel_left_joint,wheel_right_joint,joint1,joint2,joint3,joint4,gripper,0.0015339809469878674,0.0,-1.5186409950256348,1.130543828010559,-0.9618059992790222,-0.3436117172241211,0.0,0.0,0.0,-0.11990412324666977,0.23980824649333954,-0.1918465942144394,-0.07194247096776962,0.0,0.0,0.0,-40.35000228881836,-274.3800048828125,-285.1400146484375,-80.70000457763672,0.0
1780954266449922386,74693,1780954266446707401,base_link,wheel_left_joint,wheel_right_joint,joint1,joint2,joint3,joint4,gripper,0.0015339809469878674,0.0,-1.5232429504394531,1.1382137537002563,-0.9679418802261353,-0.34514567255973816,0.0,0.0,0.0,-0.11990412324666977,0.23980824649333954,-0.21582742035388947,-0.07194247096776962,0.0,0.0,0.0,-40.35000228881836,-282.45001220703125,-312.0400085449219,-75.31999969482422,0.0
1780954266490638340,74694,1780954266546707401,base_link,wheel_left_joint,wheel_right_joint,joint1,joint2,joint3,joint4,gripper,0.0015339809469878674,0.0,-1.5370488166809082,1.1627575159072876,-0.9878836274147034,-0.3528155982494354,0.0,0.0,0.0,-0.11990412324666977,0.21582742035388947,-0.1918465942144394,-0.07194247096776962,0.0,0.0,0.0,-18.829999923706055,-269.0,-320.1100158691406,-94.1500015258789,0.0
1780954266588122963,74695,1780954266580707401,base_link,wheel_left_joint,wheel_right_joint,joint1,joint2,joint3,joint4,gripper,0.0015339809469878674,0.0,-1.540116786956787,1.1704273223876953,-0.9924855828285217,-0.35588353872299194,0.0,0.0,0.0,-0.11990412324666977,0.21582742035388947,-0.16786576807498932,-0.07194247096776962,0.0,0.0,0.0,-29.59000015258789,-287.83001708984375,-301.2799987792969,-88.77000427246094,0.0
1780954266626697770,74696,1780954266680707401,base_link,wheel_left_joint,wheel_right_joint,joint1,joint2,joint3,joint4,gripper,0.0015339809469878674,0.0,-1.5493206977844238,1.1780972480773926,-0.9970875382423401,-0.3604854941368103,0.0,0.0,0.0,-0.07194247096776962,0.07194247096776962,0.0,-0.023980824276804924,0.0,0.0,0.0,0.0,-274.3800048828125,-333.55999755859375,-83.38999938964844,0.0
1780954266718519445,74697,1780954266714707401,base_link,wheel_left_joint,wheel_right_joint,joint1,joint2,joint3,joint4,gripper,0.0015339809469878674,0.0,-1.5493206977844238,1.1780972480773926,-0.9986215233802795,-0.3604854941368103,0.0,0.0,0.0,-0.023980824276804924,0.023980824276804924,0.0,0.0,0.0,0.0,0.0,-8.069999694824219,-271.69000244140625,-330.8699951171875,-72.6300048828125,0.0
1780954266759461763,74698,1780954266817707401,base_link,wheel_left_joint,wheel_right_joint,joint1,joint2,joint3,joint4,gripper,0.0015339809469878674,0.0,-1.5493206977844238,1.179631233215332,-0.9970875382423401,-0.3604854941368103,0.0,0.0,0.0,0.0,0.0,0.0,0.0,0.0,0.0,0.0,-8.069999694824219,-269.0,-322.8000183105469,-69.94000244140625,0.0
1780954266857057675,74699,1780954266851707401,base_link,wheel_left_joint,wheel_right_joint,joint1,joint2,joint3,joint4,gripper,0.0015339809469878674,0.0,-1.5508545637130737,1.1780972480773926,-0.9986215233802795,-0.3604854941368103,0.0,0.0,0.0,0.0,0.0,0.0,0.0,0.0,0.0,0.0,-10.760000228881836,-274.3800048828125,-325.4900207519531,-72.6300048828125,0.0
1780954266901250457,74700,1780954266950707401,base_link,wheel_left_joint,wheel_right_joint,joint1,joint2,joint3,joint4,gripper,0.0015339809469878674,0.0,-1.5493206977844238,1.1780972480773926,-0.9986215233802795,-0.3604854941368103,0.0,0.0,0.0,0.0,0.0,0.0,0.0,0.0,0.0,0.0,-8.069999694824219,-269.0,-325.4900207519531,-69.94000244140625,0.0
1780954266995072902,74701,1780954266984707401,base_link,wheel_left_joint,wheel_right_joint,joint1,joint2,joint3,joint4,gripper,0.0015339809469878674,0.0,-1.5493206977844238,1.1780972480773926,-0.9970875382423401,-0.3604854941368103,0.0,0.0,0.0,0.0,0.0,0.0,0.0,0.0,0.0,0.0,-8.069999694824219,-269.0,-325.4900207519531,-72.6300048828125,0.0
1780954267024458923,74702,1780954267082707401,base_link,wheel_left_joint,wheel_right_joint,joint1,joint2,joint3,joint4,gripper,0.0015339809469878674,0.0,-1.5493206977844238,1.1780972480773926,-0.9986215233802795,-0.3604854941368103,0.0,0.0,0.0,0.0,0.0,0.0,0.0,0.0,0.0,0.0,-8.069999694824219,-271.69000244140625,-322.8000183105469,-67.25,0.0
1780954267115316527,74703,1780954267116707401,base_link,wheel_left_joint,wheel_right_joint,joint1,joint2,joint3,joint4,gripper,0.0015339809469878674,0.0,-1.5493206977844238,1.179631233215332,-0.9970875382423401,-0.3604854941368103,0.0,0.0,0.0,0.0,0.0,0.0,0.0,0.0,0.0,0.0,-10.760000228881836,-274.3800048828125,-322.8000183105469,-67.25,0.0
1780954267153956861,74704,1780954267213707401,base_link,wheel_left_joint,wheel_right_joint,joint1,joint2,joint3,joint4,gripper,0.0015339809469878674,0.0,-1.5493206977844238,1.179631233215332,-0.9986215233802795,-0.3604854941368103,0.0,0.0,0.0,0.0,0.0,0.0,0.0,0.0,0.0,0.0,-10.760000228881836,-271.69000244140625,-328.17999267578125,-75.31999969482422,0.0
1780954267240212974,74705,1780954267245707401,base_link,wheel_left_joint,wheel_right_joint,joint1,joint2,joint3,joint4,gripper,0.0015339809469878674,0.0,-1.5493206977844238,1.1780972480773926,-0.9986215233802795,-0.35895150899887085,0.0,0.0,0.0,0.0,0.0,0.0,0.0,0.0,0.0,0.0,-10.760000228881836,-293.2099914550781,-328.17999267578125,-67.25,0.0
1780954267291862293,74706,1780954267349707401,base_link,wheel_left_joint,wheel_right_joint,joint1,joint2,joint3,joint4,gripper,0.0015339809469878674,0.0,-1.5493206977844238,1.179631233215332,-0.9986215233802795,-0.35895150899887085,0.0,0.0,0.0,0.0,0.0,0.0,0.0,0.0,0.0,0.0,-5.380000114440918,-341.6300048828125,-295.8999938964844,-69.94000244140625,0.0
1780954267383152979,74707,1780954267383707401,base_link,wheel_left_joint,wheel_right_joint,joint1,joint2,joint3,joint4,gripper,0.0015339809469878674,0.0,-1.5493206977844238,1.1780972480773926,-0.9986215233802795,-0.3604854941368103,0.0,0.0,0.0,0.0,0.0,0.0,0.0,0.0,0.0,0.0,-2.690000057220459,-352.3900146484375,-282.45001220703125,-72.6300048828125,0.0
1780954267424146564,74708,1780954267473707401,base_link,wheel_left_joint,wheel_right_joint,joint1,joint2,joint3,joint4,gripper,0.0015339809469878674,0.0,-1.5493206977844238,1.1780972480773926,-0.9986215233802795,-0.3604854941368103,0.0,0.0,0.0,0.0,0.0,0.0,0.0,0.0,0.0,0.0,0.0,-392.7400207519531,-250.1699981689453,-72.6300048828125,0.0
1780954267515497172,74709,1780954267507707401,base_link,wheel_left_joint,wheel_right_joint,joint1,joint2,joint3,joint4,gripper,0.0015339809469878674,0.0,-1.5477867126464844,1.1780972480773926,-0.9970875382423401,-0.3604854941368103,0.0,0.0,0.0,0.0,0.0,0.0,0.0,0.0,0.0,0.0,2.690000057220459,-411.57000732421875,-236.72000122070312,-32.279998779296875,0.0
1780954267557104543,74710,1780954267606707401,base_link,wheel_left_joint,wheel_right_joint,joint1,joint2,joint3,joint4,gripper,0.0015339809469878674,0.0,-1.5447187423706055,1.179631233215332,-0.9986215233802795,-0.3604854941368103,0.0,0.0,0.0,0.023980824276804924,0.0,0.0,0.0,0.0,0.0,0.0,0.0,-462.6800231933594,-207.1300048828125,-21.520000457763672,0.0
1780954267634171351,74711,1780954267640707401,base_link,wheel_left_joint,wheel_right_joint,joint1,joint2,joint3,joint4,gripper,0.0015339809469878674,0.0,-1.543184757232666,1.1780972480773926,-0.9986215233802795,-0.3604854941368103,0.0,0.0,0.0,0.023980824276804924,0.0,0.0,0.0,0.0,0.0,0.0,-8.069999694824219,-470.75,-190.99000549316406,-21.520000457763672,0.0
1780954267649735966,74712,1780954267738707401,base_link,wheel_left_joint,wheel_right_joint,joint1,joint2,joint3,joint4,gripper,0.0015339809469878674,0.0,-1.543184757232666,1.179631233215332,-0.9970875382423401,-0.35895150899887085,0.0,0.0,0.0,0.0,0.0,0.0,0.0,0.0,0.0,0.0,8.069999694824219,-513.7900390625,-161.40000915527344,-13.450000762939453,0.0
1780954267704375838,74713,1780954267772707401,base_link,wheel_left_joint,wheel_right_joint,joint1,joint2,joint3,joint4,gripper,0.0015339809469878674,0.0,-1.5416507720947266,1.179631233215332,-0.9970875382423401,-0.35895150899887085,0.0,0.0,0.0,0.0,0.0,0.0,0.0,0.0,0.0,0.0,21.520000457763672,-529.9299926757812,-147.9499969482422,-13.450000762939453,0.0
1780954267734898656,74714,1780954267822707401,base_link,wheel_left_joint,wheel_right_joint,joint1,joint2,joint3,joint4,gripper,0.0015339809469878674,0.0,-1.540116786956787,1.1780972480773926,-0.9986215233802795,-0.3574175238609314,0.0,0.0,0.0,0.0,0.0,0.0,0.0,0.0,0.0,0.0,5.380000114440918,-556.8300170898438,-139.8800048828125,-5.380000114440918,0.0
1780954267830251553,74715,1780954267856707401,base_link,wheel_left_joint,wheel_right_joint,joint1,joint2,joint3,joint4,gripper,0.0015339809469878674,0.0,-1.540116786956787,1.179631233215332,-0.9986215233802795,-0.3574175238609314,0.0,0.0,0.0,0.023980824276804924,0.0,0.0,0.0,0.0,0.0,0.0,0.0,-559.52001953125,-112.9800033569336,-13.450000762939453,0.0
1780954267880506297,74716,1780954267926707401,base_link,wheel_left_joint,wheel_right_joint,joint1,joint2,joint3,joint4,gripper,0.0015339809469878674,0.0,-1.5385828018188477,1.1780972480773926,-0.9970875382423401,-0.35588353872299194,0.0,0.0,0.0,0.023980824276804924,0.0,0.0,0.0,0.0,0.0,0.0,0.0,-583.7300415039062,-91.45999908447266,-16.139999389648438,0.0
1780954267975437779,74717,1780954267960707401,base_link,wheel_left_joint,wheel_right_joint,joint1,joint2,joint3,joint4,gripper,0.0015339809469878674,0.0,-1.5370488166809082,1.1780972480773926,-0.9970875382423401,-0.3574175238609314,0.0,0.0,0.0,0.0,0.0,0.0,0.0,0.0,0.0,0.0,16.139999389648438,-602.5599975585938,-118.36000061035156,-16.139999389648438,0.0
1780954268003159124,74718,1780954267988084449,base_link,wheel_left_joint,wheel_right_joint,joint1,joint2,joint3,joint4,gripper,0.0015339809469878674,0.0,-1.5339808464050293,1.1765632629394531,-0.9924855828285217,-0.3543495833873749,0.0,0.0,0.0,0.023980824276804924,0.0,0.023980824276804924,0.0,0.0,0.0,0.0,0.0,-645.6000366210938,-110.29000091552734,-18.829999923706055,0.0
1780954268095540393,74719,1780954268022084449,base_link,wheel_left_joint,wheel_right_joint,joint1,joint2,joint3,joint4,gripper,0.0015339809469878674,0.0,-1.5324468612670898,1.1780972480773926,-0.9909515976905823,-0.3543495833873749,0.0,0.0,0.0,0.023980824276804924,0.0,0.023980824276804924,0.0,0.0,0.0,0.0,0.0,-667.1199951171875,-86.08000183105469,-10.760000228881836,0.0
1780954268131224259,74720,1780954268114084449,base_link,wheel_left_joint,wheel_right_joint,joint1,joint2,joint3,joint4,gripper,0.0015339809469878674,0.0,-1.5324468612670898,1.1765632629394531,-0.9894176125526428,-0.3543495833873749,0.0,0.0,0.0,0.0,0.0,0.023980824276804924,0.0,0.0,0.0,0.0,0.0,-685.9500122070312,-72.6300048828125,-8.069999694824219,0.0
1780954268229872212,74721,1780954268148084449,base_link,wheel_left_joint,wheel_right_joint,joint1,joint2,joint3,joint4,gripper,0.0015339809469878674,0.0,-1.529378890991211,1.1750292778015137,-0.9894176125526428,-0.3528155982494354,0.0,0.0,0.0,0.0,0.0,0.023980824276804924,0.0,0.0,0.0,0.0,5.380000114440918,-699.4000244140625,-61.87000274658203,-13.450000762939453,0.0
1780954268261092182,74722,1780954268237084449,base_link,wheel_left_joint,wheel_right_joint,joint1,joint2,joint3,joint4,gripper,0.0015339809469878674,0.0,-1.5278449058532715,1.1734952926635742,-0.9832817316055298,-0.3528155982494354,0.0,0.0,0.0,0.0,0.0,0.04796164855360985,0.0,0.0,0.0,0.0,0.0,-707.4700317382812,-94.1500015258789,-10.760000228881836,0.0
1780954268353759241,74723,1780954268271084449,base_link,wheel_left_joint,wheel_right_joint,joint1,joint2,joint3,joint4,gripper,0.0015339809469878674,0.0,-1.5278449058532715,1.1704273223876953,-0.9832817316055298,-0.3528155982494354,0.0,0.0,0.0,0.0,0.0,0.04796164855360985,0.0,0.0,0.0,0.0,5.380000114440918,-677.8800048828125,-94.1500015258789,-13.450000762939453,0.0
1780954268393706523,74724,1780954268372084449,base_link,wheel_left_joint,wheel_right_joint,joint1,joint2,joint3,joint4,gripper,0.0015339809469878674,0.0,-1.5247769355773926,1.1658254861831665,-0.9802137613296509,-0.3497476279735565,0.0,0.0,0.0,0.0,-0.04796164855360985,0.023980824276804924,0.0,0.0,0.0,0.0,16.139999389648438,-677.8800048828125,-51.11000061035156,-16.139999389648438,0.0
1780954268485087655,74725,1780954268406084449,base_link,wheel_left_joint,wheel_right_joint,joint1,joint2,joint3,joint4,gripper,0.0015339809469878674,0.0,-1.5247769355773926,1.1627575159072876,-0.9802137613296509,-0.3497476279735565,0.0,0.0,0.0,0.023980824276804924,-0.04796164855360985,0.0,0.0,0.0,0.0,0.0,0.0,-621.3900146484375,-43.040000915527344,-18.829999923706055,0.0
1780954268524434082,74726,1780954268507084449,base_link,wheel_left_joint,wheel_right_joint,joint1,joint2,joint3,joint4,gripper,0.0015339809469878674,0.0,-1.5217089653015137,1.1596895456314087,-0.9756118059158325,-0.3497476279735565,0.0,0.0,0.0,0.023980824276804924,0.0,0.04796164855360985,0.0,0.0,0.0,0.0,24.21000099182129,-680.5700073242188,-91.45999908447266,-10.760000228881836,0.0
1780954268617898781,74727,1780954268541084449,base_link,wheel_left_joint,wheel_right_joint,joint1,joint2,joint3,joint4,gripper,0.0015339809469878674,0.0,-1.5201749801635742,1.1596895456314087,-0.9725438356399536,-0.34821364283561707,0.0,0.0,0.0,0.023980824276804924,0.0,0.04796164855360985,0.0,0.0,0.0,0.0,0.0,-696.7100219726562,-110.29000091552734,-10.760000228881836,0.0
1780954268655875577,74728,1780954268641084449,base_link,wheel_left_joint,wheel_right_joint,joint1,joint2,joint3,joint4,gripper,0.0015339809469878674,0.0,-1.5186409950256348,1.1596895456314087,-0.9694758653640747,-0.3466796576976776,0.0,0.0,0.0,0.0,0.0,0.023980824276804924,0.0,0.0,0.0,0.0,5.380000114440918,-745.1300048828125,-83.38999938964844,-13.450000762939453,0.0
1780954268749241975,74729,1780954268675084449,base_link,wheel_left_joint,wheel_right_joint,joint1,joint2,joint3,joint4,gripper,0.0015339809469878674,0.0,-1.5171070098876953,1.1596895456314087,-0.9679418802261353,-0.3466796576976776,0.0,0.0,0.0,0.0,0.0,0.0,0.0,0.0,0.0,0.0,0.0,-731.6799926757812,-83.38999938964844,-16.139999389648438,0.0
1780954268786726348,74730,1780954268773084449,base_link,wheel_left_joint,wheel_right_joint,joint1,joint2,joint3,joint4,gripper,0.0015339809469878674,0.0,-1.5155730247497559,1.150485634803772,-0.9633399844169617,-0.34514567255973816,0.0,0.0,0.0,0.0,-0.0959232971072197,0.04796164855360985,0.0,0.0,0.0,0.0,5.380000114440918,-696.7100219726562,-102.22000122070312,-16.139999389648438,0.0
1780954268880433369,74731,1780954268807084449,base_link,wheel_left_joint,wheel_right_joint,joint1,joint2,joint3,joint4,gripper,0.0015339809469878674,0.0,-1.5155730247497559,1.147417664527893,-0.9633399844169617,-0.34514567255973816,0.0,0.0,0.0,0.0,-0.04796164855360985,0.023980824276804924,0.0,0.0,0.0,0.0,16.139999389648438,-621.3900146484375,-88.77000427246094,-13.450000762939453,0.0
1780954268917788230,74732,1780954268903084449,base_link,wheel_left_joint,wheel_right_joint,joint1,joint2,joint3,joint4,gripper,0.0015339809469878674,0.0,-1.512505054473877,1.1412817239761353,-0.9602720141410828,-0.3436117172241211,0.0,0.0,0.0,0.023980824276804924,-0.04796164855360985,0.023980824276804924,0.0,0.0,0.0,0.0,5.380000114440918,-667.1199951171875,-99.52999877929688,-10.760000228881836,0.0
1780954269012915716,74733,1780954268937084449,base_link,wheel_left_joint,wheel_right_joint,joint1,joint2,joint3,joint4,gripper,0.0015339809469878674,0.0,-1.5109710693359375,1.1412817239761353,-0.9587380290031433,-0.34514567255973816,0.0,0.0,0.0,0.023980824276804924,0.0,0.023980824276804924,0.0,0.0,0.0,0.0,0.0,-648.2900390625,-104.91000366210938,-13.450000762939453,0.0
1780954269047089303,74734,1780954269034084449,base_link,wheel_left_joint,wheel_right_joint,joint1,joint2,joint3,joint4,gripper,0.0015339809469878674,0.0,-1.509437084197998,1.1397477388381958,-0.9556700587272644,-0.3436117172241211,0.0,0.0,0.0,0.0,0.0,0.023980824276804924,0.0,0.0,0.0,0.0,10.760000228881836,-715.5400390625,-99.52999877929688,-18.829999923706055,0.0
1780954269142852400,74735,1780954269068084449,base_link,wheel_left_joint,wheel_right_joint,joint1,joint2,joint3,joint4,gripper,0.0015339809469878674,0.0,-1.5079030990600586,1.1412817239761353,-0.954136073589325,-0.3436117172241211,0.0,0.0,0.0,0.023980824276804924,0.0,0.023980824276804924,0.0,0.0,0.0,0.0,0.0,-723.6099853515625,-104.91000366210938,-13.450000762939453,0.0
1780954269179162676,74736,1780954269166084449,base_link,wheel_left_joint,wheel_right_joint,joint1,joint2,joint3,joint4,gripper,0.0015339809469878674,0.0,-1.5063692331314087,1.1320778131484985,-0.9495341181755066,-0.34207773208618164,0.0,0.0,0.0,0.023980824276804924,-0.07194247096776962,0.023980824276804924,0.0,0.0,0.0,0.0,16.139999389648438,-667.1199951171875,-126.43000030517578,-10.760000228881836,0.0
1780954269278743140,74737,1780954269200084449,base_link,wheel_left_joint,wheel_right_joint,joint1,joint2,joint3,joint4,gripper,0.0015339809469878674,0.0,-1.5048352479934692,1.1320778131484985,-0.9480001330375671,-0.34207773208618164,0.0,0.0,0.0,0.0,-0.07194247096776962,0.023980824276804924,0.0,0.0,0.0,0.0,0.0,-683.260009765625,-94.1500015258789,-13.450000762939453,0.0
1780954269315901042,74738,1780954269300084449,base_link,wheel_left_joint,wheel_right_joint,joint1,joint2,joint3,joint4,gripper,0.0015339809469878674,0.0,-1.5033012628555298,1.1259418725967407,-0.9480001330375671,-0.3405437469482422,0.0,0.0,0.0,0.0,-0.04796164855360985,0.0,0.0,0.0,0.0,0.0,21.520000457763672,-675.1900024414062,-56.4900016784668,-18.829999923706055,0.0
1780954269410981885,74739,1780954269334084449,base_link,wheel_left_joint,wheel_right_joint,joint1,joint2,joint3,joint4,gripper,0.0015339809469878674,0.0,-1.5017672777175903,1.1259418725967407,-0.9464661478996277,-0.34207773208618164,0.0,0.0,0.0,0.0,0.0,0.0,0.0,0.0,0.0,0.0,10.760000228881836,-688.6400146484375,-59.18000030517578,-16.139999389648438,0.0
1780954269446764069,74740,1780954269434084449,base_link,wheel_left_joint,wheel_right_joint,joint1,joint2,joint3,joint4,gripper,0.0015339809469878674,0.0,-1.5002332925796509,1.1259418725967407,-0.9403302669525146,-0.3405437469482422,0.0,0.0,0.0,0.023980824276804924,0.0,0.04796164855360985,0.0,0.0,0.0,0.0,8.069999694824219,-739.75,-80.70000457763672,-13.450000762939453,0.0
1780954269543849452,74741,1780954269468084449,base_link,wheel_left_joint,wheel_right_joint,joint1,joint2,joint3,joint4,gripper,0.0015339809469878674,0.0,-1.5002332925796509,1.1259418725967407,-0.9403302669525146,-0.33900976181030273,0.0,0.0,0.0,0.0,0.0,0.04796164855360985,0.0,0.0,0.0,0.0,24.21000099182129,-750.510009765625,-56.4900016784668,-5.380000114440918,0.0
1780954269581842311,74742,1780954269564084449,base_link,wheel_left_joint,wheel_right_joint,joint1,joint2,joint3,joint4,gripper,0.0015339809469878674,0.0,-1.4956313371658325,1.121340036392212,-0.9372622966766357,-0.3374757766723633,0.0,0.0,0.0,0.0,-0.023980824276804924,0.023980824276804924,0.0,0.0,0.0,0.0,8.069999694824219,-750.510009765625,-64.55999755859375,-13.450000762939453,0.0
1780954269676707425,74743,1780954269598084449,base_link,wheel_left_joint,wheel_right_joint,joint1,joint2,joint3,joint4,gripper,0.0015339809469878674,0.0,-1.4956313371658325,1.1198060512542725,-0.9372622966766357,-0.3374757766723633,0.0,0.0,0.0,0.023980824276804924,-0.023980824276804924,0.023980824276804924,0.0,0.0,0.0,0.0,21.520000457763672,-659.0499877929688,-51.11000061035156,-8.069999694824219,0.0
1780954269712363629,74744,1780954269699084449,base_link,wheel_left_joint,wheel_right_joint,joint1,joint2,joint3,joint4,gripper,0.0015339809469878674,0.0,-1.494097352027893,1.1106021404266357,-0.9326603412628174,-0.33594179153442383,0.0,0.0,0.0,0.0,-0.07194247096776962,0.023980824276804924,0.0,0.0,0.0,0.0,2.690000057220459,-661.739990234375,-83.38999938964844,-18.829999923706055,0.0
1780954269809098384,74745,1780954269733084449,base_link,wheel_left_joint,wheel_right_joint,joint1,joint2,joint3,joint4,gripper,0.0015339809469878674,0.0,-1.4925633668899536,1.1090681552886963,-0.9311263561248779,-0.33594179153442383,0.0,0.0,0.0,0.0,-0.07194247096776962,0.04796164855360985,0.0,0.0,0.0,0.0,2.690000057220459,-694.02001953125,-67.25,-8.069999694824219,0.0
1780954269845180204,74746,1780954269832084449,base_link,wheel_left_joint,wheel_right_joint,joint1,joint2,joint3,joint4,gripper,0.0015339809469878674,0.0,-1.4910293817520142,1.1106021404266357,-0.9295923709869385,-0.33594179153442383,0.0,0.0,0.0,0.023980824276804924,0.0,0.0,0.0,0.0,0.0,0.0,0.0,-739.75,-83.38999938964844,-10.760000228881836,0.0
1780954269941528766,74747,1780954269866084449,base_link,wheel_left_joint,wheel_right_joint,joint1,joint2,joint3,joint4,gripper,0.0015339809469878674,0.0,-1.4894953966140747,1.1090681552886963,-0.9265244007110596,-0.3344078063964844,0.0,0.0,0.0,0.023980824276804924,0.0,0.04796164855360985,0.0,0.0,0.0,0.0,0.0,-745.1300048828125,-91.45999908447266,-13.450000762939453,0.0
1780954269978101577,74748,1780954269964084449,base_link,wheel_left_joint,wheel_right_joint,joint1,joint2,joint3,joint4,gripper,0.0015339809469878674,0.0,-1.4879614114761353,1.1106021404266357,-0.921922504901886,-0.3328738510608673,0.0,0.0,0.0,0.0,0.0,0.023980824276804924,0.0,0.0,0.0,0.0,0.0,-788.1700439453125,-94.1500015258789,-18.829999923706055,0.0
1780954270072549320,74749,1780954269998084449,base_link,wheel_left_joint,wheel_right_joint,joint1,joint2,joint3,joint4,gripper,0.0015339809469878674,0.0,-1.4864274263381958,1.1090681552886963,-0.921922504901886,-0.3328738510608673,0.0,0.0,0.0,0.0,0.0,0.023980824276804924,0.0,0.0,0.0,0.0,24.21000099182129,-723.6099853515625,-94.1500015258789,-18.829999923706055,0.0
1780954270108946540,74750,1780954270096084449,base_link,wheel_left_joint,wheel_right_joint,joint1,joint2,joint3,joint4,gripper,0.0015339809469878674,0.0,-1.483359456062317,1.0952622890472412,-0.9173205494880676,-0.33133986592292786,0.0,0.0,0.0,0.023980824276804924,-0.11990412324666977,0.023980824276804924,0.0,0.0,0.0,0.0,0.0,-583.7300415039062,-83.38999938964844,-24.21000099182129,0.0
1780954270196415951,74751,1780954270130084449,base_link,wheel_left_joint,wheel_right_joint,joint1,joint2,joint3,joint4,gripper,0.0015339809469878674,0.0,-1.483359456062317,1.0906603336334229,-0.9173205494880676,-0.3298058807849884,0.0,0.0,0.0,0.023980824276804924,-0.14388494193553925,0.0,0.0,0.0,0.0,0.0,32.279998779296875,-626.77001953125,-78.01000213623047,-16.139999389648438,0.0
1780954270241295977,74752,1780954270226084449,base_link,wheel_left_joint,wheel_right_joint,joint1,joint2,joint3,joint4,gripper,0.0015339809469878674,0.0,-1.480291485786438,1.084524393081665,-0.9142525792121887,-0.3298058807849884,0.0,0.0,0.0,0.0,-0.04796164855360985,0.023980824276804924,0.0,0.0,0.0,0.0,13.450000762939453,-637.530029296875,-99.52999877929688,-10.760000228881836,0.0
1780954270339343717,74753,1780954270260084449,base_link,wheel_left_joint,wheel_right_joint,joint1,joint2,joint3,joint4,gripper,0.0015339809469878674,0.0,-1.480291485786438,1.0829904079437256,-0.9111846089363098,-0.3298058807849884,0.0,0.0,0.0,0.0,0.0,0.023980824276804924,0.0,0.0,0.0,0.0,32.279998779296875,-653.6700439453125,-107.60000610351562,-16.139999389648438,0.0
1780954270379622475,74754,1780954270354084449,base_link,wheel_left_joint,wheel_right_joint,joint1,joint2,joint3,joint4,gripper,0.0015339809469878674,0.0,-1.477223515510559,1.0829904079437256,-0.9081166386604309,-0.32827189564704895,0.0,0.0,0.0,0.023980824276804924,0.0,0.023980824276804924,0.0,0.0,0.0,0.0,0.0,-702.0900268554688,-83.38999938964844,-16.139999389648438,0.0
1780954270476174102,74755,1780954270388084449,base_link,wheel_left_joint,wheel_right_joint,joint1,joint2,joint3,joint4,gripper,0.0015339809469878674,0.0,-1.477223515510559,1.084524393081665,-0.9081166386604309,-0.32827189564704895,0.0,0.0,0.0,0.023980824276804924,0.0,0.0,0.0,0.0,0.0,0.0,18.829999923706055,-707.4700317382812,-53.80000305175781,-8.069999694824219,0.0
1780954270505251483,74756,1780954270489033832,base_link,wheel_left_joint,wheel_right_joint,joint1,joint2,joint3,joint4,gripper,0.0015339809469878674,0.0,-1.4741555452346802,1.0814565420150757,-0.9035146832466125,-0.3267379105091095,0.0,0.0,0.0,0.023980824276804924,-0.023980824276804924,0.023980824276804924,0.0,0.0,0.0,0.0,21.520000457763672,-726.2999877929688,-86.08000183105469,-5.380000114440918,0.0
1780954270596922758,74757,1780954270523033832,base_link,wheel_left_joint,wheel_right_joint,joint1,joint2,joint3,joint4,gripper,0.0015339809469878674,0.0,-1.4726215600967407,1.0814565420150757,-0.9019807577133179,-0.3267379105091095,0.0,0.0,0.0,0.023980824276804924,0.0,0.04796164855360985,0.0,0.0,0.0,0.0,0.0,-731.6799926757812,-99.52999877929688,-13.450000762939453,0.0
1780954270635002703,74758,1780954270617033832,base_link,wheel_left_joint,wheel_right_joint,joint1,joint2,joint3,joint4,gripper,0.0015339809469878674,0.0,-1.4710875749588013,1.0768545866012573,-0.898912787437439,-0.32520392537117004,0.0,0.0,0.0,0.0,-0.04796164855360985,0.023980824276804924,0.0,0.0,0.0,0.0,21.520000457763672,-726.2999877929688,-56.4900016784668,-10.760000228881836,0.0
1780954270730033826,74759,1780954270651033832,base_link,wheel_left_joint,wheel_right_joint,joint1,joint2,joint3,joint4,gripper,0.0015339809469878674,0.0,-1.4710875749588013,1.0753206014633179,-0.898912787437439,-0.32520392537117004,0.0,0.0,0.0,0.0,0.0,0.023980824276804924,0.0,0.0,0.0,0.0,0.0,-737.0599975585938,-53.80000305175781,-10.760000228881836,0.0
1780954270766789225,74760,1780954270746033832,base_link,wheel_left_joint,wheel_right_joint,joint1,joint2,joint3,joint4,gripper,0.0015339809469878674,0.0,-1.4680196046829224,1.0707186460494995,-0.8943108320236206,-0.323669970035553,0.0,0.0,0.0,0.0,-0.07194247096776962,0.04796164855360985,0.0,0.0,0.0,0.0,24.21000099182129,-723.6099853515625,-86.08000183105469,-8.069999694824219,0.0
1780954270864224728,74761,1780954270780033832,base_link,wheel_left_joint,wheel_right_joint,joint1,joint2,joint3,joint4,gripper,0.0015339809469878674,0.0,-1.466485619544983,1.06918466091156,-0.8927768468856812,-0.3221359848976135,0.0,0.0,0.0,0.0,-0.04796164855360985,0.04796164855360985,0.0,0.0,0.0,0.0,0.0,-683.260009765625,-83.38999938964844,-8.069999694824219,0.0
1780954270900212544,74762,1780954270871033832,base_link,wheel_left_joint,wheel_right_joint,joint1,joint2,joint3,joint4,gripper,0.0015339809469878674,0.0,-1.4649516344070435,1.0584467649459839,-0.8912428617477417,-0.3221359848976135,0.0,0.0,0.0,0.0,-0.11990412324666977,0.023980824276804924,0.0,0.0,0.0,0.0,0.0,-624.0800170898438,-88.77000427246094,-16.139999389648438,0.0
1780954270986815408,74763,1780954270905033832,base_link,wheel_left_joint,wheel_right_joint,joint1,joint2,joint3,joint4,gripper,0.0015339809469878674,0.0,-1.4649516344070435,1.055378794670105,-0.8897088766098022,-0.3221359848976135,0.0,0.0,0.0,0.0,-0.0959232971072197,0.023980824276804924,0.0,0.0,0.0,0.0,-5.380000114440918,-575.6600341796875,-102.22000122070312,-10.760000228881836,0.0
1780954271002650217,74764,1780954271004033832,base_link,wheel_left_joint,wheel_right_joint,joint1,joint2,joint3,joint4,gripper,0.0,0.0,-1.461883783340454,1.0507768392562866,-0.8851069211959839,-0.3221359848976135,0.0,-0.01549475733190775,0.0,0.0,-0.023980824276804924,0.023980824276804924,0.0,0.0,0.0,0.0,16.139999389648438,-634.8400268554688,-72.6300048828125,-5.380000114440918,0.0
1780954271056449685,74765,1780954271038033832,base_link,wheel_left_joint,wheel_right_joint,joint1,joint2,joint3,joint4,gripper,0.0015339809469878674,0.0,-1.461883783340454,1.0507768392562866,-0.8835729360580444,-0.3190680146217346,0.0,0.04511708766222,0.0,0.0,0.0,0.023980824276804924,0.0,0.0,0.0,0.0,0.0,-648.2900390625,-88.77000427246094,-18.829999923706055,0.0
1780954271078559080,74766,1780954271097033832,base_link,wheel_left_joint,wheel_right_joint,joint1,joint2,joint3,joint4,gripper,0.0015339809469878674,0.0,-1.4603497982025146,1.0507768392562866,-0.8805050253868103,-0.3206019997596741,0.0,0.0,0.0,0.0,0.0,0.023980824276804924,0.0,0.0,0.0,0.0,10.760000228881836,-667.1199951171875,-78.01000213623047,-13.450000762939453,0.0
1780954271168680652,74767,1780954271131033832,base_link,wheel_left_joint,wheel_right_joint,joint1,joint2,joint3,joint4,gripper,0.0015339809469878674,0.0,-1.4588158130645752,1.0507768392562866,-0.8805050253868103,-0.3206019997596741,0.0,0.0,0.0,0.0,0.0,0.023980824276804924,0.0,0.0,0.0,0.0,18.829999923706055,-683.260009765625,-64.55999755859375,-5.380000114440918,0.0
1780954271241149330,74768,1780954271223033832,base_link,wheel_left_joint,wheel_right_joint,joint1,joint2,joint3,joint4,gripper,0.0015339809469878674,0.0,-1.4557478427886963,1.0446408987045288,-0.8759030699729919,-0.31753402948379517,0.0,0.0,0.0,0.0,-0.07194247096776962,0.04796164855360985,0.0,0.0,0.0,0.0,2.690000057220459,-659.0499877929688,-107.60000610351562,-13.450000762939453,0.0
1780954271341022821,74769,1780954271257033832,base_link,wheel_left_joint,wheel_right_joint,joint1,joint2,joint3,joint4,gripper,0.0015339809469878674,0.0,-1.4557478427886963,1.0446408987045288,-0.8743690848350525,-0.31753402948379517,0.0,0.0,0.0,0.0,-0.04796164855360985,0.04796164855360985,0.0,0.0,0.0,0.0,26.900001525878906,-672.5,-72.6300048828125,-5.380000114440918,0.0
1780954271369988670,74770,1780954271351033832,base_link,wheel_left_joint,wheel_right_joint,joint1,joint2,joint3,joint4,gripper,0.0015339809469878674,0.0,-1.4526798725128174,1.04157292842865,-0.872835099697113,-0.31753402948379517,0.0,0.0,0.0,0.023980824276804924,-0.023980824276804924,0.0,0.0,0.0,0.0,0.0,8.069999694824219,-675.1900024414062,-64.55999755859375,-8.069999694824219,0.0
1780954271458821447,74771,1780954271385033832,base_link,wheel_left_joint,wheel_right_joint,joint1,joint2,joint3,joint4,gripper,0.0015339809469878674,0.0,-1.4526798725128174,1.04157292842865,-0.8713011145591736,-0.3160000443458557,0.0,0.0,0.0,0.023980824276804924,0.0,0.023980824276804924,0.0,0.0,0.0,0.0,21.520000457763672,-694.02001953125,-75.31999969482422,-5.380000114440918,0.0
1780954271503811252,74772,1780954271480033832,base_link,wheel_left_joint,wheel_right_joint,joint1,joint2,joint3,joint4,gripper,0.0015339809469878674,0.0,-1.451145887374878,1.04157292842865,-0.8666991591453552,-0.3160000443458557,0.0,0.0,0.0,0.0,0.0,0.04796164855360985,0.0,0.0,0.0,0.0,16.139999389648438,-739.75,-75.31999969482422,-16.139999389648438,0.0
1780954271595067848,74773,1780954271514033832,base_link,wheel_left_joint,wheel_right_joint,joint1,joint2,joint3,joint4,gripper,0.0015339809469878674,0.0,-1.4496119022369385,1.04157292842865,-0.8666991591453552,-0.31446605920791626,0.0,0.0,0.0,0.0,0.0,0.023980824276804924,0.0,0.0,0.0,0.0,26.900001525878906,-755.8900146484375,-51.11000061035156,-5.380000114440918,0.0
1780954271632630702,74774,1780954271610033832,base_link,wheel_left_joint,wheel_right_joint,joint1,joint2,joint3,joint4,gripper,0.0015339809469878674,0.0,-1.4465439319610596,1.0354371070861816,-0.8636311888694763,-0.3129321038722992,0.0,0.0,0.0,0.0,-0.07194247096776962,0.023980824276804924,0.0,0.0,0.0,0.0,8.069999694824219,-718.2300415039062,-86.08000183105469,-13.450000762939453,0.0
1780954271715009685,74775,1780954271644033832,base_link,wheel_left_joint,wheel_right_joint,joint1,joint2,joint3,joint4,gripper,0.0015339809469878674,0.0,-1.4465439319610596,1.0323691368103027,-0.8620972037315369,-0.3129321038722992,0.0,0.0,0.0,0.023980824276804924,-0.07194247096776962,0.023980824276804924,0.0,0.0,0.0,0.0,10.760000228881836,-645.6000366210938,-61.87000274658203,-5.380000114440918,0.0
1780954271763074278,74776,1780954271746033832,base_link,wheel_left_joint,wheel_right_joint,joint1,joint2,joint3,joint4,gripper,0.0015339809469878674,0.0,-1.4450099468231201,1.0246992111206055,-0.8590292930603027,-0.3129321038722992,0.0,0.0,0.0,0.0,-0.04796164855360985,0.023980824276804924,0.0,0.0,0.0,0.0,21.520000457763672,-661.739990234375,-69.94000244140625,-8.069999694824219,0.0
1780954271858742490,74777,1780954271780033832,base_link,wheel_left_joint,wheel_right_joint,joint1,joint2,joint3,joint4,gripper,0.0015339809469878674,0.0,-1.4434759616851807,1.0216312408447266,-0.8574953079223633,-0.31139811873435974,0.0,0.0,0.0,0.0,-0.023980824276804924,0.023980824276804924,0.0,0.0,0.0,0.0,13.450000762939453,-591.7999877929688,-80.70000457763672,-8.069999694824219,0.0
1780954271895973044,74778,1780954271869033832,base_link,wheel_left_joint,wheel_right_joint,joint1,joint2,joint3,joint4,gripper,0.0015339809469878674,0.0,-1.4404079914093018,1.0185632705688477,-0.8544273376464844,-0.31139811873435974,0.0,0.0,0.0,0.023980824276804924,-0.023980824276804924,0.023980824276804924,0.0,0.0,0.0,0.0,0.0,-645.6000366210938,-75.31999969482422,-16.139999389648438,0.0
1780954271991923824,74779,1780954271903033832,base_link,wheel_left_joint,wheel_right_joint,joint1,joint2,joint3,joint4,gripper,0.0015339809469878674,0.0,-1.4404079914093018,1.0154953002929688,-0.8528933525085449,-0.3098641335964203,0.0,0.0,0.0,0.023980824276804924,-0.023980824276804924,0.023980824276804924,0.0,0.0,0.0,0.0,16.139999389648438,-602.5599975585938,-67.25,-8.069999694824219,0.0
1780954272016983707,74780,1780954272002033832,base_link,wheel_left_joint,wheel_right_joint,joint1,joint2,joint3,joint4,gripper,0.0015339809469878674,0.0,-1.4373400211334229,1.009359359741211,-0.849825382232666,-0.30833014845848083,0.0,0.0,0.0,0.0,-0.04796164855360985,0.023980824276804924,0.0,0.0,0.0,0.0,0.0,-626.77001953125,-69.94000244140625,-16.139999389648438,0.0
1780954272111301290,74781,1780954272036033832,base_link,wheel_left_joint,wheel_right_joint,joint1,joint2,joint3,joint4,gripper,0.0015339809469878674,0.0,-1.4373400211334229,1.009359359741211,-0.8482913970947266,-0.30833014845848083,0.0,0.0,0.0,0.023980824276804924,0.0,0.0,0.0,0.0,0.0,0.0,0.0,-640.2200317382812,-53.80000305175781,-13.450000762939453,0.0
1780954272147020080,74782,1780954272133033832,base_link,wheel_left_joint,wheel_right_joint,joint1,joint2,joint3,joint4,gripper,0.0015339809469878674,0.0,-1.4358060359954834,1.009359359741211,-0.8436894416809082,-0.3067961633205414,0.0,0.0,0.0,0.0,0.0,0.04796164855360985,0.0,0.0,0.0,0.0,10.760000228881836,-680.5700073242188,-121.05000305175781,-13.450000762939453,0.0
1780954272241083679,74783,1780954272167033832,base_link,wheel_left_joint,wheel_right_joint,joint1,joint2,joint3,joint4,gripper,0.0015339809469878674,0.0,-1.434272050857544,1.009359359741211,-0.8421554565429688,-0.3067961633205414,0.0,0.0,0.0,0.0,0.0,0.04796164855360985,0.0,0.0,0.0,0.0,0.0,-694.02001953125,-91.45999908447266,-10.760000228881836,0.0
1780954272286555396,74784,1780954272263033832,base_link,wheel_left_joint,wheel_right_joint,joint1,joint2,joint3,joint4,gripper,0.0015339809469878674,0.0,-1.431204080581665,1.0032234191894531,-0.8390874862670898,-0.30526217818260193,0.0,0.0,0.0,0.023980824276804924,-0.04796164855360985,0.023980824276804924,0.0,0.0,0.0,0.0,0.0,-664.4299926757812,-121.05000305175781,-8.069999694824219,0.0
1780954272383181870,74785,1780954272297033832,base_link,wheel_left_joint,wheel_right_joint,joint1,joint2,joint3,joint4,gripper,0.0015339809469878674,0.0,-1.431204080581665,1.0032234191894531,-0.8375535607337952,-0.30526217818260193,0.0,0.0,0.0,0.023980824276804924,-0.07194247096776962,0.023980824276804924,0.0,0.0,0.0,0.0,2.690000057220459,-680.5700073242188,-88.77000427246094,-10.760000228881836,0.0
1780954272411804860,74786,1780954272397033832,base_link,wheel_left_joint,wheel_right_joint,joint1,joint2,joint3,joint4,gripper,0.0015339809469878674,0.0,-1.4281361103057861,0.9955535531044006,-0.8329516053199768,-0.3037281930446625,0.0,0.0,0.0,0.0,-0.04796164855360985,0.023980824276804924,0.0,0.0,0.0,0.0,0.0,-661.739990234375,-110.29000091552734,-18.829999923706055,0.0
1780954272498877708,74787,1780954272431033832,base_link,wheel_left_joint,wheel_right_joint,joint1,joint2,joint3,joint4,gripper,0.0015339809469878674,0.0,-1.4281361103057861,0.9955535531044006,-0.8329516053199768,-0.3037281930446625,0.0,0.0,0.0,0.0,-0.023980824276804924,0.04796164855360985,0.0,0.0,0.0,0.0,26.900001525878906,-680.5700073242188,-88.77000427246094,-10.760000228881836,0.0
1780954272542715140,74788,1780954272529033832,base_link,wheel_left_joint,wheel_right_joint,joint1,joint2,joint3,joint4,gripper,0.0015339809469878674,0.0,-1.4266021251678467,0.9955535531044006,-0.8298836350440979,-0.3021942377090454,0.0,0.0,0.0,0.023980824276804924,0.0,0.023980824276804924,0.0,0.0,0.0,0.0,0.0,-715.5400390625,-115.67000579833984,-13.450000762939453,0.0
1780954272637314721,74789,1780954272563033832,base_link,wheel_left_joint,wheel_right_joint,joint1,joint2,joint3,joint4,gripper,0.0015339809469878674,0.0,-1.4235341548919678,0.9955535531044006,-0.8283496499061584,-0.3021942377090454,0.0,0.0,0.0,0.0,0.0,0.023980824276804924,0.0,0.0,0.0,0.0,24.21000099182129,-728.989990234375,-110.29000091552734,-18.829999923706055,0.0
1780954272674319840,74790,1780954272649033832,base_link,wheel_left_joint,wheel_right_joint,joint1,joint2,joint3,joint4,gripper,0.0015339809469878674,0.0,-1.4235341548919678,0.9909515976905823,-0.8252816796302795,-0.30066025257110596,0.0,0.0,0.0,0.0,-0.04796164855360985,0.0,0.0,0.0,0.0,0.0,0.0,-718.2300415039062,-102.22000122070312,-13.450000762939453,0.0
1780954272761919886,74791,1780954272683033832,base_link,wheel_left_joint,wheel_right_joint,joint1,joint2,joint3,joint4,gripper,0.0015339809469878674,0.0,-1.4220002889633179,0.9909515976905823,-0.8252816796302795,-0.30066025257110596,0.0,0.0,0.0,0.023980824276804924,-0.023980824276804924,0.0,0.0,0.0,0.0,0.0,-2.690000057220459,-702.0900268554688,-67.25,-13.450000762939453,0.0
1780954272798434956,74792,1780954272776033832,base_link,wheel_left_joint,wheel_right_joint,joint1,joint2,joint3,joint4,gripper,0.0015339809469878674,0.0,-1.4204663038253784,0.9848157167434692,-0.8222137093544006,-0.30066025257110596,0.0,0.0,0.0,0.023980824276804924,-0.04796164855360985,0.023980824276804924,0.0,0.0,0.0,0.0,0.0,-704.780029296875,-61.87000274658203,-10.760000228881836,0.0
1780954272890822179,74793,1780954272810033832,base_link,wheel_left_joint,wheel_right_joint,joint1,joint2,joint3,joint4,gripper,0.0015339809469878674,0.0,-1.4204663038253784,0.9848157167434692,-0.8222137093544006,-0.2991262674331665,0.0,0.0,0.0,0.023980824276804924,0.0,0.023980824276804924,0.0,0.0,0.0,0.0,5.380000114440918,-720.9200439453125,-43.040000915527344,-13.450000762939453,0.0
1780954272921906073,74794,1780954272903033832,base_link,wheel_left_joint,wheel_right_joint,joint1,joint2,joint3,joint4,gripper,0.0015339809469878674,0.0,-1.4173983335494995,0.9848157167434692,-0.8160778284072876,-0.29759228229522705,0.0,0.0,0.0,0.0,0.0,0.04796164855360985,0.0,0.0,0.0,0.0,0.0,-763.9600219726562,-99.52999877929688,-10.760000228881836,0.0
1780954273012142244,74795,1780954272937033832,base_link,wheel_left_joint,wheel_right_joint,joint1,joint2,joint3,joint4,gripper,0.0015339809469878674,0.0,-1.4173983335494995,0.9848157167434692,-0.8176117539405823,-0.29759228229522705,0.0,0.0,0.0,0.023980824276804924,0.0,0.04796164855360985,0.0,0.0,0.0,0.0,0.0,-769.3400268554688,-91.45999908447266,-16.139999389648438,0.0
1780954273047901269,74796,1780954273028281459,base_link,wheel_left_joint,wheel_right_joint,joint1,joint2,joint3,joint4,gripper,0.0015339809469878674,0.0,-1.41586434841156,0.9756118059158325,-0.8160778284072876,-0.2960582971572876,0.0,0.0,0.0,0.0,-0.0959232971072197,0.0,0.0,0.0,0.0,0.0,34.970001220703125,-699.4000244140625,-96.84000396728516,-13.450000762939453,0.0
1780954273135000971,74797,1780954273062281459,base_link,wheel_left_joint,wheel_right_joint,joint1,joint2,joint3,joint4,gripper,0.0015339809469878674,0.0,-1.4143303632736206,0.9710098505020142,-0.8160778284072876,-0.2960582971572876,0.0,0.0,0.0,0.0,-0.11990412324666977,0.0,0.0,0.0,0.0,0.0,0.0,-591.7999877929688,-99.52999877929688,-13.450000762939453,0.0
1780954273178139320,74798,1780954273156281459,base_link,wheel_left_joint,wheel_right_joint,joint1,joint2,joint3,joint4,gripper,0.0015339809469878674,0.0,-1.4127963781356812,0.9618059992790222,-0.8176117539405823,-0.2960582971572876,0.0,0.0,0.0,0.0,-0.0959232971072197,0.0,0.0,0.0,0.0,0.0,0.0,-581.0400390625,-83.38999938964844,-10.760000228881836,0.0
1780954273274792841,74799,1780954273190281459,base_link,wheel_left_joint,wheel_right_joint,joint1,joint2,joint3,joint4,gripper,0.0015339809469878674,0.0,-1.4127963781356812,0.9618059992790222,-0.8176117539405823,-0.29452431201934814,0.0,0.0,0.0,0.0,-0.023980824276804924,0.0,0.0,0.0,0.0,0.0,0.0,-581.0400390625,-94.1500015258789,-10.760000228881836,0.0
1780954273310675143,74800,1780954273276281459,base_link,wheel_left_joint,wheel_right_joint,joint1,joint2,joint3,joint4,gripper,0.0015339809469878674,0.0,-1.4127963781356812,0.9618059992790222,-0.8176117539405823,-0.2929903268814087,0.0,0.0,0.0,0.0,0.0,0.0,0.0,0.0,0.0,0.0,0.0,-583.7300415039062,-94.1500015258789,-18.829999923706055,0.0
1780954273412896053,74801,1780954273310281459,base_link,wheel_left_joint,wheel_right_joint,joint1,joint2,joint3,joint4,gripper,0.0015339809469878674,0.0,-1.4127963781356812,0.9618059992790222,-0.8160778284072876,-0.2929903268814087,0.0,0.0,0.0,0.0,0.0,0.0,0.0,0.0,0.0,0.0,0.0,-583.7300415039062,-102.22000122070312,-8.069999694824219,0.0
1780954273441925728,74802,1780954273416281459,base_link,wheel_left_joint,wheel_right_joint,joint1,joint2,joint3,joint4,gripper,0.0015339809469878674,0.0,-1.4127963781356812,0.9618059992790222,-0.8160778284072876,-0.2914563715457916,0.0,0.0,0.0,0.0,0.0,0.0,0.0,0.0,0.0,0.0,0.0,-581.0400390625,-94.1500015258789,-16.139999389648438,0.0
1780954273530082918,74803,1780954273450281459,base_link,wheel_left_joint,wheel_right_joint,joint1,joint2,joint3,joint4,gripper,0.0015339809469878674,0.0,-1.4127963781356812,0.9618059992790222,-0.8176117539405823,-0.2899223864078522,0.0,0.0,0.0,0.0,0.0,0.0,0.0,0.0,0.0,0.0,0.0,-583.7300415039062,-91.45999908447266,-24.21000099182129,0.0
1780954273575662016,74804,1780954273546281459,base_link,wheel_left_joint,wheel_right_joint,joint1,joint2,joint3,joint4,gripper,0.0015339809469878674,0.0,-1.4127963781356812,0.9618059992790222,-0.8176117539405823,-0.2899223864078522,0.0,0.0,0.0,0.0,0.0,0.0,0.0,0.0,0.0,0.0,0.0,-581.0400390625,-96.84000396728516,-10.760000228881836,0.0
1780954273662540822,74805,1780954273580281459,base_link,wheel_left_joint,wheel_right_joint,joint1,joint2,joint3,joint4,gripper,0.0015339809469878674,0.0,-1.4127963781356812,0.9618059992790222,-0.8176117539405823,-0.2899223864078522,0.0,0.0,0.0,0.0,0.0,0.0,0.0,0.0,0.0,0.0,0.0,-581.0400390625,-96.84000396728516,-16.139999389648438,0.0
1780954273699998316,74806,1780954273672281459,base_link,wheel_left_joint,wheel_right_joint,joint1,joint2,joint3,joint4,gripper,0.0015339809469878674,0.0,-1.4127963781356812,0.9618059992790222,-0.8160778284072876,-0.2883884012699127,0.0,0.0,0.0,0.0,0.0,0.0,0.0,0.0,0.0,0.0,0.0,-581.0400390625,-104.91000366210938,-10.760000228881836,0.0
1780954273796281625,74807,1780954273706281459,base_link,wheel_left_joint,wheel_right_joint,joint1,joint2,joint3,joint4,gripper,0.0015339809469878674,0.0,-1.4127963781356812,0.9618059992790222,-0.8160778284072876,-0.2883884012699127,0.0,0.0,0.0,0.0,0.0,0.0,0.0,0.0,0.0,0.0,0.0,-581.0400390625,-94.1500015258789,-16.139999389648438,0.0
1780954273833243381,74808,1780954273799281459,base_link,wheel_left_joint,wheel_right_joint,joint1,joint2,joint3,joint4,gripper,0.0015339809469878674,0.0,-1.4127963781356812,0.9618059992790222,-0.8176117539405823,-0.28685441613197327,0.0,0.0,0.0,0.0,0.0,0.0,0.0,0.0,0.0,0.0,0.0,-578.3500366210938,-99.52999877929688,-13.450000762939453,0.0
1780954273932037872,74809,1780954273833281459,base_link,wheel_left_joint,wheel_right_joint,joint1,joint2,joint3,joint4,gripper,0.0015339809469878674,0.0,-1.4127963781356812,0.9618059992790222,-0.8160778284072876,-0.2853204309940338,0.0,0.0,0.0,0.0,0.0,0.0,0.0,0.0,0.0,0.0,0.0,-581.0400390625,-96.84000396728516,-16.139999389648438,0.0
1780954273959898823,74810,1780954273932281459,base_link,wheel_left_joint,wheel_right_joint,joint1,joint2,joint3,joint4,gripper,0.0015339809469878674,0.0,-1.4127963781356812,0.9618059992790222,-0.8176117539405823,-0.2853204309940338,0.0,0.0,0.0,0.0,0.0,0.0,0.0,0.0,0.0,0.0,0.0,-581.0400390625,-94.1500015258789,-10.760000228881836,0.0
1780954274058031942,74811,1780954273966281459,base_link,wheel_left_joint,wheel_right_joint,joint1,joint2,joint3,joint4,gripper,0.0015339809469878674,0.0,-1.4127963781356812,0.9618059992790222,-0.8176117539405823,-0.2853204309940338,0.0,0.0,0.0,0.0,0.0,0.0,0.0,0.0,0.0,0.0,0.0,-581.0400390625,-99.52999877929688,-10.760000228881836,0.0
1780954274095858500,74812,1780954274065281459,base_link,wheel_left_joint,wheel_right_joint,joint1,joint2,joint3,joint4,gripper,0.0015339809469878674,0.0,-1.4127963781356812,0.9618059992790222,-0.8176117539405823,-0.28378644585609436,0.0,0.0,0.0,0.0,0.0,0.0,0.0,0.0,0.0,0.0,0.0,-581.0400390625,-102.22000122070312,-2.690000057220459,0.0
1780954274187335843,74813,1780954274099281459,base_link,wheel_left_joint,wheel_right_joint,joint1,joint2,joint3,joint4,gripper,0.0015339809469878674,0.0,-1.4112623929977417,0.9618059992790222,-0.8160778284072876,-0.2822524607181549,0.0,0.0,0.0,0.0,0.0,0.0,0.0,0.0,0.0,0.0,0.0,-581.0400390625,-99.52999877929688,-26.900001525878906,0.0
1780954274228321738,74814,1780954274201281459,base_link,wheel_left_joint,wheel_right_joint,joint1,joint2,joint3,joint4,gripper,0.0015339809469878674,0.0,-1.4127963781356812,0.9618059992790222,-0.8160778284072876,-0.2822524607181549,0.0,0.0,0.0,0.0,0.0,0.0,0.0,0.0,0.0,0.0,0.0,-581.0400390625,-96.84000396728516,-8.069999694824219,0.0
1780954274311028709,74815,1780954274235281459,base_link,wheel_left_joint,wheel_right_joint,joint1,joint2,joint3,joint4,gripper,0.0015339809469878674,0.0,-1.4127963781356812,0.9618059992790222,-0.8160778284072876,-0.2822524607181549,0.0,0.0,0.0,0.0,0.0,0.0,0.0,0.0,0.0,0.0,0.0,-581.0400390625,-104.91000366210938,-16.139999389648438,0.0
1780954274357237321,74816,1780954274333281459,base_link,wheel_left_joint,wheel_right_joint,joint1,joint2,joint3,joint4,gripper,0.0015339809469878674,0.0,-1.4127963781356812,0.9618059992790222,-0.8160778284072876,-0.28071850538253784,0.0,0.0,0.0,0.0,0.0,0.0,0.0,0.0,0.0,0.0,0.0,-581.0400390625,-102.22000122070312,-8.069999694824219,0.0
1780954274442516531,74817,1780954274367281459,base_link,wheel_left_joint,wheel_right_joint,joint1,joint2,joint3,joint4,gripper,0.0015339809469878674,0.0,-1.4127963781356812,0.9618059992790222,-0.8176117539405823,-0.2791845202445984,0.0,0.0,0.0,0.0,0.0,0.0,0.0,0.0,0.0,0.0,0.0,-578.3500366210938,-88.77000427246094,-16.139999389648438,0.0
1780954274465314778,74818,1780954274462281459,base_link,wheel_left_joint,wheel_right_joint,joint1,joint2,joint3,joint4,gripper,0.0015339809469878674,0.0,-1.4127963781356812,0.9618059992790222,-0.8176117539405823,-0.2791845202445984,0.0,0.0,0.0,0.0,0.0,0.0,0.0,0.0,0.0,0.0,0.0,-578.3500366210938,-88.77000427246094,-8.069999694824219,0.0
1780954274512197675,74819,1780954274496281459,base_link,wheel_left_joint,wheel_right_joint,joint1,joint2,joint3,joint4,gripper,0.0015339809469878674,0.0,-1.4127963781356812,0.9618059992790222,-0.8176117539405823,-0.27765053510665894,0.0,0.0,0.0,0.0,0.0,0.0,0.0,0.0,0.0,0.0,0.0,-578.3500366210938,-96.84000396728516,-8.069999694824219,0.0
1780954274543199112,74820,1780954274553281459,base_link,wheel_left_joint,wheel_right_joint,joint1,joint2,joint3,joint4,gripper,0.0015339809469878674,0.0,-1.4112623929977417,0.9618059992790222,-0.8160778284072876,-0.27765053510665894,0.0,0.0,0.0,0.0,0.0,0.0,0.0,0.0,0.0,0.0,0.0,-575.6600341796875,-88.77000427246094,-8.069999694824219,0.0
1780954274627254355,74821,1780954274587281459,base_link,wheel_left_joint,wheel_right_joint,joint1,joint2,joint3,joint4,gripper,0.0015339809469878674,0.0,-1.4127963781356812,0.9618059992790222,-0.8160778284072876,-0.27765053510665894,0.0,0.0,0.0,0.0,0.0,0.0,0.0,0.0,0.0,0.0,0.0,-578.3500366210938,-104.91000366210938,-8.069999694824219,0.0
1780954274709289431,74822,1780954274689281459,base_link,wheel_left_joint,wheel_right_joint,joint1,joint2,joint3,joint4,gripper,0.0015339809469878674,0.0,-1.4127963781356812,0.9618059992790222,-0.8160778284072876,-0.2761165499687195,0.0,0.0,0.0,0.0,0.0,0.0,0.0,0.0,0.0,0.0,0.0,-581.0400390625,-94.1500015258789,-10.760000228881836,0.0
1780954274798408305,74823,1780954274723281459,base_link,wheel_left_joint,wheel_right_joint,joint1,joint2,joint3,joint4,gripper,0.0015339809469878674,0.0,-1.4127963781356812,0.9618059992790222,-0.8160778284072876,-0.2761165499687195,0.0,0.0,0.0,0.0,0.0,0.0,0.0,0.0,0.0,0.0,0.0,-581.0400390625,-91.45999908447266,-10.760000228881836,0.0
1780954274841290761,74824,1780954274818281459,base_link,wheel_left_joint,wheel_right_joint,joint1,joint2,joint3,joint4,gripper,0.0015339809469878674,0.0,-1.4127963781356812,0.9618059992790222,-0.8176117539405823,-0.2761165499687195,0.0,0.0,0.0,0.0,0.0,0.0,0.0,0.0,0.0,0.0,0.0,-578.3500366210938,-96.84000396728516,-16.139999389648438,0.0
1780954274926610856,74825,1780954274852281459,base_link,wheel_left_joint,wheel_right_joint,joint1,joint2,joint3,joint4,gripper,0.0015339809469878674,0.0,-1.4127963781356812,0.9633399844169617,-0.8160778284072876,-0.27765053510665894,0.0,0.0,0.0,0.0,0.0,0.0,0.0,0.0,0.0,0.0,0.0,-578.3500366210938,-96.84000396728516,-10.760000228881836,0.0
1780954274972077811,74826,1780954274944281459,base_link,wheel_left_joint,wheel_right_joint,joint1,joint2,joint3,joint4,gripper,0.0015339809469878674,0.0,-1.4127963781356812,0.9618059992790222,-0.8160778284072876,-0.2761165499687195,0.0,0.0,0.0,0.0,0.0,0.0,0.0,0.0,0.0,0.0,0.0,-578.3500366210938,-102.22000122070312,-10.760000228881836,0.0
1780954275063002471,74827,1780954274978281459,base_link,wheel_left_joint,wheel_right_joint,joint1,joint2,joint3,joint4,gripper,0.0015339809469878674,0.0,-1.4127963781356812,0.9618059992790222,-0.8176117539405823,-0.2761165499687195,0.0,0.0,0.0,0.0,0.0,0.0,0.0,0.0,0.0,0.0,0.0,-578.3500366210938,-94.1500015258789,-16.139999389648438,0.0
1780954275093752259,74828,1780954275068281459,base_link,wheel_left_joint,wheel_right_joint,joint1,joint2,joint3,joint4,gripper,0.0015339809469878674,0.0,-1.4127963781356812,0.9618059992790222,-0.8176117539405823,-0.2761165499687195,0.0,0.0,0.0,0.0,0.0,0.0,0.0,0.0,0.0,0.0,0.0,-578.3500366210938,-96.84000396728516,-16.139999389648438,0.0
1780954275176343106,74829,1780954275102281459,base_link,wheel_left_joint,wheel_right_joint,joint1,joint2,joint3,joint4,gripper,0.0015339809469878674,0.0,-1.4112623929977417,0.9618059992790222,-0.8160778284072876,-0.2761165499687195,0.0,0.0,0.0,0.0,0.0,0.0,0.0,0.0,0.0,0.0,0.0,-578.3500366210938,-99.52999877929688,-13.450000762939453,0.0
1780954275224852424,74830,1780954275199281459,base_link,wheel_left_joint,wheel_right_joint,joint1,joint2,joint3,joint4,gripper,0.0015339809469878674,0.0,-1.4127963781356812,0.9618059992790222,-0.8160778284072876,-0.2761165499687195,0.0,0.0,0.0,0.0,0.0,0.0,0.0,0.0,0.0,0.0,0.0,-578.3500366210938,-96.84000396728516,-16.139999389648438,0.0
1780954275307704760,74831,1780954275233281459,base_link,wheel_left_joint,wheel_right_joint,joint1,joint2,joint3,joint4,gripper,0.0015339809469878674,0.0,-1.4127963781356812,0.9618059992790222,-0.8160778284072876,-0.2761165499687195,0.0,0.0,0.0,0.0,0.0,0.0,0.0,0.0,0.0,0.0,0.0,-578.3500366210938,-94.1500015258789,-16.139999389648438,0.0
1780954275354330834,74832,1780954275327281459,base_link,wheel_left_joint,wheel_right_joint,joint1,joint2,joint3,joint4,gripper,0.0015339809469878674,0.0,-1.4127963781356812,0.9618059992790222,-0.8160778284072876,-0.27765053510665894,0.0,0.0,0.0,0.0,0.0,0.0,0.0,0.0,0.0,0.0,0.0,-581.0400390625,-96.84000396728516,-13.450000762939453,0.0
1780954275444292717,74833,1780954275361281459,base_link,wheel_left_joint,wheel_right_joint,joint1,joint2,joint3,joint4,gripper,0.0015339809469878674,0.0,-1.4112623929977417,0.9618059992790222,-0.8160778284072876,-0.2761165499687195,0.0,0.0,0.0,0.0,0.0,0.0,0.0,0.0,0.0,0.0,0.0,-578.3500366210938,-104.91000366210938,-16.139999389648438,0.0
1780954275491490745,74834,1780954275459281459,base_link,wheel_left_joint,wheel_right_joint,joint1,joint2,joint3,joint4,gripper,0.0015339809469878674,0.0,-1.4112623929977417,0.9618059992790222,-0.8176117539405823,-0.2761165499687195,0.0,0.0,0.0,0.0,0.0,0.0,0.0,0.0,0.0,0.0,0.0,-581.0400390625,-107.60000610351562,-13.450000762939453,0.0
1780954275572401776,74835,1780954275493281459,base_link,wheel_left_joint,wheel_right_joint,joint1,joint2,joint3,joint4,gripper,0.0015339809469878674,0.0,-1.4127963781356812,0.9618059992790222,-0.8160778284072876,-0.2761165499687195,0.0,0.0,0.0,0.0,0.0,0.0,0.0,0.0,0.0,0.0,0.0,-578.3500366210938,-96.84000396728516,-13.450000762939453,0.0
1780954275617439276,74836,1780954275597783222,base_link,wheel_left_joint,wheel_right_joint,joint1,joint2,joint3,joint4,gripper,0.0015339809469878674,0.0,-1.4127963781356812,0.9618059992790222,-0.8160778284072876,-0.2761165499687195,0.0,0.0,0.0,0.0,0.0,0.0,0.0,0.0,0.0,0.0,0.0,-578.3500366210938,-99.52999877929688,-18.829999923706055,0.0
1780954275703400087,74837,1780954275631783222,base_link,wheel_left_joint,wheel_right_joint,joint1,joint2,joint3,joint4,gripper,0.0015339809469878674,0.0,-1.4112623929977417,0.9618059992790222,-0.8160778284072876,-0.2761165499687195,0.0,0.0,0.0,0.0,0.0,0.0,0.0,0.0,0.0,0.0,0.0,-578.3500366210938,-104.91000366210938,-16.139999389648438,0.0
1780954275747484567,74838,1780954275724783222,base_link,wheel_left_joint,wheel_right_joint,joint1,joint2,joint3,joint4,gripper,0.0015339809469878674,0.0,-1.4112623929977417,0.9618059992790222,-0.8160778284072876,-0.2761165499687195,0.0,0.0,0.0,0.0,0.0,0.0,0.0,0.0,0.0,0.0,0.0,-578.3500366210938,-94.1500015258789,-13.450000762939453,0.0
1780954275834760485,74839,1780954275758783222,base_link,wheel_left_joint,wheel_right_joint,joint1,joint2,joint3,joint4,gripper,0.0015339809469878674,0.0,-1.4127963781356812,0.9618059992790222,-0.8176117539405823,-0.27765053510665894,0.0,0.0,0.0,0.0,0.0,0.0,0.0,0.0,0.0,0.0,0.0,-578.3500366210938,-96.84000396728516,-18.829999923706055,0.0
1780954275878652978,74840,1780954275849783222,base_link,wheel_left_joint,wheel_right_joint,joint1,joint2,joint3,joint4,gripper,0.0015339809469878674,0.0,-1.4127963781356812,0.9618059992790222,-0.8176117539405823,-0.2761165499687195,0.0,0.0,0.0,0.0,0.0,0.0,0.0,0.0,0.0,0.0,0.0,-578.3500366210938,-104.91000366210938,-16.139999389648438,0.0
1780954275967903607,74841,1780954275883783222,base_link,wheel_left_joint,wheel_right_joint,joint1,joint2,joint3,joint4,gripper,0.0015339809469878674,0.0,-1.4127963781356812,0.9618059992790222,-0.8176117539405823,-0.2761165499687195,0.0,0.0,0.0,0.0,0.0,0.0,0.0,0.0,0.0,0.0,0.0,-578.3500366210938,-99.52999877929688,-18.829999923706055,0.0
1780954276005560448,74842,1780954275981783222,base_link,wheel_left_joint,wheel_right_joint,joint1,joint2,joint3,joint4,gripper,0.0015339809469878674,0.0,-1.4127963781356812,0.9618059992790222,-0.8160778284072876,-0.2761165499687195,0.0,0.0,0.0,0.0,0.0,0.0,0.0,0.0,0.0,0.0,0.0,-578.3500366210938,-96.84000396728516,-13.450000762939453,0.0
1780954276092619810,74843,1780954276015783222,base_link,wheel_left_joint,wheel_right_joint,joint1,joint2,joint3,joint4,gripper,0.0015339809469878674,0.0,-1.4127963781356812,0.9618059992790222,-0.8176117539405823,-0.2761165499687195,0.0,0.0,0.0,0.0,0.0,0.0,0.0,0.0,0.0,0.0,0.0,-578.3500366210938,-102.22000122070312,-16.139999389648438,0.0
1780954276139150450,74844,1780954276114783222,base_link,wheel_left_joint,wheel_right_joint,joint1,joint2,joint3,joint4,gripper,0.0015339809469878674,0.0,-1.4127963781356812,0.9618059992790222,-0.8176117539405823,-0.27765053510665894,0.0,0.0,0.0,0.0,0.0,0.0,0.0,0.0,0.0,0.0,0.0,-578.3500366210938,-104.91000366210938,-13.450000762939453,0.0
1780954276229136169,74845,1780954276148783222,base_link,wheel_left_joint,wheel_right_joint,joint1,joint2,joint3,joint4,gripper,0.0015339809469878674,0.0,-1.4127963781356812,0.9618059992790222,-0.8160778284072876,-0.2761165499687195,0.0,0.0,0.0,0.0,0.0,0.0,0.0,0.0,0.0,0.0,0.0,-578.3500366210938,-94.1500015258789,-13.450000762939453,0.0
1780954276273437257,74846,1780954276239783222,base_link,wheel_left_joint,wheel_right_joint,joint1,joint2,joint3,joint4,gripper,0.0015339809469878674,0.0,-1.4127963781356812,0.9618059992790222,-0.8160778284072876,-0.2761165499687195,0.0,0.0,0.0,0.0,0.0,0.0,0.0,0.0,0.0,0.0,0.0,-578.3500366210938,-107.60000610351562,-16.139999389648438,0.0
1780954276358172420,74847,1780954276273783222,base_link,wheel_left_joint,wheel_right_joint,joint1,joint2,joint3,joint4,gripper,0.0015339809469878674,0.0,-1.4127963781356812,0.9618059992790222,-0.8176117539405823,-0.2761165499687195,0.0,0.0,0.0,0.0,0.0,0.0,0.0,0.0,0.0,0.0,0.0,-575.6600341796875,-102.22000122070312,-8.069999694824219,0.0
1780954276395398162,74848,1780954276369783222,base_link,wheel_left_joint,wheel_right_joint,joint1,joint2,joint3,joint4,gripper,0.0015339809469878674,0.0,-1.4127963781356812,0.9618059992790222,-0.8176117539405823,-0.2761165499687195,0.0,0.0,0.0,0.0,0.0,0.0,0.0,0.0,0.0,0.0,0.0,-578.3500366210938,-99.52999877929688,-18.829999923706055,0.0
1780954276486684260,74849,1780954276403783222,base_link,wheel_left_joint,wheel_right_joint,joint1,joint2,joint3,joint4,gripper,0.0015339809469878674,0.0,-1.4127963781356812,0.9618059992790222,-0.8176117539405823,-0.27765053510665894,0.0,0.0,0.0,0.0,0.0,0.0,0.0,0.0,0.0,0.0,0.0,-578.3500366210938,-91.45999908447266,-16.139999389648438,0.0
1780954276524802224,74850,1780954276499783222,base_link,wheel_left_joint,wheel_right_joint,joint1,joint2,joint3,joint4,gripper,0.0015339809469878674,0.0,-1.4112623929977417,0.9618059992790222,-0.8176117539405823,-0.2761165499687195,0.0,0.0,0.0,0.0,0.0,0.0,0.0,0.0,0.0,0.0,0.0,-578.3500366210938,-94.1500015258789,-13.450000762939453,0.0
1780954276608121856,74851,1780954276533783222,base_link,wheel_left_joint,wheel_right_joint,joint1,joint2,joint3,joint4,gripper,0.0015339809469878674,0.0,-1.4127963781356812,0.9618059992790222,-0.8160778284072876,-0.27765053510665894,0.0,0.0,0.0,0.0,0.0,0.0,0.0,0.0,0.0,0.0,0.0,-578.3500366210938,-96.84000396728516,-13.450000762939453,0.0
1780954276656120041,74852,1780954276631783222,base_link,wheel_left_joint,wheel_right_joint,joint1,joint2,joint3,joint4,gripper,0.0015339809469878674,0.0,-1.4127963781356812,0.9633399844169617,-0.8176117539405823,-0.2761165499687195,0.0,0.0,0.0,0.0,0.0,0.0,0.0,0.0,0.0,0.0,0.0,-578.3500366210938,-94.1500015258789,-18.829999923706055,0.0
1780954276742365923,74853,1780954276665783222,base_link,wheel_left_joint,wheel_right_joint,joint1,joint2,joint3,joint4,gripper,0.0015339809469878674,0.0,-1.4127963781356812,0.9633399844169617,-0.8176117539405823,-0.2761165499687195,0.0,0.0,0.0,0.0,0.0,0.0,0.0,0.0,0.0,0.0,0.0,-578.3500366210938,-99.52999877929688,-16.139999389648438,0.0
1780954276791294584,74854,1780954276761783222,base_link,wheel_left_joint,wheel_right_joint,joint1,joint2,joint3,joint4,gripper,0.0015339809469878674,0.0,-1.4127963781356812,0.9618059992790222,-0.8160778284072876,-0.2761165499687195,0.0,0.0,0.0,0.0,0.0,0.0,0.0,0.0,0.0,0.0,0.0,-578.3500366210938,-96.84000396728516,-16.139999389648438,0.0
1780954276875537694,74855,1780954276795783222,base_link,wheel_left_joint,wheel_right_joint,joint1,joint2,joint3,joint4,gripper,0.0015339809469878674,0.0,-1.4112623929977417,0.9618059992790222,-0.8160778284072876,-0.2761165499687195,0.0,0.0,0.0,0.0,0.0,0.0,0.0,0.0,0.0,0.0,0.0,-575.6600341796875,-96.84000396728516,-16.139999389648438,0.0
1780954276913723626,74856,1780954276890783222,base_link,wheel_left_joint,wheel_right_joint,joint1,joint2,joint3,joint4,gripper,0.0015339809469878674,0.0,-1.4127963781356812,0.9618059992790222,-0.8160778284072876,-0.2761165499687195,0.0,0.0,0.0,0.0,0.0,0.0,0.0,0.0,0.0,0.0,0.0,-575.6600341796875,-96.84000396728516,-16.139999389648438,0.0
1780954276999073246,74857,1780954276924783222,base_link,wheel_left_joint,wheel_right_joint,joint1,joint2,joint3,joint4,gripper,0.0015339809469878674,0.0,-1.4127963781356812,0.9633399844169617,-0.8160778284072876,-0.27765053510665894,0.0,0.0,0.0,0.0,0.0,0.0,0.0,0.0,0.0,0.0,0.0,-575.6600341796875,-94.1500015258789,-13.450000762939453,0.0
1780954277042082294,74858,1780954277021783222,base_link,wheel_left_joint,wheel_right_joint,joint1,joint2,joint3,joint4,gripper,0.0015339809469878674,0.0,-1.4112623929977417,0.9618059992790222,-0.8160778284072876,-0.2761165499687195,0.0,0.0,0.0,0.0,0.0,0.0,0.0,0.0,0.0,0.0,0.0,-581.0400390625,-104.91000366210938,-18.829999923706055,0.0
1780954277131085344,74859,1780954277055783222,base_link,wheel_left_joint,wheel_right_joint,joint1,joint2,joint3,joint4,gripper,0.0015339809469878674,0.0,-1.4112623929977417,0.9618059992790222,-0.8176117539405823,-0.2761165499687195,0.0,0.0,0.0,0.0,0.0,0.0,0.0,0.0,0.0,0.0,0.0,-575.6600341796875,-102.22000122070312,-18.829999923706055,0.0
1780954277168176761,74860,1780954277141783222,base_link,wheel_left_joint,wheel_right_joint,joint1,joint2,joint3,joint4,gripper,0.0015339809469878674,0.0,-1.4127963781356812,0.9618059992790222,-0.8176117539405823,-0.27765053510665894,0.0,0.0,0.0,0.0,0.0,0.0,0.0,0.0,0.0,0.0,0.0,-575.6600341796875,-94.1500015258789,-16.139999389648438,0.0
1780954277254082161,74861,1780954277175783222,base_link,wheel_left_joint,wheel_right_joint,joint1,joint2,joint3,joint4,gripper,0.0015339809469878674,0.0,-1.4127963781356812,0.9618059992790222,-0.8176117539405823,-0.27765053510665894,0.0,0.0,0.0,0.0,0.0,0.0,0.0,0.0,0.0,0.0,0.0,-578.3500366210938,-104.91000366210938,-16.139999389648438,0.0
1780954277299065708,74862,1780954277274783222,base_link,wheel_left_joint,wheel_right_joint,joint1,joint2,joint3,joint4,gripper,0.0015339809469878674,0.0,-1.4127963781356812,0.9618059992790222,-0.8160778284072876,-0.2761165499687195,0.0,0.0,0.0,0.0,0.0,0.0,0.0,0.0,0.0,0.0,0.0,-578.3500366210938,-99.52999877929688,-16.139999389648438,0.0
1780954277382891787,74863,1780954277308783222,base_link,wheel_left_joint,wheel_right_joint,joint1,joint2,joint3,joint4,gripper,0.0015339809469878674,0.0,-1.4127963781356812,0.9618059992790222,-0.8176117539405823,-0.2761165499687195,0.0,0.0,0.0,0.0,0.0,0.0,0.0,0.0,0.0,0.0,0.0,-575.6600341796875,-99.52999877929688,-16.139999389648438,0.0
1780954277424985471,74864,1780954277397783222,base_link,wheel_left_joint,wheel_right_joint,joint1,joint2,joint3,joint4,gripper,0.0015339809469878674,0.0,-1.4127963781356812,0.9618059992790222,-0.8160778284072876,-0.2761165499687195,0.0,0.0,0.0,0.0,0.0,0.0,0.0,0.0,0.0,0.0,0.0,-575.6600341796875,-91.45999908447266,-18.829999923706055,0.0
1780954277513345055,74865,1780954277431783222,base_link,wheel_left_joint,wheel_right_joint,joint1,joint2,joint3,joint4,gripper,0.0015339809469878674,0.0,-1.4127963781356812,0.9618059992790222,-0.8176117539405823,-0.2761165499687195,0.0,0.0,0.0,0.0,0.0,0.0,0.0,0.0,0.0,0.0,0.0,-578.3500366210938,-99.52999877929688,-13.450000762939453,0.0
1780954277564337335,74866,1780954277536783222,base_link,wheel_left_joint,wheel_right_joint,joint1,joint2,joint3,joint4,gripper,0.0015339809469878674,0.0,-1.4127963781356812,0.9618059992790222,-0.8160778284072876,-0.2761165499687195,0.0,0.0,0.0,0.0,0.0,0.0,0.0,0.0,0.0,0.0,0.0,-578.3500366210938,-99.52999877929688,-18.829999923706055,0.0
1780954277660198524,74867,1780954277570783222,base_link,wheel_left_joint,wheel_right_joint,joint1,joint2,joint3,joint4,gripper,0.0015339809469878674,0.0,-1.4127963781356812,0.9618059992790222,-0.8160778284072876,-0.2761165499687195,0.0,0.0,0.0,0.0,0.0,0.0,0.0,0.0,0.0,0.0,0.0,-575.6600341796875,-102.22000122070312,-13.450000762939453,0.0
1780954277697700410,74868,1780954277664783222,base_link,wheel_left_joint,wheel_right_joint,joint1,joint2,joint3,joint4,gripper,0.0015339809469878674,0.0,-1.4127963781356812,0.9618059992790222,-0.8160778284072876,-0.2761165499687195,0.0,0.0,0.0,0.0,0.0,0.0,0.0,0.0,0.0,0.0,0.0,-578.3500366210938,-102.22000122070312,-10.760000228881836,0.0
1780954277793492372,74869,1780954277698783222,base_link,wheel_left_joint,wheel_right_joint,joint1,joint2,joint3,joint4,gripper,0.0015339809469878674,0.0,-1.4127963781356812,0.9618059992790222,-0.8160778284072876,-0.2761165499687195,0.0,0.0,0.0,0.0,0.0,0.0,0.0,0.0,0.0,0.0,0.0,-578.3500366210938,-102.22000122070312,-18.829999923706055,0.0
1780954277820799503,74870,1780954277796783222,base_link,wheel_left_joint,wheel_right_joint,joint1,joint2,joint3,joint4,gripper,0.0015339809469878674,0.0,-1.4127963781356812,0.9633399844169617,-0.8160778284072876,-0.2761165499687195,0.0,0.0,0.0,0.0,0.0,0.0,0.0,0.0,0.0,0.0,0.0,-575.6600341796875,-102.22000122070312,-13.450000762939453,0.0
1780954277900975234,74871,1780954277830783222,base_link,wheel_left_joint,wheel_right_joint,joint1,joint2,joint3,joint4,gripper,0.0015339809469878674,0.0,-1.4127963781356812,0.9618059992790222,-0.8160778284072876,-0.2761165499687195,0.0,0.0,0.0,0.0,0.0,0.0,0.0,0.0,0.0,0.0,0.0,-578.3500366210938,-96.84000396728516,-16.139999389648438,0.0
1780954277929221973,74872,1780954277929783222,base_link,wheel_left_joint,wheel_right_joint,joint1,joint2,joint3,joint4,gripper,0.0015339809469878674,0.0,-1.4127963781356812,0.9618059992790222,-0.8160778284072876,-0.27765053510665894,0.0,0.0,0.0,0.0,0.0,0.0,0.0,0.0,0.0,0.0,0.0,-575.6600341796875,-104.91000366210938,-18.829999923706055,0.0
1780954277978577015,74873,1780954277963783222,base_link,wheel_left_joint,wheel_right_joint,joint1,joint2,joint3,joint4,gripper,0.0015339809469878674,0.0,-1.4127963781356812,0.9618059992790222,-0.8176117539405823,-0.2761165499687195,0.0,0.0,0.0,0.0,0.0,0.0,0.0,0.0,0.0,0.0,0.0,-575.6600341796875,-91.45999908447266,-18.829999923706055,0.0
1780954278011661950,74874,1780954278017783222,base_link,wheel_left_joint,wheel_right_joint,joint1,joint2,joint3,joint4,gripper,0.0015339809469878674,0.0,-1.4112623929977417,0.9618059992790222,-0.8160778284072876,-0.2761165499687195,0.0,0.0,0.0,0.0,0.0,0.0,0.0,0.0,0.0,0.0,0.0,-575.6600341796875,-94.1500015258789,-16.139999389648438,0.0
1780954278097218378,74875,1780954278052998701,base_link,wheel_left_joint,wheel_right_joint,joint1,joint2,joint3,joint4,gripper,0.0015339809469878674,0.0,-1.4127963781356812,0.9618059992790222,-0.8160778284072876,-0.2761165499687195,0.0,0.0,0.0,0.0,0.0,0.0,0.0,0.0,0.0,0.0,0.0,-575.6600341796875,-94.1500015258789,-16.139999389648438,0.0
1780954278140699749,74876,1780954278111998701,base_link,wheel_left_joint,wheel_right_joint,joint1,joint2,joint3,joint4,gripper,0.0015339809469878674,0.0,-1.4127963781356812,0.9618059992790222,-0.8176117539405823,-0.2761165499687195,0.0,0.0,0.0,0.0,0.0,0.0,0.0,0.0,0.0,0.0,0.0,-578.3500366210938,-104.91000366210938,-13.450000762939453,0.0
1780954278229390825,74877,1780954278145998701,base_link,wheel_left_joint,wheel_right_joint,joint1,joint2,joint3,joint4,gripper,0.0015339809469878674,0.0,-1.4127963781356812,0.9618059992790222,-0.8160778284072876,-0.2761165499687195,0.0,0.0,0.0,0.0,0.0,0.0,0.0,0.0,0.0,0.0,0.0,-578.3500366210938,-94.1500015258789,-16.139999389648438,0.0
1780954278264682793,74878,1780954278242998701,base_link,wheel_left_joint,wheel_right_joint,joint1,joint2,joint3,joint4,gripper,0.0,0.0,-1.4127963781356812,0.9618059992790222,-0.8176117539405823,-0.2761165499687195,0.0,-0.01581423729658127,0.0,0.0,0.0,0.0,0.0,0.0,0.0,0.0,0.0,-578.3500366210938,-102.22000122070312,-18.829999923706055,0.0
1780954278346766548,74879,1780954278276998701,base_link,wheel_left_joint,wheel_right_joint,joint1,joint2,joint3,joint4,gripper,0.0015339809469878674,0.0,-1.4127963781356812,0.9618059992790222,-0.8160778284072876,-0.2761165499687195,0.0,0.04511708766222,0.0,0.0,0.0,0.0,0.0,0.0,0.0,0.0,0.0,-578.3500366210938,-86.08000183105469,-16.139999389648438,0.0
1780954278395199347,74880,1780954278373998701,base_link,wheel_left_joint,wheel_right_joint,joint1,joint2,joint3,joint4,gripper,0.0015339809469878674,0.0,-1.4127963781356812,0.9618059992790222,-0.8160778284072876,-0.2761165499687195,0.0,0.0,0.0,0.0,0.0,0.0,0.0,0.0,0.0,0.0,0.0,-578.3500366210938,-94.1500015258789,-18.829999923706055,0.0
1780954278484820788,74881,1780954278407998701,base_link,wheel_left_joint,wheel_right_joint,joint1,joint2,joint3,joint4,gripper,0.0015339809469878674,0.0,-1.4127963781356812,0.9618059992790222,-0.8160778284072876,-0.2761165499687195,0.0,0.0,0.0,0.0,0.0,0.0,0.0,0.0,0.0,0.0,0.0,-575.6600341796875,-102.22000122070312,-21.520000457763672,0.0
1780954278524813583,74882,1780954278496998701,base_link,wheel_left_joint,wheel_right_joint,joint1,joint2,joint3,joint4,gripper,0.0015339809469878674,0.0,-1.4127963781356812,0.9618059992790222,-0.8160778284072876,-0.2761165499687195,0.0,0.0,0.0,0.0,0.0,0.0,0.0,0.0,0.0,0.0,0.0,-575.6600341796875,-94.1500015258789,-18.829999923706055,0.0
1780954278609856529,74883,1780954278530998701,base_link,wheel_left_joint,wheel_right_joint,joint1,joint2,joint3,joint4,gripper,0.0015339809469878674,0.0,-1.4127963781356812,0.9618059992790222,-0.8176117539405823,-0.2761165499687195,0.0,0.0,0.0,0.0,0.0,0.0,0.0,0.0,0.0,0.0,0.0,-575.6600341796875,-96.84000396728516,-18.829999923706055,0.0
1780954278649293653,74884,1780954278625998701,base_link,wheel_left_joint,wheel_right_joint,joint1,joint2,joint3,joint4,gripper,0.0015339809469878674,0.0,-1.4127963781356812,0.9618059992790222,-0.8176117539405823,-0.2761165499687195,0.0,0.0,0.0,0.0,0.0,0.0,0.0,0.0,0.0,0.0,0.0,-575.6600341796875,-96.84000396728516,-16.139999389648438,0.0
1780954278732444358,74885,1780954278659998701,base_link,wheel_left_joint,wheel_right_joint,joint1,joint2,joint3,joint4,gripper,0.0015339809469878674,0.0,-1.4127963781356812,0.9618059992790222,-0.8160778284072876,-0.2761165499687195,0.0,0.0,0.0,0.0,0.0,0.0,0.0,0.0,0.0,0.0,0.0,-575.6600341796875,-99.52999877929688,-18.829999923706055,0.0
1780954278780236025,74886,1780954278759998701,base_link,wheel_left_joint,wheel_right_joint,joint1,joint2,joint3,joint4,gripper,0.0015339809469878674,0.0,-1.4127963781356812,0.9618059992790222,-0.8160778284072876,-0.2761165499687195,0.0,0.0,0.0,0.0,0.0,0.0,0.0,0.0,0.0,0.0,0.0,-575.6600341796875,-99.52999877929688,-18.829999923706055,0.0
1780954278864696320,74887,1780954278793998701,base_link,wheel_left_joint,wheel_right_joint,joint1,joint2,joint3,joint4,gripper,0.0015339809469878674,0.0,-1.4112623929977417,0.9618059992790222,-0.8160778284072876,-0.2761165499687195,0.0,0.0,0.0,0.0,0.0,0.0,0.0,0.0,0.0,0.0,0.0,-572.9700317382812,-96.84000396728516,-16.139999389648438,0.0
1780954278909711089,74888,1780954278879998701,base_link,wheel_left_joint,wheel_right_joint,joint1,joint2,joint3,joint4,gripper,0.0015339809469878674,0.0,-1.4127963781356812,0.9618059992790222,-0.8160778284072876,-0.2761165499687195,0.0,0.0,0.0,0.0,0.0,0.0,0.0,0.0,0.0,0.0,0.0,-575.6600341796875,-102.22000122070312,-16.139999389648438,0.0
1780954278997013150,74889,1780954278913998701,base_link,wheel_left_joint,wheel_right_joint,joint1,joint2,joint3,joint4,gripper,0.0015339809469878674,0.0,-1.4127963781356812,0.9618059992790222,-0.8160778284072876,-0.2761165499687195,0.0,0.0,0.0,0.0,0.0,0.0,0.0,0.0,0.0,0.0,0.0,-575.6600341796875,-91.45999908447266,-18.829999923706055,0.0
1780954279033521939,74890,1780954279008998701,base_link,wheel_left_joint,wheel_right_joint,joint1,joint2,joint3,joint4,gripper,0.0015339809469878674,0.0,-1.4127963781356812,0.9618059992790222,-0.8160778284072876,-0.2761165499687195,0.0,0.0,0.0,0.0,0.0,0.0,0.0,0.0,0.0,0.0,0.0,-575.6600341796875,-99.52999877929688,-18.829999923706055,0.0
1780954279128591759,74891,1780954279042998701,base_link,wheel_left_joint,wheel_right_joint,joint1,joint2,joint3,joint4,gripper,0.0015339809469878674,0.0,-1.4127963781356812,0.9618059992790222,-0.8160778284072876,-0.2761165499687195,0.0,0.0,0.0,0.0,0.0,0.0,0.0,0.0,0.0,0.0,0.0,-575.6600341796875,-96.84000396728516,-16.139999389648438,0.0
1780954279164153681,74892,1780954279141998701,base_link,wheel_left_joint,wheel_right_joint,joint1,joint2,joint3,joint4,gripper,0.0015339809469878674,0.0,-1.4127963781356812,0.9618059992790222,-0.8160778284072876,-0.2761165499687195,0.0,0.0,0.0,0.0,0.0,0.0,0.0,0.0,0.0,0.0,0.0,-575.6600341796875,-96.84000396728516,-18.829999923706055,0.0
1780954279249130411,74893,1780954279175998701,base_link,wheel_left_joint,wheel_right_joint,joint1,joint2,joint3,joint4,gripper,0.0015339809469878674,0.0,-1.4112623929977417,0.9618059992790222,-0.8160778284072876,-0.2761165499687195,0.0,0.0,0.0,0.0,0.0,0.0,0.0,0.0,0.0,0.0,0.0,-575.6600341796875,-96.84000396728516,-18.829999923706055,0.0
1780954279298538977,74894,1780954279274998701,base_link,wheel_left_joint,wheel_right_joint,joint1,joint2,joint3,joint4,gripper,0.0015339809469878674,0.0,-1.4127963781356812,0.9618059992790222,-0.8160778284072876,-0.2761165499687195,0.0,0.0,0.0,0.0,0.0,0.0,0.0,0.0,0.0,0.0,0.0,-575.6600341796875,-96.84000396728516,-18.829999923706055,0.0
1780954279380721681,74895,1780954279308998701,base_link,wheel_left_joint,wheel_right_joint,joint1,joint2,joint3,joint4,gripper,0.0015339809469878674,0.0,-1.4127963781356812,0.9618059992790222,-0.8176117539405823,-0.2761165499687195,0.0,0.0,0.0,0.0,0.0,0.0,0.0,0.0,0.0,0.0,0.0,-575.6600341796875,-102.22000122070312,-18.829999923706055,0.0
1780954279432233482,74896,1780954279398998701,base_link,wheel_left_joint,wheel_right_joint,joint1,joint2,joint3,joint4,gripper,0.0015339809469878674,0.0,-1.4127963781356812,0.9618059992790222,-0.8160778284072876,-0.2761165499687195,0.0,0.0,0.0,0.0,0.0,0.0,0.0,0.0,0.0,0.0,0.0,-575.6600341796875,-99.52999877929688,-13.450000762939453,0.0
1780954279522531231,74897,1780954279432998701,base_link,wheel_left_joint,wheel_right_joint,joint1,joint2,joint3,joint4,gripper,0.0015339809469878674,0.0,-1.4127963781356812,0.9633399844169617,-0.8160778284072876,-0.2761165499687195,0.0,0.0,0.0,0.0,0.0,0.0,0.0,0.0,0.0,0.0,0.0,-575.6600341796875,-104.91000366210938,-18.829999923706055,0.0
1780954279560167999,74898,1780954279536998701,base_link,wheel_left_joint,wheel_right_joint,joint1,joint2,joint3,joint4,gripper,0.0015339809469878674,0.0,-1.4127963781356812,0.9618059992790222,-0.8160778284072876,-0.2761165499687195,0.0,0.0,0.0,0.0,0.0,0.0,0.0,0.0,0.0,0.0,0.0,-575.6600341796875,-102.22000122070312,-18.829999923706055,0.0
1780954279644942557,74899,1780954279570998701,base_link,wheel_left_joint,wheel_right_joint,joint1,joint2,joint3,joint4,gripper,0.0015339809469878674,0.0,-1.4127963781356812,0.9618059992790222,-0.8160778284072876,-0.2761165499687195,0.0,0.0,0.0,0.0,0.0,0.0,0.0,0.0,0.0,0.0,0.0,-575.6600341796875,-104.91000366210938,-18.829999923706055,0.0
1780954279694288650,74900,1780954279668998701,base_link,wheel_left_joint,wheel_right_joint,joint1,joint2,joint3,joint4,gripper,0.0015339809469878674,0.0,-1.4127963781356812,0.9618059992790222,-0.8160778284072876,-0.2761165499687195,0.0,0.0,0.0,0.0,0.0,0.0,0.0,0.0,0.0,0.0,0.0,-578.3500366210938,-96.84000396728516,-18.829999923706055,0.0
1780954279778563442,74901,1780954279702998701,base_link,wheel_left_joint,wheel_right_joint,joint1,joint2,joint3,joint4,gripper,0.0015339809469878674,0.0,-1.4127963781356812,0.9618059992790222,-0.8160778284072876,-0.2761165499687195,0.0,0.0,0.0,0.0,0.0,0.0,0.0,0.0,0.0,0.0,0.0,-575.6600341796875,-99.52999877929688,-21.520000457763672,0.0
1780954279826534758,74902,1780954279794998701,base_link,wheel_left_joint,wheel_right_joint,joint1,joint2,joint3,joint4,gripper,0.0015339809469878674,0.0,-1.4127963781356812,0.9618059992790222,-0.8160778284072876,-0.2761165499687195,0.0,0.0,0.0,0.0,0.0,0.0,0.0,0.0,0.0,0.0,0.0,-575.6600341796875,-104.91000366210938,-18.829999923706055,0.0
1780954279909715588,74903,1780954279828998701,base_link,wheel_left_joint,wheel_right_joint,joint1,joint2,joint3,joint4,gripper,0.0015339809469878674,0.0,-1.4127963781356812,0.9618059992790222,-0.8176117539405823,-0.2761165499687195,0.0,0.0,0.0,0.0,0.0,0.0,0.0,0.0,0.0,0.0,0.0,-575.6600341796875,-104.91000366210938,-18.829999923706055,0.0
1780954279946888068,74904,1780954279926998701,base_link,wheel_left_joint,wheel_right_joint,joint1,joint2,joint3,joint4,gripper,0.0015339809469878674,0.0,-1.4127963781356812,0.9618059992790222,-0.8176117539405823,-0.2761165499687195,0.0,0.0,0.0,0.0,0.0,0.0,0.0,0.0,0.0,0.0,0.0,-575.6600341796875,-94.1500015258789,-18.829999923706055,0.0
1780954280035580661,74905,1780954279960998701,base_link,wheel_left_joint,wheel_right_joint,joint1,joint2,joint3,joint4,gripper,0.0015339809469878674,0.0,-1.4127963781356812,0.9618059992790222,-0.8160778284072876,-0.2761165499687195,0.0,0.0,0.0,0.0,0.0,0.0,0.0,0.0,0.0,0.0,0.0,-578.3500366210938,-96.84000396728516,-16.139999389648438,0.0
1780954280080834211,74906,1780954280059998701,base_link,wheel_left_joint,wheel_right_joint,joint1,joint2,joint3,joint4,gripper,0.0015339809469878674,0.0,-1.4127963781356812,0.9618059992790222,-0.8160778284072876,-0.2761165499687195,0.0,0.0,0.0,0.0,0.0,0.0,0.0,0.0,0.0,0.0,0.0,-575.6600341796875,-96.84000396728516,-21.520000457763672,0.0
1780954280167618082,74907,1780954280093998701,base_link,wheel_left_joint,wheel_right_joint,joint1,joint2,joint3,joint4,gripper,0.0015339809469878674,0.0,-1.4112623929977417,0.9618059992790222,-0.8160778284072876,-0.2761165499687195,0.0,0.0,0.0,0.0,0.0,0.0,0.0,0.0,0.0,0.0,0.0,-575.6600341796875,-102.22000122070312,-16.139999389648438,0.0
1780954280212332888,74908,1780954280184998701,base_link,wheel_left_joint,wheel_right_joint,joint1,joint2,joint3,joint4,gripper,0.0015339809469878674,0.0,-1.4127963781356812,0.9618059992790222,-0.8160778284072876,-0.2761165499687195,0.0,0.0,0.0,0.0,0.0,0.0,0.0,0.0,0.0,0.0,0.0,-575.6600341796875,-96.84000396728516,-18.829999923706055,0.0
1780954280300625337,74909,1780954280218998701,base_link,wheel_left_joint,wheel_right_joint,joint1,joint2,joint3,joint4,gripper,0.0015339809469878674,0.0,-1.4127963781356812,0.9618059992790222,-0.8160778284072876,-0.2761165499687195,0.0,0.0,0.0,0.0,0.0,0.0,0.0,0.0,0.0,0.0,0.0,-581.0400390625,-99.52999877929688,-16.139999389648438,0.0
1780954280336591245,74910,1780954280312998701,base_link,wheel_left_joint,wheel_right_joint,joint1,joint2,joint3,joint4,gripper,0.0015339809469878674,0.0,-1.4112623929977417,0.9618059992790222,-0.8160778284072876,-0.2761165499687195,0.0,0.0,0.0,0.0,0.0,0.0,0.0,0.0,0.0,0.0,0.0,-575.6600341796875,-91.45999908447266,-16.139999389648438,0.0
1780954280423683058,74911,1780954280346998701,base_link,wheel_left_joint,wheel_right_joint,joint1,joint2,joint3,joint4,gripper,0.0015339809469878674,0.0,-1.4127963781356812,0.9618059992790222,-0.8160778284072876,-0.2761165499687195,0.0,0.0,0.0,0.0,0.0,0.0,0.0,0.0,0.0,0.0,0.0,-581.0400390625,-94.1500015258789,-18.829999923706055,0.0
1780954280470257506,74912,1780954280445998701,base_link,wheel_left_joint,wheel_right_joint,joint1,joint2,joint3,joint4,gripper,0.0015339809469878674,0.0,-1.4127963781356812,0.9618059992790222,-0.8176117539405823,-0.2761165499687195,0.0,0.0,0.0,0.0,0.0,0.0,0.0,0.0,0.0,0.0,0.0,-575.6600341796875,-104.91000366210938,-16.139999389648438,0.0
1780954280564363346,74913,1780954280479998701,base_link,wheel_left_joint,wheel_right_joint,joint1,joint2,joint3,joint4,gripper,0.0015339809469878674,0.0,-1.4127963781356812,0.9618059992790222,-0.8160778284072876,-0.2761165499687195,0.0,0.0,0.0,0.0,0.0,0.0,0.0,0.0,0.0,0.0,0.0,-575.6600341796875,-96.84000396728516,-18.829999923706055,0.0
1780954280601453818,74914,1780954280626073993,base_link,wheel_left_joint,wheel_right_joint,joint1,joint2,joint3,joint4,gripper,0.0015339809469878674,0.0,-1.4127963781356812,0.9618059992790222,-0.8176117539405823,-0.2761165499687195,0.0,0.0,0.0,0.0,0.0,0.0,0.0,0.0,0.0,0.0,0.0,-578.3500366210938,-104.91000366210938,-18.829999923706055,0.0
1780954280681750495,74915,1780954280658073993,base_link,wheel_left_joint,wheel_right_joint,joint1,joint2,joint3,joint4,gripper,0.0015339809469878674,0.0,-1.4127963781356812,0.9618059992790222,-0.8160778284072876,-0.2761165499687195,0.0,0.0,0.0,0.0,0.0,0.0,0.0,0.0,0.0,0.0,0.0,-575.6600341796875,-99.52999877929688,-18.829999923706055,0.0
1780954280730193565,74916,1780954280756073993,base_link,wheel_left_joint,wheel_right_joint,joint1,joint2,joint3,joint4,gripper,0.0015339809469878674,0.0,-1.4127963781356812,0.9618059992790222,-0.8176117539405823,-0.2761165499687195,0.0,0.0,0.0,0.0,0.0,0.0,0.0,0.0,0.0,0.0,0.0,-575.6600341796875,-99.52999877929688,-21.520000457763672,0.0
1780954280811288756,74917,1780954280790073993,base_link,wheel_left_joint,wheel_right_joint,joint1,joint2,joint3,joint4,gripper,0.0015339809469878674,0.0,-1.4127963781356812,0.9618059992790222,-0.8176117539405823,-0.2761165499687195,0.0,0.0,0.0,0.0,0.0,0.0,0.0,0.0,0.0,0.0,0.0,-572.9700317382812,-102.22000122070312,-18.829999923706055,0.0
1780954280859200914,74918,1780954280878073993,base_link,wheel_left_joint,wheel_right_joint,joint1,joint2,joint3,joint4,gripper,0.0015339809469878674,0.0,-1.4127963781356812,0.9618059992790222,-0.8160778284072876,-0.2761165499687195,0.0,0.0,0.0,0.0,0.0,0.0,0.0,0.0,0.0,0.0,0.0,-575.6600341796875,-99.52999877929688,-21.520000457763672,0.0
1780954280941924707,74919,1780954280912073993,base_link,wheel_left_joint,wheel_right_joint,joint1,joint2,joint3,joint4,gripper,0.0015339809469878674,0.0,-1.4112623929977417,0.9618059992790222,-0.8160778284072876,-0.2761165499687195,0.0,0.0,0.0,0.0,0.0,0.0,0.0,0.0,0.0,0.0,0.0,-575.6600341796875,-96.84000396728516,-16.139999389648438,0.0
1780954280979094050,74920,1780954281006073993,base_link,wheel_left_joint,wheel_right_joint,joint1,joint2,joint3,joint4,gripper,0.0015339809469878674,0.0,-1.4127963781356812,0.9618059992790222,-0.8160778284072876,-0.2761165499687195,0.0,0.0,0.0,0.0,0.0,0.0,0.0,0.0,0.0,0.0,0.0,-578.3500366210938,-94.1500015258789,-18.829999923706055,0.0
1780954281064705062,74921,1780954281040073993,base_link,wheel_left_joint,wheel_right_joint,joint1,joint2,joint3,joint4,gripper,0.0015339809469878674,0.0,-1.4127963781356812,0.9618059992790222,-0.8160778284072876,-0.2761165499687195,0.0,0.0,0.0,0.0,0.0,0.0,0.0,0.0,0.0,0.0,0.0,-572.9700317382812,-96.84000396728516,-18.829999923706055,0.0
1780954281109638938,74922,1780954281138073993,base_link,wheel_left_joint,wheel_right_joint,joint1,joint2,joint3,joint4,gripper,0.0015339809469878674,0.0,-1.4127963781356812,0.9618059992790222,-0.8160778284072876,-0.2761165499687195,0.0,0.0,0.0,0.0,0.0,0.0,0.0,0.0,0.0,0.0,0.0,-575.6600341796875,-102.22000122070312,-13.450000762939453,0.0
1780954281197736498,74923,1780954281172073993,base_link,wheel_left_joint,wheel_right_joint,joint1,joint2,joint3,joint4,gripper,0.0015339809469878674,0.0,-1.4127963781356812,0.9618059992790222,-0.8160778284072876,-0.2761165499687195,0.0,0.0,0.0,0.0,0.0,0.0,0.0,0.0,0.0,0.0,0.0,-575.6600341796875,-104.91000366210938,-18.829999923706055,0.0
1780954281242607063,74924,1780954281258073993,base_link,wheel_left_joint,wheel_right_joint,joint1,joint2,joint3,joint4,gripper,0.0015339809469878674,0.0,-1.4112623929977417,0.9618059992790222,-0.8160778284072876,-0.2761165499687195,0.0,0.0,0.0,0.0,0.0,0.0,0.0,0.0,0.0,0.0,0.0,-572.9700317382812,-99.52999877929688,-18.829999923706055,0.0
1780954281296342906,74925,1780954281292073993,base_link,wheel_left_joint,wheel_right_joint,joint1,joint2,joint3,joint4,gripper,0.0015339809469878674,0.0,-1.4127963781356812,0.9618059992790222,-0.8160778284072876,-0.2761165499687195,0.0,0.0,0.0,0.0,0.0,0.0,0.0,0.0,0.0,0.0,0.0,-575.6600341796875,-99.52999877929688,-18.829999923706055,0.0
1780954281316706121,74926,1780954281379073993,base_link,wheel_left_joint,wheel_right_joint,joint1,joint2,joint3,joint4,gripper,0.0015339809469878674,0.0,-1.4127963781356812,0.9618059992790222,-0.8176117539405823,-0.2761165499687195,0.0,0.0,0.0,0.0,0.0,0.0,0.0,0.0,0.0,0.0,0.0,-575.6600341796875,-104.91000366210938,-18.829999923706055,0.0
1780954281378117687,74927,1780954281413073993,base_link,wheel_left_joint,wheel_right_joint,joint1,joint2,joint3,joint4,gripper,0.0015339809469878674,0.0,-1.4127963781356812,0.9618059992790222,-0.8176117539405823,-0.2761165499687195,0.0,0.0,0.0,0.0,0.0,0.0,0.0,0.0,0.0,0.0,0.0,-572.9700317382812,-104.91000366210938,-18.829999923706055,0.0
1780954281443103558,74928,1780954281460073993,base_link,wheel_left_joint,wheel_right_joint,joint1,joint2,joint3,joint4,gripper,0.0015339809469878674,0.0,-1.4127963781356812,0.9633399844169617,-0.8176117539405823,-0.2761165499687195,0.0,0.0,0.0,0.0,0.0,0.0,0.0,0.0,0.0,0.0,0.0,-572.9700317382812,-94.1500015258789,-18.829999923706055,0.0
1780954281531176496,74929,1780954281494073993,base_link,wheel_left_joint,wheel_right_joint,joint1,joint2,joint3,joint4,gripper,0.0015339809469878674,0.0,-1.4127963781356812,0.9618059992790222,-0.8160778284072876,-0.2761165499687195,0.0,0.0,0.0,0.0,0.0,0.0,0.0,0.0,0.0,0.0,0.0,-575.6600341796875,-102.22000122070312,-16.139999389648438,0.0
1780954281572875255,74930,1780954281582073993,base_link,wheel_left_joint,wheel_right_joint,joint1,joint2,joint3,joint4,gripper,0.0015339809469878674,0.0,-1.4127963781356812,0.9618059992790222,-0.8176117539405823,-0.2761165499687195,0.0,0.0,0.0,0.0,0.0,0.0,0.0,0.0,0.0,0.0,0.0,-572.9700317382812,-104.91000366210938,-18.829999923706055,0.0
1780954281661960059,74931,1780954281616073993,base_link,wheel_left_joint,wheel_right_joint,joint1,joint2,joint3,joint4,gripper,0.0015339809469878674,0.0,-1.4127963781356812,0.9618059992790222,-0.8160778284072876,-0.2761165499687195,0.0,0.0,0.0,0.0,0.0,0.0,0.0,0.0,0.0,0.0,0.0,-572.9700317382812,-102.22000122070312,-18.829999923706055,0.0
1780954281699233902,74932,1780954281720073993,base_link,wheel_left_joint,wheel_right_joint,joint1,joint2,joint3,joint4,gripper,0.0015339809469878674,0.0,-1.4127963781356812,0.9618059992790222,-0.8176117539405823,-0.2761165499687195,0.0,0.0,0.0,0.0,0.0,0.0,0.0,0.0,0.0,0.0,0.0,-575.6600341796875,-94.1500015258789,-18.829999923706055,0.0
1780954281781377276,74933,1780954281754073993,base_link,wheel_left_joint,wheel_right_joint,joint1,joint2,joint3,joint4,gripper,0.0015339809469878674,0.0,-1.4112623929977417,0.9618059992790222,-0.8160778284072876,-0.2761165499687195,0.0,0.0,0.0,0.0,0.0,0.0,0.0,0.0,0.0,0.0,0.0,-575.6600341796875,-88.77000427246094,-13.450000762939453,0.0
1780954281830550431,74934,1780954281854073993,base_link,wheel_left_joint,wheel_right_joint,joint1,joint2,joint3,joint4,gripper,0.0015339809469878674,0.0,-1.4127963781356812,0.9618059992790222,-0.8160778284072876,-0.2761165499687195,0.0,0.0,0.0,0.0,0.0,0.0,0.0,0.0,0.0,0.0,0.0,-572.9700317382812,-99.52999877929688,-18.829999923706055,0.0
1780954281913673289,74935,1780954281888073993,base_link,wheel_left_joint,wheel_right_joint,joint1,joint2,joint3,joint4,gripper,0.0015339809469878674,0.0,-1.4127963781356812,0.9618059992790222,-0.8160778284072876,-0.2761165499687195,0.0,0.0,0.0,0.0,0.0,0.0,0.0,0.0,0.0,0.0,0.0,-572.9700317382812,-96.84000396728516,-16.139999389648438,0.0
1780954281960770616,74936,1780954281979073993,base_link,wheel_left_joint,wheel_right_joint,joint1,joint2,joint3,joint4,gripper,0.0015339809469878674,0.0,-1.4127963781356812,0.9618059992790222,-0.8176117539405823,-0.2761165499687195,0.0,0.0,0.0,0.0,0.0,0.0,0.0,0.0,0.0,0.0,0.0,-575.6600341796875,-96.84000396728516,-21.520000457763672,0.0
1780954282043405769,74937,1780954282013073993,base_link,wheel_left_joint,wheel_right_joint,joint1,joint2,joint3,joint4,gripper,0.0,0.0,-1.4127963781356812,0.9618059992790222,-0.8160778284072876,-0.2761165499687195,0.0,-0.04511708766222,0.0,0.0,0.0,0.0,0.0,0.0,0.0,0.0,0.0,-575.6600341796875,-99.52999877929688,-18.829999923706055,0.0
1780954282080887443,74938,1780954282107073993,base_link,wheel_left_joint,wheel_right_joint,joint1,joint2,joint3,joint4,gripper,0.0015339809469878674,0.0,-1.4127963781356812,0.9618059992790222,-0.8160778284072876,-0.27765053510665894,0.0,0.016318947076797485,0.0,0.0,0.0,0.0,0.0,0.0,0.0,0.0,0.0,-575.6600341796875,-102.22000122070312,-16.139999389648438,0.0
1780954282168288728,74939,1780954282141073993,base_link,wheel_left_joint,wheel_right_joint,joint1,joint2,joint3,joint4,gripper,0.0015339809469878674,0.0,-1.4127963781356812,0.9618059992790222,-0.8160778284072876,-0.27765053510665894,0.0,0.0,0.0,0.0,0.0,0.0,0.0,0.0,0.0,0.0,0.0,-575.6600341796875,-99.52999877929688,-18.829999923706055,0.0
1780954282212285002,74940,1780954282240073993,base_link,wheel_left_joint,wheel_right_joint,joint1,joint2,joint3,joint4,gripper,0.0015339809469878674,0.0,-1.4127963781356812,0.9618059992790222,-0.8176117539405823,-0.2761165499687195,0.0,0.0,0.0,0.0,0.0,0.0,0.0,0.0,0.0,0.0,0.0,-575.6600341796875,-99.52999877929688,-18.829999923706055,0.0
1780954282297442512,74941,1780954282273073993,base_link,wheel_left_joint,wheel_right_joint,joint1,joint2,joint3,joint4,gripper,0.0015339809469878674,0.0,-1.4112623929977417,0.9618059992790222,-0.8160778284072876,-0.2761165499687195,0.0,0.0,0.0,0.0,0.0,0.0,0.0,0.0,0.0,0.0,0.0,-575.6600341796875,-99.52999877929688,-21.520000457763672,0.0
1780954282342582339,74942,1780954282360073993,base_link,wheel_left_joint,wheel_right_joint,joint1,joint2,joint3,joint4,gripper,0.0015339809469878674,0.0,-1.4127963781356812,0.9618059992790222,-0.8160778284072876,-0.2761165499687195,0.0,0.0,0.0,0.0,0.0,0.0,0.0,0.0,0.0,0.0,0.0,-572.9700317382812,-96.84000396728516,-16.139999389648438,0.0
1780954282431450295,74943,1780954282393073993,base_link,wheel_left_joint,wheel_right_joint,joint1,joint2,joint3,joint4,gripper,0.0015339809469878674,0.0,-1.4127963781356812,0.9618059992790222,-0.8176117539405823,-0.2761165499687195,0.0,0.0,0.0,0.0,0.0,0.0,0.0,0.0,0.0,0.0,0.0,-575.6600341796875,-96.84000396728516,-13.450000762939453,0.0
1780954282469084743,74944,1780954282484073993,base_link,wheel_left_joint,wheel_right_joint,joint1,joint2,joint3,joint4,gripper,0.0015339809469878674,0.0,-1.4127963781356812,0.9618059992790222,-0.8160778284072876,-0.27765053510665894,0.0,0.0,0.0,0.0,0.0,0.0,0.0,0.0,0.0,0.0,0.0,-575.6600341796875,-99.52999877929688,-18.829999923706055,0.0
1780954282559682547,74945,1780954282517073993,base_link,wheel_left_joint,wheel_right_joint,joint1,joint2,joint3,joint4,gripper,0.0015339809469878674,0.0,-1.4127963781356812,0.9618059992790222,-0.8160778284072876,-0.2761165499687195,0.0,0.0,0.0,0.0,0.0,0.0,0.0,0.0,0.0,0.0,0.0,-575.6600341796875,-104.91000366210938,-18.829999923706055,0.0
1780954282597252977,74946,1780954282620073993,base_link,wheel_left_joint,wheel_right_joint,joint1,joint2,joint3,joint4,gripper,0.0015339809469878674,0.0,-1.4127963781356812,0.9633399844169617,-0.8160778284072876,-0.2761165499687195,0.0,0.0,0.0,0.0,0.0,0.0,0.0,0.0,0.0,0.0,0.0,-575.6600341796875,-99.52999877929688,-21.520000457763672,0.0
1780954282680962049,74947,1780954282653073993,base_link,wheel_left_joint,wheel_right_joint,joint1,joint2,joint3,joint4,gripper,0.0015339809469878674,0.0,-1.4127963781356812,0.9618059992790222,-0.8160778284072876,-0.2761165499687195,0.0,0.0,0.0,0.0,0.0,0.0,0.0,0.0,0.0,0.0,0.0,-575.6600341796875,-99.52999877929688,-18.829999923706055,0.0
1780954282730001759,74948,1780954282753073993,base_link,wheel_left_joint,wheel_right_joint,joint1,joint2,joint3,joint4,gripper,0.0015339809469878674,0.0,-1.4127963781356812,0.9618059992790222,-0.8176117539405823,-0.2761165499687195,0.0,0.0,0.0,0.0,0.0,0.0,0.0,0.0,0.0,0.0,0.0,-572.9700317382812,-104.91000366210938,-18.829999923706055,0.0
1780954282814771031,74949,1780954282787073993,base_link,wheel_left_joint,wheel_right_joint,joint1,joint2,joint3,joint4,gripper,0.0015339809469878674,0.0,-1.4112623929977417,0.9618059992790222,-0.8160778284072876,-0.2761165499687195,0.0,0.0,0.0,0.0,0.0,0.0,0.0,0.0,0.0,0.0,0.0,-572.9700317382812,-96.84000396728516,-18.829999923706055,0.0
1780954282862240536,74950,1780954282883073993,base_link,wheel_left_joint,wheel_right_joint,joint1,joint2,joint3,joint4,gripper,0.0015339809469878674,0.0,-1.4127963781356812,0.9618059992790222,-0.8160778284072876,-0.2761165499687195,0.0,0.0,0.0,0.0,0.0,0.0,0.0,0.0,0.0,0.0,0.0,-572.9700317382812,-96.84000396728516,-18.829999923706055,0.0
1780954282944644546,74951,1780954282916073993,base_link,wheel_left_joint,wheel_right_joint,joint1,joint2,joint3,joint4,gripper,0.0015339809469878674,0.0,-1.4112623929977417,0.9618059992790222,-0.8160778284072876,-0.2761165499687195,0.0,0.0,0.0,0.0,0.0,0.0,0.0,0.0,0.0,0.0,0.0,-575.6600341796875,-99.52999877929688,-16.139999389648438,0.0
1780954282980270005,74952,1780954283009073993,base_link,wheel_left_joint,wheel_right_joint,joint1,joint2,joint3,joint4,gripper,0.0015339809469878674,0.0,-1.4127963781356812,0.9618059992790222,-0.8160778284072876,-0.2761165499687195,0.0,0.0,0.0,0.0,0.0,0.0,0.0,0.0,0.0,0.0,0.0,-572.9700317382812,-96.84000396728516,-10.760000228881836,0.0
1780954283072033723,74953,1780954283043073993,base_link,wheel_left_joint,wheel_right_joint,joint1,joint2,joint3,joint4,gripper,0.0015339809469878674,0.0,-1.4127963781356812,0.9618059992790222,-0.8176117539405823,-0.2761165499687195,0.0,0.0,0.0,0.0,0.0,0.0,0.0,0.0,0.0,0.0,0.0,-570.280029296875,-91.45999908447266,-18.829999923706055,0.0
1780954283118357047,74954,1780954283117163513,base_link,wheel_left_joint,wheel_right_joint,joint1,joint2,joint3,joint4,gripper,0.0015339809469878674,0.0,-1.4112623929977417,0.9633399844169617,-0.8160778284072876,-0.27765053510665894,0.0,0.0,0.0,0.0,0.0,0.0,0.0,0.0,0.0,0.0,0.0,-572.9700317382812,-91.45999908447266,-16.139999389648438,0.0
1780954283202362676,74955,1780954283151163513,base_link,wheel_left_joint,wheel_right_joint,joint1,joint2,joint3,joint4,gripper,0.0015339809469878674,0.0,-1.4127963781356812,0.9618059992790222,-0.8160778284072876,-0.2761165499687195,0.0,0.0,0.0,0.0,0.0,0.0,0.0,0.0,0.0,0.0,0.0,-572.9700317382812,-96.84000396728516,-13.450000762939453,0.0
1780954283238519074,74956,1780954283247163513,base_link,wheel_left_joint,wheel_right_joint,joint1,joint2,joint3,joint4,gripper,0.0015339809469878674,0.0,-1.4127963781356812,0.9618059992790222,-0.8160778284072876,-0.2761165499687195,0.0,0.0,0.0,0.0,0.0,0.0,0.0,0.0,0.0,0.0,0.0,-572.9700317382812,-102.22000122070312,-16.139999389648438,0.0
1780954283327711283,74957,1780954283281163513,base_link,wheel_left_joint,wheel_right_joint,joint1,joint2,joint3,joint4,gripper,0.0015339809469878674,0.0,-1.4127963781356812,0.9618059992790222,-0.8160778284072876,-0.2761165499687195,0.0,0.0,0.0,0.0,0.0,0.0,0.0,0.0,0.0,0.0,0.0,-572.9700317382812,-99.52999877929688,-18.829999923706055,0.0
1780954283372801140,74958,1780954283375163513,base_link,wheel_left_joint,wheel_right_joint,joint1,joint2,joint3,joint4,gripper,0.0015339809469878674,0.0,-1.4127963781356812,0.9618059992790222,-0.8160778284072876,-0.2761165499687195,0.0,0.0,0.0,0.0,0.0,0.0,0.0,0.0,0.0,0.0,0.0,-575.6600341796875,-104.91000366210938,-18.829999923706055,0.0
1780954283463714447,74959,1780954283409163513,base_link,wheel_left_joint,wheel_right_joint,joint1,joint2,joint3,joint4,gripper,0.0015339809469878674,0.0,-1.4127963781356812,0.9618059992790222,-0.8160778284072876,-0.2761165499687195,0.0,0.0,0.0,0.0,0.0,0.0,0.0,0.0,0.0,0.0,0.0,-572.9700317382812,-102.22000122070312,-18.829999923706055,0.0
1780954283500736048,74960,1780954283502163513,base_link,wheel_left_joint,wheel_right_joint,joint1,joint2,joint3,joint4,gripper,0.0015339809469878674,0.0,-1.4127963781356812,0.9618059992790222,-0.8160778284072876,-0.2761165499687195,0.0,0.0,0.0,0.0,0.0,0.0,0.0,0.0,0.0,0.0,0.0,-572.9700317382812,-99.52999877929688,-16.139999389648438,0.0
1780954283591925837,74961,1780954283536163513,base_link,wheel_left_joint,wheel_right_joint,joint1,joint2,joint3,joint4,gripper,0.0015339809469878674,0.0,-1.4127963781356812,0.9618059992790222,-0.8160778284072876,-0.2761165499687195,0.0,0.0,0.0,0.0,0.0,0.0,0.0,0.0,0.0,0.0,0.0,-572.9700317382812,-104.91000366210938,-18.829999923706055,0.0
1780954283636358020,74962,1780954283642163513,base_link,wheel_left_joint,wheel_right_joint,joint1,joint2,joint3,joint4,gripper,0.0015339809469878674,0.0,-1.4127963781356812,0.9618059992790222,-0.8160778284072876,-0.2761165499687195,0.0,0.0,0.0,0.0,0.0,0.0,0.0,0.0,0.0,0.0,0.0,-572.9700317382812,-102.22000122070312,-13.450000762939453,0.0
1780954283724356608,74963,1780954283674163513,base_link,wheel_left_joint,wheel_right_joint,joint1,joint2,joint3,joint4,gripper,0.0015339809469878674,0.0,-1.4127963781356812,0.9618059992790222,-0.8176117539405823,-0.2761165499687195,0.0,0.0,0.0,0.0,0.0,0.0,0.0,0.0,0.0,0.0,0.0,-572.9700317382812,-99.52999877929688,-18.829999923706055,0.0
1780954283760664304,74964,1780954283766163513,base_link,wheel_left_joint,wheel_right_joint,joint1,joint2,joint3,joint4,gripper,0.0015339809469878674,0.0,-1.4127963781356812,0.9618059992790222,-0.8176117539405823,-0.2761165499687195,0.0,0.0,0.0,0.0,0.0,0.0,0.0,0.0,0.0,0.0,0.0,-572.9700317382812,-104.91000366210938,-21.520000457763672,0.0
1780954283842993020,74965,1780954283799163513,base_link,wheel_left_joint,wheel_right_joint,joint1,joint2,joint3,joint4,gripper,0.0015339809469878674,0.0,-1.4127963781356812,0.9618059992790222,-0.8160778284072876,-0.2761165499687195,0.0,0.0,0.0,0.0,0.0,0.0,0.0,0.0,0.0,0.0,0.0,-575.6600341796875,-96.84000396728516,-16.139999389648438,0.0
1780954283889788290,74966,1780954283897163513,base_link,wheel_left_joint,wheel_right_joint,joint1,joint2,joint3,joint4,gripper,0.0015339809469878674,0.0,-1.4127963781356812,0.9618059992790222,-0.8176117539405823,-0.2761165499687195,0.0,0.0,0.0,0.0,0.0,0.0,0.0,0.0,0.0,0.0,0.0,-575.6600341796875,-102.22000122070312,-18.829999923706055,0.0
1780954283977027534,74967,1780954283930163513,base_link,wheel_left_joint,wheel_right_joint,joint1,joint2,joint3,joint4,gripper,0.0015339809469878674,0.0,-1.4127963781356812,0.9618059992790222,-0.8160778284072876,-0.2761165499687195,0.0,0.0,0.0,0.0,0.0,0.0,0.0,0.0,0.0,0.0,0.0,-572.9700317382812,-102.22000122070312,-21.520000457763672,0.0
1780954284028512625,74968,1780954284025163513,base_link,wheel_left_joint,wheel_right_joint,joint1,joint2,joint3,joint4,gripper,0.0015339809469878674,0.0,-1.4127963781356812,0.9618059992790222,-0.8176117539405823,-0.2761165499687195,0.0,0.0,0.0,0.0,0.0,0.0,0.0,0.0,0.0,0.0,0.0,-572.9700317382812,-102.22000122070312,-18.829999923706055,0.0
1780954284115721438,74969,1780954284058163513,base_link,wheel_left_joint,wheel_right_joint,joint1,joint2,joint3,joint4,gripper,0.0015339809469878674,0.0,-1.4127963781356812,0.9618059992790222,-0.8160778284072876,-0.2761165499687195,0.0,0.0,0.0,0.0,0.0,0.0,0.0,0.0,0.0,0.0,0.0,-572.9700317382812,-102.22000122070312,-16.139999389648438,0.0
1780954284154610610,74970,1780954284158163513,base_link,wheel_left_joint,wheel_right_joint,joint1,joint2,joint3,joint4,gripper,0.0015339809469878674,0.0,-1.4112623929977417,0.9618059992790222,-0.8160778284072876,-0.2761165499687195,0.0,0.0,0.0,0.0,0.0,0.0,0.0,0.0,0.0,0.0,0.0,-575.6600341796875,-96.84000396728516,-18.829999923706055,0.0
1780954284242169773,74971,1780954284191163513,base_link,wheel_left_joint,wheel_right_joint,joint1,joint2,joint3,joint4,gripper,0.0015339809469878674,0.0,-1.4127963781356812,0.9618059992790222,-0.8160778284072876,-0.2761165499687195,0.0,0.0,0.0,0.0,0.0,0.0,0.0,0.0,0.0,0.0,0.0,-570.280029296875,-104.91000366210938,-18.829999923706055,0.0
1780954284289967661,74972,1780954284294163513,base_link,wheel_left_joint,wheel_right_joint,joint1,joint2,joint3,joint4,gripper,0.0015339809469878674,0.0,-1.4112623929977417,0.9618059992790222,-0.8176117539405823,-0.2761165499687195,0.0,0.0,0.0,0.0,0.0,0.0,0.0,0.0,0.0,0.0,0.0,-575.6600341796875,-104.91000366210938,-13.450000762939453,0.0
1780954284376532580,74973,1780954284327163513,base_link,wheel_left_joint,wheel_right_joint,joint1,joint2,joint3,joint4,gripper,0.0015339809469878674,0.0,-1.4127963781356812,0.9618059992790222,-0.8160778284072876,-0.2761165499687195,0.0,0.0,0.0,0.0,0.0,0.0,0.0,0.0,0.0,0.0,0.0,-572.9700317382812,-102.22000122070312,-18.829999923706055,0.0
1780954284426296801,74974,1780954284426163513,base_link,wheel_left_joint,wheel_right_joint,joint1,joint2,joint3,joint4,gripper,0.0015339809469878674,0.0,-1.4127963781356812,0.9618059992790222,-0.8160778284072876,-0.2761165499687195,0.0,0.0,0.0,0.0,0.0,0.0,0.0,0.0,0.0,0.0,0.0,-575.6600341796875,-102.22000122070312,-18.829999923706055,0.0
1780954284510720144,74975,1780954284459163513,base_link,wheel_left_joint,wheel_right_joint,joint1,joint2,joint3,joint4,gripper,0.0,0.0,-1.4112623929977417,0.9618059992790222,-0.8160778284072876,-0.27765053510665894,0.0,-0.04648427292704582,0.0,0.0,0.0,0.0,0.0,0.0,0.0,0.0,0.0,-572.9700317382812,-94.1500015258789,-16.139999389648438,0.0
1780954284547036141,74976,1780954284559163513,base_link,wheel_left_joint,wheel_right_joint,joint1,joint2,joint3,joint4,gripper,0.0015339809469878674,0.0,-1.4112623929977417,0.9618059992790222,-0.8160778284072876,-0.2761165499687195,0.0,0.015339810401201248,0.0,0.0,0.0,0.0,0.0,0.0,0.0,0.0,0.0,-572.9700317382812,-94.1500015258789,-18.829999923706055,0.0
1780954284638172816,74977,1780954284592163513,base_link,wheel_left_joint,wheel_right_joint,joint1,joint2,joint3,joint4,gripper,0.0015339809469878674,0.0,-1.4127963781356812,0.9618059992790222,-0.8160778284072876,-0.2761165499687195,0.0,0.0,0.0,0.0,0.0,0.0,0.0,0.0,0.0,0.0,0.0,-572.9700317382812,-99.52999877929688,-21.520000457763672,0.0
1780954284682671252,74978,1780954284690163513,base_link,wheel_left_joint,wheel_right_joint,joint1,joint2,joint3,joint4,gripper,0.0015339809469878674,0.0,-1.4127963781356812,0.9618059992790222,-0.8176117539405823,-0.2761165499687195,0.0,0.0,0.0,0.0,0.0,0.0,0.0,0.0,0.0,0.0,0.0,-572.9700317382812,-99.52999877929688,-16.139999389648438,0.0
1780954284745423889,74979,1780954284724163513,base_link,wheel_left_joint,wheel_right_joint,joint1,joint2,joint3,joint4,gripper,0.0015339809469878674,0.0,-1.4127963781356812,0.9618059992790222,-0.8176117539405823,-0.2761165499687195,0.0,0.0,0.0,0.0,0.0,0.0,0.0,0.0,0.0,0.0,0.0,-572.9700317382812,-99.52999877929688,-18.829999923706055,0.0
1780954284773179891,74980,1780954284816163513,base_link,wheel_left_joint,wheel_right_joint,joint1,joint2,joint3,joint4,gripper,0.0015339809469878674,0.0,-1.4127963781356812,0.9618059992790222,-0.8176117539405823,-0.2761165499687195,0.0,0.0,0.0,0.0,0.0,0.0,0.0,0.0,0.0,0.0,0.0,-572.9700317382812,-94.1500015258789,-21.520000457763672,0.0
1780954284826870893,74981,1780954284850163513,base_link,wheel_left_joint,wheel_right_joint,joint1,joint2,joint3,joint4,gripper,0.0015339809469878674,0.0,-1.4127963781356812,0.9618059992790222,-0.8160778284072876,-0.2761165499687195,0.0,0.0,0.0,0.0,0.0,0.0,0.0,0.0,0.0,0.0,0.0,-572.9700317382812,-94.1500015258789,-18.829999923706055,0.0
1780954284906268566,74982,1780954284905163513,base_link,wheel_left_joint,wheel_right_joint,joint1,joint2,joint3,joint4,gripper,0.0015339809469878674,0.0,-1.4127963781356812,0.9618059992790222,-0.8160778284072876,-0.2761165499687195,0.0,0.0,0.0,0.0,0.0,0.0,0.0,0.0,0.0,0.0,0.0,-570.280029296875,-102.22000122070312,-18.829999923706055,0.0
1780954284993942692,74983,1780954284938163513,base_link,wheel_left_joint,wheel_right_joint,joint1,joint2,joint3,joint4,gripper,0.0015339809469878674,0.0,-1.4127963781356812,0.9618059992790222,-0.8160778284072876,-0.2761165499687195,0.0,0.0,0.0,0.0,0.0,0.0,0.0,0.0,0.0,0.0,0.0,-575.6600341796875,-99.52999877929688,-18.829999923706055,0.0
1780954285031503039,74984,1780954285027163513,base_link,wheel_left_joint,wheel_right_joint,joint1,joint2,joint3,joint4,gripper,0.0015339809469878674,0.0,-1.4127963781356812,0.9618059992790222,-0.8176117539405823,-0.2761165499687195,0.0,0.0,0.0,0.0,0.0,0.0,0.0,0.0,0.0,0.0,0.0,-575.6600341796875,-94.1500015258789,-18.829999923706055,0.0
1780954285126060500,74985,1780954285061163513,base_link,wheel_left_joint,wheel_right_joint,joint1,joint2,joint3,joint4,gripper,0.0015339809469878674,0.0,-1.4127963781356812,0.9618059992790222,-0.8176117539405823,-0.2761165499687195,0.0,0.0,0.0,0.0,0.0,0.0,0.0,0.0,0.0,0.0,0.0,-572.9700317382812,-104.91000366210938,-18.829999923706055,0.0
1780954285156656148,74986,1780954285158163513,base_link,wheel_left_joint,wheel_right_joint,joint1,joint2,joint3,joint4,gripper,0.0015339809469878674,0.0,-1.4127963781356812,0.9618059992790222,-0.8160778284072876,-0.2761165499687195,0.0,0.0,0.0,0.0,0.0,0.0,0.0,0.0,0.0,0.0,0.0,-572.9700317382812,-96.84000396728516,-21.520000457763672,0.0
1780954285242053319,74987,1780954285191163513,base_link,wheel_left_joint,wheel_right_joint,joint1,joint2,joint3,joint4,gripper,0.0015339809469878674,0.0,-1.4127963781356812,0.9618059992790222,-0.8160778284072876,-0.2761165499687195,0.0,0.0,0.0,0.0,0.0,0.0,0.0,0.0,0.0,0.0,0.0,-572.9700317382812,-104.91000366210938,-16.139999389648438,0.0
1780954285289058286,74988,1780954285293163513,base_link,wheel_left_joint,wheel_right_joint,joint1,joint2,joint3,joint4,gripper,0.0015339809469878674,0.0,-1.4127963781356812,0.9618059992790222,-0.8176117539405823,-0.2761165499687195,0.0,0.0,0.0,0.0,0.0,0.0,0.0,0.0,0.0,0.0,0.0,-572.9700317382812,-94.1500015258789,-18.829999923706055,0.0
1780954285376018693,74989,1780954285326163513,base_link,wheel_left_joint,wheel_right_joint,joint1,joint2,joint3,joint4,gripper,0.0015339809469878674,0.0,-1.4127963781356812,0.9633399844169617,-0.8160778284072876,-0.2761165499687195,0.0,0.0,0.0,0.0,0.0,0.0,0.0,0.0,0.0,0.0,0.0,-572.9700317382812,-104.91000366210938,-18.829999923706055,0.0
1780954285424131711,74990,1780954285422163513,base_link,wheel_left_joint,wheel_right_joint,joint1,joint2,joint3,joint4,gripper,0.0015339809469878674,0.0,-1.4127963781356812,0.9618059992790222,-0.8160778284072876,-0.2761165499687195,0.0,0.0,0.0,0.0,0.0,0.0,0.0,0.0,0.0,0.0,0.0,-572.9700317382812,-96.84000396728516,-21.520000457763672,0.0
1780954285509580034,74991,1780954285456163513,base_link,wheel_left_joint,wheel_right_joint,joint1,joint2,joint3,joint4,gripper,0.0015339809469878674,0.0,-1.4127963781356812,0.9618059992790222,-0.8176117539405823,-0.2761165499687195,0.0,0.0,0.0,0.0,0.0,0.0,0.0,0.0,0.0,0.0,0.0,-572.9700317382812,-99.52999877929688,-16.139999389648438,0.0
1780954285550265577,74992,1780954285553163513,base_link,wheel_left_joint,wheel_right_joint,joint1,joint2,joint3,joint4,gripper,0.0015339809469878674,0.0,-1.4127963781356812,0.9618059992790222,-0.8160778284072876,-0.2761165499687195,0.0,0.0,0.0,0.0,0.0,0.0,0.0,0.0,0.0,0.0,0.0,-572.9700317382812,-96.84000396728516,-18.829999923706055,0.0
1780954285641482863,74993,1780954285587163513,base_link,wheel_left_joint,wheel_right_joint,joint1,joint2,joint3,joint4,gripper,0.0015339809469878674,0.0,-1.4127963781356812,0.9618059992790222,-0.8160778284072876,-0.2761165499687195,0.0,0.0,0.0,0.0,0.0,0.0,0.0,0.0,0.0,0.0,0.0,-572.9700317382812,-102.22000122070312,-18.829999923706055,0.0
1780954285687301134,74994,1780954285667366212,base_link,wheel_left_joint,wheel_right_joint,joint1,joint2,joint3,joint4,gripper,0.0015339809469878674,0.0,-1.4127963781356812,0.9618059992790222,-0.8176117539405823,-0.2761165499687195,0.0,0.0,0.0,0.0,0.0,0.0,0.0,0.0,0.0,0.0,0.0,-572.9700317382812,-94.1500015258789,-18.829999923706055,0.0
1780954285773958988,74995,1780954285700366212,base_link,wheel_left_joint,wheel_right_joint,joint1,joint2,joint3,joint4,gripper,0.0015339809469878674,0.0,-1.4127963781356812,0.9618059992790222,-0.8176117539405823,-0.2761165499687195,0.0,0.0,0.0,0.0,0.0,0.0,0.0,0.0,0.0,0.0,0.0,-572.9700317382812,-104.91000366210938,-18.829999923706055,0.0
1780954285818101027,74996,1780954285794366212,base_link,wheel_left_joint,wheel_right_joint,joint1,joint2,joint3,joint4,gripper,0.0015339809469878674,0.0,-1.4127963781356812,0.9618059992790222,-0.8176117539405823,-0.2761165499687195,0.0,0.0,0.0,0.0,0.0,0.0,0.0,0.0,0.0,0.0,0.0,-572.9700317382812,-102.22000122070312,-21.520000457763672,0.0
1780954285902739900,74997,1780954285828366212,base_link,wheel_left_joint,wheel_right_joint,joint1,joint2,joint3,joint4,gripper,0.0015339809469878674,0.0,-1.4112623929977417,0.9618059992790222,-0.8160778284072876,-0.27765053510665894,0.0,0.0,0.0,0.0,0.0,0.0,0.0,0.0,0.0,0.0,0.0,-572.9700317382812,-96.84000396728516,-16.139999389648438,0.0
1780954285945576166,74998,1780954285923366212,base_link,wheel_left_joint,wheel_right_joint,joint1,joint2,joint3,joint4,gripper,0.0015339809469878674,0.0,-1.4127963781356812,0.9618059992790222,-0.8160778284072876,-0.2761165499687195,0.0,0.0,0.0,0.0,0.0,0.0,0.0,0.0,0.0,0.0,0.0,-572.9700317382812,-96.84000396728516,-16.139999389648438,0.0
1780954286032029666,74999,1780954285957366212,base_link,wheel_left_joint,wheel_right_joint,joint1,joint2,joint3,joint4,gripper,0.0015339809469878674,0.0,-1.4127963781356812,0.9618059992790222,-0.8176117539405823,-0.2761165499687195,0.0,0.0,0.0,0.0,0.0,0.0,0.0,0.0,0.0,0.0,0.0,-575.6600341796875,-99.52999877929688,-10.760000228881836,0.0
1780954286068066029,75000,1780954286048366212,base_link,wheel_left_joint,wheel_right_joint,joint1,joint2,joint3,joint4,gripper,0.0015339809469878674,0.0,-1.4127963781356812,0.9618059992790222,-0.8176117539405823,-0.2761165499687195,0.0,0.0,0.0,0.0,0.0,0.0,0.0,0.0,0.0,0.0,0.0,-572.9700317382812,-102.22000122070312,-18.829999923706055,0.0
1780954286151860581,75001,1780954286081366212,base_link,wheel_left_joint,wheel_right_joint,joint1,joint2,joint3,joint4,gripper,0.0015339809469878674,0.0,-1.4127963781356812,0.9633399844169617,-0.8160778284072876,-0.2761165499687195,0.0,0.0,0.0,0.0,0.0,0.0,0.0,0.0,0.0,0.0,0.0,-572.9700317382812,-102.22000122070312,-21.520000457763672,0.0
1780954286199463367,75002,1780954286178366212,base_link,wheel_left_joint,wheel_right_joint,joint1,joint2,joint3,joint4,gripper,0.0015339809469878674,0.0,-1.4127963781356812,0.9618059992790222,-0.8160778284072876,-0.27765053510665894,0.0,0.0,0.0,0.0,0.0,0.0,0.0,0.0,0.0,0.0,0.0,-572.9700317382812,-99.52999877929688,-18.829999923706055,0.0
1780954286280389285,75003,1780954286211366212,base_link,wheel_left_joint,wheel_right_joint,joint1,joint2,joint3,joint4,gripper,0.0015339809469878674,0.0,-1.4127963781356812,0.9618059992790222,-0.8160778284072876,-0.2761165499687195,0.0,0.0,0.0,0.0,0.0,0.0,0.0,0.0,0.0,0.0,0.0,-572.9700317382812,-96.84000396728516,-18.829999923706055,0.0
1780954286329750046,75004,1780954286304366212,base_link,wheel_left_joint,wheel_right_joint,joint1,joint2,joint3,joint4,gripper,0.0015339809469878674,0.0,-1.4127963781356812,0.9618059992790222,-0.8176117539405823,-0.2761165499687195,0.0,0.0,0.0,0.0,0.0,0.0,0.0,0.0,0.0,0.0,0.0,-572.9700317382812,-102.22000122070312,-24.21000099182129,0.0
1780954286412376442,75005,1780954286337366212,base_link,wheel_left_joint,wheel_right_joint,joint1,joint2,joint3,joint4,gripper,0.0015339809469878674,0.0,-1.4127963781356812,0.9618059992790222,-0.8176117539405823,-0.2761165499687195,0.0,0.0,0.0,0.0,0.0,0.0,0.0,0.0,0.0,0.0,0.0,-572.9700317382812,-96.84000396728516,-21.520000457763672,0.0
1780954286449291113,75006,1780954286430366212,base_link,wheel_left_joint,wheel_right_joint,joint1,joint2,joint3,joint4,gripper,0.0015339809469878674,0.0,-1.4112623929977417,0.9618059992790222,-0.8176117539405823,-0.2761165499687195,0.0,0.0,0.0,0.0,0.0,0.0,0.0,0.0,0.0,0.0,0.0,-572.9700317382812,-99.52999877929688,-18.829999923706055,0.0
1780954286536236755,75007,1780954286463366212,base_link,wheel_left_joint,wheel_right_joint,joint1,joint2,joint3,joint4,gripper,0.0015339809469878674,0.0,-1.4127963781356812,0.9618059992790222,-0.8176117539405823,-0.2761165499687195,0.0,0.0,0.0,0.0,0.0,0.0,0.0,0.0,0.0,0.0,0.0,-572.9700317382812,-94.1500015258789,-18.829999923706055,0.0
1780954286579027537,75008,1780954286563366212,base_link,wheel_left_joint,wheel_right_joint,joint1,joint2,joint3,joint4,gripper,0.0015339809469878674,0.0,-1.4127963781356812,0.9618059992790222,-0.8176117539405823,-0.2761165499687195,0.0,0.0,0.0,0.0,0.0,0.0,0.0,0.0,0.0,0.0,0.0,-570.280029296875,-102.22000122070312,-21.520000457763672,0.0
1780954286669760791,75009,1780954286596366212,base_link,wheel_left_joint,wheel_right_joint,joint1,joint2,joint3,joint4,gripper,0.0015339809469878674,0.0,-1.4127963781356812,0.9618059992790222,-0.8160778284072876,-0.2761165499687195,0.0,0.0,0.0,0.0,0.0,0.0,0.0,0.0,0.0,0.0,0.0,-572.9700317382812,-102.22000122070312,-21.520000457763672,0.0
1780954286713168553,75010,1780954286694366212,base_link,wheel_left_joint,wheel_right_joint,joint1,joint2,joint3,joint4,gripper,0.0015339809469878674,0.0,-1.4112623929977417,0.9618059992790222,-0.8176117539405823,-0.2761165499687195,0.0,0.0,0.0,0.0,0.0,0.0,0.0,0.0,0.0,0.0,0.0,-575.6600341796875,-96.84000396728516,-21.520000457763672,0.0
1780954286800167123,75011,1780954286727366212,base_link,wheel_left_joint,wheel_right_joint,joint1,joint2,joint3,joint4,gripper,0.0015339809469878674,0.0,-1.4127963781356812,0.9618059992790222,-0.8160778284072876,-0.2761165499687195,0.0,0.0,0.0,0.0,0.0,0.0,0.0,0.0,0.0,0.0,0.0,-572.9700317382812,-102.22000122070312,-18.829999923706055,0.0
1780954286846136090,75012,1780954286817366212,base_link,wheel_left_joint,wheel_right_joint,joint1,joint2,joint3,joint4,gripper,0.0015339809469878674,0.0,-1.4127963781356812,0.9618059992790222,-0.8160778284072876,-0.2761165499687195,0.0,0.0,0.0,0.0,0.0,0.0,0.0,0.0,0.0,0.0,0.0,-572.9700317382812,-99.52999877929688,-21.520000457763672,0.0
1780954286934239071,75013,1780954286850366212,base_link,wheel_left_joint,wheel_right_joint,joint1,joint2,joint3,joint4,gripper,0.0015339809469878674,0.0,-1.4127963781356812,0.9618059992790222,-0.8160778284072876,-0.2761165499687195,0.0,0.0,0.0,0.0,0.0,0.0,0.0,0.0,0.0,0.0,0.0,-572.9700317382812,-102.22000122070312,-16.139999389648438,0.0
1780954286974150149,75014,1780954286949366212,base_link,wheel_left_joint,wheel_right_joint,joint1,joint2,joint3,joint4,gripper,0.0015339809469878674,0.0,-1.4127963781356812,0.9618059992790222,-0.8176117539405823,-0.2761165499687195,0.0,0.0,0.0,0.0,0.0,0.0,0.0,0.0,0.0,0.0,0.0,-572.9700317382812,-102.22000122070312,-18.829999923706055,0.0
1780954287058608864,75015,1780954286982366212,base_link,wheel_left_joint,wheel_right_joint,joint1,joint2,joint3,joint4,gripper,0.0015339809469878674,0.0,-1.4112623929977417,0.9618059992790222,-0.8160778284072876,-0.2761165499687195,0.0,0.0,0.0,0.0,0.0,0.0,0.0,0.0,0.0,0.0,0.0,-572.9700317382812,-96.84000396728516,-21.520000457763672,0.0
1780954287103716377,75016,1780954287083366212,base_link,wheel_left_joint,wheel_right_joint,joint1,joint2,joint3,joint4,gripper,0.0015339809469878674,0.0,-1.4127963781356812,0.9618059992790222,-0.8160778284072876,-0.2761165499687195,0.0,0.0,0.0,0.0,0.0,0.0,0.0,0.0,0.0,0.0,0.0,-572.9700317382812,-99.52999877929688,-16.139999389648438,0.0
1780954287192599072,75017,1780954287116366212,base_link,wheel_left_joint,wheel_right_joint,joint1,joint2,joint3,joint4,gripper,0.0015339809469878674,0.0,-1.4127963781356812,0.9618059992790222,-0.8160778284072876,-0.2761165499687195,0.0,0.0,0.0,0.0,0.0,0.0,0.0,0.0,0.0,0.0,0.0,-572.9700317382812,-102.22000122070312,-21.520000457763672,0.0
1780954287235246822,75018,1780954287207366212,base_link,wheel_left_joint,wheel_right_joint,joint1,joint2,joint3,joint4,gripper,0.0015339809469878674,0.0,-1.4127963781356812,0.9618059992790222,-0.8160778284072876,-0.2761165499687195,0.0,0.0,0.0,0.0,0.0,0.0,0.0,0.0,0.0,0.0,0.0,-572.9700317382812,-102.22000122070312,-21.520000457763672,0.0
1780954287322705940,75019,1780954287240366212,base_link,wheel_left_joint,wheel_right_joint,joint1,joint2,joint3,joint4,gripper,0.0015339809469878674,0.0,-1.4127963781356812,0.9618059992790222,-0.8160778284072876,-0.2761165499687195,0.0,0.0,0.0,0.0,0.0,0.0,0.0,0.0,0.0,0.0,0.0,-572.9700317382812,-96.84000396728516,-21.520000457763672,0.0
1780954287368534829,75020,1780954287339366212,base_link,wheel_left_joint,wheel_right_joint,joint1,joint2,joint3,joint4,gripper,0.0015339809469878674,0.0,-1.4127963781356812,0.9618059992790222,-0.8176117539405823,-0.2761165499687195,0.0,0.0,0.0,0.0,0.0,0.0,0.0,0.0,0.0,0.0,0.0,-572.9700317382812,-94.1500015258789,-16.139999389648438,0.0
1780954287453027380,75021,1780954287373366212,base_link,wheel_left_joint,wheel_right_joint,joint1,joint2,joint3,joint4,gripper,0.0015339809469878674,0.0,-1.4112623929977417,0.9618059992790222,-0.8160778284072876,-0.2761165499687195,0.0,0.0,0.0,0.0,0.0,0.0,0.0,0.0,0.0,0.0,0.0,-572.9700317382812,-102.22000122070312,-21.520000457763672,0.0
1780954287493057852,75022,1780954287467366212,base_link,wheel_left_joint,wheel_right_joint,joint1,joint2,joint3,joint4,gripper,0.0015339809469878674,0.0,-1.4127963781356812,0.9618059992790222,-0.8176117539405823,-0.2761165499687195,0.0,0.0,0.0,0.0,0.0,0.0,0.0,0.0,0.0,0.0,0.0,-572.9700317382812,-104.91000366210938,-21.520000457763672,0.0
1780954287577854614,75023,1780954287501366212,base_link,wheel_left_joint,wheel_right_joint,joint1,joint2,joint3,joint4,gripper,0.0015339809469878674,0.0,-1.4127963781356812,0.9618059992790222,-0.8160778284072876,-0.2761165499687195,0.0,0.0,0.0,0.0,0.0,0.0,0.0,0.0,0.0,0.0,0.0,-572.9700317382812,-96.84000396728516,-18.829999923706055,0.0
1780954287614065066,75024,1780954287594366212,base_link,wheel_left_joint,wheel_right_joint,joint1,joint2,joint3,joint4,gripper,0.0015339809469878674,0.0,-1.4127963781356812,0.9618059992790222,-0.8176117539405823,-0.2761165499687195,0.0,0.0,0.0,0.0,0.0,0.0,0.0,0.0,0.0,0.0,0.0,-572.9700317382812,-104.91000366210938,-16.139999389648438,0.0
1780954287703431264,75025,1780954287628366212,base_link,wheel_left_joint,wheel_right_joint,joint1,joint2,joint3,joint4,gripper,0.0015339809469878674,0.0,-1.4127963781356812,0.9618059992790222,-0.8160778284072876,-0.2761165499687195,0.0,0.0,0.0,0.0,0.0,0.0,0.0,0.0,0.0,0.0,0.0,-572.9700317382812,-99.52999877929688,-18.829999923706055,0.0
1780954287747524151,75026,1780954287726366212,base_link,wheel_left_joint,wheel_right_joint,joint1,joint2,joint3,joint4,gripper,0.0015339809469878674,0.0,-1.4127963781356812,0.9633399844169617,-0.8160778284072876,-0.2761165499687195,0.0,0.0,0.0,0.0,0.0,0.0,0.0,0.0,0.0,0.0,0.0,-572.9700317382812,-96.84000396728516,-18.829999923706055,0.0
1780954287834241294,75027,1780954287760366212,base_link,wheel_left_joint,wheel_right_joint,joint1,joint2,joint3,joint4,gripper,0.0015339809469878674,0.0,-1.4127963781356812,0.9618059992790222,-0.8176117539405823,-0.2761165499687195,0.0,0.0,0.0,0.0,0.0,0.0,0.0,0.0,0.0,0.0,0.0,-570.280029296875,-99.52999877929688,-18.829999923706055,0.0
1780954287878582795,75028,1780954287857366212,base_link,wheel_left_joint,wheel_right_joint,joint1,joint2,joint3,joint4,gripper,0.0015339809469878674,0.0,-1.4127963781356812,0.9618059992790222,-0.8160778284072876,-0.2761165499687195,0.0,0.0,0.0,0.0,0.0,0.0,0.0,0.0,0.0,0.0,0.0,-572.9700317382812,-102.22000122070312,-16.139999389648438,0.0
1780954287968425647,75029,1780954287891366212,base_link,wheel_left_joint,wheel_right_joint,joint1,joint2,joint3,joint4,gripper,0.0015339809469878674,0.0,-1.4127963781356812,0.9618059992790222,-0.8160778284072876,-0.2761165499687195,0.0,0.0,0.0,0.0,0.0,0.0,0.0,0.0,0.0,0.0,0.0,-570.280029296875,-99.52999877929688,-18.829999923706055,0.0
1780954288013132812,75030,1780954287983366212,base_link,wheel_left_joint,wheel_right_joint,joint1,joint2,joint3,joint4,gripper,0.0015339809469878674,0.0,-1.4127963781356812,0.9618059992790222,-0.8160778284072876,-0.2761165499687195,0.0,0.0,0.0,0.0,0.0,0.0,0.0,0.0,0.0,0.0,0.0,-572.9700317382812,-99.52999877929688,-16.139999389648438,0.0
1780954288103200302,75031,1780954288018366212,base_link,wheel_left_joint,wheel_right_joint,joint1,joint2,joint3,joint4,gripper,0.0015339809469878674,0.0,-1.4112623929977417,0.9618059992790222,-0.8176117539405823,-0.2761165499687195,0.0,0.0,0.0,0.0,0.0,0.0,0.0,0.0,0.0,0.0,0.0,-572.9700317382812,-102.22000122070312,-18.829999923706055,0.0
1780954288144629246,75032,1780954288118366212,base_link,wheel_left_joint,wheel_right_joint,joint1,joint2,joint3,joint4,gripper,0.0015339809469878674,0.0,-1.4127963781356812,0.9618059992790222,-0.8160778284072876,-0.2761165499687195,0.0,0.0,0.0,0.0,0.0,0.0,0.0,0.0,0.0,0.0,0.0,-570.280029296875,-99.52999877929688,-21.520000457763672,0.0
1780954288209674116,75033,1780954288152366212,base_link,wheel_left_joint,wheel_right_joint,joint1,joint2,joint3,joint4,gripper,0.0015339809469878674,0.0,-1.4127963781356812,0.9618059992790222,-0.8176117539405823,-0.2761165499687195,0.0,0.0,0.0,0.0,0.0,0.0,0.0,0.0,0.0,0.0,0.0,-570.280029296875,-96.84000396728516,-21.520000457763672,0.0
1780954288237446608,75034,1780954288254780498,base_link,wheel_left_joint,wheel_right_joint,joint1,joint2,joint3,joint4,gripper,0.0015339809469878674,0.0,-1.4127963781356812,0.9633399844169617,-0.8176117539405823,-0.2761165499687195,0.0,0.0,0.0,0.0,0.0,0.0,0.0,0.0,0.0,0.0,0.0,-570.280029296875,-102.22000122070312,-18.829999923706055,0.0
1780954288285027766,75035,1780954288288780498,base_link,wheel_left_joint,wheel_right_joint,joint1,joint2,joint3,joint4,gripper,0.0015339809469878674,0.0,-1.4127963781356812,0.9618059992790222,-0.8160778284072876,-0.2761165499687195,0.0,0.0,0.0,0.0,0.0,0.0,0.0,0.0,0.0,0.0,0.0,-570.280029296875,-96.84000396728516,-21.520000457763672,0.0
1780954288372142097,75036,1780954288321780498,base_link,wheel_left_joint,wheel_right_joint,joint1,joint2,joint3,joint4,gripper,0.0015339809469878674,0.0,-1.4127963781356812,0.9618059992790222,-0.8176117539405823,-0.2761165499687195,0.0,0.0,0.0,0.0,0.0,0.0,0.0,0.0,0.0,0.0,0.0,-570.280029296875,-99.52999877929688,-16.139999389648438,0.0
1780954288408069319,75037,1780954288377780498,base_link,wheel_left_joint,wheel_right_joint,joint1,joint2,joint3,joint4,gripper,0.0015339809469878674,0.0,-1.4127963781356812,0.9618059992790222,-0.8160778284072876,-0.2761165499687195,0.0,0.0,0.0,0.0,0.0,0.0,0.0,0.0,0.0,0.0,0.0,-572.9700317382812,-96.84000396728516,-18.829999923706055,0.0
1780954288498412923,75038,1780954288410780498,base_link,wheel_left_joint,wheel_right_joint,joint1,joint2,joint3,joint4,gripper,0.0015339809469878674,0.0,-1.4127963781356812,0.9618059992790222,-0.8160778284072876,-0.2761165499687195,0.0,0.0,0.0,0.0,0.0,0.0,0.0,0.0,0.0,0.0,0.0,-572.9700317382812,-96.84000396728516,-18.829999923706055,0.0
1780954288533482912,75039,1780954288508780498,base_link,wheel_left_joint,wheel_right_joint,joint1,joint2,joint3,joint4,gripper,0.0015339809469878674,0.0,-1.4127963781356812,0.9618059992790222,-0.8176117539405823,-0.2761165499687195,0.0,0.0,0.0,0.0,0.0,0.0,0.0,0.0,0.0,0.0,0.0,-570.280029296875,-99.52999877929688,-21.520000457763672,0.0
1780954288626499514,75040,1780954288541780498,base_link,wheel_left_joint,wheel_right_joint,joint1,joint2,joint3,joint4,gripper,0.0015339809469878674,0.0,-1.4127963781356812,0.9618059992790222,-0.8160778284072876,-0.2761165499687195,0.0,0.0,0.0,0.0,0.0,0.0,0.0,0.0,0.0,0.0,0.0,-570.280029296875,-99.52999877929688,-16.139999389648438,0.0
1780954288662301776,75041,1780954288634780498,base_link,wheel_left_joint,wheel_right_joint,joint1,joint2,joint3,joint4,gripper,0.0015339809469878674,0.0,-1.4127963781356812,0.9618059992790222,-0.8176117539405823,-0.2761165499687195,0.0,0.0,0.0,0.0,0.0,0.0,0.0,0.0,0.0,0.0,0.0,-572.9700317382812,-102.22000122070312,-16.139999389648438,0.0
1780954288748930903,75042,1780954288667780498,base_link,wheel_left_joint,wheel_right_joint,joint1,joint2,joint3,joint4,gripper,0.0015339809469878674,0.0,-1.4127963781356812,0.9618059992790222,-0.8160778284072876,-0.2761165499687195,0.0,0.0,0.0,0.0,0.0,0.0,0.0,0.0,0.0,0.0,0.0,-570.280029296875,-102.22000122070312,-18.829999923706055,0.0
1780954288796738186,75043,1780954288773780498,base_link,wheel_left_joint,wheel_right_joint,joint1,joint2,joint3,joint4,gripper,0.0015339809469878674,0.0,-1.4127963781356812,0.9618059992790222,-0.8160778284072876,-0.2761165499687195,0.0,0.0,0.0,0.0,0.0,0.0,0.0,0.0,0.0,0.0,0.0,-572.9700317382812,-99.52999877929688,-18.829999923706055,0.0
1780954288881448890,75044,1780954288806780498,base_link,wheel_left_joint,wheel_right_joint,joint1,joint2,joint3,joint4,gripper,0.0015339809469878674,0.0,-1.4127963781356812,0.9618059992790222,-0.8160778284072876,-0.2761165499687195,0.0,0.0,0.0,0.0,0.0,0.0,0.0,0.0,0.0,0.0,0.0,-572.9700317382812,-94.1500015258789,-18.829999923706055,0.0
1780954288931153595,75045,1780954288898780498,base_link,wheel_left_joint,wheel_right_joint,joint1,joint2,joint3,joint4,gripper,0.0015339809469878674,0.0,-1.4127963781356812,0.9618059992790222,-0.8160778284072876,-0.27765053510665894,0.0,0.0,0.0,0.0,0.0,0.0,0.0,0.0,0.0,0.0,0.0,-570.280029296875,-99.52999877929688,-21.520000457763672,0.0
1780954289016763095,75046,1780954288931780498,base_link,wheel_left_joint,wheel_right_joint,joint1,joint2,joint3,joint4,gripper,0.0015339809469878674,0.0,-1.4127963781356812,0.9618059992790222,-0.8176117539405823,-0.2761165499687195,0.0,0.0,0.0,0.0,0.0,0.0,0.0,0.0,0.0,0.0,0.0,-572.9700317382812,-94.1500015258789,-18.829999923706055,0.0
1780954289064070333,75047,1780954289033780498,base_link,wheel_left_joint,wheel_right_joint,joint1,joint2,joint3,joint4,gripper,0.0015339809469878674,0.0,-1.4127963781356812,0.9618059992790222,-0.8160778284072876,-0.2761165499687195,0.0,0.0,0.0,0.0,0.0,0.0,0.0,0.0,0.0,0.0,0.0,-572.9700317382812,-99.52999877929688,-16.139999389648438,0.0
1780954289147660406,75048,1780954289066780498,base_link,wheel_left_joint,wheel_right_joint,joint1,joint2,joint3,joint4,gripper,0.0015339809469878674,0.0,-1.4127963781356812,0.9633399844169617,-0.8160778284072876,-0.2761165499687195,0.0,0.0,0.0,0.0,0.0,0.0,0.0,0.0,0.0,0.0,0.0,-572.9700317382812,-96.84000396728516,-18.829999923706055,0.0
1780954289188631652,75049,1780954289164780498,base_link,wheel_left_joint,wheel_right_joint,joint1,joint2,joint3,joint4,gripper,0.0015339809469878674,0.0,-1.4127963781356812,0.9633399844169617,-0.8160778284072876,-0.2761165499687195,0.0,0.0,0.0,0.0,0.0,0.0,0.0,0.0,0.0,0.0,0.0,-570.280029296875,-96.84000396728516,-18.829999923706055,0.0
1780954289273189015,75050,1780954289197780498,base_link,wheel_left_joint,wheel_right_joint,joint1,joint2,joint3,joint4,gripper,0.0015339809469878674,0.0,-1.4127963781356812,0.9618059992790222,-0.8160778284072876,-0.2761165499687195,0.0,0.0,0.0,0.0,0.0,0.0,0.0,0.0,0.0,0.0,0.0,-570.280029296875,-96.84000396728516,-21.520000457763672,0.0
1780954289320685147,75051,1780954289296780498,base_link,wheel_left_joint,wheel_right_joint,joint1,joint2,joint3,joint4,gripper,0.0015339809469878674,0.0,-1.4127963781356812,0.9633399844169617,-0.8160778284072876,-0.27765053510665894,0.0,0.0,0.0,0.0,0.0,0.0,0.0,0.0,0.0,0.0,0.0,-570.280029296875,-99.52999877929688,-18.829999923706055,0.0
1780954289408140632,75052,1780954289330780498,base_link,wheel_left_joint,wheel_right_joint,joint1,joint2,joint3,joint4,gripper,0.0,0.0,-1.4127963781356812,0.9618059992790222,-0.8176117539405823,-0.2761165499687195,0.0,-0.04511708766222,0.0,0.0,0.0,0.0,0.0,0.0,0.0,0.0,0.0,-570.280029296875,-104.91000366210938,-10.760000228881836,0.0
1780954289456253684,75053,1780954289424780498,base_link,wheel_left_joint,wheel_right_joint,joint1,joint2,joint3,joint4,gripper,0.0015339809469878674,0.0,-1.4127963781356812,0.9618059992790222,-0.8160778284072876,-0.2761165499687195,0.0,0.016318947076797485,0.0,0.0,0.0,0.0,0.0,0.0,0.0,0.0,0.0,-572.9700317382812,-104.91000366210938,-18.829999923706055,0.0
1780954289540771648,75054,1780954289458780498,base_link,wheel_left_joint,wheel_right_joint,joint1,joint2,joint3,joint4,gripper,0.0015339809469878674,0.0,-1.4127963781356812,0.9618059992790222,-0.8176117539405823,-0.2761165499687195,0.0,0.0,0.0,0.0,0.0,0.0,0.0,0.0,0.0,0.0,0.0,-570.280029296875,-96.84000396728516,-18.829999923706055,0.0
1780954289585786823,75055,1780954289558780498,base_link,wheel_left_joint,wheel_right_joint,joint1,joint2,joint3,joint4,gripper,0.0015339809469878674,0.0,-1.4112623929977417,0.9618059992790222,-0.8176117539405823,-0.2761165499687195,0.0,0.0,0.0,0.0,0.0,0.0,0.0,0.0,0.0,0.0,0.0,-570.280029296875,-104.91000366210938,-21.520000457763672,0.0
1780954289671008697,75056,1780954289592780498,base_link,wheel_left_joint,wheel_right_joint,joint1,joint2,joint3,joint4,gripper,0.0015339809469878674,0.0,-1.4127963781356812,0.9618059992790222,-0.8176117539405823,-0.2761165499687195,0.0,0.0,0.0,0.0,0.0,0.0,0.0,0.0,0.0,0.0,0.0,-572.9700317382812,-102.22000122070312,-18.829999923706055,0.0
1780954289708930407,75057,1780954289686780498,base_link,wheel_left_joint,wheel_right_joint,joint1,joint2,joint3,joint4,gripper,0.0015339809469878674,0.0,-1.4112623929977417,0.9618059992790222,-0.8176117539405823,-0.2761165499687195,0.0,0.0,0.0,0.0,0.0,0.0,0.0,0.0,0.0,0.0,0.0,-570.280029296875,-102.22000122070312,-18.829999923706055,0.0
1780954289797110177,75058,1780954289720780498,base_link,wheel_left_joint,wheel_right_joint,joint1,joint2,joint3,joint4,gripper,0.0015339809469878674,0.0,-1.4127963781356812,0.9618059992790222,-0.8160778284072876,-0.27765053510665894,0.0,0.0,0.0,0.0,0.0,0.0,0.0,0.0,0.0,0.0,0.0,-570.280029296875,-102.22000122070312,-21.520000457763672,0.0
1780954289841989898,75059,1780954289822780498,base_link,wheel_left_joint,wheel_right_joint,joint1,joint2,joint3,joint4,gripper,0.0015339809469878674,0.0,-1.4112623929977417,0.9618059992790222,-0.8160778284072876,-0.2761165499687195,0.0,0.0,0.0,0.0,0.0,0.0,0.0,0.0,0.0,0.0,0.0,-572.9700317382812,-99.52999877929688,-21.520000457763672,0.0
1780954289930296263,75060,1780954289856780498,base_link,wheel_left_joint,wheel_right_joint,joint1,joint2,joint3,joint4,gripper,0.0015339809469878674,0.0,-1.4127963781356812,0.9618059992790222,-0.8176117539405823,-0.2761165499687195,0.0,0.0,0.0,0.0,0.0,0.0,0.0,0.0,0.0,0.0,0.0,-572.9700317382812,-104.91000366210938,-21.520000457763672,0.0
1780954289976081689,75061,1780954289947780498,base_link,wheel_left_joint,wheel_right_joint,joint1,joint2,joint3,joint4,gripper,0.0015339809469878674,0.0,-1.4127963781356812,0.9618059992790222,-0.8160778284072876,-0.2761165499687195,0.0,0.0,0.0,0.0,0.0,0.0,0.0,0.0,0.0,0.0,0.0,-572.9700317382812,-99.52999877929688,-21.520000457763672,0.0
1780954290062840231,75062,1780954289981780498,base_link,wheel_left_joint,wheel_right_joint,joint1,joint2,joint3,joint4,gripper,0.0015339809469878674,0.0,-1.4127963781356812,0.9618059992790222,-0.8160778284072876,-0.2761165499687195,0.0,0.0,0.0,0.0,0.0,0.0,0.0,0.0,0.0,0.0,0.0,-570.280029296875,-99.52999877929688,-21.520000457763672,0.0
1780954290108237635,75063,1780954290076780498,base_link,wheel_left_joint,wheel_right_joint,joint1,joint2,joint3,joint4,gripper,0.0015339809469878674,0.0,-1.4127963781356812,0.9618059992790222,-0.8176117539405823,-0.2761165499687195,0.0,0.0,0.0,0.0,0.0,0.0,0.0,0.0,0.0,0.0,0.0,-570.280029296875,-102.22000122070312,-16.139999389648438,0.0
1780954290203649141,75064,1780954290111780498,base_link,wheel_left_joint,wheel_right_joint,joint1,joint2,joint3,joint4,gripper,0.0015339809469878674,0.0,-1.4127963781356812,0.9618059992790222,-0.8160778284072876,-0.2761165499687195,0.0,0.0,0.0,0.0,0.0,0.0,0.0,0.0,0.0,0.0,0.0,-570.280029296875,-102.22000122070312,-13.450000762939453,0.0
1780954290232596463,75065,1780954290204780498,base_link,wheel_left_joint,wheel_right_joint,joint1,joint2,joint3,joint4,gripper,0.0015339809469878674,0.0,-1.4112623929977417,0.9618059992790222,-0.8176117539405823,-0.2761165499687195,0.0,0.0,0.0,0.0,0.0,0.0,0.0,0.0,0.0,0.0,0.0,-570.280029296875,-104.91000366210938,-18.829999923706055,0.0
1780954290314653105,75066,1780954290238780498,base_link,wheel_left_joint,wheel_right_joint,joint1,joint2,joint3,joint4,gripper,0.0015339809469878674,0.0,-1.4127963781356812,0.9618059992790222,-0.8160778284072876,-0.27765053510665894,0.0,0.0,0.0,0.0,0.0,0.0,0.0,0.0,0.0,0.0,0.0,-570.280029296875,-99.52999877929688,-21.520000457763672,0.0
1780954290362172879,75067,1780954290336780498,base_link,wheel_left_joint,wheel_right_joint,joint1,joint2,joint3,joint4,gripper,0.0015339809469878674,0.0,-1.4127963781356812,0.9618059992790222,-0.8160778284072876,-0.2761165499687195,0.0,0.0,0.0,0.0,0.0,0.0,0.0,0.0,0.0,0.0,0.0,-570.280029296875,-94.1500015258789,-16.139999389648438,0.0
1780954290446977807,75068,1780954290370780498,base_link,wheel_left_joint,wheel_right_joint,joint1,joint2,joint3,joint4,gripper,0.0015339809469878674,0.0,-1.4112623929977417,0.9618059992790222,-0.8160778284072876,-0.27765053510665894,0.0,0.0,0.0,0.0,0.0,0.0,0.0,0.0,0.0,0.0,0.0,-570.280029296875,-96.84000396728516,-18.829999923706055,0.0
1780954290497100676,75069,1780954290463780498,base_link,wheel_left_joint,wheel_right_joint,joint1,joint2,joint3,joint4,gripper,0.0015339809469878674,0.0,-1.4127963781356812,0.9618059992790222,-0.8176117539405823,-0.2761165499687195,0.0,0.0,0.0,0.0,0.0,0.0,0.0,0.0,0.0,0.0,0.0,-570.280029296875,-104.91000366210938,-16.139999389648438,0.0
1780954290581632409,75070,1780954290497780498,base_link,wheel_left_joint,wheel_right_joint,joint1,joint2,joint3,joint4,gripper,0.0015339809469878674,0.0,-1.4127963781356812,0.9618059992790222,-0.8176117539405823,-0.2761165499687195,0.0,0.0,0.0,0.0,0.0,0.0,0.0,0.0,0.0,0.0,0.0,-570.280029296875,-102.22000122070312,-18.829999923706055,0.0
1780954290616736838,75071,1780954290596780498,base_link,wheel_left_joint,wheel_right_joint,joint1,joint2,joint3,joint4,gripper,0.0015339809469878674,0.0,-1.4127963781356812,0.9633399844169617,-0.8176117539405823,-0.2761165499687195,0.0,0.0,0.0,0.0,0.0,0.0,0.0,0.0,0.0,0.0,0.0,-570.280029296875,-96.84000396728516,-21.520000457763672,0.0
1780954290705199207,75072,1780954290630780498,base_link,wheel_left_joint,wheel_right_joint,joint1,joint2,joint3,joint4,gripper,0.0015339809469878674,0.0,-1.4127963781356812,0.9618059992790222,-0.8176117539405823,-0.2761165499687195,0.0,0.0,0.0,0.0,0.0,0.0,0.0,0.0,0.0,0.0,0.0,-570.280029296875,-104.91000366210938,-16.139999389648438,0.0
1780954290749871060,75073,1780954290771485795,base_link,wheel_left_joint,wheel_right_joint,joint1,joint2,joint3,joint4,gripper,0.0015339809469878674,0.0,-1.4127963781356812,0.9618059992790222,-0.8176117539405823,-0.2761165499687195,0.0,0.0,0.0,0.0,0.0,0.0,0.0,0.0,0.0,0.0,0.0,-572.9700317382812,-99.52999877929688,-18.829999923706055,0.0
1780954290839906227,75074,1780954290805485795,base_link,wheel_left_joint,wheel_right_joint,joint1,joint2,joint3,joint4,gripper,0.0015339809469878674,0.0,-1.4127963781356812,0.9618059992790222,-0.8160778284072876,-0.2761165499687195,0.0,0.0,0.0,0.0,0.0,0.0,0.0,0.0,0.0,0.0,0.0,-570.280029296875,-94.1500015258789,-21.520000457763672,0.0
1780954290884424721,75075,1780954290897485795,base_link,wheel_left_joint,wheel_right_joint,joint1,joint2,joint3,joint4,gripper,0.0015339809469878674,0.0,-1.4127963781356812,0.9618059992790222,-0.8160778284072876,-0.2761165499687195,0.0,0.0,0.0,0.0,0.0,0.0,0.0,0.0,0.0,0.0,0.0,-570.280029296875,-99.52999877929688,-13.450000762939453,0.0
1780954290971146109,75076,1780954290931485795,base_link,wheel_left_joint,wheel_right_joint,joint1,joint2,joint3,joint4,gripper,0.0015339809469878674,0.0,-1.4127963781356812,0.9618059992790222,-0.8176117539405823,-0.2761165499687195,0.0,0.0,0.0,0.0,0.0,0.0,0.0,0.0,0.0,0.0,0.0,-570.280029296875,-102.22000122070312,-18.829999923706055,0.0
1780954291008460627,75077,1780954291026485795,base_link,wheel_left_joint,wheel_right_joint,joint1,joint2,joint3,joint4,gripper,0.0015339809469878674,0.0,-1.4127963781356812,0.9618059992790222,-0.8160778284072876,-0.2761165499687195,0.0,0.0,0.0,0.0,0.0,0.0,0.0,0.0,0.0,0.0,0.0,-570.280029296875,-102.22000122070312,-13.450000762939453,0.0
1780954291095970874,75078,1780954291060485795,base_link,wheel_left_joint,wheel_right_joint,joint1,joint2,joint3,joint4,gripper,0.0015339809469878674,0.0,-1.4112623929977417,0.9633399844169617,-0.8160778284072876,-0.2761165499687195,0.0,0.0,0.0,0.0,0.0,0.0,0.0,0.0,0.0,0.0,0.0,-570.280029296875,-94.1500015258789,-16.139999389648438,0.0
1780954291142637560,75079,1780954291159485795,base_link,wheel_left_joint,wheel_right_joint,joint1,joint2,joint3,joint4,gripper,0.0015339809469878674,0.0,-1.4127963781356812,0.9618059992790222,-0.8160778284072876,-0.2761165499687195,0.0,0.0,0.0,0.0,0.0,0.0,0.0,0.0,0.0,0.0,0.0,-570.280029296875,-94.1500015258789,-21.520000457763672,0.0
1780954291229879543,75080,1780954291193485795,base_link,wheel_left_joint,wheel_right_joint,joint1,joint2,joint3,joint4,gripper,0.0015339809469878674,0.0,-1.4127963781356812,0.9618059992790222,-0.8176117539405823,-0.2761165499687195,0.0,0.0,0.0,0.0,0.0,0.0,0.0,0.0,0.0,0.0,0.0,-572.9700317382812,-99.52999877929688,-16.139999389648438,0.0
1780954291273689032,75081,1780954291288485795,base_link,wheel_left_joint,wheel_right_joint,joint1,joint2,joint3,joint4,gripper,0.0015339809469878674,0.0,-1.4127963781356812,0.9618059992790222,-0.8160778284072876,-0.2761165499687195,0.0,0.0,0.0,0.0,0.0,0.0,0.0,0.0,0.0,0.0,0.0,-570.280029296875,-102.22000122070312,-21.520000457763672,0.0
1780954291361457913,75082,1780954291322485795,base_link,wheel_left_joint,wheel_right_joint,joint1,joint2,joint3,joint4,gripper,0.0015339809469878674,0.0,-1.4127963781356812,0.9618059992790222,-0.8176117539405823,-0.2761165499687195,0.0,0.0,0.0,0.0,0.0,0.0,0.0,0.0,0.0,0.0,0.0,-570.280029296875,-99.52999877929688,-21.520000457763672,0.0
1780954291397761657,75083,1780954291413485795,base_link,wheel_left_joint,wheel_right_joint,joint1,joint2,joint3,joint4,gripper,0.0015339809469878674,0.0,-1.4127963781356812,0.9633399844169617,-0.8176117539405823,-0.2761165499687195,0.0,0.0,0.0,0.0,0.0,0.0,0.0,0.0,0.0,0.0,0.0,-572.9700317382812,-104.91000366210938,-16.139999389648438,0.0
1780954291482412465,75084,1780954291447485795,base_link,wheel_left_joint,wheel_right_joint,joint1,joint2,joint3,joint4,gripper,0.0015339809469878674,0.0,-1.4112623929977417,0.9618059992790222,-0.8160778284072876,-0.2761165499687195,0.0,0.0,0.0,0.0,0.0,0.0,0.0,0.0,0.0,0.0,0.0,-570.280029296875,-94.1500015258789,-16.139999389648438,0.0
1780954291529103827,75085,1780954291545485795,base_link,wheel_left_joint,wheel_right_joint,joint1,joint2,joint3,joint4,gripper,0.0015339809469878674,0.0,-1.4127963781356812,0.9618059992790222,-0.8160778284072876,-0.2761165499687195,0.0,0.0,0.0,0.0,0.0,0.0,0.0,0.0,0.0,0.0,0.0,-570.280029296875,-99.52999877929688,-21.520000457763672,0.0
1780954291611983095,75086,1780954291579485795,base_link,wheel_left_joint,wheel_right_joint,joint1,joint2,joint3,joint4,gripper,0.0015339809469878674,0.0,-1.4127963781356812,0.9618059992790222,-0.8160778284072876,-0.2761165499687195,0.0,0.0,0.0,0.0,0.0,0.0,0.0,0.0,0.0,0.0,0.0,-570.280029296875,-99.52999877929688,-18.829999923706055,0.0
1780954291655652348,75087,1780954291670485795,base_link,wheel_left_joint,wheel_right_joint,joint1,joint2,joint3,joint4,gripper,0.0015339809469878674,0.0,-1.4112623929977417,0.9633399844169617,-0.8176117539405823,-0.2761165499687195,0.0,0.0,0.0,0.0,0.0,0.0,0.0,0.0,0.0,0.0,0.0,-570.280029296875,-99.52999877929688,-16.139999389648438,0.0
1780954291702789985,75088,1780954291704485795,base_link,wheel_left_joint,wheel_right_joint,joint1,joint2,joint3,joint4,gripper,0.0015339809469878674,0.0,-1.4112623929977417,0.9618059992790222,-0.8160778284072876,-0.2761165499687195,0.0,0.0,0.0,0.0,0.0,0.0,0.0,0.0,0.0,0.0,0.0,-570.280029296875,-104.91000366210938,-21.520000457763672,0.0
1780954291729793841,75089,1780954291781485795,base_link,wheel_left_joint,wheel_right_joint,joint1,joint2,joint3,joint4,gripper,0.0015339809469878674,0.0,-1.4112623929977417,0.9618059992790222,-0.8160778284072876,-0.2761165499687195,0.0,0.0,0.0,0.0,0.0,0.0,0.0,0.0,0.0,0.0,0.0,-570.280029296875,-99.52999877929688,-18.829999923706055,0.0
1780954291807022303,75090,1780954291815485795,base_link,wheel_left_joint,wheel_right_joint,joint1,joint2,joint3,joint4,gripper,0.0015339809469878674,0.0,-1.4112623929977417,0.9618059992790222,-0.8160778284072876,-0.2761165499687195,0.0,0.0,0.0,0.0,0.0,0.0,0.0,0.0,0.0,0.0,0.0,-570.280029296875,-99.52999877929688,-21.520000457763672,0.0
1780954291852625221,75091,1780954291862485795,base_link,wheel_left_joint,wheel_right_joint,joint1,joint2,joint3,joint4,gripper,0.0015339809469878674,0.0,-1.4127963781356812,0.9618059992790222,-0.8176117539405823,-0.2761165499687195,0.0,0.0,0.0,0.0,0.0,0.0,0.0,0.0,0.0,0.0,0.0,-567.5900268554688,-94.1500015258789,-16.139999389648438,0.0
1780954291937223957,75092,1780954291896485795,base_link,wheel_left_joint,wheel_right_joint,joint1,joint2,joint3,joint4,gripper,0.0015339809469878674,0.0,-1.4127963781356812,0.9618059992790222,-0.8160778284072876,-0.2761165499687195,0.0,0.0,0.0,0.0,0.0,0.0,0.0,0.0,0.0,0.0,0.0,-570.280029296875,-94.1500015258789,-21.520000457763672,0.0
1780954291975476873,75093,1780954291993485795,base_link,wheel_left_joint,wheel_right_joint,joint1,joint2,joint3,joint4,gripper,0.0015339809469878674,0.0,-1.4127963781356812,0.9618059992790222,-0.8176117539405823,-0.2761165499687195,0.0,0.0,0.0,0.0,0.0,0.0,0.0,0.0,0.0,0.0,0.0,-570.280029296875,-99.52999877929688,-13.450000762939453,0.0
1780954292064117272,75094,1780954292027485795,base_link,wheel_left_joint,wheel_right_joint,joint1,joint2,joint3,joint4,gripper,0.0015339809469878674,0.0,-1.4112623929977417,0.9618059992790222,-0.8176117539405823,-0.2761165499687195,0.0,0.0,0.0,0.0,0.0,0.0,0.0,0.0,0.0,0.0,0.0,-572.9700317382812,-99.52999877929688,-21.520000457763672,0.0
1780954292109535625,75095,1780954292129485795,base_link,wheel_left_joint,wheel_right_joint,joint1,joint2,joint3,joint4,gripper,0.0,0.0,-1.4127963781356812,0.9618059992790222,-0.8160778284072876,-0.2761165499687195,0.0,-0.015039029531180859,0.0,0.0,0.0,0.0,0.0,0.0,0.0,0.0,0.0,-572.9700317382812,-102.22000122070312,-13.450000762939453,0.0
1780954292199446913,75096,1780954292163485795,base_link,wheel_left_joint,wheel_right_joint,joint1,joint2,joint3,joint4,gripper,0.0015339809469878674,0.0,-1.4127963781356812,0.9618059992790222,-0.8160778284072876,-0.2761165499687195,0.0,0.04511708766222,0.0,0.0,0.0,0.0,0.0,0.0,0.0,0.0,0.0,-570.280029296875,-104.91000366210938,-18.829999923706055,0.0
1780954292242020775,75097,1780954292257485795,base_link,wheel_left_joint,wheel_right_joint,joint1,joint2,joint3,joint4,gripper,0.0015339809469878674,0.0,-1.4127963781356812,0.9618059992790222,-0.8160778284072876,-0.2761165499687195,0.0,0.0,0.0,0.0,0.0,0.0,0.0,0.0,0.0,0.0,0.0,-570.280029296875,-102.22000122070312,-21.520000457763672,0.0
1780954292330187374,75098,1780954292291485795,base_link,wheel_left_joint,wheel_right_joint,joint1,joint2,joint3,joint4,gripper,0.0015339809469878674,0.0,-1.4127963781356812,0.9618059992790222,-0.8176117539405823,-0.2761165499687195,0.0,0.0,0.0,0.0,0.0,0.0,0.0,0.0,0.0,0.0,0.0,-570.280029296875,-94.1500015258789,-16.139999389648438,0.0
1780954292373938047,75099,1780954292382485795,base_link,wheel_left_joint,wheel_right_joint,joint1,joint2,joint3,joint4,gripper,0.0015339809469878674,0.0,-1.4127963781356812,0.9618059992790222,-0.8160778284072876,-0.27765053510665894,0.0,0.0,0.0,0.0,0.0,0.0,0.0,0.0,0.0,0.0,0.0,-570.280029296875,-104.91000366210938,-21.520000457763672,0.0
1780954292463549602,75100,1780954292418485795,base_link,wheel_left_joint,wheel_right_joint,joint1,joint2,joint3,joint4,gripper,0.0015339809469878674,0.0,-1.4127963781356812,0.9618059992790222,-0.8176117539405823,-0.2761165499687195,0.0,0.0,0.0,0.0,0.0,0.0,0.0,0.0,0.0,0.0,0.0,-570.280029296875,-102.22000122070312,-18.829999923706055,0.0
1780954292504775428,75101,1780954292518485795,base_link,wheel_left_joint,wheel_right_joint,joint1,joint2,joint3,joint4,gripper,0.0015339809469878674,0.0,-1.4127963781356812,0.9618059992790222,-0.8160778284072876,-0.2761165499687195,0.0,0.0,0.0,0.0,0.0,0.0,0.0,0.0,0.0,0.0,0.0,-570.280029296875,-96.84000396728516,-21.520000457763672,0.0
1780954292587269307,75102,1780954292552485795,base_link,wheel_left_joint,wheel_right_joint,joint1,joint2,joint3,joint4,gripper,0.0015339809469878674,0.0,-1.4127963781356812,0.9618059992790222,-0.8160778284072876,-0.2761165499687195,0.0,0.0,0.0,0.0,0.0,0.0,0.0,0.0,0.0,0.0,0.0,-570.280029296875,-99.52999877929688,-21.520000457763672,0.0
1780954292633915550,75103,1780954292652485795,base_link,wheel_left_joint,wheel_right_joint,joint1,joint2,joint3,joint4,gripper,0.0015339809469878674,0.0,-1.4127963781356812,0.9618059992790222,-0.8176117539405823,-0.2761165499687195,0.0,0.0,0.0,0.0,0.0,0.0,0.0,0.0,0.0,0.0,0.0,-570.280029296875,-104.91000366210938,-24.21000099182129,0.0
1780954292715466066,75104,1780954292686485795,base_link,wheel_left_joint,wheel_right_joint,joint1,joint2,joint3,joint4,gripper,0.0015339809469878674,0.0,-1.4127963781356812,0.9618059992790222,-0.8160778284072876,-0.2761165499687195,0.0,0.0,0.0,0.0,0.0,0.0,0.0,0.0,0.0,0.0,0.0,-570.280029296875,-104.91000366210938,-18.829999923706055,0.0
1780954292763776785,75105,1780954292777485795,base_link,wheel_left_joint,wheel_right_joint,joint1,joint2,joint3,joint4,gripper,0.0015339809469878674,0.0,-1.4127963781356812,0.9618059992790222,-0.8176117539405823,-0.2761165499687195,0.0,0.0,0.0,0.0,0.0,0.0,0.0,0.0,0.0,0.0,0.0,-570.280029296875,-99.52999877929688,-16.139999389648438,0.0
1780954292854175476,75106,1780954292812485795,base_link,wheel_left_joint,wheel_right_joint,joint1,joint2,joint3,joint4,gripper,0.0015339809469878674,0.0,-1.4127963781356812,0.9618059992790222,-0.8160778284072876,-0.2761165499687195,0.0,0.0,0.0,0.0,0.0,0.0,0.0,0.0,0.0,0.0,0.0,-570.280029296875,-102.22000122070312,-18.829999923706055,0.0
1780954292895081183,75107,1780954292909485795,base_link,wheel_left_joint,wheel_right_joint,joint1,joint2,joint3,joint4,gripper,0.0015339809469878674,0.0,-1.4127963781356812,0.9618059992790222,-0.8176117539405823,-0.27765053510665894,0.0,0.0,0.0,0.0,0.0,0.0,0.0,0.0,0.0,0.0,0.0,-570.280029296875,-99.52999877929688,-18.829999923706055,0.0
1780954292976368447,75108,1780954292943485795,base_link,wheel_left_joint,wheel_right_joint,joint1,joint2,joint3,joint4,gripper,0.0015339809469878674,0.0,-1.4127963781356812,0.9618059992790222,-0.8160778284072876,-0.27765053510665894,0.0,0.0,0.0,0.0,0.0,0.0,0.0,0.0,0.0,0.0,0.0,-570.280029296875,-99.52999877929688,-18.829999923706055,0.0
1780954293025875380,75109,1780954293042485795,base_link,wheel_left_joint,wheel_right_joint,joint1,joint2,joint3,joint4,gripper,0.0015339809469878674,0.0,-1.4127963781356812,0.9618059992790222,-0.8160778284072876,-0.2761165499687195,0.0,0.0,0.0,0.0,0.0,0.0,0.0,0.0,0.0,0.0,0.0,-570.280029296875,-104.91000366210938,-18.829999923706055,0.0
1780954293108203815,75110,1780954293076485795,base_link,wheel_left_joint,wheel_right_joint,joint1,joint2,joint3,joint4,gripper,0.0015339809469878674,0.0,-1.4127963781356812,0.9618059992790222,-0.8160778284072876,-0.2761165499687195,0.0,0.0,0.0,0.0,0.0,0.0,0.0,0.0,0.0,0.0,0.0,-570.280029296875,-99.52999877929688,-16.139999389648438,0.0
1780954293161015492,75111,1780954293169485795,base_link,wheel_left_joint,wheel_right_joint,joint1,joint2,joint3,joint4,gripper,0.0015339809469878674,0.0,-1.4127963781356812,0.9618059992790222,-0.8160778284072876,-0.2761165499687195,0.0,0.0,0.0,0.0,0.0,0.0,0.0,0.0,0.0,0.0,0.0,-570.280029296875,-102.22000122070312,-18.829999923706055,0.0
1780954293243144377,75112,1780954293204485795,base_link,wheel_left_joint,wheel_right_joint,joint1,joint2,joint3,joint4,gripper,0.0015339809469878674,0.0,-1.4127963781356812,0.9618059992790222,-0.8160778284072876,-0.2761165499687195,0.0,0.0,0.0,0.0,0.0,0.0,0.0,0.0,0.0,0.0,0.0,-572.9700317382812,-102.22000122070312,-18.829999923706055,0.0
1780954293280162222,75113,1780954293261882408,base_link,wheel_left_joint,wheel_right_joint,joint1,joint2,joint3,joint4,gripper,0.0015339809469878674,0.0,-1.4127963781356812,0.9618059992790222,-0.8160778284072876,-0.2761165499687195,0.0,0.0,0.0,0.0,0.0,0.0,0.0,0.0,0.0,0.0,0.0,-570.280029296875,-94.1500015258789,-18.829999923706055,0.0
1780954293365167264,75114,1780954293295882408,base_link,wheel_left_joint,wheel_right_joint,joint1,joint2,joint3,joint4,gripper,0.0015339809469878674,0.0,-1.4127963781356812,0.9618059992790222,-0.8176117539405823,-0.2761165499687195,0.0,0.0,0.0,0.0,0.0,0.0,0.0,0.0,0.0,0.0,0.0,-570.280029296875,-102.22000122070312,-21.520000457763672,0.0
1780954293408924956,75115,1780954293389882408,base_link,wheel_left_joint,wheel_right_joint,joint1,joint2,joint3,joint4,gripper,0.0015339809469878674,0.0,-1.4127963781356812,0.9618059992790222,-0.8160778284072876,-0.27765053510665894,0.0,0.0,0.0,0.0,0.0,0.0,0.0,0.0,0.0,0.0,0.0,-572.9700317382812,-104.91000366210938,-18.829999923706055,0.0
1780954293497359344,75116,1780954293423882408,base_link,wheel_left_joint,wheel_right_joint,joint1,joint2,joint3,joint4,gripper,0.0,0.0,-1.4127963781356812,0.9618059992790222,-0.8160778284072876,-0.2761165499687195,0.0,-0.04511708766222,0.0,0.0,0.0,0.0,0.0,0.0,0.0,0.0,0.0,-570.280029296875,-104.91000366210938,-18.829999923706055,0.0
1780954293541577141,75117,1780954293516882408,base_link,wheel_left_joint,wheel_right_joint,joint1,joint2,joint3,joint4,gripper,0.0015339809469878674,0.0,-1.4127963781356812,0.9618059992790222,-0.8176117539405823,-0.27765053510665894,0.0,0.016494419425725937,0.0,0.0,0.0,0.0,0.0,0.0,0.0,0.0,0.0,-570.280029296875,-102.22000122070312,-24.21000099182129,0.0
1780954293628520273,75118,1780954293550882408,base_link,wheel_left_joint,wheel_right_joint,joint1,joint2,joint3,joint4,gripper,0.0015339809469878674,0.0,-1.4127963781356812,0.9618059992790222,-0.8176117539405823,-0.2761165499687195,0.0,0.0,0.0,0.0,0.0,0.0,0.0,0.0,0.0,0.0,0.0,-570.280029296875,-104.91000366210938,-16.139999389648438,0.0
1780954293664705931,75119,1780954293646882408,base_link,wheel_left_joint,wheel_right_joint,joint1,joint2,joint3,joint4,gripper,0.0015339809469878674,0.0,-1.4127963781356812,0.9618059992790222,-0.8160778284072876,-0.2761165499687195,0.0,0.0,0.0,0.0,0.0,0.0,0.0,0.0,0.0,0.0,0.0,-570.280029296875,-99.52999877929688,-16.139999389648438,0.0
1780954293747749283,75120,1780954293680882408,base_link,wheel_left_joint,wheel_right_joint,joint1,joint2,joint3,joint4,gripper,0.0015339809469878674,0.0,-1.4127963781356812,0.9633399844169617,-0.8160778284072876,-0.2761165499687195,0.0,0.0,0.0,0.0,0.0,0.0,0.0,0.0,0.0,0.0,0.0,-570.280029296875,-94.1500015258789,-18.829999923706055,0.0
1780954293795831604,75121,1780954293773882408,base_link,wheel_left_joint,wheel_right_joint,joint1,joint2,joint3,joint4,gripper,0.0015339809469878674,0.0,-1.4127963781356812,0.9633399844169617,-0.8176117539405823,-0.2761165499687195,0.0,0.0,0.0,0.0,0.0,0.0,0.0,0.0,0.0,0.0,0.0,-570.280029296875,-104.91000366210938,-10.760000228881836,0.0
1780954293886749921,75122,1780954293807882408,base_link,wheel_left_joint,wheel_right_joint,joint1,joint2,joint3,joint4,gripper,0.0015339809469878674,0.0,-1.4127963781356812,0.9618059992790222,-0.8176117539405823,-0.2761165499687195,0.0,0.0,0.0,0.0,0.0,0.0,0.0,0.0,0.0,0.0,0.0,-570.280029296875,-102.22000122070312,-18.829999923706055,0.0
1780954293934489238,75123,1780954293901882408,base_link,wheel_left_joint,wheel_right_joint,joint1,joint2,joint3,joint4,gripper,0.0015339809469878674,0.0,-1.4127963781356812,0.9618059992790222,-0.8160778284072876,-0.2761165499687195,0.0,0.0,0.0,0.0,0.0,0.0,0.0,0.0,0.0,0.0,0.0,-570.280029296875,-107.60000610351562,-18.829999923706055,0.0
1780954294019821700,75124,1780954293936882408,base_link,wheel_left_joint,wheel_right_joint,joint1,joint2,joint3,joint4,gripper,0.0015339809469878674,0.0,-1.4127963781356812,0.9618059992790222,-0.8176117539405823,-0.2761165499687195,0.0,0.0,0.0,0.0,0.0,0.0,0.0,0.0,0.0,0.0,0.0,-570.280029296875,-104.91000366210938,-21.520000457763672,0.0
1780954294058635292,75125,1780954294036882408,base_link,wheel_left_joint,wheel_right_joint,joint1,joint2,joint3,joint4,gripper,0.0015339809469878674,0.0,-1.4127963781356812,0.9618059992790222,-0.8176117539405823,-0.2761165499687195,0.0,0.0,0.0,0.0,0.0,0.0,0.0,0.0,0.0,0.0,0.0,-570.280029296875,-99.52999877929688,-21.520000457763672,0.0
1780954294141544434,75126,1780954294070882408,base_link,wheel_left_joint,wheel_right_joint,joint1,joint2,joint3,joint4,gripper,0.0015339809469878674,0.0,-1.4112623929977417,0.9618059992790222,-0.8176117539405823,-0.2761165499687195,0.0,0.0,0.0,0.0,0.0,0.0,0.0,0.0,0.0,0.0,0.0,-570.280029296875,-99.52999877929688,-21.520000457763672,0.0
1780954294190986620,75127,1780954294167882408,base_link,wheel_left_joint,wheel_right_joint,joint1,joint2,joint3,joint4,gripper,0.0015339809469878674,0.0,-1.4127963781356812,0.9618059992790222,-0.8160778284072876,-0.2761165499687195,0.0,0.0,0.0,0.0,0.0,0.0,0.0,0.0,0.0,0.0,0.0,-570.280029296875,-102.22000122070312,-18.829999923706055,0.0
1780954294274831162,75128,1780954294201882408,base_link,wheel_left_joint,wheel_right_joint,joint1,joint2,joint3,joint4,gripper,0.0015339809469878674,0.0,-1.4127963781356812,0.9618059992790222,-0.8176117539405823,-0.2761165499687195,0.0,0.0,0.0,0.0,0.0,0.0,0.0,0.0,0.0,0.0,0.0,-570.280029296875,-104.91000366210938,-13.450000762939453,0.0
1780954294325920682,75129,1780954294298882408,base_link,wheel_left_joint,wheel_right_joint,joint1,joint2,joint3,joint4,gripper,0.0015339809469878674,0.0,-1.4127963781356812,0.9618059992790222,-0.8160778284072876,-0.2761165499687195,0.0,0.0,0.0,0.0,0.0,0.0,0.0,0.0,0.0,0.0,0.0,-570.280029296875,-102.22000122070312,-16.139999389648438,0.0
1780954294407313925,75130,1780954294333882408,base_link,wheel_left_joint,wheel_right_joint,joint1,joint2,joint3,joint4,gripper,0.0015339809469878674,0.0,-1.4127963781356812,0.9618059992790222,-0.8160778284072876,-0.2761165499687195,0.0,0.0,0.0,0.0,0.0,0.0,0.0,0.0,0.0,0.0,0.0,-570.280029296875,-102.22000122070312,-16.139999389648438,0.0
1780954294443574775,75131,1780954294431882408,base_link,wheel_left_joint,wheel_right_joint,joint1,joint2,joint3,joint4,gripper,0.0015339809469878674,0.0,-1.4127963781356812,0.9618059992790222,-0.8176117539405823,-0.2761165499687195,0.0,0.0,0.0,0.0,0.0,0.0,0.0,0.0,0.0,0.0,0.0,-570.280029296875,-94.1500015258789,-18.829999923706055,0.0
1780954294530002253,75132,1780954294465882408,base_link,wheel_left_joint,wheel_right_joint,joint1,joint2,joint3,joint4,gripper,0.0015339809469878674,0.0,-1.4127963781356812,0.9618059992790222,-0.8160778284072876,-0.2761165499687195,0.0,0.0,0.0,0.0,0.0,0.0,0.0,0.0,0.0,0.0,0.0,-570.280029296875,-96.84000396728516,-18.829999923706055,0.0
1780954294574505922,75133,1780954294558882408,base_link,wheel_left_joint,wheel_right_joint,joint1,joint2,joint3,joint4,gripper,0.0015339809469878674,0.0,-1.4127963781356812,0.9618059992790222,-0.8160778284072876,-0.2761165499687195,0.0,0.0,0.0,0.0,0.0,0.0,0.0,0.0,0.0,0.0,0.0,-570.280029296875,-99.52999877929688,-16.139999389648438,0.0
1780954294660785123,75134,1780954294592882408,base_link,wheel_left_joint,wheel_right_joint,joint1,joint2,joint3,joint4,gripper,0.0015339809469878674,0.0,-1.4127963781356812,0.9618059992790222,-0.8176117539405823,-0.2761165499687195,0.0,0.0,0.0,0.0,0.0,0.0,0.0,0.0,0.0,0.0,0.0,-570.280029296875,-102.22000122070312,-16.139999389648438,0.0
1780954294706160331,75135,1780954294680882408,base_link,wheel_left_joint,wheel_right_joint,joint1,joint2,joint3,joint4,gripper,0.0015339809469878674,0.0,-1.4127963781356812,0.9618059992790222,-0.8160778284072876,-0.2761165499687195,0.0,0.0,0.0,0.0,0.0,0.0,0.0,0.0,0.0,0.0,0.0,-567.5900268554688,-104.91000366210938,-8.069999694824219,0.0
1780954294794462196,75136,1780954294715882408,base_link,wheel_left_joint,wheel_right_joint,joint1,joint2,joint3,joint4,gripper,0.0015339809469878674,0.0,-1.4127963781356812,0.9633399844169617,-0.8160778284072876,-0.2761165499687195,0.0,0.0,0.0,0.0,0.0,0.0,0.0,0.0,0.0,0.0,0.0,-567.5900268554688,-102.22000122070312,-16.139999389648438,0.0
1780954294837899070,75137,1780954294808882408,base_link,wheel_left_joint,wheel_right_joint,joint1,joint2,joint3,joint4,gripper,0.0015339809469878674,0.0,-1.4127963781356812,0.9633399844169617,-0.8160778284072876,-0.2761165499687195,0.0,0.0,0.0,0.0,0.0,0.0,0.0,0.0,0.0,0.0,0.0,-570.280029296875,-99.52999877929688,-21.520000457763672,0.0
1780954294926843867,75138,1780954294843882408,base_link,wheel_left_joint,wheel_right_joint,joint1,joint2,joint3,joint4,gripper,0.0015339809469878674,0.0,-1.4127963781356812,0.9618059992790222,-0.8160778284072876,-0.2761165499687195,0.0,0.0,0.0,0.0,0.0,0.0,0.0,0.0,0.0,0.0,0.0,-570.280029296875,-102.22000122070312,-24.21000099182129,0.0
1780954294962581461,75139,1780954294943882408,base_link,wheel_left_joint,wheel_right_joint,joint1,joint2,joint3,joint4,gripper,0.0015339809469878674,0.0,-1.4127963781356812,0.9618059992790222,-0.8160778284072876,-0.2761165499687195,0.0,0.0,0.0,0.0,0.0,0.0,0.0,0.0,0.0,0.0,0.0,-570.280029296875,-104.91000366210938,-24.21000099182129,0.0
1780954295029627997,75140,1780954294977882408,base_link,wheel_left_joint,wheel_right_joint,joint1,joint2,joint3,joint4,gripper,0.0015339809469878674,0.0,-1.4112623929977417,0.9633399844169617,-0.8160778284072876,-0.2761165499687195,0.0,0.0,0.0,0.0,0.0,0.0,0.0,0.0,0.0,0.0,0.0,-570.280029296875,-102.22000122070312,-21.520000457763672,0.0
1780954295057027705,75141,1780954295070882408,base_link,wheel_left_joint,wheel_right_joint,joint1,joint2,joint3,joint4,gripper,0.0015339809469878674,0.0,-1.4112623929977417,0.9618059992790222,-0.8176117539405823,-0.2761165499687195,0.0,0.0,0.0,0.0,0.0,0.0,0.0,0.0,0.0,0.0,0.0,-570.280029296875,-99.52999877929688,-21.520000457763672,0.0
1780954295104125023,75142,1780954295104882408,base_link,wheel_left_joint,wheel_right_joint,joint1,joint2,joint3,joint4,gripper,0.0015339809469878674,0.0,-1.4127963781356812,0.9618059992790222,-0.8160778284072876,-0.2761165499687195,0.0,0.0,0.0,0.0,0.0,0.0,0.0,0.0,0.0,0.0,0.0,-567.5900268554688,-104.91000366210938,-21.520000457763672,0.0
1780954295146495670,75143,1780954295145882408,base_link,wheel_left_joint,wheel_right_joint,joint1,joint2,joint3,joint4,gripper,0.0015339809469878674,0.0,-1.4112623929977417,0.9618059992790222,-0.8160778284072876,-0.2761165499687195,0.0,0.0,0.0,0.0,0.0,0.0,0.0,0.0,0.0,0.0,0.0,-567.5900268554688,-99.52999877929688,-21.520000457763672,0.0
1780954295231030829,75144,1780954295179882408,base_link,wheel_left_joint,wheel_right_joint,joint1,joint2,joint3,joint4,gripper,0.0015339809469878674,0.0,-1.4127963781356812,0.9618059992790222,-0.8160778284072876,-0.2761165499687195,0.0,0.0,0.0,0.0,0.0,0.0,0.0,0.0,0.0,0.0,0.0,-570.280029296875,-102.22000122070312,-24.21000099182129,0.0
1780954295275388707,75145,1780954295254882408,base_link,wheel_left_joint,wheel_right_joint,joint1,joint2,joint3,joint4,gripper,0.0015339809469878674,0.0,-1.4127963781356812,0.9618059992790222,-0.8160778284072876,-0.2761165499687195,0.0,0.0,0.0,0.0,0.0,0.0,0.0,0.0,0.0,0.0,0.0,-567.5900268554688,-96.84000396728516,-16.139999389648438,0.0
1780954295363078874,75146,1780954295288882408,base_link,wheel_left_joint,wheel_right_joint,joint1,joint2,joint3,joint4,gripper,0.0015339809469878674,0.0,-1.4127963781356812,0.9618059992790222,-0.8160778284072876,-0.2761165499687195,0.0,0.0,0.0,0.0,0.0,0.0,0.0,0.0,0.0,0.0,0.0,-570.280029296875,-99.52999877929688,-13.450000762939453,0.0
1780954295407047607,75147,1780954295376882408,base_link,wheel_left_joint,wheel_right_joint,joint1,joint2,joint3,joint4,gripper,0.0015339809469878674,0.0,-1.4127963781356812,0.9618059992790222,-0.8176117539405823,-0.2761165499687195,0.0,0.0,0.0,0.0,0.0,0.0,0.0,0.0,0.0,0.0,0.0,-570.280029296875,-102.22000122070312,-16.139999389648438,0.0
1780954295495025874,75148,1780954295410882408,base_link,wheel_left_joint,wheel_right_joint,joint1,joint2,joint3,joint4,gripper,0.0015339809469878674,0.0,-1.4127963781356812,0.9633399844169617,-0.8176117539405823,-0.2761165499687195,0.0,0.0,0.0,0.0,0.0,0.0,0.0,0.0,0.0,0.0,0.0,-567.5900268554688,-96.84000396728516,-16.139999389648438,0.0
1780954295533763517,75149,1780954295500882408,base_link,wheel_left_joint,wheel_right_joint,joint1,joint2,joint3,joint4,gripper,0.0015339809469878674,0.0,-1.4112623929977417,0.9618059992790222,-0.8160778284072876,-0.2761165499687195,0.0,0.0,0.0,0.0,0.0,0.0,0.0,0.0,0.0,0.0,0.0,-570.280029296875,-102.22000122070312,-18.829999923706055,0.0
1780954295615721882,75150,1780954295535882408,base_link,wheel_left_joint,wheel_right_joint,joint1,joint2,joint3,joint4,gripper,0.0015339809469878674,0.0,-1.4112623929977417,0.9618059992790222,-0.8176117539405823,-0.2761165499687195,0.0,0.0,0.0,0.0,0.0,0.0,0.0,0.0,0.0,0.0,0.0,-570.280029296875,-99.52999877929688,-18.829999923706055,0.0
1780954295659554040,75151,1780954295635882408,base_link,wheel_left_joint,wheel_right_joint,joint1,joint2,joint3,joint4,gripper,0.0015339809469878674,0.0,-1.4127963781356812,0.9618059992790222,-0.8160778284072876,-0.2761165499687195,0.0,0.0,0.0,0.0,0.0,0.0,0.0,0.0,0.0,0.0,0.0,-567.5900268554688,-99.52999877929688,-18.829999923706055,0.0
1780954295740486120,75152,1780954295669882408,base_link,wheel_left_joint,wheel_right_joint,joint1,joint2,joint3,joint4,gripper,0.0015339809469878674,0.0,-1.4127963781356812,0.9633399844169617,-0.8160778284072876,-0.2761165499687195,0.0,0.0,0.0,0.0,0.0,0.0,0.0,0.0,0.0,0.0,0.0,-570.280029296875,-96.84000396728516,-13.450000762939453,0.0
1780954295788821940,75153,1780954295763413843,base_link,wheel_left_joint,wheel_right_joint,joint1,joint2,joint3,joint4,gripper,0.0015339809469878674,0.0,-1.4127963781356812,0.9618059992790222,-0.8160778284072876,-0.2761165499687195,0.0,0.0,0.0,0.0,0.0,0.0,0.0,0.0,0.0,0.0,0.0,-567.5900268554688,-99.52999877929688,-18.829999923706055,0.0
1780954295870806364,75154,1780954295798413843,base_link,wheel_left_joint,wheel_right_joint,joint1,joint2,joint3,joint4,gripper,0.0015339809469878674,0.0,-1.4127963781356812,0.9618059992790222,-0.8160778284072876,-0.2761165499687195,0.0,0.0,0.0,0.0,0.0,0.0,0.0,0.0,0.0,0.0,0.0,-567.5900268554688,-99.52999877929688,-21.520000457763672,0.0
1780954295922612256,75155,1780954295890413843,base_link,wheel_left_joint,wheel_right_joint,joint1,joint2,joint3,joint4,gripper,0.0015339809469878674,0.0,-1.4127963781356812,0.9618059992790222,-0.8176117539405823,-0.2761165499687195,0.0,0.0,0.0,0.0,0.0,0.0,0.0,0.0,0.0,0.0,0.0,-570.280029296875,-94.1500015258789,-18.829999923706055,0.0
1780954296006810694,75156,1780954295924413843,base_link,wheel_left_joint,wheel_right_joint,joint1,joint2,joint3,joint4,gripper,0.0015339809469878674,0.0,-1.4112623929977417,0.9618059992790222,-0.8176117539405823,-0.2761165499687195,0.0,0.0,0.0,0.0,0.0,0.0,0.0,0.0,0.0,0.0,0.0,-567.5900268554688,-104.91000366210938,-18.829999923706055,0.0
1780954296044931050,75157,1780954296019413843,base_link,wheel_left_joint,wheel_right_joint,joint1,joint2,joint3,joint4,gripper,0.0015339809469878674,0.0,-1.4127963781356812,0.9618059992790222,-0.8176117539405823,-0.2761165499687195,0.0,0.0,0.0,0.0,0.0,0.0,0.0,0.0,0.0,0.0,0.0,-567.5900268554688,-104.91000366210938,-21.520000457763672,0.0
1780954296130830474,75158,1780954296053413843,base_link,wheel_left_joint,wheel_right_joint,joint1,joint2,joint3,joint4,gripper,0.0015339809469878674,0.0,-1.4127963781356812,0.9618059992790222,-0.8176117539405823,-0.2761165499687195,0.0,0.0,0.0,0.0,0.0,0.0,0.0,0.0,0.0,0.0,0.0,-567.5900268554688,-102.22000122070312,-21.520000457763672,0.0
1780954296175117841,75159,1780954296153413843,base_link,wheel_left_joint,wheel_right_joint,joint1,joint2,joint3,joint4,gripper,0.0015339809469878674,0.0,-1.4127963781356812,0.9618059992790222,-0.8160778284072876,-0.2761165499687195,0.0,0.0,0.0,0.0,0.0,0.0,0.0,0.0,0.0,0.0,0.0,-570.280029296875,-102.22000122070312,-16.139999389648438,0.0
1780954296263405815,75160,1780954296187413843,base_link,wheel_left_joint,wheel_right_joint,joint1,joint2,joint3,joint4,gripper,0.0,0.0,-1.4127963781356812,0.9618059992790222,-0.8160778284072876,-0.2761165499687195,0.0,-0.04511708766222,0.0,0.0,0.0,0.0,0.0,0.0,0.0,0.0,0.0,-570.280029296875,-104.91000366210938,-16.139999389648438,0.0
1780954296308670002,75161,1780954296280413843,base_link,wheel_left_joint,wheel_right_joint,joint1,joint2,joint3,joint4,gripper,0.0015339809469878674,0.0,-1.4127963781356812,0.9618059992790222,-0.8176117539405823,-0.2761165499687195,0.0,0.016494419425725937,0.0,0.0,0.0,0.0,0.0,0.0,0.0,0.0,0.0,-570.280029296875,-102.22000122070312,-18.829999923706055,0.0
1780954296397407148,75162,1780954296315413843,base_link,wheel_left_joint,wheel_right_joint,joint1,joint2,joint3,joint4,gripper,0.0015339809469878674,0.0,-1.4127963781356812,0.9618059992790222,-0.8160778284072876,-0.2761165499687195,0.0,0.0,0.0,0.0,0.0,0.0,0.0,0.0,0.0,0.0,0.0,-567.5900268554688,-99.52999877929688,-16.139999389648438,0.0
1780954296441463452,75163,1780954296412413843,base_link,wheel_left_joint,wheel_right_joint,joint1,joint2,joint3,joint4,gripper,0.0015339809469878674,0.0,-1.4127963781356812,0.9618059992790222,-0.8160778284072876,-0.2761165499687195,0.0,0.0,0.0,0.0,0.0,0.0,0.0,0.0,0.0,0.0,0.0,-570.280029296875,-104.91000366210938,-18.829999923706055,0.0
1780954296535995310,75164,1780954296446413843,base_link,wheel_left_joint,wheel_right_joint,joint1,joint2,joint3,joint4,gripper,0.0015339809469878674,0.0,-1.4127963781356812,0.9618059992790222,-0.8160778284072876,-0.2761165499687195,0.0,0.0,0.0,0.0,0.0,0.0,0.0,0.0,0.0,0.0,0.0,-570.280029296875,-107.60000610351562,-16.139999389648438,0.0
1780954296564007149,75165,1780954296537413843,base_link,wheel_left_joint,wheel_right_joint,joint1,joint2,joint3,joint4,gripper,0.0015339809469878674,0.0,-1.4112623929977417,0.9618059992790222,-0.8160778284072876,-0.2761165499687195,0.0,0.0,0.0,0.0,0.0,0.0,0.0,0.0,0.0,0.0,0.0,-567.5900268554688,-104.91000366210938,-18.829999923706055,0.0
1780954296660891829,75166,1780954296571413843,base_link,wheel_left_joint,wheel_right_joint,joint1,joint2,joint3,joint4,gripper,0.0015339809469878674,0.0,-1.4127963781356812,0.9618059992790222,-0.8160778284072876,-0.2761165499687195,0.0,0.0,0.0,0.0,0.0,0.0,0.0,0.0,0.0,0.0,0.0,-567.5900268554688,-102.22000122070312,-18.829999923706055,0.0
1780954296696863185,75167,1780954296669413843,base_link,wheel_left_joint,wheel_right_joint,joint1,joint2,joint3,joint4,gripper,0.0015339809469878674,0.0,-1.4127963781356812,0.9618059992790222,-0.8160778284072876,-0.2761165499687195,0.0,0.0,0.0,0.0,0.0,0.0,0.0,0.0,0.0,0.0,0.0,-567.5900268554688,-102.22000122070312,-16.139999389648438,0.0
1780954296792515231,75168,1780954296703413843,base_link,wheel_left_joint,wheel_right_joint,joint1,joint2,joint3,joint4,gripper,0.0015339809469878674,0.0,-1.4127963781356812,0.9633399844169617,-0.8176117539405823,-0.2761165499687195,0.0,0.0,0.0,0.0,0.0,0.0,0.0,0.0,0.0,0.0,0.0,-567.5900268554688,-102.22000122070312,-18.829999923706055,0.0
1780954296829332369,75169,1780954296801413843,base_link,wheel_left_joint,wheel_right_joint,joint1,joint2,joint3,joint4,gripper,0.0015339809469878674,0.0,-1.4127963781356812,0.9618059992790222,-0.8176117539405823,-0.2761165499687195,0.0,0.0,0.0,0.0,0.0,0.0,0.0,0.0,0.0,0.0,0.0,-570.280029296875,-104.91000366210938,-21.520000457763672,0.0
