%time,field.header.seq,field.header.stamp,field.header.frame_id,field.name0,field.name1,field.name2,field.name3,field.name4,field.name5,field.name6,field.position0,field.position1,field.position2,field.position3,field.position4,field.position5,field.position6,field.velocity0,field.velocity1,field.velocity2,field.velocity3,field.velocity4,field.velocity5,field.velocity6,field.effort0,field.effort1,field.effort2,field.effort3,field.effort4,field.effort5,field.effort6
1780960506846135631,183255,1780960506754562074,base_link,wheel_left_joint,wheel_right_joint,joint1,joint2,joint3,joint4,gripper,0.007669905200600624,0.0,-0.0015339808305725455,-1.5493206977844238,1.2333205938339233,0.5890486240386963,0.0,0.0,0.0,0.0,0.0,0.0,0.0,0.0,0.0,0.0,0.0,75.31999969482422,-325.4900207519531,-67.25,0.0
1780960506846141677,183256,1780960506768562074,base_link,wheel_left_joint,wheel_right_joint,joint1,joint2,joint3,joint4,gripper,0.007669905200600624,0.0,-0.0015339808305725455,-1.5493206977844238,1.2333205938339233,0.5890486240386963,0.0,0.0,0.0,0.0,0.0,0.0,0.0,0.0,0.0,0.0,0.0,75.31999969482422,-325.4900207519531,-67.25,0.0
1780960506908512787,183257,1780960506928562074,base_link,wheel_left_joint,wheel_right_joint,joint1,joint2,joint3,joint4,gripper,0.007669905200600624,0.0,-0.0015339808305725455,-1.5493206977844238,1.2333205938339233,0.5890486240386963,0.0,0.0,0.0,0.0,0.0,0.0,0.0,0.0,0.0,0.0,0.0,75.31999969482422,-325.4900207519531,-67.25,0.0
1780960506958059198,183258,1780960506938562074,base_link,wheel_left_joint,wheel_right_joint,joint1,joint2,joint3,joint4,gripper,0.007669905200600624,0.0015339809469878674,-0.0015339808305725455,-1.5493206977844238,1.2333205938339233,0.5890486240386963,0.0,0.0,0.15339809656143188,0.0,0.0,0.0,0.0,0.0,0.0,0.0,0.0,75.31999969482422,-325.4900207519531,-67.25,0.0
1780960507036723213,183259,1780960506971562074,base_link,wheel_left_joint,wheel_right_joint,joint1,joint2,joint3,joint4,gripper,0.007669905200600624,0.0,-0.0015339808305725455,-1.5493206977844238,1.2333205938339233,0.5890486240386963,0.0,0.0,-0.04648427292704582,0.0,0.0,0.0,0.0,0.0,0.0,0.0,0.0,78.01000213623047,-325.4900207519531,-67.25,0.0
1780960507073857627,183260,1780960507092562074,base_link,wheel_left_joint,wheel_right_joint,joint1,joint2,joint3,joint4,gripper,0.007669905200600624,0.0015339809469878674,-0.0015339808305725455,-1.5493206977844238,1.2333205938339233,0.5890486240386963,0.0,0.0,0.012677528895437717,0.0,0.0,0.0,0.0,0.0,0.0,0.0,0.0,75.31999969482422,-325.4900207519531,-67.25,0.0
1780960507161758492,183261,1780960507126562074,base_link,wheel_left_joint,wheel_right_joint,joint1,joint2,joint3,joint4,gripper,0.007669905200600624,0.0,-0.0015339808305725455,-1.5493206977844238,1.2333205938339233,0.5890486240386963,0.0,0.0,-0.04511708766222,0.0,0.0,0.0,0.0,0.0,0.0,0.0,0.0,75.31999969482422,-325.4900207519531,-67.25,0.0
1780960507198247728,183262,1780960507229562074,base_link,wheel_left_joint,wheel_right_joint,joint1,joint2,joint3,joint4,gripper,0.007669905200600624,0.0,-0.0015339808305725455,-1.5493206977844238,1.2333205938339233,0.5890486240386963,0.0,0.0,0.0,0.0,0.0,0.0,0.0,0.0,0.0,0.0,0.0,75.31999969482422,-325.4900207519531,-67.25,0.0
1780960507295673999,183263,1780960507263562074,base_link,wheel_left_joint,wheel_right_joint,joint1,joint2,joint3,joint4,gripper,0.007669905200600624,0.0015339809469878674,-0.0015339808305725455,-1.5493206977844238,1.2333205938339233,0.5890486240386963,0.0,0.0,0.04511708766222,0.0,0.0,0.0,0.0,0.0,0.0,0.0,0.0,83.38999938964844,-325.4900207519531,-67.25,0.0
1780960507323116320,183264,1780960507364562074,base_link,wheel_left_joint,wheel_right_joint,joint1,joint2,joint3,joint4,gripper,0.007669905200600624,0.0,-0.0015339808305725455,-1.5493206977844238,1.2333205938339233,0.5890486240386963,0.0,0.0,-0.015187930315732956,0.0,0.0,0.0,0.0,0.0,0.0,0.0,0.0,75.31999969482422,-325.4900207519531,-67.25,0.0
1780960507416727783,183265,1780960507398562074,base_link,wheel_left_joint,wheel_right_joint,joint1,joint2,joint3,joint4,gripper,0.006135923787951469,0.0,-0.0015339808305725455,-1.5493206977844238,1.2333205938339233,0.5890486240386963,0.0,-0.04511708766222,0.0,0.0,0.0,0.0,0.0,0.0,0.0,0.0,0.0,78.01000213623047,-325.4900207519531,-67.25,0.0
1780960507458634596,183266,1780960507494562074,base_link,wheel_left_joint,wheel_right_joint,joint1,joint2,joint3,joint4,gripper,0.007669905200600624,0.0015339809469878674,-0.0015339808305725455,-1.5493206977844238,1.2333205938339233,0.5890486240386963,0.0,0.015978969633579254,0.015978969633579254,0.0,0.0,0.0,0.0,0.0,0.0,0.0,0.0,78.01000213623047,-325.4900207519531,-67.25,0.0
1780960507551490653,183267,1780960507528562074,base_link,wheel_left_joint,wheel_right_joint,joint1,joint2,joint3,joint4,gripper,0.007669905200600624,0.0015339809469878674,-0.0015339808305725455,-1.5493206977844238,1.2333205938339233,0.5890486240386963,0.0,0.0,0.0,0.0,0.0,0.0,0.0,0.0,0.0,0.0,0.0,78.01000213623047,-325.4900207519531,-67.25,0.0
1780960507590155512,183268,1780960507628562074,base_link,wheel_left_joint,wheel_right_joint,joint1,joint2,joint3,joint4,gripper,0.007669905200600624,0.0,-0.0015339808305725455,-1.5493206977844238,1.2333205938339233,0.5890486240386963,0.0,0.0,-0.015339810401201248,0.0,0.0,0.0,0.0,0.0,0.0,0.0,0.0,75.31999969482422,-325.4900207519531,-67.25,0.0
1780960507679063926,183269,1780960507662562074,base_link,wheel_left_joint,wheel_right_joint,joint1,joint2,joint3,joint4,gripper,0.007669905200600624,0.0015339809469878674,-0.0015339808305725455,-1.5493206977844238,1.2333205938339233,0.5890486240386963,0.0,0.0,0.04511708766222,0.0,0.0,0.0,0.0,0.0,0.0,0.0,0.0,75.31999969482422,-325.4900207519531,-67.25,0.0
1780960507717550045,183270,1780960507759562074,base_link,wheel_left_joint,wheel_right_joint,joint1,joint2,joint3,joint4,gripper,0.007669905200600624,0.0,-0.0015339808305725455,-1.5493206977844238,1.2333205938339233,0.5890486240386963,0.0,0.0,-0.01581423729658127,0.0,0.0,0.0,0.0,0.0,0.0,0.0,0.0,78.01000213623047,-325.4900207519531,-69.94000244140625,0.0
1780960507811135850,183271,1780960507793562074,base_link,wheel_left_joint,wheel_right_joint,joint1,joint2,joint3,joint4,gripper,0.007669905200600624,0.0015339809469878674,-0.0015339808305725455,-1.5493206977844238,1.2333205938339233,0.5890486240386963,0.0,0.0,0.04511708766222,0.0,0.0,0.0,0.0,0.0,0.0,0.0,0.0,78.01000213623047,-325.4900207519531,-67.25,0.0
1780960507858819888,183272,1780960507889562074,base_link,wheel_left_joint,wheel_right_joint,joint1,joint2,joint3,joint4,gripper,0.007669905200600624,0.0015339809469878674,-0.0015339808305725455,-1.5493206977844238,1.2333205938339233,0.5890486240386963,0.0,0.0,0.0,0.0,0.0,0.0,0.0,0.0,0.0,0.0,0.0,75.31999969482422,-325.4900207519531,-67.25,0.0
1780960507958173152,183273,1780960507923562074,base_link,wheel_left_joint,wheel_right_joint,joint1,joint2,joint3,joint4,gripper,0.007669905200600624,0.0,-0.0015339808305725455,-1.5493206977844238,1.2348545789718628,0.5890486240386963,0.0,0.0,-0.04511708766222,0.0,0.0,0.0,0.0,0.0,0.0,0.0,0.0,78.01000213623047,-325.4900207519531,-67.25,0.0
1780960507991835133,183274,1780960508022562074,base_link,wheel_left_joint,wheel_right_joint,joint1,joint2,joint3,joint4,gripper,0.007669905200600624,0.0,-0.0015339808305725455,-1.5493206977844238,1.2333205938339233,0.5890486240386963,0.0,0.0,0.0,0.0,0.0,0.0,0.0,0.0,0.0,0.0,0.0,75.31999969482422,-325.4900207519531,-69.94000244140625,0.0
1780960508084720320,183275,1780960508056562074,base_link,wheel_left_joint,wheel_right_joint,joint1,joint2,joint3,joint4,gripper,0.007669905200600624,0.0,-0.0015339808305725455,-1.5493206977844238,1.2333205938339233,0.5890486240386963,0.0,0.0,0.0,0.0,0.0,0.0,0.0,0.0,0.0,0.0,0.0,80.70000457763672,-325.4900207519531,-67.25,0.0
1780960508125439931,183276,1780960508103674762,base_link,wheel_left_joint,wheel_right_joint,joint1,joint2,joint3,joint4,gripper,0.007669905200600624,0.0,-0.0015339808305725455,-1.5493206977844238,1.2333205938339233,0.5890486240386963,0.0,0.0,0.0,0.0,0.0,0.0,0.0,0.0,0.0,0.0,0.0,75.31999969482422,-322.8000183105469,-67.25,0.0
1780960508216923679,183277,1780960508137674762,base_link,wheel_left_joint,wheel_right_joint,joint1,joint2,joint3,joint4,gripper,0.007669905200600624,0.0,-0.0015339808305725455,-1.5493206977844238,1.2333205938339233,0.5890486240386963,0.0,0.0,0.0,0.0,0.0,0.0,0.0,0.0,0.0,0.0,0.0,75.31999969482422,-325.4900207519531,-67.25,0.0
1780960508256010933,183278,1780960508236674762,base_link,wheel_left_joint,wheel_right_joint,joint1,joint2,joint3,joint4,gripper,0.007669905200600624,0.0,-0.0015339808305725455,-1.5493206977844238,1.2333205938339233,0.5890486240386963,0.0,0.0,0.0,0.0,0.0,0.0,0.0,0.0,0.0,0.0,0.0,78.01000213623047,-325.4900207519531,-67.25,0.0
1780960508359300492,183279,1780960508270674762,base_link,wheel_left_joint,wheel_right_joint,joint1,joint2,joint3,joint4,gripper,0.007669905200600624,0.0,-0.0015339808305725455,-1.5493206977844238,1.2333205938339233,0.5890486240386963,0.0,0.0,0.0,0.0,0.0,0.0,0.0,0.0,0.0,0.0,0.0,78.01000213623047,-325.4900207519531,-67.25,0.0
1780960508396010207,183280,1780960508372674762,base_link,wheel_left_joint,wheel_right_joint,joint1,joint2,joint3,joint4,gripper,0.007669905200600624,0.0015339809469878674,-0.0015339808305725455,-1.5493206977844238,1.2333205938339233,0.5890486240386963,0.0,0.0,0.015039029531180859,0.0,0.0,0.0,0.0,0.0,0.0,0.0,0.0,75.31999969482422,-325.4900207519531,-67.25,0.0
1780960508492242630,183281,1780960508406674762,base_link,wheel_left_joint,wheel_right_joint,joint1,joint2,joint3,joint4,gripper,0.007669905200600624,0.0015339809469878674,-0.0015339808305725455,-1.5493206977844238,1.2333205938339233,0.5890486240386963,0.0,0.0,0.0,0.0,0.0,0.0,0.0,0.0,0.0,0.0,0.0,78.01000213623047,-325.4900207519531,-67.25,0.0
1780960508531025797,183282,1780960508507674762,base_link,wheel_left_joint,wheel_right_joint,joint1,joint2,joint3,joint4,gripper,0.007669905200600624,0.0015339809469878674,-0.0015339808305725455,-1.5493206977844238,1.2333205938339233,0.5890486240386963,0.0,0.0,0.0,0.0,0.0,0.0,0.0,0.0,0.0,0.0,0.0,75.31999969482422,-325.4900207519531,-67.25,0.0
1780960508628397975,183283,1780960508541674762,base_link,wheel_left_joint,wheel_right_joint,joint1,joint2,joint3,joint4,gripper,0.007669905200600624,0.0,-0.0015339808305725455,-1.5493206977844238,1.2333205938339233,0.5890486240386963,0.0,0.0,-0.04511708766222,0.0,0.0,0.0,0.0,0.0,0.0,0.0,0.0,78.01000213623047,-325.4900207519531,-69.94000244140625,0.0
1780960508668147773,183284,1780960508642674762,base_link,wheel_left_joint,wheel_right_joint,joint1,joint2,joint3,joint4,gripper,0.007669905200600624,0.0015339809469878674,-0.0015339808305725455,-1.5493206977844238,1.2333205938339233,0.5890486240386963,0.0,0.0,0.015187930315732956,0.0,0.0,0.0,0.0,0.0,0.0,0.0,0.0,78.01000213623047,-325.4900207519531,-67.25,0.0
1780960508762729702,183285,1780960508676674762,base_link,wheel_left_joint,wheel_right_joint,joint1,joint2,joint3,joint4,gripper,0.007669905200600624,0.0,-0.0015339808305725455,-1.5508545637130737,1.2333205938339233,0.5890486240386963,0.0,0.0,-0.04511708766222,0.0,0.0,0.0,0.0,0.0,0.0,0.0,0.0,75.31999969482422,-325.4900207519531,-67.25,0.0
1780960508798431893,183286,1780960508778674762,base_link,wheel_left_joint,wheel_right_joint,joint1,joint2,joint3,joint4,gripper,0.007669905200600624,0.0,-0.0015339808305725455,-1.5493206977844238,1.2333205938339233,0.5890486240386963,0.0,0.0,0.0,0.0,0.0,0.0,0.0,0.0,0.0,0.0,0.0,78.01000213623047,-325.4900207519531,-69.94000244140625,0.0
1780960508896473545,183287,1780960508812674762,base_link,wheel_left_joint,wheel_right_joint,joint1,joint2,joint3,joint4,gripper,0.007669905200600624,0.0,-0.0015339808305725455,-1.5493206977844238,1.2333205938339233,0.5890486240386963,0.0,0.0,0.0,0.0,0.0,0.0,0.0,0.0,0.0,0.0,0.0,75.31999969482422,-325.4900207519531,-67.25,0.0
1780960508926126917,183288,1780960508903674762,base_link,wheel_left_joint,wheel_right_joint,joint1,joint2,joint3,joint4,gripper,0.007669905200600624,0.0,-0.0015339808305725455,-1.5493206977844238,1.2333205938339233,0.5890486240386963,0.0,0.0,0.0,0.0,0.0,0.0,0.0,0.0,0.0,0.0,0.0,78.01000213623047,-325.4900207519531,-75.31999969482422,0.0
1780960509020421024,183289,1780960508937674762,base_link,wheel_left_joint,wheel_right_joint,joint1,joint2,joint3,joint4,gripper,0.007669905200600624,0.0,-0.0015339808305725455,-1.5493206977844238,1.2333205938339233,0.5890486240386963,0.0,0.0,0.0,0.0,0.0,0.0,0.0,0.0,0.0,0.0,0.0,78.01000213623047,-325.4900207519531,-67.25,0.0
1780960509061792474,183290,1780960509037674762,base_link,wheel_left_joint,wheel_right_joint,joint1,joint2,joint3,joint4,gripper,0.007669905200600624,0.0015339809469878674,-0.0015339808305725455,-1.5493206977844238,1.2333205938339233,0.5890486240386963,0.0,0.0,0.015339810401201248,0.0,0.0,0.0,0.0,0.0,0.0,0.0,0.0,78.01000213623047,-325.4900207519531,-64.55999755859375,0.0
1780960509150361971,183291,1780960509071674762,base_link,wheel_left_joint,wheel_right_joint,joint1,joint2,joint3,joint4,gripper,0.007669905200600624,0.0,-0.0015339808305725455,-1.5493206977844238,1.2333205938339233,0.5890486240386963,0.0,0.0,-0.04511708766222,0.0,0.0,0.0,0.0,0.0,0.0,0.0,0.0,75.31999969482422,-325.4900207519531,-67.25,0.0
1780960509191478566,183292,1780960509171674762,base_link,wheel_left_joint,wheel_right_joint,joint1,joint2,joint3,joint4,gripper,0.007669905200600624,0.0,-0.0015339808305725455,-1.5493206977844238,1.2333205938339233,0.5890486240386963,0.0,0.0,0.0,0.0,0.0,0.0,0.0,0.0,0.0,0.0,0.0,75.31999969482422,-325.4900207519531,-75.31999969482422,0.0
1780960509287763129,183293,1780960509205674762,base_link,wheel_left_joint,wheel_right_joint,joint1,joint2,joint3,joint4,gripper,0.007669905200600624,0.0,-0.0015339808305725455,-1.5493206977844238,1.2333205938339233,0.5890486240386963,0.0,0.0,0.0,0.0,0.0,0.0,0.0,0.0,0.0,0.0,0.0,75.31999969482422,-325.4900207519531,-67.25,0.0
1780960509326627977,183294,1780960509305674762,base_link,wheel_left_joint,wheel_right_joint,joint1,joint2,joint3,joint4,gripper,0.007669905200600624,0.0015339809469878674,-0.0015339808305725455,-1.5493206977844238,1.2333205938339233,0.5890486240386963,0.0,0.0,0.015339810401201248,0.0,0.0,0.0,0.0,0.0,0.0,0.0,0.0,78.01000213623047,-325.4900207519531,-67.25,0.0
1780960509427004065,183295,1780960509339674762,base_link,wheel_left_joint,wheel_right_joint,joint1,joint2,joint3,joint4,gripper,0.007669905200600624,0.0,-0.0015339808305725455,-1.5493206977844238,1.2333205938339233,0.5890486240386963,0.0,0.0,-0.04511708766222,0.0,0.0,0.0,0.0,0.0,0.0,0.0,0.0,75.31999969482422,-325.4900207519531,-67.25,0.0
1780960509455895940,183296,1780960509442674762,base_link,wheel_left_joint,wheel_right_joint,joint1,joint2,joint3,joint4,gripper,0.007669905200600624,0.0,-0.0015339808305725455,-1.5493206977844238,1.2333205938339233,0.5890486240386963,0.0,0.0,0.0,0.0,0.0,0.0,0.0,0.0,0.0,0.0,0.0,78.01000213623047,-325.4900207519531,-67.25,0.0
1780960509509302928,183297,1780960509476674762,base_link,wheel_left_joint,wheel_right_joint,joint1,joint2,joint3,joint4,gripper,0.007669905200600624,0.0,-0.0015339808305725455,-1.5493206977844238,1.2333205938339233,0.5890486240386963,0.0,0.0,0.0,0.0,0.0,0.0,0.0,0.0,0.0,0.0,0.0,78.01000213623047,-325.4900207519531,-67.25,0.0
1780960509532459042,183298,1780960509546674762,base_link,wheel_left_joint,wheel_right_joint,joint1,joint2,joint3,joint4,gripper,0.007669905200600624,0.0015339809469878674,-0.0015339808305725455,-1.5493206977844238,1.2333205938339233,0.5890486240386963,0.0,0.0,0.021914014592766762,0.0,0.0,0.0,0.0,0.0,0.0,0.0,0.0,75.31999969482422,-325.4900207519531,-67.25,0.0
1780960509613741976,183299,1780960509580674762,base_link,wheel_left_joint,wheel_right_joint,joint1,joint2,joint3,joint4,gripper,0.007669905200600624,0.0,-0.0015339808305725455,-1.5493206977844238,1.2333205938339233,0.5890486240386963,0.0,0.0,-0.04511708766222,0.0,0.0,0.0,0.0,0.0,0.0,0.0,0.0,78.01000213623047,-325.4900207519531,-67.25,0.0
1780960509650614859,183300,1780960509635674762,base_link,wheel_left_joint,wheel_right_joint,joint1,joint2,joint3,joint4,gripper,0.007669905200600624,0.0,-0.0015339808305725455,-1.5493206977844238,1.2333205938339233,0.5890486240386963,0.0,0.0,0.0,0.0,0.0,0.0,0.0,0.0,0.0,0.0,0.0,78.01000213623047,-325.4900207519531,-67.25,0.0
1780960509743146359,183301,1780960509669674762,base_link,wheel_left_joint,wheel_right_joint,joint1,joint2,joint3,joint4,gripper,0.007669905200600624,0.0,-0.0015339808305725455,-1.5493206977844238,1.2333205938339233,0.5890486240386963,0.0,0.0,0.0,0.0,0.0,0.0,0.0,0.0,0.0,0.0,0.0,75.31999969482422,-325.4900207519531,-67.25,0.0
1780960509791609856,183302,1780960509766674762,base_link,wheel_left_joint,wheel_right_joint,joint1,joint2,joint3,joint4,gripper,0.007669905200600624,0.0,-0.0015339808305725455,-1.5493206977844238,1.2333205938339233,0.5890486240386963,0.0,0.0,0.0,0.0,0.0,0.0,0.0,0.0,0.0,0.0,0.0,75.31999969482422,-325.4900207519531,-69.94000244140625,0.0
1780960509884969655,183303,1780960509800674762,base_link,wheel_left_joint,wheel_right_joint,joint1,joint2,joint3,joint4,gripper,0.007669905200600624,0.0,-0.0015339808305725455,-1.5493206977844238,1.2333205938339233,0.5890486240386963,0.0,0.0,0.0,0.0,0.0,0.0,0.0,0.0,0.0,0.0,0.0,78.01000213623047,-325.4900207519531,-67.25,0.0
1780960509912443946,183304,1780960509895674762,base_link,wheel_left_joint,wheel_right_joint,joint1,joint2,joint3,joint4,gripper,0.007669905200600624,0.0015339809469878674,-0.0015339808305725455,-1.5493206977844238,1.2333205938339233,0.5890486240386963,0.0,0.0,0.01614716835319996,0.0,0.0,0.0,0.0,0.0,0.0,0.0,0.0,78.01000213623047,-322.8000183105469,-67.25,0.0
1780960510004330048,183305,1780960509929674762,base_link,wheel_left_joint,wheel_right_joint,joint1,joint2,joint3,joint4,gripper,0.006135923787951469,0.0015339809469878674,-0.0015339808305725455,-1.5493206977844238,1.2333205938339233,0.5890486240386963,0.0,-0.04511708766222,0.0,0.0,0.0,0.0,0.0,0.0,0.0,0.0,0.0,83.38999938964844,-322.8000183105469,-67.25,0.0
1780960510041304369,183306,1780960510026674762,base_link,wheel_left_joint,wheel_right_joint,joint1,joint2,joint3,joint4,gripper,0.007669905200600624,0.0,-0.0015339808305725455,-1.5493206977844238,1.2333205938339233,0.5890486240386963,0.0,0.01581423729658127,-0.01581423729658127,0.0,0.0,0.0,0.0,0.0,0.0,0.0,0.0,78.01000213623047,-325.4900207519531,-69.94000244140625,0.0
1780960510133190180,183307,1780960510060674762,base_link,wheel_left_joint,wheel_right_joint,joint1,joint2,joint3,joint4,gripper,0.007669905200600624,0.0015339809469878674,-0.0015339808305725455,-1.5493206977844238,1.2333205938339233,0.5890486240386963,0.0,0.0,0.04511708766222,0.0,0.0,0.0,0.0,0.0,0.0,0.0,0.0,78.01000213623047,-325.4900207519531,-69.94000244140625,0.0
1780960510172503460,183308,1780960510155674762,base_link,wheel_left_joint,wheel_right_joint,joint1,joint2,joint3,joint4,gripper,0.007669905200600624,0.0015339809469878674,-0.0015339808305725455,-1.5493206977844238,1.2333205938339233,0.5890486240386963,0.0,0.0,0.0,0.0,0.0,0.0,0.0,0.0,0.0,0.0,0.0,78.01000213623047,-325.4900207519531,-72.6300048828125,0.0
1780960510263134426,183309,1780960510189674762,base_link,wheel_left_joint,wheel_right_joint,joint1,joint2,joint3,joint4,gripper,0.007669905200600624,0.0015339809469878674,-0.0015339808305725455,-1.5508545637130737,1.2333205938339233,0.5890486240386963,0.0,0.0,0.0,0.0,0.0,0.0,0.0,0.0,0.0,0.0,0.0,78.01000213623047,-325.4900207519531,-67.25,0.0
1780960510299539314,183310,1780960510281674762,base_link,wheel_left_joint,wheel_right_joint,joint1,joint2,joint3,joint4,gripper,0.007669905200600624,0.0015339809469878674,-0.0015339808305725455,-1.5493206977844238,1.2333205938339233,0.5890486240386963,0.0,0.0,0.0,0.0,0.0,0.0,0.0,0.0,0.0,0.0,0.0,75.31999969482422,-325.4900207519531,-67.25,0.0
1780960510399910337,183311,1780960510315674762,base_link,wheel_left_joint,wheel_right_joint,joint1,joint2,joint3,joint4,gripper,0.007669905200600624,0.0,-0.0015339808305725455,-1.5493206977844238,1.2333205938339233,0.5890486240386963,0.0,0.0,-0.04511708766222,0.0,0.0,0.0,0.0,0.0,0.0,0.0,0.0,78.01000213623047,-325.4900207519531,-67.25,0.0
1780960510437797654,183312,1780960510411674762,base_link,wheel_left_joint,wheel_right_joint,joint1,joint2,joint3,joint4,gripper,0.007669905200600624,0.0,-0.0015339808305725455,-1.5493206977844238,1.2333205938339233,0.5890486240386963,0.0,0.0,0.0,0.0,0.0,0.0,0.0,0.0,0.0,0.0,0.0,78.01000213623047,-325.4900207519531,-67.25,0.0
1780960510532360082,183313,1780960510445674762,base_link,wheel_left_joint,wheel_right_joint,joint1,joint2,joint3,joint4,gripper,0.007669905200600624,0.0,-0.0015339808305725455,-1.5493206977844238,1.2333205938339233,0.5890486240386963,0.0,0.0,0.0,0.0,0.0,0.0,0.0,0.0,0.0,0.0,0.0,75.31999969482422,-325.4900207519531,-67.25,0.0
1780960510567560697,183314,1780960510543674762,base_link,wheel_left_joint,wheel_right_joint,joint1,joint2,joint3,joint4,gripper,0.007669905200600624,0.0,-0.0015339808305725455,-1.5493206977844238,1.2333205938339233,0.5890486240386963,0.0,0.0,0.0,0.0,0.0,0.0,0.0,0.0,0.0,0.0,0.0,78.01000213623047,-325.4900207519531,-67.25,0.0
1780960510663378549,183315,1780960510577674762,base_link,wheel_left_joint,wheel_right_joint,joint1,joint2,joint3,joint4,gripper,0.007669905200600624,0.0,-0.0015339808305725455,-1.5493206977844238,1.2333205938339233,0.5890486240386963,0.0,0.0,0.0,0.0,0.0,0.0,0.0,0.0,0.0,0.0,0.0,75.31999969482422,-325.4900207519531,-67.25,0.0
1780960510699977035,183316,1780960510673006284,base_link,wheel_left_joint,wheel_right_joint,joint1,joint2,joint3,joint4,gripper,0.007669905200600624,0.0,-0.0015339808305725455,-1.5493206977844238,1.2333205938339233,0.5890486240386963,0.0,0.0,0.0,0.0,0.0,0.0,0.0,0.0,0.0,0.0,0.0,78.01000213623047,-325.4900207519531,-67.25,0.0
1780960510795566849,183317,1780960510707006284,base_link,wheel_left_joint,wheel_right_joint,joint1,joint2,joint3,joint4,gripper,0.006135923787951469,0.0,-0.0015339808305725455,-1.5493206977844238,1.2333205938339233,0.5890486240386963,0.0,-0.04511708766222,0.0,0.0,0.0,0.0,0.0,0.0,0.0,0.0,0.0,75.31999969482422,-325.4900207519531,-67.25,0.0
1780960510824769708,183318,1780960510798006284,base_link,wheel_left_joint,wheel_right_joint,joint1,joint2,joint3,joint4,gripper,0.007669905200600624,0.0,-0.0015339808305725455,-1.5493206977844238,1.2333205938339233,0.5890486240386963,0.0,0.016856934875249863,0.0,0.0,0.0,0.0,0.0,0.0,0.0,0.0,0.0,75.31999969482422,-325.4900207519531,-67.25,0.0
1780960510915092303,183319,1780960510832006284,base_link,wheel_left_joint,wheel_right_joint,joint1,joint2,joint3,joint4,gripper,0.007669905200600624,0.0015339809469878674,-0.0015339808305725455,-1.5493206977844238,1.2333205938339233,0.5890486240386963,0.0,0.0,0.04511708766222,0.0,0.0,0.0,0.0,0.0,0.0,0.0,0.0,75.31999969482422,-325.4900207519531,-67.25,0.0
1780960510957234188,183320,1780960510933006284,base_link,wheel_left_joint,wheel_right_joint,joint1,joint2,joint3,joint4,gripper,0.007669905200600624,0.0015339809469878674,-0.0015339808305725455,-1.5493206977844238,1.2333205938339233,0.5890486240386963,0.0,0.0,0.0,0.0,0.0,0.0,0.0,0.0,0.0,0.0,0.0,75.31999969482422,-325.4900207519531,-67.25,0.0
1780960511049827609,183321,1780960510967006284,base_link,wheel_left_joint,wheel_right_joint,joint1,joint2,joint3,joint4,gripper,0.007669905200600624,0.0015339809469878674,-0.0015339808305725455,-1.5493206977844238,1.2333205938339233,0.5890486240386963,0.0,0.0,0.0,0.0,0.0,0.0,0.0,0.0,0.0,0.0,0.0,78.01000213623047,-325.4900207519531,-67.25,0.0
1780960511091293148,183322,1780960511065006284,base_link,wheel_left_joint,wheel_right_joint,joint1,joint2,joint3,joint4,gripper,0.007669905200600624,0.0,-0.0015339808305725455,-1.5493206977844238,1.2333205938339233,0.5890486240386963,0.0,0.0,-0.015652867034077644,0.0,0.0,0.0,0.0,0.0,0.0,0.0,0.0,78.01000213623047,-322.8000183105469,-67.25,0.0
1780960511186985873,183323,1780960511099006284,base_link,wheel_left_joint,wheel_right_joint,joint1,joint2,joint3,joint4,gripper,0.007669905200600624,0.0,-0.0015339808305725455,-1.5493206977844238,1.2333205938339233,0.5890486240386963,0.0,0.0,0.0,0.0,0.0,0.0,0.0,0.0,0.0,0.0,0.0,78.01000213623047,-325.4900207519531,-69.94000244140625,0.0
1780960511226511966,183324,1780960511196006284,base_link,wheel_left_joint,wheel_right_joint,joint1,joint2,joint3,joint4,gripper,0.007669905200600624,0.0,-0.0015339808305725455,-1.5493206977844238,1.2333205938339233,0.5905826091766357,0.0,0.0,0.0,0.0,0.0,0.0,0.0,0.0,0.0,0.0,0.0,78.01000213623047,-322.8000183105469,-67.25,0.0
1780960511320539461,183325,1780960511230006284,base_link,wheel_left_joint,wheel_right_joint,joint1,joint2,joint3,joint4,gripper,0.007669905200600624,0.0015339809469878674,-0.0015339808305725455,-1.5493206977844238,1.2333205938339233,0.5890486240386963,0.0,0.0,0.04511708766222,0.0,0.0,0.0,0.0,0.0,0.0,0.0,0.0,78.01000213623047,-325.4900207519531,-67.25,0.0
1780960511367057030,183326,1780960511334006284,base_link,wheel_left_joint,wheel_right_joint,joint1,joint2,joint3,joint4,gripper,0.007669905200600624,0.0,-0.0015339808305725455,-1.5493206977844238,1.2333205938339233,0.5890486240386963,0.0,0.0,-0.014749817550182343,0.0,0.0,0.0,0.0,0.0,0.0,0.0,0.0,75.31999969482422,-328.17999267578125,-67.25,0.0
1780960511469895977,183327,1780960511368006284,base_link,wheel_left_joint,wheel_right_joint,joint1,joint2,joint3,joint4,gripper,0.007669905200600624,0.0,-0.0015339808305725455,-1.5493206977844238,1.2333205938339233,0.5890486240386963,0.0,0.0,0.0,0.0,0.0,0.0,0.0,0.0,0.0,0.0,0.0,75.31999969482422,-325.4900207519531,-67.25,0.0
1780960511498851085,183328,1780960511469006284,base_link,wheel_left_joint,wheel_right_joint,joint1,joint2,joint3,joint4,gripper,0.007669905200600624,0.0,-0.0015339808305725455,-1.5493206977844238,1.2333205938339233,0.5890486240386963,0.0,0.0,0.0,0.0,0.0,0.0,0.0,0.0,0.0,0.0,0.0,78.01000213623047,-325.4900207519531,-67.25,0.0
1780960511595852846,183329,1780960511503006284,base_link,wheel_left_joint,wheel_right_joint,joint1,joint2,joint3,joint4,gripper,0.007669905200600624,0.0,-0.0015339808305725455,-1.5493206977844238,1.2333205938339233,0.5890486240386963,0.0,0.0,0.0,0.0,0.0,0.0,0.0,0.0,0.0,0.0,0.0,78.01000213623047,-325.4900207519531,-67.25,0.0
1780960511631302866,183330,1780960511603006284,base_link,wheel_left_joint,wheel_right_joint,joint1,joint2,joint3,joint4,gripper,0.007669905200600624,0.0,-0.0015339808305725455,-1.5493206977844238,1.2333205938339233,0.5890486240386963,0.0,0.0,0.0,0.0,0.0,0.0,0.0,0.0,0.0,0.0,0.0,80.70000457763672,-325.4900207519531,-67.25,0.0
1780960511725415193,183331,1780960511637006284,base_link,wheel_left_joint,wheel_right_joint,joint1,joint2,joint3,joint4,gripper,0.007669905200600624,0.0,-0.0015339808305725455,-1.5493206977844238,1.2333205938339233,0.5890486240386963,0.0,0.0,0.0,0.0,0.0,0.0,0.0,0.0,0.0,0.0,0.0,78.01000213623047,-325.4900207519531,-67.25,0.0
1780960511762928055,183332,1780960511737006284,base_link,wheel_left_joint,wheel_right_joint,joint1,joint2,joint3,joint4,gripper,0.007669905200600624,0.0,-0.0015339808305725455,-1.5493206977844238,1.2333205938339233,0.5890486240386963,0.0,0.0,0.0,0.0,0.0,0.0,0.0,0.0,0.0,0.0,0.0,78.01000213623047,-325.4900207519531,-67.25,0.0
1780960511858821934,183333,1780960511771006284,base_link,wheel_left_joint,wheel_right_joint,joint1,joint2,joint3,joint4,gripper,0.007669905200600624,0.0,-0.0015339808305725455,-1.5493206977844238,1.2333205938339233,0.5890486240386963,0.0,0.0,0.0,0.0,0.0,0.0,0.0,0.0,0.0,0.0,0.0,75.31999969482422,-325.4900207519531,-67.25,0.0
1780960511894623828,183334,1780960511865006284,base_link,wheel_left_joint,wheel_right_joint,joint1,joint2,joint3,joint4,gripper,0.007669905200600624,0.0,-0.0015339808305725455,-1.5493206977844238,1.2333205938339233,0.5890486240386963,0.0,0.0,0.0,0.0,0.0,0.0,0.0,0.0,0.0,0.0,0.0,78.01000213623047,-325.4900207519531,-67.25,0.0
1780960511991511621,183335,1780960511899006284,base_link,wheel_left_joint,wheel_right_joint,joint1,joint2,joint3,joint4,gripper,0.007669905200600624,0.0,-0.0015339808305725455,-1.5493206977844238,1.2333205938339233,0.5890486240386963,0.0,0.0,0.0,0.0,0.0,0.0,0.0,0.0,0.0,0.0,0.0,78.01000213623047,-325.4900207519531,-67.25,0.0
1780960512028626400,183336,1780960512002006284,base_link,wheel_left_joint,wheel_right_joint,joint1,joint2,joint3,joint4,gripper,0.007669905200600624,0.0,-0.0015339808305725455,-1.5493206977844238,1.2333205938339233,0.5890486240386963,0.0,0.0,0.0,0.0,0.0,0.0,0.0,0.0,0.0,0.0,0.0,78.01000213623047,-325.4900207519531,-67.25,0.0
1780960512127458790,183337,1780960512036006284,base_link,wheel_left_joint,wheel_right_joint,joint1,joint2,joint3,joint4,gripper,0.007669905200600624,0.0015339809469878674,-0.0015339808305725455,-1.5493206977844238,1.2333205938339233,0.5890486240386963,0.0,0.0,0.04511708766222,0.0,0.0,0.0,0.0,0.0,0.0,0.0,0.0,78.01000213623047,-325.4900207519531,-67.25,0.0
1780960512164397432,183338,1780960512135006284,base_link,wheel_left_joint,wheel_right_joint,joint1,joint2,joint3,joint4,gripper,0.007669905200600624,0.0015339809469878674,-0.0015339808305725455,-1.5493206977844238,1.2333205938339233,0.5890486240386963,0.0,0.0,0.0,0.0,0.0,0.0,0.0,0.0,0.0,0.0,0.0,78.01000213623047,-322.8000183105469,-67.25,0.0
1780960512259222366,183339,1780960512169006284,base_link,wheel_left_joint,wheel_right_joint,joint1,joint2,joint3,joint4,gripper,0.007669905200600624,0.0,-0.0015339808305725455,-1.5493206977844238,1.2333205938339233,0.5890486240386963,0.0,0.0,-0.04511708766222,0.0,0.0,0.0,0.0,0.0,0.0,0.0,0.0,78.01000213623047,-325.4900207519531,-67.25,0.0
1780960512294905799,183340,1780960512270006284,base_link,wheel_left_joint,wheel_right_joint,joint1,joint2,joint3,joint4,gripper,0.007669905200600624,0.0,-0.0015339808305725455,-1.5493206977844238,1.2333205938339233,0.5890486240386963,0.0,0.0,0.0,0.0,0.0,0.0,0.0,0.0,0.0,0.0,0.0,78.01000213623047,-322.8000183105469,-67.25,0.0
1780960512390519323,183341,1780960512304006284,base_link,wheel_left_joint,wheel_right_joint,joint1,joint2,joint3,joint4,gripper,0.007669905200600624,0.0,-0.0015339808305725455,-1.5493206977844238,1.2333205938339233,0.5890486240386963,0.0,0.0,0.0,0.0,0.0,0.0,0.0,0.0,0.0,0.0,0.0,78.01000213623047,-325.4900207519531,-67.25,0.0
1780960512430595449,183342,1780960512400006284,base_link,wheel_left_joint,wheel_right_joint,joint1,joint2,joint3,joint4,gripper,0.007669905200600624,0.0,-0.0015339808305725455,-1.5493206977844238,1.2333205938339233,0.5890486240386963,0.0,0.0,0.0,0.0,0.0,0.0,0.0,0.0,0.0,0.0,0.0,78.01000213623047,-322.8000183105469,-67.25,0.0
1780960512527702329,183343,1780960512434006284,base_link,wheel_left_joint,wheel_right_joint,joint1,joint2,joint3,joint4,gripper,0.007669905200600624,0.0015339809469878674,-0.0015339808305725455,-1.5493206977844238,1.2333205938339233,0.5890486240386963,0.0,0.0,0.04511708766222,0.0,0.0,0.0,0.0,0.0,0.0,0.0,0.0,75.31999969482422,-325.4900207519531,-67.25,0.0
1780960512562735182,183344,1780960512540006284,base_link,wheel_left_joint,wheel_right_joint,joint1,joint2,joint3,joint4,gripper,0.007669905200600624,0.0015339809469878674,-0.0015339808305725455,-1.5493206977844238,1.2333205938339233,0.5890486240386963,0.0,0.0,0.0,0.0,0.0,0.0,0.0,0.0,0.0,0.0,0.0,78.01000213623047,-325.4900207519531,-67.25,0.0
1780960512645511745,183345,1780960512572006284,base_link,wheel_left_joint,wheel_right_joint,joint1,joint2,joint3,joint4,gripper,0.007669905200600624,0.0,-0.0015339808305725455,-1.5493206977844238,1.2333205938339233,0.5890486240386963,0.0,0.0,-0.047936905175447464,0.0,0.0,0.0,0.0,0.0,0.0,0.0,0.0,78.01000213623047,-325.4900207519531,-67.25,0.0
1780960512696342053,183346,1780960512664006284,base_link,wheel_left_joint,wheel_right_joint,joint1,joint2,joint3,joint4,gripper,0.007669905200600624,0.0,-0.0015339808305725455,-1.5493206977844238,1.2333205938339233,0.5890486240386963,0.0,0.0,0.0,0.0,0.0,0.0,0.0,0.0,0.0,0.0,0.0,78.01000213623047,-325.4900207519531,-67.25,0.0
1780960512798826011,183347,1780960512698006284,base_link,wheel_left_joint,wheel_right_joint,joint1,joint2,joint3,joint4,gripper,0.007669905200600624,0.0,-0.0015339808305725455,-1.5493206977844238,1.2333205938339233,0.5890486240386963,0.0,0.0,0.0,0.0,0.0,0.0,0.0,0.0,0.0,0.0,0.0,78.01000213623047,-325.4900207519531,-67.25,0.0
1780960512817356411,183348,1780960512795006284,base_link,wheel_left_joint,wheel_right_joint,joint1,joint2,joint3,joint4,gripper,0.007669905200600624,0.0,-0.0015339808305725455,-1.5493206977844238,1.2333205938339233,0.5890486240386963,0.0,0.0,0.0,0.0,0.0,0.0,0.0,0.0,0.0,0.0,0.0,78.01000213623047,-322.8000183105469,-67.25,0.0
1780960512875443147,183349,1780960512829006284,base_link,wheel_left_joint,wheel_right_joint,joint1,joint2,joint3,joint4,gripper,0.007669905200600624,0.0,-0.0015339808305725455,-1.5493206977844238,1.2333205938339233,0.5890486240386963,0.0,0.0,0.0,0.0,0.0,0.0,0.0,0.0,0.0,0.0,0.0,78.01000213623047,-325.4900207519531,-67.25,0.0
1780960512902508328,183350,1780960512909006284,base_link,wheel_left_joint,wheel_right_joint,joint1,joint2,joint3,joint4,gripper,0.007669905200600624,0.0,-0.0015339808305725455,-1.5493206977844238,1.2333205938339233,0.5890486240386963,0.0,0.0,0.0,0.0,0.0,0.0,0.0,0.0,0.0,0.0,0.0,78.01000213623047,-325.4900207519531,-67.25,0.0
1780960513018684760,183351,1780960512943006284,base_link,wheel_left_joint,wheel_right_joint,joint1,joint2,joint3,joint4,gripper,0.007669905200600624,0.0,-0.0015339808305725455,-1.5493206977844238,1.2333205938339233,0.5890486240386963,0.0,0.0,0.0,0.0,0.0,0.0,0.0,0.0,0.0,0.0,0.0,78.01000213623047,-322.8000183105469,-67.25,0.0
1780960513066449929,183352,1780960513007006284,base_link,wheel_left_joint,wheel_right_joint,joint1,joint2,joint3,joint4,gripper,0.007669905200600624,0.0015339809469878674,-0.0015339808305725455,-1.5493206977844238,1.2333205938339233,0.5890486240386963,0.0,0.0,0.023968452587723732,0.0,0.0,0.0,0.0,0.0,0.0,0.0,0.0,75.31999969482422,-322.8000183105469,-67.25,0.0
1780960513212068467,183353,1780960513169006284,base_link,wheel_left_joint,wheel_right_joint,joint1,joint2,joint3,joint4,gripper,0.007669905200600624,0.0,-0.0015339808305725455,-1.5493206977844238,1.2333205938339233,0.5890486240386963,0.0,0.0,0.0,0.0,0.0,0.0,0.0,0.0,0.0,0.0,0.0,78.01000213623047,-325.4900207519531,-67.25,0.0
1780960513264355734,183354,1780960513182006284,base_link,wheel_left_joint,wheel_right_joint,joint1,joint2,joint3,joint4,gripper,0.007669905200600624,0.0,-0.0015339808305725455,-1.5493206977844238,1.2333205938339233,0.5890486240386963,0.0,0.0,0.0,0.0,0.0,0.0,0.0,0.0,0.0,0.0,0.0,78.01000213623047,-325.4900207519531,-67.25,0.0
1780960513370193469,183355,1780960513424696504,base_link,wheel_left_joint,wheel_right_joint,joint1,joint2,joint3,joint4,gripper,0.007669905200600624,0.0,-0.0015339808305725455,-1.5493206977844238,1.2333205938339233,0.5890486240386963,0.0,0.0,0.0,0.0,0.0,0.0,0.0,0.0,0.0,0.0,0.0,78.01000213623047,-325.4900207519531,-67.25,0.0
1780960513452222479,183356,1780960513447696504,base_link,wheel_left_joint,wheel_right_joint,joint1,joint2,joint3,joint4,gripper,0.007669905200600624,0.0,-0.0015339808305725455,-1.5493206977844238,1.2333205938339233,0.5890486240386963,0.0,0.0,0.0,0.0,0.0,0.0,0.0,0.0,0.0,0.0,0.0,78.01000213623047,-322.8000183105469,-67.25,0.0
1780960513531142697,183357,1780960513593696504,base_link,wheel_left_joint,wheel_right_joint,joint1,joint2,joint3,joint4,gripper,0.007669905200600624,0.0,-0.0015339808305725455,-1.5493206977844238,1.2333205938339233,0.5890486240386963,0.0,0.0,0.0,0.0,0.0,0.0,0.0,0.0,0.0,0.0,0.0,78.01000213623047,-325.4900207519531,-67.25,0.0
1780960513579009927,183358,1780960513600696504,base_link,wheel_left_joint,wheel_right_joint,joint1,joint2,joint3,joint4,gripper,0.007669905200600624,0.0015339809469878674,-0.0015339808305725455,-1.5493206977844238,1.2348545789718628,0.5890486240386963,0.0,0.0,0.21914014220237732,0.0,0.0,0.0,0.0,0.0,0.0,0.0,0.0,78.01000213623047,-325.4900207519531,-67.25,0.0
1780960513684137034,183359,1780960513735696504,base_link,wheel_left_joint,wheel_right_joint,joint1,joint2,joint3,joint4,gripper,0.007669905200600624,0.0,-0.0015339808305725455,-1.5493206977844238,1.2333205938339233,0.5890486240386963,0.0,0.0,-0.01136282179504633,0.0,0.0,0.0,0.0,0.0,0.0,0.0,0.0,78.01000213623047,-325.4900207519531,-67.25,0.0
1780960513716398830,183360,1780960513767696504,base_link,wheel_left_joint,wheel_right_joint,joint1,joint2,joint3,joint4,gripper,0.007669905200600624,0.0,-0.0015339808305725455,-1.5493206977844238,1.2333205938339233,0.5890486240386963,0.0,0.0,0.0,0.0,0.0,0.0,0.0,0.0,0.0,0.0,0.0,78.01000213623047,-325.4900207519531,-67.25,0.0
1780960513860909308,183361,1780960513914696504,base_link,wheel_left_joint,wheel_right_joint,joint1,joint2,joint3,joint4,gripper,0.007669905200600624,0.0,-0.0015339808305725455,-1.5493206977844238,1.2333205938339233,0.5890486240386963,0.0,0.0,-0.013575052842497826,0.0,0.0,0.0,0.0,0.0,0.0,0.0,0.0,78.01000213623047,-325.4900207519531,-67.25,0.0
1780960513969778115,183362,1780960513948696504,base_link,wheel_left_joint,wheel_right_joint,joint1,joint2,joint3,joint4,gripper,0.007669905200600624,0.0,-0.0015339808305725455,-1.5493206977844238,1.2333205938339233,0.5890486240386963,0.0,0.0,0.0,0.0,0.0,0.0,0.0,0.0,0.0,0.0,0.0,78.01000213623047,-325.4900207519531,-67.25,0.0
1780960514009546093,183363,1780960514068696504,base_link,wheel_left_joint,wheel_right_joint,joint1,joint2,joint3,joint4,gripper,0.007669905200600624,0.0,-0.0015339808305725455,-1.5493206977844238,1.2333205938339233,0.5890486240386963,0.0,0.0,0.0,0.0,0.0,0.0,0.0,0.0,0.0,0.0,0.0,78.01000213623047,-322.8000183105469,-69.94000244140625,0.0
1780960514099025252,183364,1780960514092696504,base_link,wheel_left_joint,wheel_right_joint,joint1,joint2,joint3,joint4,gripper,0.007669905200600624,0.0,-0.0015339808305725455,-1.5493206977844238,1.2333205938339233,0.5890486240386963,0.0,0.0,0.0,0.0,0.0,0.0,0.0,0.0,0.0,0.0,0.0,75.31999969482422,-325.4900207519531,-67.25,0.0
1780960514197067684,183365,1780960514234696504,base_link,wheel_left_joint,wheel_right_joint,joint1,joint2,joint3,joint4,gripper,0.007669905200600624,0.0,-0.0015339808305725455,-1.5493206977844238,1.2333205938339233,0.5890486240386963,0.0,0.0,0.0,0.0,0.0,0.0,0.0,0.0,0.0,0.0,0.0,78.01000213623047,-325.4900207519531,-67.25,0.0
1780960514269700863,183366,1780960514254696504,base_link,wheel_left_joint,wheel_right_joint,joint1,joint2,joint3,joint4,gripper,0.007669905200600624,0.0,-0.0015339808305725455,-1.5493206977844238,1.2333205938339233,0.5890486240386963,0.0,0.0,0.0,0.0,0.0,0.0,0.0,0.0,0.0,0.0,0.0,78.01000213623047,-325.4900207519531,-67.25,0.0
1780960514314105272,183367,1780960514369696504,base_link,wheel_left_joint,wheel_right_joint,joint1,joint2,joint3,joint4,gripper,0.007669905200600624,0.0,-0.0015339808305725455,-1.5493206977844238,1.2333205938339233,0.5890486240386963,0.0,0.0,0.0,0.0,0.0,0.0,0.0,0.0,0.0,0.0,0.0,75.31999969482422,-325.4900207519531,-67.25,0.0
1780960514370622505,183368,1780960514401696504,base_link,wheel_left_joint,wheel_right_joint,joint1,joint2,joint3,joint4,gripper,0.007669905200600624,0.0,-0.0015339808305725455,-1.5493206977844238,1.2333205938339233,0.5890486240386963,0.0,0.0,0.0,0.0,0.0,0.0,0.0,0.0,0.0,0.0,0.0,75.31999969482422,-322.8000183105469,-69.94000244140625,0.0
1780960514443000602,183369,1780960514526696504,base_link,wheel_left_joint,wheel_right_joint,joint1,joint2,joint3,joint4,gripper,0.007669905200600624,0.0,-0.0015339808305725455,-1.5493206977844238,1.2333205938339233,0.5890486240386963,0.0,0.0,0.0,0.0,0.0,0.0,0.0,0.0,0.0,0.0,0.0,78.01000213623047,-328.17999267578125,-69.94000244140625,0.0
1780960514547084071,183370,1780960514560696504,base_link,wheel_left_joint,wheel_right_joint,joint1,joint2,joint3,joint4,gripper,0.007669905200600624,0.0,-0.0015339808305725455,-1.5493206977844238,1.2333205938339233,0.5890486240386963,0.0,0.0,0.0,0.0,0.0,0.0,0.0,0.0,0.0,0.0,0.0,78.01000213623047,-325.4900207519531,-67.25,0.0
1780960514599542068,183371,1780960514653696504,base_link,wheel_left_joint,wheel_right_joint,joint1,joint2,joint3,joint4,gripper,0.007669905200600624,0.0,-0.0015339808305725455,-1.5493206977844238,1.2333205938339233,0.5890486240386963,0.0,0.0,0.0,0.0,0.0,0.0,0.0,0.0,0.0,0.0,0.0,78.01000213623047,-325.4900207519531,-67.25,0.0
1780960514705886715,183372,1780960514687696504,base_link,wheel_left_joint,wheel_right_joint,joint1,joint2,joint3,joint4,gripper,0.007669905200600624,0.0015339809469878674,-0.0015339808305725455,-1.5493206977844238,1.2348545789718628,0.5890486240386963,0.0,0.0,0.04511708766222,0.0,0.0,0.0,0.0,0.0,0.0,0.0,0.0,75.31999969482422,-325.4900207519531,-69.94000244140625,0.0
1780960514741025195,183373,1780960514808696504,base_link,wheel_left_joint,wheel_right_joint,joint1,joint2,joint3,joint4,gripper,0.007669905200600624,0.0,-0.0015339808305725455,-1.5493206977844238,1.2333205938339233,0.5890486240386963,0.0,0.0,-0.012677528895437717,0.0,0.0,0.0,0.0,0.0,0.0,0.0,0.0,78.01000213623047,-325.4900207519531,-67.25,0.0
1780960514807996098,183374,1780960514830696504,base_link,wheel_left_joint,wheel_right_joint,joint1,joint2,joint3,joint4,gripper,0.007669905200600624,0.0,-0.0015339808305725455,-1.5493206977844238,1.2333205938339233,0.5890486240386963,0.0,0.0,0.0,0.0,0.0,0.0,0.0,0.0,0.0,0.0,0.0,78.01000213623047,-322.8000183105469,-67.25,0.0
1780960514869856949,183375,1780960514955696504,base_link,wheel_left_joint,wheel_right_joint,joint1,joint2,joint3,joint4,gripper,0.007669905200600624,0.0,-0.0015339808305725455,-1.5493206977844238,1.2333205938339233,0.5890486240386963,0.0,0.0,0.0,0.0,0.0,0.0,0.0,0.0,0.0,0.0,0.0,78.01000213623047,-325.4900207519531,-69.94000244140625,0.0
1780960514973390582,183376,1780960514989696504,base_link,wheel_left_joint,wheel_right_joint,joint1,joint2,joint3,joint4,gripper,0.007669905200600624,0.0,-0.0015339808305725455,-1.5493206977844238,1.2333205938339233,0.5890486240386963,0.0,0.0,0.0,0.0,0.0,0.0,0.0,0.0,0.0,0.0,0.0,78.01000213623047,-325.4900207519531,-67.25,0.0
1780960515031692197,183377,1780960515085696504,base_link,wheel_left_joint,wheel_right_joint,joint1,joint2,joint3,joint4,gripper,0.007669905200600624,0.0,-0.0015339808305725455,-1.5493206977844238,1.2348545789718628,0.5890486240386963,0.0,0.0,0.0,0.0,0.0,0.0,0.0,0.0,0.0,0.0,0.0,78.01000213623047,-325.4900207519531,-67.25,0.0
1780960515146817924,183378,1780960515119696504,base_link,wheel_left_joint,wheel_right_joint,joint1,joint2,joint3,joint4,gripper,0.007669905200600624,0.0,-0.0015339808305725455,-1.5493206977844238,1.2333205938339233,0.5890486240386963,0.0,0.0,0.0,0.0,0.0,0.0,0.0,0.0,0.0,0.0,0.0,75.31999969482422,-322.8000183105469,-67.25,0.0
1780960515179679418,183379,1780960515242696504,base_link,wheel_left_joint,wheel_right_joint,joint1,joint2,joint3,joint4,gripper,0.007669905200600624,0.0015339809469878674,-0.0015339808305725455,-1.5493206977844238,1.2333205938339233,0.5890486240386963,0.0,0.0,0.012471389956772327,0.0,0.0,0.0,0.0,0.0,0.0,0.0,0.0,75.31999969482422,-322.8000183105469,-67.25,0.0
1780960515239334747,183380,1780960515262696504,base_link,wheel_left_joint,wheel_right_joint,joint1,joint2,joint3,joint4,gripper,0.007669905200600624,0.0,-0.0015339808305725455,-1.5493206977844238,1.2333205938339233,0.5890486240386963,0.0,0.0,-0.07669904828071594,0.0,0.0,0.0,0.0,0.0,0.0,0.0,0.0,75.31999969482422,-322.8000183105469,-69.94000244140625,0.0
1780960515326644577,183381,1780960515387696504,base_link,wheel_left_joint,wheel_right_joint,joint1,joint2,joint3,joint4,gripper,0.007669905200600624,0.0,-0.0015339808305725455,-1.5493206977844238,1.2333205938339233,0.5890486240386963,0.0,0.0,0.0,0.0,0.0,0.0,0.0,0.0,0.0,0.0,0.0,78.01000213623047,-325.4900207519531,-69.94000244140625,0.0
1780960515443031676,183382,1780960515421696504,base_link,wheel_left_joint,wheel_right_joint,joint1,joint2,joint3,joint4,gripper,0.007669905200600624,0.0,-0.0015339808305725455,-1.5493206977844238,1.2333205938339233,0.5890486240386963,0.0,0.0,0.0,0.0,0.0,0.0,0.0,0.0,0.0,0.0,0.0,78.01000213623047,-325.4900207519531,-67.25,0.0
1780960515478972719,183383,1780960515522696504,base_link,wheel_left_joint,wheel_right_joint,joint1,joint2,joint3,joint4,gripper,0.007669905200600624,0.0,-0.0015339808305725455,-1.5493206977844238,1.2333205938339233,0.5890486240386963,0.0,0.0,0.0,0.0,0.0,0.0,0.0,0.0,0.0,0.0,0.0,83.38999938964844,-325.4900207519531,-67.25,0.0
1780960515576913475,183384,1780960515556696504,base_link,wheel_left_joint,wheel_right_joint,joint1,joint2,joint3,joint4,gripper,0.007669905200600624,0.0,-0.0015339808305725455,-1.5493206977844238,1.2333205938339233,0.5890486240386963,0.0,0.0,0.0,0.0,0.0,0.0,0.0,0.0,0.0,0.0,0.0,78.01000213623047,-325.4900207519531,-69.94000244140625,0.0
1780960515614812744,183385,1780960515686696504,base_link,wheel_left_joint,wheel_right_joint,joint1,joint2,joint3,joint4,gripper,0.007669905200600624,0.0,-0.0015339808305725455,-1.5493206977844238,1.2333205938339233,0.5890486240386963,0.0,0.0,0.0,0.0,0.0,0.0,0.0,0.0,0.0,0.0,0.0,78.01000213623047,-322.8000183105469,-67.25,0.0
1780960515713551703,183386,1780960515720696504,base_link,wheel_left_joint,wheel_right_joint,joint1,joint2,joint3,joint4,gripper,0.007669905200600624,0.0015339809469878674,-0.0015339808305725455,-1.5493206977844238,1.2333205938339233,0.5890486240386963,0.0,0.0,0.04511708766222,0.0,0.0,0.0,0.0,0.0,0.0,0.0,0.0,75.31999969482422,-325.4900207519531,-67.25,0.0
1780960515762570023,183387,1780960515729886146,base_link,wheel_left_joint,wheel_right_joint,joint1,joint2,joint3,joint4,gripper,0.007669905200600624,0.0,-0.0015339808305725455,-1.5493206977844238,1.2333205938339233,0.5890486240386963,0.0,0.0,-0.014073220081627369,0.0,0.0,0.0,0.0,0.0,0.0,0.0,0.0,78.01000213623047,-325.4900207519531,-67.25,0.0
1780960515868557158,183388,1780960515763886146,base_link,wheel_left_joint,wheel_right_joint,joint1,joint2,joint3,joint4,gripper,0.007669905200600624,0.0,-0.0015339808305725455,-1.5493206977844238,1.2333205938339233,0.5890486240386963,0.0,0.0,0.0,0.0,0.0,0.0,0.0,0.0,0.0,0.0,0.0,78.01000213623047,-325.4900207519531,-67.25,0.0
1780960515900453212,183389,1780960515873886146,base_link,wheel_left_joint,wheel_right_joint,joint1,joint2,joint3,joint4,gripper,0.007669905200600624,0.0015339809469878674,-0.0015339808305725455,-1.5493206977844238,1.2333205938339233,0.5890486240386963,0.0,0.0,0.013945281505584717,0.0,0.0,0.0,0.0,0.0,0.0,0.0,0.0,78.01000213623047,-322.8000183105469,-67.25,0.0
1780960515997913629,183390,1780960515907886146,base_link,wheel_left_joint,wheel_right_joint,joint1,joint2,joint3,joint4,gripper,0.007669905200600624,0.0,-0.0015339808305725455,-1.5493206977844238,1.2333205938339233,0.5890486240386963,0.0,0.0,-0.04511708766222,0.0,0.0,0.0,0.0,0.0,0.0,0.0,0.0,78.01000213623047,-322.8000183105469,-67.25,0.0
1780960516035748166,183391,1780960516007886146,base_link,wheel_left_joint,wheel_right_joint,joint1,joint2,joint3,joint4,gripper,0.007669905200600624,0.0,-0.0015339808305725455,-1.5493206977844238,1.2333205938339233,0.5890486240386963,0.0,0.0,0.0,0.0,0.0,0.0,0.0,0.0,0.0,0.0,0.0,75.31999969482422,-325.4900207519531,-67.25,0.0
1780960516100027739,183392,1780960516041886146,base_link,wheel_left_joint,wheel_right_joint,joint1,joint2,joint3,joint4,gripper,0.007669905200600624,0.0,-0.0015339808305725455,-1.5493206977844238,1.2333205938339233,0.5890486240386963,0.0,0.0,0.0,0.0,0.0,0.0,0.0,0.0,0.0,0.0,0.0,75.31999969482422,-325.4900207519531,-67.25,0.0
1780960516116420542,183393,1780960516130886146,base_link,wheel_left_joint,wheel_right_joint,joint1,joint2,joint3,joint4,gripper,0.007669905200600624,0.0015339809469878674,-0.0015339808305725455,-1.5493206977844238,1.2333205938339233,0.5890486240386963,0.0,0.0,0.017235741019248962,0.0,0.0,0.0,0.0,0.0,0.0,0.0,0.0,75.31999969482422,-325.4900207519531,-67.25,0.0
1780960516176890170,183394,1780960516164886146,base_link,wheel_left_joint,wheel_right_joint,joint1,joint2,joint3,joint4,gripper,0.007669905200600624,0.0,-0.0015339808305725455,-1.5493206977844238,1.2333205938339233,0.5890486240386963,0.0,0.0,-0.04511708766222,0.0,0.0,0.0,0.0,0.0,0.0,0.0,0.0,78.01000213623047,-322.8000183105469,-69.94000244140625,0.0
1780960516225592301,183395,1780960516211886146,base_link,wheel_left_joint,wheel_right_joint,joint1,joint2,joint3,joint4,gripper,0.007669905200600624,0.0,-0.0015339808305725455,-1.5508545637130737,1.2333205938339233,0.5890486240386963,0.0,0.0,0.0,0.0,0.0,0.0,0.0,0.0,0.0,0.0,0.0,78.01000213623047,-322.8000183105469,-67.25,0.0
1780960516321716190,183396,1780960516245886146,base_link,wheel_left_joint,wheel_right_joint,joint1,joint2,joint3,joint4,gripper,0.007669905200600624,0.0,-0.0015339808305725455,-1.5493206977844238,1.2333205938339233,0.5890486240386963,0.0,0.0,0.0,0.0,0.0,0.0,0.0,0.0,0.0,0.0,0.0,78.01000213623047,-322.8000183105469,-67.25,0.0
1780960516359423109,183397,1780960516329886146,base_link,wheel_left_joint,wheel_right_joint,joint1,joint2,joint3,joint4,gripper,0.007669905200600624,0.0,-0.0015339808305725455,-1.5493206977844238,1.2333205938339233,0.5890486240386963,0.0,0.0,0.0,0.0,0.0,0.0,0.0,0.0,0.0,0.0,0.0,78.01000213623047,-322.8000183105469,-67.25,0.0
1780960516458938351,183398,1780960516363886146,base_link,wheel_left_joint,wheel_right_joint,joint1,joint2,joint3,joint4,gripper,0.007669905200600624,0.0015339809469878674,-0.0015339808305725455,-1.5493206977844238,1.2333205938339233,0.5890486240386963,0.0,0.0,0.04511708766222,0.0,0.0,0.0,0.0,0.0,0.0,0.0,0.0,78.01000213623047,-322.8000183105469,-67.25,0.0
1780960516487061581,183399,1780960516458886146,base_link,wheel_left_joint,wheel_right_joint,joint1,joint2,joint3,joint4,gripper,0.007669905200600624,0.0015339809469878674,-0.0015339808305725455,-1.5493206977844238,1.2333205938339233,0.5890486240386963,0.0,0.0,0.0,0.0,0.0,0.0,0.0,0.0,0.0,0.0,0.0,78.01000213623047,-325.4900207519531,-67.25,0.0
1780960516582637518,183400,1780960516492886146,base_link,wheel_left_joint,wheel_right_joint,joint1,joint2,joint3,joint4,gripper,0.007669905200600624,0.0015339809469878674,-0.0015339808305725455,-1.5493206977844238,1.2333205938339233,0.5890486240386963,0.0,0.0,0.0,0.0,0.0,0.0,0.0,0.0,0.0,0.0,0.0,83.38999938964844,-322.8000183105469,-67.25,0.0
1780960516624187252,183401,1780960516598886146,base_link,wheel_left_joint,wheel_right_joint,joint1,joint2,joint3,joint4,gripper,0.007669905200600624,0.0,-0.0015339808305725455,-1.5493206977844238,1.2333205938339233,0.5890486240386963,0.0,0.0,-0.01447151880711317,0.0,0.0,0.0,0.0,0.0,0.0,0.0,0.0,78.01000213623047,-322.8000183105469,-67.25,0.0
1780960516725757818,183402,1780960516632886146,base_link,wheel_left_joint,wheel_right_joint,joint1,joint2,joint3,joint4,gripper,0.007669905200600624,0.0,-0.0015339808305725455,-1.5493206977844238,1.2333205938339233,0.5890486240386963,0.0,0.0,0.0,0.0,0.0,0.0,0.0,0.0,0.0,0.0,0.0,78.01000213623047,-325.4900207519531,-67.25,0.0
1780960516762838958,183403,1780960516733886146,base_link,wheel_left_joint,wheel_right_joint,joint1,joint2,joint3,joint4,gripper,0.007669905200600624,0.0,-0.0015339808305725455,-1.5493206977844238,1.2333205938339233,0.5890486240386963,0.0,0.0,0.0,0.0,0.0,0.0,0.0,0.0,0.0,0.0,0.0,78.01000213623047,-322.8000183105469,-67.25,0.0
1780960516857770718,183404,1780960516767886146,base_link,wheel_left_joint,wheel_right_joint,joint1,joint2,joint3,joint4,gripper,0.007669905200600624,0.0,-0.0015339808305725455,-1.5493206977844238,1.2333205938339233,0.5890486240386963,0.0,0.0,0.0,0.0,0.0,0.0,0.0,0.0,0.0,0.0,0.0,78.01000213623047,-322.8000183105469,-67.25,0.0
1780960516883848562,183405,1780960516861886146,base_link,wheel_left_joint,wheel_right_joint,joint1,joint2,joint3,joint4,gripper,0.007669905200600624,0.0,-0.0015339808305725455,-1.5493206977844238,1.2333205938339233,0.5890486240386963,0.0,0.0,0.0,0.0,0.0,0.0,0.0,0.0,0.0,0.0,0.0,78.01000213623047,-322.8000183105469,-67.25,0.0
1780960516979171962,183406,1780960516895886146,base_link,wheel_left_joint,wheel_right_joint,joint1,joint2,joint3,joint4,gripper,0.007669905200600624,0.0,-0.0015339808305725455,-1.5493206977844238,1.2333205938339233,0.5890486240386963,0.0,0.0,0.0,0.0,0.0,0.0,0.0,0.0,0.0,0.0,0.0,78.01000213623047,-322.8000183105469,-67.25,0.0
1780960517015520898,183407,1780960516993886146,base_link,wheel_left_joint,wheel_right_joint,joint1,joint2,joint3,joint4,gripper,0.007669905200600624,0.0,-0.0015339808305725455,-1.5493206977844238,1.2333205938339233,0.5890486240386963,0.0,0.0,0.0,0.0,0.0,0.0,0.0,0.0,0.0,0.0,0.0,78.01000213623047,-325.4900207519531,-67.25,0.0
1780960517110884904,183408,1780960517027886146,base_link,wheel_left_joint,wheel_right_joint,joint1,joint2,joint3,joint4,gripper,0.007669905200600624,0.0,-0.0015339808305725455,-1.5493206977844238,1.2333205938339233,0.5890486240386963,0.0,0.0,0.0,0.0,0.0,0.0,0.0,0.0,0.0,0.0,0.0,78.01000213623047,-322.8000183105469,-69.94000244140625,0.0
1780960517148463316,183409,1780960517127886146,base_link,wheel_left_joint,wheel_right_joint,joint1,joint2,joint3,joint4,gripper,0.007669905200600624,0.0,-0.0015339808305725455,-1.5493206977844238,1.2333205938339233,0.5890486240386963,0.0,0.0,0.0,0.0,0.0,0.0,0.0,0.0,0.0,0.0,0.0,78.01000213623047,-322.8000183105469,-67.25,0.0
1780960517244905247,183410,1780960517161886146,base_link,wheel_left_joint,wheel_right_joint,joint1,joint2,joint3,joint4,gripper,0.007669905200600624,0.0,-0.0015339808305725455,-1.5493206977844238,1.2333205938339233,0.5890486240386963,0.0,0.0,0.0,0.0,0.0,0.0,0.0,0.0,0.0,0.0,0.0,78.01000213623047,-322.8000183105469,-67.25,0.0
1780960517283108869,183411,1780960517259886146,base_link,wheel_left_joint,wheel_right_joint,joint1,joint2,joint3,joint4,gripper,0.007669905200600624,0.0,-0.0015339808305725455,-1.5493206977844238,1.2333205938339233,0.5890486240386963,0.0,0.0,0.0,0.0,0.0,0.0,0.0,0.0,0.0,0.0,0.0,78.01000213623047,-325.4900207519531,-67.25,0.0
1780960517379844929,183412,1780960517293886146,base_link,wheel_left_joint,wheel_right_joint,joint1,joint2,joint3,joint4,gripper,0.007669905200600624,0.0,-0.0015339808305725455,-1.5493206977844238,1.2333205938339233,0.5890486240386963,0.0,0.0,0.0,0.0,0.0,0.0,0.0,0.0,0.0,0.0,0.0,80.70000457763672,-325.4900207519531,-67.25,0.0
1780960517415937624,183413,1780960517390886146,base_link,wheel_left_joint,wheel_right_joint,joint1,joint2,joint3,joint4,gripper,0.007669905200600624,0.0,-0.0015339808305725455,-1.5493206977844238,1.2333205938339233,0.5890486240386963,0.0,0.0,0.0,0.0,0.0,0.0,0.0,0.0,0.0,0.0,0.0,78.01000213623047,-322.8000183105469,-67.25,0.0
1780960517512426997,183414,1780960517424886146,base_link,wheel_left_joint,wheel_right_joint,joint1,joint2,joint3,joint4,gripper,0.007669905200600624,0.0,-0.0015339808305725455,-1.5493206977844238,1.2348545789718628,0.5890486240386963,0.0,0.0,0.0,0.0,0.0,0.0,0.0,0.0,0.0,0.0,0.0,78.01000213623047,-325.4900207519531,-67.25,0.0
1780960517543035441,183415,1780960517518886146,base_link,wheel_left_joint,wheel_right_joint,joint1,joint2,joint3,joint4,gripper,0.007669905200600624,0.0,-0.0015339808305725455,-1.5493206977844238,1.2333205938339233,0.5890486240386963,0.0,0.0,0.0,0.0,0.0,0.0,0.0,0.0,0.0,0.0,0.0,78.01000213623047,-325.4900207519531,-67.25,0.0
1780960517640947361,183416,1780960517552886146,base_link,wheel_left_joint,wheel_right_joint,joint1,joint2,joint3,joint4,gripper,0.007669905200600624,0.0,-0.0015339808305725455,-1.5493206977844238,1.2333205938339233,0.5890486240386963,0.0,0.0,0.0,0.0,0.0,0.0,0.0,0.0,0.0,0.0,0.0,78.01000213623047,-322.8000183105469,-67.25,0.0
1780960517676231901,183417,1780960517653886146,base_link,wheel_left_joint,wheel_right_joint,joint1,joint2,joint3,joint4,gripper,0.007669905200600624,0.0,-0.0015339808305725455,-1.5493206977844238,1.2333205938339233,0.5890486240386963,0.0,0.0,0.0,0.0,0.0,0.0,0.0,0.0,0.0,0.0,0.0,78.01000213623047,-325.4900207519531,-67.25,0.0
1780960517776510022,183418,1780960517687886146,base_link,wheel_left_joint,wheel_right_joint,joint1,joint2,joint3,joint4,gripper,0.007669905200600624,0.0,-0.0015339808305725455,-1.5493206977844238,1.2333205938339233,0.5890486240386963,0.0,0.0,0.0,0.0,0.0,0.0,0.0,0.0,0.0,0.0,0.0,78.01000213623047,-325.4900207519531,-67.25,0.0
1780960517811993827,183419,1780960517793886146,base_link,wheel_left_joint,wheel_right_joint,joint1,joint2,joint3,joint4,gripper,0.007669905200600624,0.0,-0.0015339808305725455,-1.5493206977844238,1.2333205938339233,0.5890486240386963,0.0,0.0,0.0,0.0,0.0,0.0,0.0,0.0,0.0,0.0,0.0,78.01000213623047,-322.8000183105469,-67.25,0.0
1780960517906374928,183420,1780960517827886146,base_link,wheel_left_joint,wheel_right_joint,joint1,joint2,joint3,joint4,gripper,0.007669905200600624,0.0,-0.0015339808305725455,-1.5493206977844238,1.2333205938339233,0.5890486240386963,0.0,0.0,0.0,0.0,0.0,0.0,0.0,0.0,0.0,0.0,0.0,78.01000213623047,-325.4900207519531,-67.25,0.0
1780960517943509836,183421,1780960517924886146,base_link,wheel_left_joint,wheel_right_joint,joint1,joint2,joint3,joint4,gripper,0.007669905200600624,0.0,-0.0015339808305725455,-1.5493206977844238,1.2333205938339233,0.5890486240386963,0.0,0.0,0.0,0.0,0.0,0.0,0.0,0.0,0.0,0.0,0.0,78.01000213623047,-322.8000183105469,-69.94000244140625,0.0
1780960518041394135,183422,1780960517958886146,base_link,wheel_left_joint,wheel_right_joint,joint1,joint2,joint3,joint4,gripper,0.007669905200600624,0.0015339809469878674,-0.0015339808305725455,-1.5493206977844238,1.2333205938339233,0.5890486240386963,0.0,0.0,0.04511708766222,0.0,0.0,0.0,0.0,0.0,0.0,0.0,0.0,78.01000213623047,-322.8000183105469,-67.25,0.0
1780960518079129191,183423,1780960518054886146,base_link,wheel_left_joint,wheel_right_joint,joint1,joint2,joint3,joint4,gripper,0.007669905200600624,0.0015339809469878674,-0.0015339808305725455,-1.5493206977844238,1.2333205938339233,0.5890486240386963,0.0,0.0,0.0,0.0,0.0,0.0,0.0,0.0,0.0,0.0,0.0,80.70000457763672,-322.8000183105469,-67.25,0.0
1780960518176255155,183424,1780960518088886146,base_link,wheel_left_joint,wheel_right_joint,joint1,joint2,joint3,joint4,gripper,0.007669905200600624,0.0015339809469878674,-0.0015339808305725455,-1.5493206977844238,1.2333205938339233,0.5890486240386963,0.0,0.0,0.0,0.0,0.0,0.0,0.0,0.0,0.0,0.0,0.0,75.31999969482422,-325.4900207519531,-69.94000244140625,0.0
1780960518212967159,183425,1780960518188886146,base_link,wheel_left_joint,wheel_right_joint,joint1,joint2,joint3,joint4,gripper,0.007669905200600624,0.0,-0.0015339808305725455,-1.5493206977844238,1.2333205938339233,0.5890486240386963,0.0,0.0,-0.015339810401201248,0.0,0.0,0.0,0.0,0.0,0.0,0.0,0.0,78.01000213623047,-325.4900207519531,-67.25,0.0
1780960518309935489,183426,1780960518280635034,base_link,wheel_left_joint,wheel_right_joint,joint1,joint2,joint3,joint4,gripper,0.007669905200600624,0.0,-0.0015339808305725455,-1.5493206977844238,1.2333205938339233,0.5890486240386963,0.0,0.0,0.0,0.0,0.0,0.0,0.0,0.0,0.0,0.0,0.0,75.31999969482422,-322.8000183105469,-67.25,0.0
1780960518348787822,183427,1780960518382635034,base_link,wheel_left_joint,wheel_right_joint,joint1,joint2,joint3,joint4,gripper,0.007669905200600624,0.0,-0.0015339808305725455,-1.5493206977844238,1.2333205938339233,0.5890486240386963,0.0,0.0,0.0,0.0,0.0,0.0,0.0,0.0,0.0,0.0,0.0,78.01000213623047,-325.4900207519531,-67.25,0.0
1780960518446027839,183428,1780960518416635034,base_link,wheel_left_joint,wheel_right_joint,joint1,joint2,joint3,joint4,gripper,0.007669905200600624,0.0,-0.0015339808305725455,-1.5493206977844238,1.2333205938339233,0.5890486240386963,0.0,0.0,0.0,0.0,0.0,0.0,0.0,0.0,0.0,0.0,0.0,78.01000213623047,-325.4900207519531,-67.25,0.0
1780960518485861879,183429,1780960518520635034,base_link,wheel_left_joint,wheel_right_joint,joint1,joint2,joint3,joint4,gripper,0.007669905200600624,0.0015339809469878674,-0.0015339808305725455,-1.5493206977844238,1.2333205938339233,0.5890486240386963,0.0,0.0,0.014749817550182343,0.0,0.0,0.0,0.0,0.0,0.0,0.0,0.0,78.01000213623047,-322.8000183105469,-67.25,0.0
1780960518584761357,183430,1780960518554635034,base_link,wheel_left_joint,wheel_right_joint,joint1,joint2,joint3,joint4,gripper,0.007669905200600624,0.0,-0.0015339808305725455,-1.5493206977844238,1.2333205938339233,0.5890486240386963,0.0,0.0,-0.04511708766222,0.0,0.0,0.0,0.0,0.0,0.0,0.0,0.0,78.01000213623047,-325.4900207519531,-67.25,0.0
1780960518626541943,183431,1780960518655635034,base_link,wheel_left_joint,wheel_right_joint,joint1,joint2,joint3,joint4,gripper,0.007669905200600624,0.0,-0.0015339808305725455,-1.5493206977844238,1.2333205938339233,0.5890486240386963,0.0,0.0,0.0,0.0,0.0,0.0,0.0,0.0,0.0,0.0,0.0,78.01000213623047,-325.4900207519531,-67.25,0.0
1780960518724315363,183432,1780960518689635034,base_link,wheel_left_joint,wheel_right_joint,joint1,joint2,joint3,joint4,gripper,0.007669905200600624,0.0,-0.0015339808305725455,-1.5493206977844238,1.2333205938339233,0.5890486240386963,0.0,0.0,0.0,0.0,0.0,0.0,0.0,0.0,0.0,0.0,0.0,78.01000213623047,-325.4900207519531,-67.25,0.0
1780960518769890290,183433,1780960518793635034,base_link,wheel_left_joint,wheel_right_joint,joint1,joint2,joint3,joint4,gripper,0.007669905200600624,0.0015339809469878674,-0.0015339808305725455,-1.5493206977844238,1.2348545789718628,0.5890486240386963,0.0,0.0,0.014749817550182343,0.0,0.0,0.0,0.0,0.0,0.0,0.0,0.0,78.01000213623047,-322.8000183105469,-67.25,0.0
1780960518869859756,183434,1780960518827635034,base_link,wheel_left_joint,wheel_right_joint,joint1,joint2,joint3,joint4,gripper,0.007669905200600624,0.0,-0.0015339808305725455,-1.5493206977844238,1.2333205938339233,0.5890486240386963,0.0,0.0,-0.04511708766222,0.0,0.0,0.0,0.0,0.0,0.0,0.0,0.0,78.01000213623047,-325.4900207519531,-67.25,0.0
1780960518898425873,183435,1780960518930635034,base_link,wheel_left_joint,wheel_right_joint,joint1,joint2,joint3,joint4,gripper,0.007669905200600624,0.0,-0.0015339808305725455,-1.5493206977844238,1.2333205938339233,0.5890486240386963,0.0,0.0,0.0,0.0,0.0,0.0,0.0,0.0,0.0,0.0,0.0,78.01000213623047,-325.4900207519531,-67.25,0.0
1780960518996263679,183436,1780960518964635034,base_link,wheel_left_joint,wheel_right_joint,joint1,joint2,joint3,joint4,gripper,0.007669905200600624,0.0,-0.0015339808305725455,-1.5493206977844238,1.2333205938339233,0.5890486240386963,0.0,0.0,0.0,0.0,0.0,0.0,0.0,0.0,0.0,0.0,0.0,78.01000213623047,-325.4900207519531,-67.25,0.0
1780960519033774044,183437,1780960519063635034,base_link,wheel_left_joint,wheel_right_joint,joint1,joint2,joint3,joint4,gripper,0.007669905200600624,0.0,-0.0015339808305725455,-1.5493206977844238,1.2348545789718628,0.5890486240386963,0.0,0.0,0.0,0.0,0.0,0.0,0.0,0.0,0.0,0.0,0.0,78.01000213623047,-322.8000183105469,-67.25,0.0
1780960519131963524,183438,1780960519097635034,base_link,wheel_left_joint,wheel_right_joint,joint1,joint2,joint3,joint4,gripper,0.007669905200600624,0.0,-0.0015339808305725455,-1.5493206977844238,1.2333205938339233,0.5890486240386963,0.0,0.0,0.0,0.0,0.0,0.0,0.0,0.0,0.0,0.0,0.0,78.01000213623047,-322.8000183105469,-67.25,0.0
1780960519170045403,183439,1780960519200635034,base_link,wheel_left_joint,wheel_right_joint,joint1,joint2,joint3,joint4,gripper,0.007669905200600624,0.0,-0.0015339808305725455,-1.5493206977844238,1.2333205938339233,0.5890486240386963,0.0,0.0,0.0,0.0,0.0,0.0,0.0,0.0,0.0,0.0,0.0,78.01000213623047,-325.4900207519531,-67.25,0.0
1780960519268147009,183440,1780960519234635034,base_link,wheel_left_joint,wheel_right_joint,joint1,joint2,joint3,joint4,gripper,0.007669905200600624,0.0015339809469878674,-0.0015339808305725455,-1.5493206977844238,1.2333205938339233,0.5890486240386963,0.0,0.0,0.04511708766222,0.0,0.0,0.0,0.0,0.0,0.0,0.0,0.0,78.01000213623047,-322.8000183105469,-67.25,0.0
1780960519303300022,183441,1780960519335635034,base_link,wheel_left_joint,wheel_right_joint,joint1,joint2,joint3,joint4,gripper,0.007669905200600624,0.0,-0.0015339808305725455,-1.5493206977844238,1.2333205938339233,0.5890486240386963,0.0,0.0,-0.015187930315732956,0.0,0.0,0.0,0.0,0.0,0.0,0.0,0.0,78.01000213623047,-322.8000183105469,-67.25,0.0
1780960519403847038,183442,1780960519369635034,base_link,wheel_left_joint,wheel_right_joint,joint1,joint2,joint3,joint4,gripper,0.007669905200600624,0.0015339809469878674,-0.0015339808305725455,-1.5493206977844238,1.2333205938339233,0.5890486240386963,0.0,0.0,0.04511708766222,0.0,0.0,0.0,0.0,0.0,0.0,0.0,0.0,78.01000213623047,-322.8000183105469,-69.94000244140625,0.0
1780960519433982672,183443,1780960519470635034,base_link,wheel_left_joint,wheel_right_joint,joint1,joint2,joint3,joint4,gripper,0.007669905200600624,0.0,-0.0015339808305725455,-1.5493206977844238,1.2333205938339233,0.5890486240386963,0.0,0.0,-0.015187930315732956,0.0,0.0,0.0,0.0,0.0,0.0,0.0,0.0,78.01000213623047,-322.8000183105469,-67.25,0.0
1780960519490095079,183444,1780960519504635034,base_link,wheel_left_joint,wheel_right_joint,joint1,joint2,joint3,joint4,gripper,0.007669905200600624,0.0,-0.0015339808305725455,-1.5493206977844238,1.2333205938339233,0.5890486240386963,0.0,0.0,0.0,0.0,0.0,0.0,0.0,0.0,0.0,0.0,0.0,75.31999969482422,-322.8000183105469,-67.25,0.0
1780960519510698580,183445,1780960519582635034,base_link,wheel_left_joint,wheel_right_joint,joint1,joint2,joint3,joint4,gripper,0.007669905200600624,0.0,-0.0015339808305725455,-1.5493206977844238,1.2333205938339233,0.5890486240386963,0.0,0.0,0.0,0.0,0.0,0.0,0.0,0.0,0.0,0.0,0.0,78.01000213623047,-322.8000183105469,-67.25,0.0
1780960519597291041,183446,1780960519616635034,base_link,wheel_left_joint,wheel_right_joint,joint1,joint2,joint3,joint4,gripper,0.007669905200600624,0.0,-0.0015339808305725455,-1.5493206977844238,1.2333205938339233,0.5890486240386963,0.0,0.0,0.0,0.0,0.0,0.0,0.0,0.0,0.0,0.0,0.0,78.01000213623047,-322.8000183105469,-67.25,0.0
1780960519645729716,183447,1780960519677635034,base_link,wheel_left_joint,wheel_right_joint,joint1,joint2,joint3,joint4,gripper,0.007669905200600624,0.0,-0.0015339808305725455,-1.5493206977844238,1.2333205938339233,0.5890486240386963,0.0,0.0,0.0,0.0,0.0,0.0,0.0,0.0,0.0,0.0,0.0,78.01000213623047,-325.4900207519531,-69.94000244140625,0.0
1780960519743134568,183448,1780960519711635034,base_link,wheel_left_joint,wheel_right_joint,joint1,joint2,joint3,joint4,gripper,0.007669905200600624,0.0015339809469878674,-0.0015339808305725455,-1.5493206977844238,1.2333205938339233,0.5890486240386963,0.0,0.0,0.04511708766222,0.0,0.0,0.0,0.0,0.0,0.0,0.0,0.0,78.01000213623047,-322.8000183105469,-67.25,0.0
1780960519781377369,183449,1780960519807635034,base_link,wheel_left_joint,wheel_right_joint,joint1,joint2,joint3,joint4,gripper,0.007669905200600624,0.0,-0.0015339808305725455,-1.5493206977844238,1.2333205938339233,0.5890486240386963,0.0,0.0,-0.015978969633579254,0.0,0.0,0.0,0.0,0.0,0.0,0.0,0.0,78.01000213623047,-322.8000183105469,-67.25,0.0
1780960519882477907,183450,1780960519841635034,base_link,wheel_left_joint,wheel_right_joint,joint1,joint2,joint3,joint4,gripper,0.007669905200600624,0.0,-0.0015339808305725455,-1.5493206977844238,1.2333205938339233,0.5890486240386963,0.0,0.0,0.0,0.0,0.0,0.0,0.0,0.0,0.0,0.0,0.0,78.01000213623047,-322.8000183105469,-67.25,0.0
1780960519912139072,183451,1780960519948635034,base_link,wheel_left_joint,wheel_right_joint,joint1,joint2,joint3,joint4,gripper,0.007669905200600624,0.0,-0.0015339808305725455,-1.5493206977844238,1.2333205938339233,0.5890486240386963,0.0,0.0,0.0,0.0,0.0,0.0,0.0,0.0,0.0,0.0,0.0,78.01000213623047,-322.8000183105469,-69.94000244140625,0.0
1780960520009673082,183452,1780960519982635034,base_link,wheel_left_joint,wheel_right_joint,joint1,joint2,joint3,joint4,gripper,0.007669905200600624,0.0,-0.0015339808305725455,-1.5493206977844238,1.2333205938339233,0.5890486240386963,0.0,0.0,0.0,0.0,0.0,0.0,0.0,0.0,0.0,0.0,0.0,78.01000213623047,-325.4900207519531,-67.25,0.0
1780960520057562700,183453,1780960520082635034,base_link,wheel_left_joint,wheel_right_joint,joint1,joint2,joint3,joint4,gripper,0.007669905200600624,0.0015339809469878674,-0.0015339808305725455,-1.5493206977844238,1.2333205938339233,0.5890486240386963,0.0,0.0,0.015339810401201248,0.0,0.0,0.0,0.0,0.0,0.0,0.0,0.0,78.01000213623047,-325.4900207519531,-69.94000244140625,0.0
1780960520153740021,183454,1780960520116635034,base_link,wheel_left_joint,wheel_right_joint,joint1,joint2,joint3,joint4,gripper,0.007669905200600624,0.0,-0.0015339808305725455,-1.5493206977844238,1.2333205938339233,0.5890486240386963,0.0,0.0,-0.04511708766222,0.0,0.0,0.0,0.0,0.0,0.0,0.0,0.0,78.01000213623047,-322.8000183105469,-67.25,0.0
1780960520182412403,183455,1780960520218635034,base_link,wheel_left_joint,wheel_right_joint,joint1,joint2,joint3,joint4,gripper,0.007669905200600624,0.0,-0.0015339808305725455,-1.5493206977844238,1.2333205938339233,0.5890486240386963,0.0,0.0,0.0,0.0,0.0,0.0,0.0,0.0,0.0,0.0,0.0,78.01000213623047,-322.8000183105469,-67.25,0.0
1780960520276765779,183456,1780960520252635034,base_link,wheel_left_joint,wheel_right_joint,joint1,joint2,joint3,joint4,gripper,0.007669905200600624,0.0,-0.0015339808305725455,-1.5493206977844238,1.2333205938339233,0.5890486240386963,0.0,0.0,0.0,0.0,0.0,0.0,0.0,0.0,0.0,0.0,0.0,78.01000213623047,-322.8000183105469,-69.94000244140625,0.0
1780960520314213065,183457,1780960520350635034,base_link,wheel_left_joint,wheel_right_joint,joint1,joint2,joint3,joint4,gripper,0.007669905200600624,0.0015339809469878674,-0.0015339808305725455,-1.5493206977844238,1.2333205938339233,0.5890486240386963,0.0,0.0,0.015652867034077644,0.0,0.0,0.0,0.0,0.0,0.0,0.0,0.0,78.01000213623047,-322.8000183105469,-67.25,0.0
1780960520411088854,183458,1780960520384635034,base_link,wheel_left_joint,wheel_right_joint,joint1,joint2,joint3,joint4,gripper,0.007669905200600624,0.0015339809469878674,-0.0015339808305725455,-1.5493206977844238,1.2333205938339233,0.5890486240386963,0.0,0.0,0.0,0.0,0.0,0.0,0.0,0.0,0.0,0.0,0.0,78.01000213623047,-322.8000183105469,-67.25,0.0
1780960520448809866,183459,1780960520483635034,base_link,wheel_left_joint,wheel_right_joint,joint1,joint2,joint3,joint4,gripper,0.007669905200600624,0.0015339809469878674,-0.0015339808305725455,-1.5493206977844238,1.2333205938339233,0.5890486240386963,0.0,0.0,0.0,0.0,0.0,0.0,0.0,0.0,0.0,0.0,0.0,78.01000213623047,-322.8000183105469,-67.25,0.0
1780960520547128335,183460,1780960520517635034,base_link,wheel_left_joint,wheel_right_joint,joint1,joint2,joint3,joint4,gripper,0.007669905200600624,0.0,-0.0015339808305725455,-1.5493206977844238,1.2333205938339233,0.5890486240386963,0.0,0.0,-0.04511708766222,0.0,0.0,0.0,0.0,0.0,0.0,0.0,0.0,80.70000457763672,-322.8000183105469,-67.25,0.0
1780960520587176839,183461,1780960520620635034,base_link,wheel_left_joint,wheel_right_joint,joint1,joint2,joint3,joint4,gripper,0.007669905200600624,0.0015339809469878674,-0.0015339808305725455,-1.5493206977844238,1.2333205938339233,0.5890486240386963,0.0,0.0,0.014893019571900368,0.0,0.0,0.0,0.0,0.0,0.0,0.0,0.0,78.01000213623047,-322.8000183105469,-69.94000244140625,0.0
1780960520691524860,183462,1780960520654635034,base_link,wheel_left_joint,wheel_right_joint,joint1,joint2,joint3,joint4,gripper,0.007669905200600624,0.0015339809469878674,-0.0015339808305725455,-1.5493206977844238,1.2333205938339233,0.5890486240386963,0.0,0.0,0.0,0.0,0.0,0.0,0.0,0.0,0.0,0.0,0.0,78.01000213623047,-322.8000183105469,-69.94000244140625,0.0
1780960520730964607,183463,1780960520758635034,base_link,wheel_left_joint,wheel_right_joint,joint1,joint2,joint3,joint4,gripper,0.007669905200600624,0.0,-0.0015339808305725455,-1.5493206977844238,1.2333205938339233,0.5890486240386963,0.0,0.0,-0.014749817550182343,0.0,0.0,0.0,0.0,0.0,0.0,0.0,0.0,78.01000213623047,-325.4900207519531,-67.25,0.0
1780960520829833922,183464,1780960520782634971,base_link,wheel_left_joint,wheel_right_joint,joint1,joint2,joint3,joint4,gripper,0.007669905200600624,0.0,-0.0015339808305725455,-1.5493206977844238,1.2333205938339233,0.5890486240386963,0.0,0.0,0.0,0.0,0.0,0.0,0.0,0.0,0.0,0.0,0.0,78.01000213623047,-322.8000183105469,-69.94000244140625,0.0
1780960520867017347,183465,1780960520886634971,base_link,wheel_left_joint,wheel_right_joint,joint1,joint2,joint3,joint4,gripper,0.007669905200600624,0.0015339809469878674,-0.0015339808305725455,-1.5493206977844238,1.2333205938339233,0.5890486240386963,0.0,0.0,0.014749817550182343,0.0,0.0,0.0,0.0,0.0,0.0,0.0,0.0,78.01000213623047,-322.8000183105469,-67.25,0.0
1780960520967427524,183466,1780960520920634971,base_link,wheel_left_joint,wheel_right_joint,joint1,joint2,joint3,joint4,gripper,0.007669905200600624,0.0,-0.0015339808305725455,-1.5508545637130737,1.2333205938339233,0.5890486240386963,0.0,0.0,-0.04511708766222,0.0,0.0,0.0,0.0,0.0,0.0,0.0,0.0,75.31999969482422,-322.8000183105469,-69.94000244140625,0.0
1780960521005277865,183467,1780960521028634971,base_link,wheel_left_joint,wheel_right_joint,joint1,joint2,joint3,joint4,gripper,0.007669905200600624,0.0,-0.0015339808305725455,-1.5493206977844238,1.2333205938339233,0.5890486240386963,0.0,0.0,0.0,0.0,0.0,0.0,0.0,0.0,0.0,0.0,0.0,78.01000213623047,-325.4900207519531,-67.25,0.0
1780960521102478756,183468,1780960521062634971,base_link,wheel_left_joint,wheel_right_joint,joint1,joint2,joint3,joint4,gripper,0.007669905200600624,0.0,-0.0015339808305725455,-1.5493206977844238,1.2333205938339233,0.5890486240386963,0.0,0.0,0.0,0.0,0.0,0.0,0.0,0.0,0.0,0.0,0.0,78.01000213623047,-322.8000183105469,-67.25,0.0
1780960521140628656,183469,1780960521161634971,base_link,wheel_left_joint,wheel_right_joint,joint1,joint2,joint3,joint4,gripper,0.007669905200600624,0.0015339809469878674,-0.0015339808305725455,-1.5493206977844238,1.2333205938339233,0.5890486240386963,0.0,0.0,0.01549475733190775,0.0,0.0,0.0,0.0,0.0,0.0,0.0,0.0,78.01000213623047,-322.8000183105469,-67.25,0.0
1780960521236735860,183470,1780960521195634971,base_link,wheel_left_joint,wheel_right_joint,joint1,joint2,joint3,joint4,gripper,0.007669905200600624,0.0,-0.0015339808305725455,-1.5493206977844238,1.2333205938339233,0.5890486240386963,0.0,0.0,-0.04511708766222,0.0,0.0,0.0,0.0,0.0,0.0,0.0,0.0,78.01000213623047,-322.8000183105469,-67.25,0.0
1780960521273628806,183471,1780960521293634971,base_link,wheel_left_joint,wheel_right_joint,joint1,joint2,joint3,joint4,gripper,0.007669905200600624,0.0,-0.0015339808305725455,-1.5493206977844238,1.2333205938339233,0.5890486240386963,0.0,0.0,0.0,0.0,0.0,0.0,0.0,0.0,0.0,0.0,0.0,78.01000213623047,-322.8000183105469,-67.25,0.0
1780960521368618449,183472,1780960521327634971,base_link,wheel_left_joint,wheel_right_joint,joint1,joint2,joint3,joint4,gripper,0.007669905200600624,0.0,-0.0015339808305725455,-1.5493206977844238,1.2333205938339233,0.5890486240386963,0.0,0.0,0.0,0.0,0.0,0.0,0.0,0.0,0.0,0.0,0.0,78.01000213623047,-325.4900207519531,-67.25,0.0
1780960521397923983,183473,1780960521421634971,base_link,wheel_left_joint,wheel_right_joint,joint1,joint2,joint3,joint4,gripper,0.006135923787951469,0.0,-0.0015339808305725455,-1.5493206977844238,1.2333205938339233,0.5890486240386963,0.0,-0.016318947076797485,0.0,0.0,0.0,0.0,0.0,0.0,0.0,0.0,0.0,78.01000213623047,-322.8000183105469,-67.25,0.0
1780960521496772579,183474,1780960521455634971,base_link,wheel_left_joint,wheel_right_joint,joint1,joint2,joint3,joint4,gripper,0.007669905200600624,0.0015339809469878674,-0.0015339808305725455,-1.5493206977844238,1.2333205938339233,0.5890486240386963,0.0,0.04511708766222,0.04511708766222,0.0,0.0,0.0,0.0,0.0,0.0,0.0,0.0,78.01000213623047,-322.8000183105469,-67.25,0.0
1780960521534670977,183475,1780960521552634971,base_link,wheel_left_joint,wheel_right_joint,joint1,joint2,joint3,joint4,gripper,0.007669905200600624,0.0,-0.0015339808305725455,-1.5493206977844238,1.2333205938339233,0.5890486240386963,0.0,0.0,-0.01581423729658127,0.0,0.0,0.0,0.0,0.0,0.0,0.0,0.0,78.01000213623047,-322.8000183105469,-67.25,0.0
1780960521631118265,183476,1780960521586634971,base_link,wheel_left_joint,wheel_right_joint,joint1,joint2,joint3,joint4,gripper,0.007669905200600624,0.0,-0.0015339808305725455,-1.5493206977844238,1.2333205938339233,0.5890486240386963,0.0,0.0,0.0,0.0,0.0,0.0,0.0,0.0,0.0,0.0,0.0,78.01000213623047,-325.4900207519531,-67.25,0.0
1780960521665714036,183477,1780960521689634971,base_link,wheel_left_joint,wheel_right_joint,joint1,joint2,joint3,joint4,gripper,0.007669905200600624,0.0015339809469878674,-0.0015339808305725455,-1.5493206977844238,1.2333205938339233,0.5890486240386963,0.0,0.0,0.014893019571900368,0.0,0.0,0.0,0.0,0.0,0.0,0.0,0.0,78.01000213623047,-322.8000183105469,-69.94000244140625,0.0
1780960521762631866,183478,1780960521723634971,base_link,wheel_left_joint,wheel_right_joint,joint1,joint2,joint3,joint4,gripper,0.007669905200600624,0.0,-0.0015339808305725455,-1.5493206977844238,1.2333205938339233,0.5890486240386963,0.0,0.0,-0.04511708766222,0.0,0.0,0.0,0.0,0.0,0.0,0.0,0.0,78.01000213623047,-322.8000183105469,-67.25,0.0
1780960521799438079,183479,1780960521817634971,base_link,wheel_left_joint,wheel_right_joint,joint1,joint2,joint3,joint4,gripper,0.007669905200600624,0.0,-0.0015339808305725455,-1.5493206977844238,1.2333205938339233,0.5890486240386963,0.0,0.0,0.0,0.0,0.0,0.0,0.0,0.0,0.0,0.0,0.0,78.01000213623047,-322.8000183105469,-67.25,0.0
1780960521896335411,183480,1780960521851634971,base_link,wheel_left_joint,wheel_right_joint,joint1,joint2,joint3,joint4,gripper,0.007669905200600624,0.0,-0.0015339808305725455,-1.5493206977844238,1.2333205938339233,0.5890486240386963,0.0,0.0,0.0,0.0,0.0,0.0,0.0,0.0,0.0,0.0,0.0,78.01000213623047,-322.8000183105469,-67.25,0.0
1780960521934382804,183481,1780960521952634971,base_link,wheel_left_joint,wheel_right_joint,joint1,joint2,joint3,joint4,gripper,0.007669905200600624,0.0,-0.0015339808305725455,-1.5493206977844238,1.2333205938339233,0.5890486240386963,0.0,0.0,0.0,0.0,0.0,0.0,0.0,0.0,0.0,0.0,0.0,80.70000457763672,-322.8000183105469,-67.25,0.0
1780960522036825935,183482,1780960521986634971,base_link,wheel_left_joint,wheel_right_joint,joint1,joint2,joint3,joint4,gripper,0.007669905200600624,0.0,-0.0015339808305725455,-1.5493206977844238,1.2333205938339233,0.5890486240386963,0.0,0.0,0.0,0.0,0.0,0.0,0.0,0.0,0.0,0.0,0.0,78.01000213623047,-325.4900207519531,-67.25,0.0
1780960522066300475,183483,1780960522086634971,base_link,wheel_left_joint,wheel_right_joint,joint1,joint2,joint3,joint4,gripper,0.007669905200600624,0.0,-0.0015339808305725455,-1.5493206977844238,1.2333205938339233,0.5890486240386963,0.0,0.0,0.0,0.0,0.0,0.0,0.0,0.0,0.0,0.0,0.0,78.01000213623047,-322.8000183105469,-67.25,0.0
1780960522164457300,183484,1780960522120634971,base_link,wheel_left_joint,wheel_right_joint,joint1,joint2,joint3,joint4,gripper,0.007669905200600624,0.0,-0.0015339808305725455,-1.5493206977844238,1.2333205938339233,0.5890486240386963,0.0,0.0,0.0,0.0,0.0,0.0,0.0,0.0,0.0,0.0,0.0,80.70000457763672,-322.8000183105469,-67.25,0.0
1780960522196591312,183485,1780960522214634971,base_link,wheel_left_joint,wheel_right_joint,joint1,joint2,joint3,joint4,gripper,0.007669905200600624,0.0,-0.003067961661145091,-1.5493206977844238,1.2333205938339233,0.5890486240386963,0.0,0.0,0.0,0.0,0.0,0.0,0.0,0.0,0.0,0.0,0.0,75.31999969482422,-320.1100158691406,-69.94000244140625,0.0
1780960522303769109,183486,1780960522248634971,base_link,wheel_left_joint,wheel_right_joint,joint1,joint2,joint3,joint4,gripper,0.007669905200600624,0.0,-0.0015339808305725455,-1.5493206977844238,1.2333205938339233,0.5890486240386963,0.0,0.0,0.0,0.0,0.0,0.0,0.0,0.0,0.0,0.0,0.0,75.31999969482422,-325.4900207519531,-67.25,0.0
1780960522336448633,183487,1780960522358634971,base_link,wheel_left_joint,wheel_right_joint,joint1,joint2,joint3,joint4,gripper,0.007669905200600624,0.0,-0.0015339808305725455,-1.5493206977844238,1.2333205938339233,0.5890486240386963,0.0,0.0,0.0,0.0,0.0,0.0,0.0,0.0,0.0,0.0,0.0,78.01000213623047,-322.8000183105469,-67.25,0.0
1780960522429567409,183488,1780960522391634971,base_link,wheel_left_joint,wheel_right_joint,joint1,joint2,joint3,joint4,gripper,0.007669905200600624,0.0,-0.0015339808305725455,-1.5493206977844238,1.2333205938339233,0.5875146389007568,0.0,0.0,0.0,0.0,0.0,0.0,0.0,0.0,0.0,0.0,0.0,110.29000091552734,-381.9800109863281,-96.84000396728516,0.0
1780960522482000458,183489,1780960522495634971,base_link,wheel_left_joint,wheel_right_joint,joint1,joint2,joint3,joint4,gripper,0.007669905200600624,0.0,-0.0015339808305725455,-1.5201749801635742,1.21491277217865,0.5706408619880676,0.0,0.0,0.0,0.0,0.2877698838710785,-0.1918465942144394,-0.16786576807498932,0.0,0.0,0.0,0.0,59.18000030517578,-282.45001220703125,-78.01000213623047,0.0
1780960522596595059,183490,1780960522529634971,base_link,wheel_left_joint,wheel_right_joint,joint1,joint2,joint3,joint4,gripper,0.007669905200600624,0.0,-0.0015339808305725455,-1.509437084197998,1.2072429656982422,0.5645049214363098,0.0,0.0,0.0,0.0,0.2877698838710785,-0.21582742035388947,-0.16786576807498932,0.0,0.0,0.0,0.0,48.42000198364258,-271.69000244140625,-86.08000183105469,0.0
1780960522632090341,183491,1780960522634634971,base_link,wheel_left_joint,wheel_right_joint,joint1,joint2,joint3,joint4,gripper,0.007669905200600624,0.0015339809469878674,-0.0015339808305725455,-1.477223515510559,1.1903691291809082,0.5430291891098022,0.0,0.0,0.014609342440962791,0.0,0.31175071001052856,-0.14388494193553925,-0.1918465942144394,0.0,0.0,0.0,0.0,32.279998779296875,-303.9700012207031,-69.94000244140625,0.0
1780960522774906542,183492,1780960522668634971,base_link,wheel_left_joint,wheel_right_joint,joint1,joint2,joint3,joint4,gripper,0.007669905200600624,0.0,-0.0015339808305725455,-1.466485619544983,1.1842331886291504,0.5353593230247498,0.0,0.0,-0.04511708766222,0.0,0.31175071001052856,-0.16786576807498932,-0.1918465942144394,0.0,0.0,0.0,0.0,43.040000915527344,-330.8699951171875,-78.01000213623047,0.0
1780960522801355158,183493,1780960522807634971,base_link,wheel_left_joint,wheel_right_joint,joint1,joint2,joint3,joint4,gripper,0.007669905200600624,0.0,-0.0015339808305725455,-1.4220002889633179,1.1581555604934692,0.5077476501464844,0.0,0.0,0.0,0.0,0.31175071001052856,-0.16786576807498932,-0.1918465942144394,0.0,0.0,0.0,0.0,29.59000015258789,-317.4200134277344,-72.6300048828125,0.0
1780960522827936869,183494,1780960522817634971,base_link,wheel_left_joint,wheel_right_joint,joint1,joint2,joint3,joint4,gripper,0.007669905200600624,0.0,-0.0015339808305725455,-1.418932318687439,1.1566215753555298,0.5062136650085449,0.0,0.0,0.0,0.0,0.31175071001052856,-0.16786576807498932,-0.1918465942144394,0.0,0.0,0.0,0.0,43.040000915527344,-306.6600036621094,-86.08000183105469,0.0
1780960522896254463,183495,1780960522851634971,base_link,wheel_left_joint,wheel_right_joint,joint1,joint2,joint3,joint4,gripper,0.007669905200600624,0.0,-0.0015339808305725455,-1.3790488243103027,1.1320778131484985,0.4801360070705414,0.0,0.0,0.0,0.0,0.2877698838710785,-0.16786576807498932,-0.1918465942144394,0.0,0.0,0.0,0.0,34.970001220703125,-312.0400085449219,-86.08000183105469,0.0
1780960522928334782,183496,1780960522951634971,base_link,wheel_left_joint,wheel_right_joint,joint1,joint2,joint3,joint4,gripper,0.007669905200600624,0.0,-0.0015339808305725455,-1.3775148391723633,1.130543828010559,0.47860202193260193,0.0,0.0,0.0,0.0,0.2877698838710785,-0.16786576807498932,-0.1918465942144394,0.0,0.0,0.0,0.0,29.59000015258789,-309.3500061035156,-78.01000213623047,0.0
1780960523028512018,183497,1780960522985634971,base_link,wheel_left_joint,wheel_right_joint,joint1,joint2,joint3,joint4,gripper,0.007669905200600624,0.0015339809469878674,-0.0015339808305725455,-1.366776943206787,1.1244080066680908,0.47093212604522705,0.0,0.0,0.04511708766222,0.0,0.2877698838710785,-0.16786576807498932,-0.1918465942144394,0.0,0.0,0.0,0.0,32.279998779296875,-330.8699951171875,-69.94000244140625,0.0
1780960523066325314,183498,1780960523071634971,base_link,wheel_left_joint,wheel_right_joint,joint1,joint2,joint3,joint4,gripper,0.007669905200600624,0.0,-0.0015339808305725455,-1.339165210723877,1.1106021404266357,0.45405831933021545,0.0,0.0,-0.01783698797225952,0.0,0.31175071001052856,-0.16786576807498932,-0.1918465942144394,0.0,0.0,0.0,0.0,16.139999389648438,-336.25,-80.70000457763672,0.0
1780960523186644914,183499,1780960523213634971,base_link,wheel_left_joint,wheel_right_joint,joint1,joint2,joint3,joint4,gripper,0.007669905200600624,0.0,-0.0015339808305725455,-1.294679880142212,1.0814565420150757,0.424912691116333,0.0,0.0,0.0,0.0,0.2877698838710785,-0.1918465942144394,-0.1918465942144394,0.0,0.0,0.0,0.0,18.829999923706055,-282.45001220703125,-80.70000457763672,0.0
1780960523282168758,183500,1780960523247634971,base_link,wheel_left_joint,wheel_right_joint,joint1,joint2,joint3,joint4,gripper,0.007669905200600624,0.0015339809469878674,-0.0015339808305725455,-1.2839419841766357,1.0753206014633179,0.4187767803668976,0.0,0.0,0.04511708766222,0.0,0.2877698838710785,-0.16786576807498932,-0.1918465942144394,0.0,0.0,0.0,0.0,10.760000228881836,-309.3500061035156,-78.01000213623047,0.0
1780960523330808109,183501,1780960523299513307,base_link,wheel_left_joint,wheel_right_joint,joint1,joint2,joint3,joint4,gripper,0.007669905200600624,0.0015339809469878674,-0.0015339808305725455,-1.2501944303512573,1.055378794670105,0.39730104804039,0.0,0.0,0.0,0.0,0.31175071001052856,-0.1918465942144394,-0.1918465942144394,0.0,0.0,0.0,0.0,5.380000114440918,-287.83001708984375,-88.77000427246094,0.0
1780960523424921559,183502,1780960523333513307,base_link,wheel_left_joint,wheel_right_joint,joint1,joint2,joint3,joint4,gripper,0.007669905200600624,0.0,-0.0015339808305725455,-1.2394565343856812,1.0492428541183472,0.38963112235069275,0.0,0.0,-0.04511708766222,0.0,0.31175071001052856,-0.1918465942144394,-0.1918465942144394,0.0,0.0,0.0,0.0,5.380000114440918,-303.9700012207031,-78.01000213623047,0.0
1780960523450587991,183503,1780960523424513307,base_link,wheel_left_joint,wheel_right_joint,joint1,joint2,joint3,joint4,gripper,0.007669905200600624,0.0,-0.0015339808305725455,-1.211844801902771,1.0339031219482422,0.3712233603000641,0.0,0.0,0.0,0.0,0.31175071001052856,-0.14388494193553925,-0.1918465942144394,0.0,0.0,0.0,0.0,0.0,-330.8699951171875,-78.01000213623047,0.0
1780960523546277874,183504,1780960523458513307,base_link,wheel_left_joint,wheel_right_joint,joint1,joint2,joint3,joint4,gripper,0.007669905200600624,0.0,0.0,-1.2011070251464844,1.0277671813964844,0.3635534644126892,0.0,0.0,0.0,0.0,0.31175071001052856,-0.14388494193553925,-0.1918465942144394,0.0,0.0,0.0,0.0,0.0,-328.17999267578125,-88.77000427246094,0.0
1780960523584806085,183505,1780960523558513307,base_link,wheel_left_joint,wheel_right_joint,joint1,joint2,joint3,joint4,gripper,0.007669905200600624,0.0,0.0,-1.167359471321106,1.006291389465332,0.34514567255973816,0.0,0.0,0.0,0.0,0.33573153614997864,-0.1918465942144394,-0.1918465942144394,0.0,0.0,0.0,0.0,0.0,-312.0400085449219,-80.70000457763672,0.0
1780960523681418487,183506,1780960523592513307,base_link,wheel_left_joint,wheel_right_joint,joint1,joint2,joint3,joint4,gripper,0.007669905200600624,0.0015339809469878674,-0.0015339808305725455,-1.1581555604934692,1.0016894340515137,0.3374757766723633,0.0,0.0,0.04511708766222,0.0,0.31175071001052856,-0.16786576807498932,-0.1918465942144394,0.0,0.0,0.0,0.0,0.0,-330.8699951171875,-75.31999969482422,0.0
1780960523726941137,183507,1780960523694513307,base_link,wheel_left_joint,wheel_right_joint,joint1,joint2,joint3,joint4,gripper,0.007669905200600624,0.0,-0.003067961661145091,-1.1259418725967407,0.9832817316055298,0.3160000443458557,0.0,0.0,-0.015039029531180859,0.0,0.2877698838710785,-0.14388494193553925,-0.1918465942144394,0.0,0.0,0.0,0.0,-5.380000114440918,-322.8000183105469,-80.70000457763672,0.0
1780960523823703586,183508,1780960523728513307,base_link,wheel_left_joint,wheel_right_joint,joint1,joint2,joint3,joint4,gripper,0.007669905200600624,0.0,-0.003067961661145091,-1.115204095840454,0.977145791053772,0.3098641335964203,0.0,0.0,0.0,0.0,0.2877698838710785,-0.16786576807498932,-0.1918465942144394,0.0,0.0,0.0,0.0,-5.380000114440918,-328.17999267578125,-91.45999908447266,0.0
1780960523861420180,183509,1780960523832513307,base_link,wheel_left_joint,wheel_right_joint,joint1,joint2,joint3,joint4,gripper,0.007669905200600624,0.0,-0.003067961661145091,-1.0967962741851807,0.9602720141410828,0.2929903268814087,0.0,0.0,0.0,0.0,0.16786576807498932,-0.14388494193553925,-0.14388494193553925,0.0,0.0,0.0,0.0,-8.069999694824219,-330.8699951171875,-64.55999755859375,0.0
1780960523957152773,183510,1780960523866513307,base_link,wheel_left_joint,wheel_right_joint,joint1,joint2,joint3,joint4,gripper,0.007669905200600624,0.0,-0.003067961661145091,-1.0967962741851807,0.9618059992790222,0.2914563715457916,0.0,0.0,0.0,0.0,0.04796164855360985,-0.04796164855360985,-0.07194247096776962,0.0,0.0,0.0,0.0,0.0,-330.8699951171875,-59.18000030517578,0.0
1780960523996557818,183511,1780960523965513307,base_link,wheel_left_joint,wheel_right_joint,joint1,joint2,joint3,joint4,gripper,0.007669905200600624,0.0,-0.003067961661145091,-1.0967962741851807,0.9602720141410828,0.2914563715457916,0.0,0.0,0.0,0.0,0.0,0.0,0.0,0.0,0.0,0.0,0.0,0.0,-330.8699951171875,-67.25,0.0
1780960524097219612,183512,1780960523999513307,base_link,wheel_left_joint,wheel_right_joint,joint1,joint2,joint3,joint4,gripper,0.007669905200600624,0.0015339809469878674,-0.003067961661145091,-1.0967962741851807,0.9602720141410828,0.2914563715457916,0.0,0.0,0.04511708766222,0.0,0.0,0.0,0.0,0.0,0.0,0.0,0.0,0.0,-330.8699951171875,-67.25,0.0
1780960524134050846,183513,1780960524106513307,base_link,wheel_left_joint,wheel_right_joint,joint1,joint2,joint3,joint4,gripper,0.007669905200600624,0.0015339809469878674,-0.003067961661145091,-1.0967962741851807,0.9602720141410828,0.2914563715457916,0.0,0.0,0.0,0.0,0.0,0.0,0.0,0.0,0.0,0.0,0.0,0.0,-330.8699951171875,-67.25,0.0
1780960524228623609,183514,1780960524140513307,base_link,wheel_left_joint,wheel_right_joint,joint1,joint2,joint3,joint4,gripper,0.007669905200600624,0.0015339809469878674,-0.0015339808305725455,-1.0967962741851807,0.9618059992790222,0.2914563715457916,0.0,0.0,0.0,0.0,0.0,0.0,0.0,0.0,0.0,0.0,0.0,0.0,-330.8699951171875,-67.25,0.0
1780960524265354081,183515,1780960524237513307,base_link,wheel_left_joint,wheel_right_joint,joint1,joint2,joint3,joint4,gripper,0.007669905200600624,0.0,-0.003067961661145091,-1.0952622890472412,0.9602720141410828,0.2914563715457916,0.0,0.0,-0.01581423729658127,0.0,0.0,0.0,0.0,0.0,0.0,0.0,0.0,0.0,-330.8699951171875,-69.94000244140625,0.0
1780960524359220188,183516,1780960524271513307,base_link,wheel_left_joint,wheel_right_joint,joint1,joint2,joint3,joint4,gripper,0.007669905200600624,0.0,-0.003067961661145091,-1.0952622890472412,0.9618059992790222,0.2914563715457916,0.0,0.0,0.0,0.0,0.0,0.0,0.0,0.0,0.0,0.0,0.0,0.0,-330.8699951171875,-67.25,0.0
1780960524395847629,183517,1780960524369513307,base_link,wheel_left_joint,wheel_right_joint,joint1,joint2,joint3,joint4,gripper,0.007669905200600624,0.0,-0.003067961661145091,-1.0952622890472412,0.9602720141410828,0.2914563715457916,0.0,0.0,0.0,0.0,0.0,0.0,0.0,0.0,0.0,0.0,0.0,0.0,-325.4900207519531,-67.25,0.0
1780960524492724621,183518,1780960524403513307,base_link,wheel_left_joint,wheel_right_joint,joint1,joint2,joint3,joint4,gripper,0.007669905200600624,0.0,-0.003067961661145091,-1.0952622890472412,0.9618059992790222,0.2914563715457916,0.0,0.0,0.0,0.0,0.0,0.0,0.0,0.0,0.0,0.0,0.0,-2.690000057220459,-330.8699951171875,-67.25,0.0
1780960524530744894,183519,1780960524500513307,base_link,wheel_left_joint,wheel_right_joint,joint1,joint2,joint3,joint4,gripper,0.007669905200600624,0.0,-0.003067961661145091,-1.0952622890472412,0.9602720141410828,0.2914563715457916,0.0,0.0,0.0,0.0,0.0,0.0,0.0,0.0,0.0,0.0,0.0,0.0,-333.55999755859375,-67.25,0.0
1780960524628220551,183520,1780960524534513307,base_link,wheel_left_joint,wheel_right_joint,joint1,joint2,joint3,joint4,gripper,0.007669905200600624,0.0,-0.003067961661145091,-1.0952622890472412,0.9618059992790222,0.2914563715457916,0.0,0.0,0.0,0.0,0.0,0.0,0.0,0.0,0.0,0.0,0.0,0.0,-330.8699951171875,-67.25,0.0
1780960524665300444,183521,1780960524634513307,base_link,wheel_left_joint,wheel_right_joint,joint1,joint2,joint3,joint4,gripper,0.007669905200600624,0.0,-0.003067961661145091,-1.0952622890472412,0.9602720141410828,0.2914563715457916,0.0,0.0,0.0,0.0,0.0,0.0,0.0,0.0,0.0,0.0,0.0,-2.690000057220459,-328.17999267578125,-67.25,0.0
1780960524749252052,183522,1780960524666513307,base_link,wheel_left_joint,wheel_right_joint,joint1,joint2,joint3,joint4,gripper,0.007669905200600624,0.0,-0.003067961661145091,-1.0952622890472412,0.9618059992790222,0.2914563715457916,0.0,0.0,0.0,0.0,0.0,0.0,0.0,0.0,0.0,0.0,0.0,-2.690000057220459,-344.32000732421875,-88.77000427246094,0.0
1780960524798602088,183523,1780960524769513307,base_link,wheel_left_joint,wheel_right_joint,joint1,joint2,joint3,joint4,gripper,0.007669905200600624,0.0,-0.003067961661145091,-1.0860583782196045,0.9587380290031433,0.2853204309940338,0.0,0.0,0.0,0.0,0.0959232971072197,0.0,-0.04796164855360985,0.0,0.0,0.0,0.0,0.0,-357.77001953125,-88.77000427246094,0.0
1780960524892798753,183524,1780960524803513307,base_link,wheel_left_joint,wheel_right_joint,joint1,joint2,joint3,joint4,gripper,0.007669905200600624,0.0,-0.003067961661145091,-1.0783885717391968,0.9526020884513855,0.28071850538253784,0.0,0.0,0.0,0.0,0.14388494193553925,-0.07194247096776962,-0.07194247096776962,0.0,0.0,0.0,0.0,-18.829999923706055,-320.1100158691406,-86.08000183105469,0.0
1780960524928003830,183525,1780960524895513307,base_link,wheel_left_joint,wheel_right_joint,joint1,joint2,joint3,joint4,gripper,0.007669905200600624,0.0015339809469878674,-0.003067961661145091,-1.0661166906356812,0.9387962818145752,0.2715145945549011,0.0,0.0,0.016673706471920013,0.0,0.11990412324666977,-0.14388494193553925,-0.0959232971072197,0.0,0.0,0.0,0.0,0.0,-287.83001708984375,-88.77000427246094,0.0
1780960525020945383,183526,1780960524929513307,base_link,wheel_left_joint,wheel_right_joint,joint1,joint2,joint3,joint4,gripper,0.007669905200600624,0.0,-0.003067961661145091,-1.0599807500839233,0.9357283115386963,0.2684466540813446,0.0,0.0,-0.04511708766222,0.0,0.14388494193553925,-0.11990412324666977,-0.0959232971072197,0.0,0.0,0.0,0.0,-18.829999923706055,-325.4900207519531,-86.08000183105469,0.0
1780960525048478022,183527,1780960525024513307,base_link,wheel_left_joint,wheel_right_joint,joint1,joint2,joint3,joint4,gripper,0.007669905200600624,0.0,-0.003067961661145091,-1.0446408987045288,0.9265244007110596,0.2577087879180908,0.0,0.0,0.0,0.0,0.14388494193553925,-0.0959232971072197,-0.07194247096776962,0.0,0.0,0.0,0.0,-5.380000114440918,-330.8699951171875,-86.08000183105469,0.0
1780960525149741418,183528,1780960525058513307,base_link,wheel_left_joint,wheel_right_joint,joint1,joint2,joint3,joint4,gripper,0.007669905200600624,0.0,-0.003067961661145091,-1.0400390625,0.921922504901886,0.2546408176422119,0.0,0.0,0.0,0.0,0.14388494193553925,-0.0959232971072197,-0.0959232971072197,0.0,0.0,0.0,0.0,-13.450000762939453,-306.6600036621094,-83.38999938964844,0.0
1780960525189325808,183529,1780960525161513307,base_link,wheel_left_joint,wheel_right_joint,joint1,joint2,joint3,joint4,gripper,0.007669905200600624,0.0,-0.003067961661145091,-1.0246992111206055,0.9142525792121887,0.24236896634101868,0.0,0.0,0.0,0.0,0.14388494193553925,-0.04796164855360985,-0.0959232971072197,0.0,0.0,0.0,0.0,-8.069999694824219,-379.2900085449219,-91.45999908447266,0.0
1780960525280174546,183530,1780960525195513307,base_link,wheel_left_joint,wheel_right_joint,joint1,joint2,joint3,joint4,gripper,0.007669905200600624,0.0,-0.003067961661145091,-1.0185632705688477,0.9111846089363098,0.23930101096630096,0.0,0.0,0.0,0.0,0.14388494193553925,-0.07194247096776962,-0.0959232971072197,0.0,0.0,0.0,0.0,-24.21000099182129,-325.4900207519531,-83.38999938964844,0.0
1780960525318299573,183531,1780960525286513307,base_link,wheel_left_joint,wheel_right_joint,joint1,joint2,joint3,joint4,gripper,0.007669905200600624,0.0,-0.003067961661145091,-1.0032234191894531,0.9019807577133179,0.23009712994098663,0.0,0.0,0.0,0.0,0.14388494193553925,-0.0959232971072197,-0.0959232971072197,0.0,0.0,0.0,0.0,-18.829999923706055,-312.0400085449219,-86.08000183105469,0.0
1780960525409424212,183532,1780960525320513307,base_link,wheel_left_joint,wheel_right_joint,joint1,joint2,joint3,joint4,gripper,0.007669905200600624,0.0015339809469878674,-0.003067961661145091,-0.9986215233802795,0.8973788022994995,0.22702915966510773,0.0,0.0,0.04511708766222,0.0,0.14388494193553925,-0.0959232971072197,-0.0959232971072197,0.0,0.0,0.0,0.0,-16.139999389648438,-320.1100158691406,-88.77000427246094,0.0
1780960525438841093,183533,1780960525414513307,base_link,wheel_left_joint,wheel_right_joint,joint1,joint2,joint3,joint4,gripper,0.007669905200600624,0.0015339809469878674,-0.003067961661145091,-0.9832817316055298,0.8866409063339233,0.2178252786397934,0.0,0.0,0.0,0.0,0.14388494193553925,-0.0959232971072197,-0.0959232971072197,0.0,0.0,0.0,0.0,-16.139999389648438,-320.1100158691406,-86.08000183105469,0.0
1780960525537069368,183534,1780960525448513307,base_link,wheel_left_joint,wheel_right_joint,joint1,joint2,joint3,joint4,gripper,0.007669905200600624,0.0015339809469878674,-0.003067961661145091,-0.9786797761917114,0.8835729360580444,0.21322333812713623,0.0,0.0,0.0,0.0,0.14388494193553925,-0.0959232971072197,-0.0959232971072197,0.0,0.0,0.0,0.0,-16.139999389648438,-320.1100158691406,-75.31999969482422,0.0
1780960525573501234,183535,1780960525545513307,base_link,wheel_left_joint,wheel_right_joint,joint1,joint2,joint3,joint4,gripper,0.007669905200600624,0.0015339809469878674,-0.003067961661145091,-0.9633399844169617,0.8743690848350525,0.20248547196388245,0.0,0.0,0.0,0.0,0.14388494193553925,-0.07194247096776962,-0.0959232971072197,0.0,0.0,0.0,0.0,-18.829999923706055,-336.25,-78.01000213623047,0.0
1780960525672019552,183536,1780960525579513307,base_link,wheel_left_joint,wheel_right_joint,joint1,joint2,joint3,joint4,gripper,0.007669905200600624,0.0,-0.003067961661145091,-0.9572040438652039,0.872835099697113,0.19941750168800354,0.0,0.0,-0.04511708766222,0.0,0.14388494193553925,-0.07194247096776962,-0.0959232971072197,0.0,0.0,0.0,0.0,-26.900001525878906,-357.77001953125,-80.70000457763672,0.0
1780960525714004257,183537,1780960525681513307,base_link,wheel_left_joint,wheel_right_joint,joint1,joint2,joint3,joint4,gripper,0.007669905200600624,0.0015339809469878674,-0.003067961661145091,-0.9418642520904541,0.8636311888694763,0.18867963552474976,0.0,0.0,0.015039029531180859,0.0,0.14388494193553925,-0.07194247096776962,-0.0959232971072197,0.0,0.0,0.0,0.0,-21.520000457763672,-352.3900146484375,-75.31999969482422,0.0
1780960525813614617,183538,1780960525715513307,base_link,wheel_left_joint,wheel_right_joint,joint1,joint2,joint3,joint4,gripper,0.007669905200600624,0.0,-0.003067961661145091,-0.9372622966766357,0.8590292930603027,0.18561168015003204,0.0,0.0,-0.04511708766222,0.0,0.14388494193553925,-0.07194247096776962,-0.0959232971072197,0.0,0.0,0.0,0.0,-18.829999923706055,-352.3900146484375,-88.77000427246094,0.0
1780960525851207325,183539,1780960525826214426,base_link,wheel_left_joint,wheel_right_joint,joint1,joint2,joint3,joint4,gripper,0.007669905200600624,0.0,-0.003067961661145091,-0.9203885197639465,0.8467574119567871,0.17487381398677826,0.0,0.0,0.0,0.0,0.14388494193553925,-0.11990412324666977,-0.0959232971072197,0.0,0.0,0.0,0.0,-26.900001525878906,-330.8699951171875,-78.01000213623047,0.0
1780960525943010529,183540,1780960525860214426,base_link,wheel_left_joint,wheel_right_joint,joint1,joint2,joint3,joint4,gripper,0.007669905200600624,0.0015339809469878674,-0.003067961661145091,-0.9142525792121887,0.8421554565429688,0.17180585861206055,0.0,0.0,0.04511708766222,0.0,0.14388494193553925,-0.11990412324666977,-0.0959232971072197,0.0,0.0,0.0,0.0,-21.520000457763672,-325.4900207519531,-78.01000213623047,0.0
1780960525978784623,183541,1780960525954214426,base_link,wheel_left_joint,wheel_right_joint,joint1,joint2,joint3,joint4,gripper,0.007669905200600624,0.0,-0.003067961661145091,-0.9004467725753784,0.8329516053199768,0.16260196268558502,0.0,0.0,-0.016318947076797485,0.0,0.14388494193553925,-0.0959232971072197,-0.0959232971072197,0.0,0.0,0.0,0.0,-21.520000457763672,-328.17999267578125,-78.01000213623047,0.0
1780960526073550806,183542,1780960525988214426,base_link,wheel_left_joint,wheel_right_joint,joint1,joint2,joint3,joint4,gripper,0.006135923787951469,0.0,-0.003067961661145091,-0.8943108320236206,0.8298836350440979,0.15800002217292786,0.0,-0.04511708766222,0.0,0.0,0.14388494193553925,-0.0959232971072197,-0.0959232971072197,0.0,0.0,0.0,0.0,-29.59000015258789,-330.8699951171875,-80.70000457763672,0.0
1780960526103236727,183543,1780960526080214426,base_link,wheel_left_joint,wheel_right_joint,joint1,joint2,joint3,joint4,gripper,0.007669905200600624,0.0,-0.003067961661145091,-0.8789710402488708,0.8206797242164612,0.14879614114761353,0.0,0.016673706471920013,0.0,0.0,0.14388494193553925,-0.0959232971072197,-0.0959232971072197,0.0,0.0,0.0,0.0,-37.65999984741211,-333.55999755859375,-83.38999938964844,0.0
1780960526176136094,183544,1780960526114214426,base_link,wheel_left_joint,wheel_right_joint,joint1,joint2,joint3,joint4,gripper,0.007669905200600624,0.0,-0.003067961661145091,-0.8743690848350525,0.8160778284072876,0.1457281857728958,0.0,0.0,0.0,0.0,0.14388494193553925,-0.0959232971072197,-0.0959232971072197,0.0,0.0,0.0,0.0,-29.59000015258789,-314.7300109863281,-86.08000183105469,0.0
1780960526199027392,183545,1780960526209214426,base_link,wheel_left_joint,wheel_right_joint,joint1,joint2,joint3,joint4,gripper,0.007669905200600624,0.0,-0.003067961661145091,-0.8682331442832947,0.8084079027175903,0.14112623035907745,0.0,0.0,0.0,0.0,0.07194247096776962,-0.07194247096776962,-0.023980824276804924,0.0,0.0,0.0,0.0,-10.760000228881836,-330.8699951171875,-67.25,0.0
1780960526262729495,183546,1780960526243214426,base_link,wheel_left_joint,wheel_right_joint,joint1,joint2,joint3,joint4,gripper,0.007669905200600624,0.0,-0.003067961661145091,-0.8682331442832947,0.8084079027175903,0.14112623035907745,0.0,0.0,0.0,0.0,0.023980824276804924,0.0,-0.023980824276804924,0.0,0.0,0.0,0.0,-16.139999389648438,-333.55999755859375,-69.94000244140625,0.0
1780960526307080951,183547,1780960526290214426,base_link,wheel_left_joint,wheel_right_joint,joint1,joint2,joint3,joint4,gripper,0.007669905200600624,0.0,-0.003067961661145091,-0.8666991591453552,0.8099418878555298,0.14112623035907745,0.0,0.0,0.0,0.0,0.0,0.0,0.0,0.0,0.0,0.0,0.0,-16.139999389648438,-328.17999267578125,-67.25,0.0
1780960526402684394,183548,1780960526324214426,base_link,wheel_left_joint,wheel_right_joint,joint1,joint2,joint3,joint4,gripper,0.007669905200600624,0.0,-0.003067961661145091,-0.8682331442832947,0.8099418878555298,0.14112623035907745,0.0,0.0,0.0,0.0,0.0,0.0,0.0,0.0,0.0,0.0,0.0,-18.829999923706055,-333.55999755859375,-67.25,0.0
1780960526441333203,183549,1780960526414214426,base_link,wheel_left_joint,wheel_right_joint,joint1,joint2,joint3,joint4,gripper,0.007669905200600624,0.0,-0.003067961661145091,-0.8666991591453552,0.8099418878555298,0.14112623035907745,0.0,0.0,0.0,0.0,0.0,0.0,0.0,0.0,0.0,0.0,0.0,-13.450000762939453,-330.8699951171875,-67.25,0.0
1780960526541845965,183550,1780960526448214426,base_link,wheel_left_joint,wheel_right_joint,joint1,joint2,joint3,joint4,gripper,0.007669905200600624,0.0,-0.003067961661145091,-0.8666991591453552,0.8099418878555298,0.14112623035907745,0.0,0.0,0.0,0.0,0.0,0.0,0.0,0.0,0.0,0.0,0.0,-16.139999389648438,-333.55999755859375,-67.25,0.0
1780960526574221896,183551,1780960526542214426,base_link,wheel_left_joint,wheel_right_joint,joint1,joint2,joint3,joint4,gripper,0.007669905200600624,0.0,-0.003067961661145091,-0.8666991591453552,0.8099418878555298,0.14112623035907745,0.0,0.0,0.0,0.0,0.0,0.0,0.0,0.0,0.0,0.0,0.0,-13.450000762939453,-330.8699951171875,-69.94000244140625,0.0
1780960526668342004,183552,1780960526576214426,base_link,wheel_left_joint,wheel_right_joint,joint1,joint2,joint3,joint4,gripper,0.007669905200600624,0.0,-0.003067961661145091,-0.8666991591453552,0.8099418878555298,0.14112623035907745,0.0,0.0,0.0,0.0,0.0,0.0,0.0,0.0,0.0,0.0,0.0,-18.829999923706055,-333.55999755859375,-69.94000244140625,0.0
1780960526704809784,183553,1780960526682214426,base_link,wheel_left_joint,wheel_right_joint,joint1,joint2,joint3,joint4,gripper,0.007669905200600624,0.0,-0.003067961661145091,-0.8666991591453552,0.8099418878555298,0.14112623035907745,0.0,0.0,0.0,0.0,0.0,0.0,0.0,0.0,0.0,0.0,0.0,-16.139999389648438,-330.8699951171875,-67.25,0.0
1780960526802135141,183554,1780960526716214426,base_link,wheel_left_joint,wheel_right_joint,joint1,joint2,joint3,joint4,gripper,0.007669905200600624,0.0,-0.003067961661145091,-0.8666991591453552,0.8084079027175903,0.14112623035907745,0.0,0.0,0.0,0.0,0.0,0.0,0.0,0.0,0.0,0.0,0.0,-18.829999923706055,-333.55999755859375,-67.25,0.0
1780960526840573148,183555,1780960526818214426,base_link,wheel_left_joint,wheel_right_joint,joint1,joint2,joint3,joint4,gripper,0.007669905200600624,0.0,-0.003067961661145091,-0.8666991591453552,0.8099418878555298,0.14112623035907745,0.0,0.0,0.0,0.0,0.0,0.0,0.0,0.0,0.0,0.0,0.0,-18.829999923706055,-333.55999755859375,-72.6300048828125,0.0
1780960526934342595,183556,1780960526852214426,base_link,wheel_left_joint,wheel_right_joint,joint1,joint2,joint3,joint4,gripper,0.007669905200600624,0.0015339809469878674,-0.003067961661145091,-0.8666991591453552,0.8084079027175903,0.14112623035907745,0.0,0.0,0.04511708766222,0.0,0.0,0.0,0.0,0.0,0.0,0.0,0.0,-16.139999389648438,-330.8699951171875,-78.01000213623047,0.0
1780960526971226601,183557,1780960526951214426,base_link,wheel_left_joint,wheel_right_joint,joint1,joint2,joint3,joint4,gripper,0.007669905200600624,0.0,-0.003067961661145091,-0.8666991591453552,0.8084079027175903,0.14112623035907745,0.0,0.0,-0.01549475733190775,0.0,0.0,0.0,0.0,0.0,0.0,0.0,0.0,-18.829999923706055,-330.8699951171875,-67.25,0.0
1780960527061656578,183558,1780960526983214426,base_link,wheel_left_joint,wheel_right_joint,joint1,joint2,joint3,joint4,gripper,0.007669905200600624,0.0,-0.003067961661145091,-0.8666991591453552,0.8099418878555298,0.14112623035907745,0.0,0.0,0.0,0.0,0.0,0.0,0.0,0.0,0.0,0.0,0.0,-13.450000762939453,-365.8399963378906,-104.91000366210938,0.0
1780960527105041396,183559,1780960527080214426,base_link,wheel_left_joint,wheel_right_joint,joint1,joint2,joint3,joint4,gripper,0.007669905200600624,0.0,-0.003067961661145091,-0.8482913970947266,0.79460209608078,0.13038836419582367,0.0,0.0,0.0,0.0,0.16786576807498932,-0.14388494193553925,-0.11990412324666977,0.0,0.0,0.0,0.0,-32.279998779296875,-285.1400146484375,-88.77000427246094,0.0
1780960527201378255,183560,1780960527114214426,base_link,wheel_left_joint,wheel_right_joint,joint1,joint2,joint3,joint4,gripper,0.007669905200600624,0.0,-0.003067961661145091,-0.8406214714050293,0.7900001406669617,0.12425244599580765,0.0,0.0,0.0,0.0,0.21582742035388947,-0.16786576807498932,-0.14388494193553925,0.0,0.0,0.0,0.0,-40.35000228881836,-317.4200134277344,-80.70000457763672,0.0
1780960527229888812,183561,1780960527208214426,base_link,wheel_left_joint,wheel_right_joint,joint1,joint2,joint3,joint4,gripper,0.007669905200600624,0.0,-0.003067961661145091,-0.8176117539405823,0.7761942744255066,0.1089126393198967,0.0,0.0,0.0,0.0,0.21582742035388947,-0.14388494193553925,-0.14388494193553925,0.0,0.0,0.0,0.0,-29.59000015258789,-325.4900207519531,-86.08000183105469,0.0
1780960527321691706,183562,1780960527242214426,base_link,wheel_left_joint,wheel_right_joint,joint1,joint2,joint3,joint4,gripper,0.007669905200600624,0.0,-0.003067961661145091,-0.8099418878555298,0.771592378616333,0.10431069880723953,0.0,0.0,0.0,0.0,0.21582742035388947,-0.11990412324666977,-0.14388494193553925,0.0,0.0,0.0,0.0,-34.970001220703125,-320.1100158691406,-88.77000427246094,0.0
1780960527360168801,183563,1780960527338214426,base_link,wheel_left_joint,wheel_right_joint,joint1,joint2,joint3,joint4,gripper,0.007669905200600624,0.0,-0.003067961661145091,-0.7869321703910828,0.7562525272369385,0.08897088468074799,0.0,0.0,0.0,0.0,0.21582742035388947,-0.14388494193553925,-0.14388494193553925,0.0,0.0,0.0,0.0,-45.72999954223633,-336.25,-75.31999969482422,0.0
1780960527454025835,183564,1780960527372214426,base_link,wheel_left_joint,wheel_right_joint,joint1,joint2,joint3,joint4,gripper,0.007669905200600624,0.0,-0.003067961661145091,-0.7792622447013855,0.7501166462898254,0.08436894416809082,0.0,0.0,0.0,0.0,0.21582742035388947,-0.14388494193553925,-0.14388494193553925,0.0,0.0,0.0,0.0,-32.279998779296875,-320.1100158691406,-83.38999938964844,0.0
1780960527493998931,183565,1780960527469214426,base_link,wheel_left_joint,wheel_right_joint,joint1,joint2,joint3,joint4,gripper,0.007669905200600624,0.0,-0.003067961661145091,-0.7562525272369385,0.7363107800483704,0.06902913749217987,0.0,0.0,0.0,0.0,0.21582742035388947,-0.14388494193553925,-0.14388494193553925,0.0,0.0,0.0,0.0,-51.11000061035156,-330.8699951171875,-86.08000183105469,0.0
1780960527582470689,183566,1780960527503214426,base_link,wheel_left_joint,wheel_right_joint,joint1,joint2,joint3,joint4,gripper,0.007669905200600624,0.0,-0.003067961661145091,-0.7470486760139465,0.7317088842391968,0.06289321184158325,0.0,0.0,0.0,0.0,0.23980824649333954,-0.14388494193553925,-0.14388494193553925,0.0,0.0,0.0,0.0,-40.35000228881836,-328.17999267578125,-72.6300048828125,0.0
1780960527632020506,183567,1780960527609214426,base_link,wheel_left_joint,wheel_right_joint,joint1,joint2,joint3,joint4,gripper,0.007669905200600624,0.0,-0.003067961661145091,-0.7225049734115601,0.7133010625839233,0.04601942375302315,0.0,0.0,0.0,0.0,0.21582742035388947,-0.14388494193553925,-0.14388494193553925,0.0,0.0,0.0,0.0,-43.040000915527344,-309.3500061035156,-78.01000213623047,0.0
1780960527727961644,183568,1780960527643214426,base_link,wheel_left_joint,wheel_right_joint,joint1,joint2,joint3,joint4,gripper,0.007669905200600624,0.0,-0.003067961661145091,-0.7148350477218628,0.7086991667747498,0.04141748324036598,0.0,0.0,0.0,0.0,0.21582742035388947,-0.14388494193553925,-0.14388494193553925,0.0,0.0,0.0,0.0,-51.11000061035156,-317.4200134277344,-69.94000244140625,0.0
1780960527763327943,183569,1780960527733214426,base_link,wheel_left_joint,wheel_right_joint,joint1,joint2,joint3,joint4,gripper,0.007669905200600624,0.0,-0.003067961661145091,-0.6933593153953552,0.6948933005332947,0.02761165425181389,0.0,0.0,0.0,0.0,0.21582742035388947,-0.11990412324666977,-0.14388494193553925,0.0,0.0,0.0,0.0,-48.42000198364258,-325.4900207519531,-78.01000213623047,0.0
1780960527861722700,183570,1780960527767214426,base_link,wheel_left_joint,wheel_right_joint,joint1,joint2,joint3,joint4,gripper,0.007669905200600624,0.0,-0.003067961661145091,-0.6856894493103027,0.6902913451194763,0.023009711876511574,0.0,0.0,0.0,0.0,0.21582742035388947,-0.14388494193553925,-0.14388494193553925,0.0,0.0,0.0,0.0,-51.11000061035156,-320.1100158691406,-99.52999877929688,0.0
1780960527891883467,183571,1780960527864214426,base_link,wheel_left_joint,wheel_right_joint,joint1,joint2,joint3,joint4,gripper,0.007669905200600624,0.0,-0.003067961661145091,-0.6611457467079163,0.6734175682067871,0.0076699042692780495,0.0,0.0,0.0,0.0,0.21582742035388947,-0.16786576807498932,-0.14388494193553925,0.0,0.0,0.0,0.0,-56.4900016784668,-298.5899963378906,-88.77000427246094,0.0
1780960527979614950,183572,1780960527898214426,base_link,wheel_left_joint,wheel_right_joint,joint1,joint2,joint3,joint4,gripper,0.007669905200600624,0.0,-0.003067961661145091,-0.653475821018219,0.6672816872596741,0.0015339808305725455,0.0,0.0,0.0,0.0,0.21582742035388947,-0.16786576807498932,-0.14388494193553925,0.0,0.0,0.0,0.0,-59.18000030517578,-314.7300109863281,-64.55999755859375,0.0
1780960528017583235,183573,1780960527999214426,base_link,wheel_left_joint,wheel_right_joint,joint1,joint2,joint3,joint4,gripper,0.007669905200600624,0.0,-0.003067961661145091,-0.6396700143814087,0.6580777764320374,-0.00920388475060463,0.0,0.0,0.0,0.0,0.11990412324666977,-0.07194247096776962,-0.0959232971072197,0.0,0.0,0.0,0.0,-45.72999954223633,-328.17999267578125,-88.77000427246094,0.0
1780960528112431681,183574,1780960528033214426,base_link,wheel_left_joint,wheel_right_joint,joint1,joint2,joint3,joint4,gripper,0.007669905200600624,0.0,-0.003067961661145091,-0.6381360292434692,0.6580777764320374,-0.010737866163253784,0.0,0.0,0.0,0.0,0.04796164855360985,0.0,-0.04796164855360985,0.0,0.0,0.0,0.0,-43.040000915527344,-322.8000183105469,-78.01000213623047,0.0
1780960528151266437,183575,1780960528129214426,base_link,wheel_left_joint,wheel_right_joint,joint1,joint2,joint3,joint4,gripper,0.007669905200600624,0.0,-0.003067961661145091,-0.6396700143814087,0.6580777764320374,-0.00920388475060463,0.0,0.0,0.0,0.0,0.0,0.0,0.0,0.0,0.0,0.0,0.0,-45.72999954223633,-322.8000183105469,-86.08000183105469,0.0
1780960528249100757,183576,1780960528163214426,base_link,wheel_left_joint,wheel_right_joint,joint1,joint2,joint3,joint4,gripper,0.007669905200600624,0.0,-0.003067961661145091,-0.6381360292434692,0.6580777764320374,-0.010737866163253784,0.0,0.0,0.0,0.0,0.0,0.0,0.0,0.0,0.0,0.0,0.0,-40.35000228881836,-325.4900207519531,-75.31999969482422,0.0
1780960528296055825,183577,1780960528265214426,base_link,wheel_left_joint,wheel_right_joint,joint1,joint2,joint3,joint4,gripper,0.007669905200600624,0.0,-0.003067961661145091,-0.6396700143814087,0.6580777764320374,-0.010737866163253784,0.0,0.0,0.0,0.0,0.0,0.0,0.0,0.0,0.0,0.0,0.0,-48.42000198364258,-325.4900207519531,-75.31999969482422,0.0
1780960528386495559,183578,1780960528299214426,base_link,wheel_left_joint,wheel_right_joint,joint1,joint2,joint3,joint4,gripper,0.007669905200600624,0.0,-0.003067961661145091,-0.6381360292434692,0.6580777764320374,-0.010737866163253784,0.0,0.0,0.0,0.0,0.0,0.0,0.0,0.0,0.0,0.0,0.0,-40.35000228881836,-322.8000183105469,-78.01000213623047,0.0
1780960528424706411,183579,1780960528399023138,base_link,wheel_left_joint,wheel_right_joint,joint1,joint2,joint3,joint4,gripper,0.007669905200600624,0.0,-0.003067961661145091,-0.6396700143814087,0.6596117615699768,-0.010737866163253784,0.0,0.0,0.0,0.0,0.0,0.0,0.0,0.0,0.0,0.0,0.0,-34.970001220703125,-322.8000183105469,-78.01000213623047,0.0
1780960528522592011,183580,1780960528433023138,base_link,wheel_left_joint,wheel_right_joint,joint1,joint2,joint3,joint4,gripper,0.007669905200600624,0.0,-0.003067961661145091,-0.6381360292434692,0.6580777764320374,-0.010737866163253784,0.0,0.0,0.0,0.0,0.0,0.0,0.0,0.0,0.0,0.0,0.0,-37.65999984741211,-328.17999267578125,-78.01000213623047,0.0
1780960528560927613,183581,1780960528532023138,base_link,wheel_left_joint,wheel_right_joint,joint1,joint2,joint3,joint4,gripper,0.007669905200600624,0.0,-0.003067961661145091,-0.6381360292434692,0.6580777764320374,-0.010737866163253784,0.0,0.0,0.0,0.0,0.0,0.0,0.0,0.0,0.0,0.0,0.0,-51.11000061035156,-322.8000183105469,-67.25,0.0
1780960528644547323,183582,1780960528564023138,base_link,wheel_left_joint,wheel_right_joint,joint1,joint2,joint3,joint4,gripper,0.007669905200600624,0.0,-0.003067961661145091,-0.6381360292434692,0.6580777764320374,-0.010737866163253784,0.0,0.0,0.0,0.0,0.0,0.0,0.0,0.0,0.0,0.0,0.0,-43.040000915527344,-363.1499938964844,-104.91000366210938,0.0
1780960528693140883,183583,1780960528669023138,base_link,wheel_left_joint,wheel_right_joint,joint1,joint2,joint3,joint4,gripper,0.007669905200600624,0.0015339809469878674,-0.003067961661145091,-0.6166602969169617,0.6427379846572876,-0.02454369328916073,0.0,0.0,0.014609342440962791,0.0,0.21582742035388947,-0.16786576807498932,-0.11990412324666977,0.0,0.0,0.0,0.0,-67.25,-322.8000183105469,-102.22000122070312,0.0
1780960528787299670,183584,1780960528703023138,base_link,wheel_left_joint,wheel_right_joint,joint1,joint2,joint3,joint4,gripper,0.007669905200600624,0.0,-0.003067961661145091,-0.6059224009513855,0.6381360292434692,-0.029145635664463043,0.0,0.0,-0.04511708766222,0.0,0.21582742035388947,-0.16786576807498932,-0.14388494193553925,0.0,0.0,0.0,0.0,-69.94000244140625,-287.83001708984375,-88.77000427246094,0.0
1780960528815062742,183585,1780960528794023138,base_link,wheel_left_joint,wheel_right_joint,joint1,joint2,joint3,joint4,gripper,0.007669905200600624,0.0,-0.003067961661145091,-0.5844466686248779,0.6243302226066589,-0.04448544234037399,0.0,0.0,0.0,0.0,0.21582742035388947,-0.14388494193553925,-0.14388494193553925,0.0,0.0,0.0,0.0,-75.31999969482422,-320.1100158691406,-78.01000213623047,0.0
1780960528908664252,183586,1780960528828023138,base_link,wheel_left_joint,wheel_right_joint,joint1,joint2,joint3,joint4,gripper,0.007669905200600624,0.0015339809469878674,-0.003067961661145091,-0.5767768025398254,0.6181942820549011,-0.04908738657832146,0.0,0.0,0.04511708766222,0.0,0.21582742035388947,-0.14388494193553925,-0.14388494193553925,0.0,0.0,0.0,0.0,-75.31999969482422,-317.4200134277344,-88.77000427246094,0.0
1780960528945420005,183587,1780960528926023138,base_link,wheel_left_joint,wheel_right_joint,joint1,joint2,joint3,joint4,gripper,0.007669905200600624,0.0,-0.003067961661145091,-0.5553010702133179,0.6043884754180908,-0.06289321184158325,0.0,0.0,-0.015652867034077644,0.0,0.21582742035388947,-0.11990412324666977,-0.14388494193553925,0.0,0.0,0.0,0.0,-64.55999755859375,-330.8699951171875,-88.77000427246094,0.0
1780960529042600121,183588,1780960528960023138,base_link,wheel_left_joint,wheel_right_joint,joint1,joint2,joint3,joint4,gripper,0.007669905200600624,0.0,-0.003067961661145091,-0.5460971593856812,0.5997865200042725,-0.06902913749217987,0.0,0.0,0.0,0.0,0.21582742035388947,-0.11990412324666977,-0.14388494193553925,0.0,0.0,0.0,0.0,-69.94000244140625,-320.1100158691406,-72.6300048828125,0.0
1780960529078575757,183589,1780960529060023138,base_link,wheel_left_joint,wheel_right_joint,joint1,joint2,joint3,joint4,gripper,0.007669905200600624,0.0,-0.003067961661145091,-0.5230874419212341,0.5829127430915833,-0.08436894416809082,0.0,0.0,0.0,0.0,0.21582742035388947,-0.14388494193553925,-0.14388494193553925,0.0,0.0,0.0,0.0,-72.6300048828125,-322.8000183105469,-83.38999938964844,0.0
1780960529174321094,183590,1780960529094023138,base_link,wheel_left_joint,wheel_right_joint,joint1,joint2,joint3,joint4,gripper,0.007669905200600624,0.0015339809469878674,-0.003067961661145091,-0.5154175758361816,0.5767768025398254,-0.09050486981868744,0.0,0.0,0.04511708766222,0.0,0.21582742035388947,-0.14388494193553925,-0.14388494193553925,0.0,0.0,0.0,0.0,-72.6300048828125,-325.4900207519531,-78.01000213623047,0.0
1780960529211091863,183591,1780960529192023138,base_link,wheel_left_joint,wheel_right_joint,joint1,joint2,joint3,joint4,gripper,0.007669905200600624,0.0,-0.003067961661145091,-0.4924078583717346,0.5629709362983704,-0.10584467649459839,0.0,0.0,-0.015652867034077644,0.0,0.21582742035388947,-0.14388494193553925,-0.14388494193553925,0.0,0.0,0.0,0.0,-80.70000457763672,-322.8000183105469,-83.38999938964844,0.0
1780960529309770670,183592,1780960529226023138,base_link,wheel_left_joint,wheel_right_joint,joint1,joint2,joint3,joint4,gripper,0.007669905200600624,0.0,-0.003067961661145091,-0.48473793268203735,0.5583690404891968,-0.11044661700725555,0.0,0.0,0.0,0.0,0.21582742035388947,-0.14388494193553925,-0.14388494193553925,0.0,0.0,0.0,0.0,-94.1500015258789,-309.3500061035156,-78.01000213623047,0.0
1780960529347065742,183593,1780960529327023138,base_link,wheel_left_joint,wheel_right_joint,joint1,joint2,joint3,joint4,gripper,0.007669905200600624,0.0,-0.003067961661145091,-0.4586602747440338,0.5399612784385681,-0.1257864236831665,0.0,0.0,0.0,0.0,0.21582742035388947,-0.16786576807498932,-0.14388494193553925,0.0,0.0,0.0,0.0,-78.01000213623047,-306.6600036621094,-88.77000427246094,0.0
1780960529442569323,183594,1780960529361023138,base_link,wheel_left_joint,wheel_right_joint,joint1,joint2,joint3,joint4,gripper,0.007669905200600624,0.0,-0.003067961661145091,-0.452524334192276,0.5338253378868103,-0.13192234933376312,0.0,0.0,0.0,0.0,0.21582742035388947,-0.14388494193553925,-0.14388494193553925,0.0,0.0,0.0,0.0,-91.45999908447266,-317.4200134277344,-80.70000457763672,0.0
1780960529480727062,183595,1780960529461023138,base_link,wheel_left_joint,wheel_right_joint,joint1,joint2,joint3,joint4,gripper,0.007669905200600624,0.0,-0.003067961661145091,-0.42644667625427246,0.52001953125,-0.14726215600967407,0.0,0.0,0.0,0.0,0.21582742035388947,-0.11990412324666977,-0.14388494193553925,0.0,0.0,0.0,0.0,-80.70000457763672,-309.3500061035156,-80.70000457763672,0.0
1780960529544952877,183596,1780960529495023138,base_link,wheel_left_joint,wheel_right_joint,joint1,joint2,joint3,joint4,gripper,0.007669905200600624,0.0015339809469878674,-0.003067961661145091,-0.4187767803668976,0.5138835906982422,-0.15186409652233124,0.0,0.0,0.04511708766222,0.0,0.21582742035388947,-0.14388494193553925,-0.14388494193553925,0.0,0.0,0.0,0.0,-104.91000366210938,-282.45001220703125,-83.38999938964844,0.0
1780960529573628869,183597,1780960529583023138,base_link,wheel_left_joint,wheel_right_joint,joint1,joint2,joint3,joint4,gripper,0.007669905200600624,0.0,-0.003067961661145091,-0.4111068546772003,0.5062136650085449,-0.1595340073108673,0.0,0.0,-0.017431601881980896,0.0,0.0959232971072197,-0.0959232971072197,-0.07194247096776962,0.0,0.0,0.0,0.0,-64.55999755859375,-322.8000183105469,-91.45999908447266,0.0
1780960529644594095,183598,1780960529617023138,base_link,wheel_left_joint,wheel_right_joint,joint1,joint2,joint3,joint4,gripper,0.007669905200600624,0.0,-0.003067961661145091,-0.4111068546772003,0.5062136650085449,-0.1595340073108673,0.0,0.0,0.0,0.0,0.0,0.0,-0.023980824276804924,0.0,0.0,0.0,0.0,-64.55999755859375,-322.8000183105469,-75.31999969482422,0.0
1780960529681899712,183599,1780960529663023138,base_link,wheel_left_joint,wheel_right_joint,joint1,joint2,joint3,joint4,gripper,0.007669905200600624,0.0,-0.003067961661145091,-0.4111068546772003,0.5062136650085449,-0.16106799244880676,0.0,0.0,0.0,0.0,0.0,0.0,0.0,0.0,0.0,0.0,0.0,-64.55999755859375,-322.8000183105469,-69.94000244140625,0.0
1780960529777000146,183600,1780960529697023138,base_link,wheel_left_joint,wheel_right_joint,joint1,joint2,joint3,joint4,gripper,0.007669905200600624,0.0,-0.003067961661145091,-0.4111068546772003,0.5062136650085449,-0.16106799244880676,0.0,0.0,0.0,0.0,0.0,0.0,0.0,0.0,0.0,0.0,0.0,-67.25,-322.8000183105469,-69.94000244140625,0.0
1780960529826718597,183601,1780960529795023138,base_link,wheel_left_joint,wheel_right_joint,joint1,joint2,joint3,joint4,gripper,0.007669905200600624,0.0,-0.003067961661145091,-0.4111068546772003,0.5062136650085449,-0.16106799244880676,0.0,0.0,0.0,0.0,0.0,0.0,0.0,0.0,0.0,0.0,0.0,-64.55999755859375,-322.8000183105469,-67.25,0.0
1780960529916151823,183602,1780960529829023138,base_link,wheel_left_joint,wheel_right_joint,joint1,joint2,joint3,joint4,gripper,0.007669905200600624,0.0,-0.003067961661145091,-0.40957286953926086,0.5062136650085449,-0.16106799244880676,0.0,0.0,0.0,0.0,0.0,0.0,0.0,0.0,0.0,0.0,0.0,-67.25,-322.8000183105469,-67.25,0.0
1780960529945902012,183603,1780960529926023138,base_link,wheel_left_joint,wheel_right_joint,joint1,joint2,joint3,joint4,gripper,0.007669905200600624,0.0,-0.003067961661145091,-0.4111068546772003,0.5077476501464844,-0.16106799244880676,0.0,0.0,0.0,0.0,0.0,0.0,0.0,0.0,0.0,0.0,0.0,-64.55999755859375,-325.4900207519531,-67.25,0.0
1780960530033582553,183604,1780960529958023138,base_link,wheel_left_joint,wheel_right_joint,joint1,joint2,joint3,joint4,gripper,0.007669905200600624,0.0,-0.003067961661145091,-0.40957286953926086,0.5062136650085449,-0.16106799244880676,0.0,0.0,0.0,0.0,0.0,0.0,0.0,0.0,0.0,0.0,0.0,-37.65999984741211,-341.6300048828125,-96.84000396728516,0.0
1780960530079011747,183605,1780960530059023138,base_link,wheel_left_joint,wheel_right_joint,joint1,joint2,joint3,joint4,gripper,0.007669905200600624,0.0,-0.003067961661145091,-0.39269909262657166,0.4939418137073517,-0.17180585861206055,0.0,0.0,0.0,0.0,0.16786576807498932,-0.11990412324666977,-0.0959232971072197,0.0,0.0,0.0,0.0,-104.91000366210938,-322.8000183105469,-86.08000183105469,0.0
1780960530174757869,183606,1780960530093023138,base_link,wheel_left_joint,wheel_right_joint,joint1,joint2,joint3,joint4,gripper,0.007669905200600624,0.0,-0.003067961661145091,-0.3850291967391968,0.48780590295791626,-0.17794176936149597,0.0,0.0,0.0,0.0,0.21582742035388947,-0.14388494193553925,-0.11990412324666977,0.0,0.0,0.0,0.0,-99.52999877929688,-320.1100158691406,-72.6300048828125,0.0
1780960530210784636,183607,1780960530181023138,base_link,wheel_left_joint,wheel_right_joint,joint1,joint2,joint3,joint4,gripper,0.007669905200600624,0.0,-0.003067961661145091,-0.3635534644126892,0.4770680367946625,-0.19174760580062866,0.0,0.0,0.0,0.0,0.21582742035388947,-0.11990412324666977,-0.14388494193553925,0.0,0.0,0.0,0.0,-88.77000427246094,-317.4200134277344,-94.1500015258789,0.0
1780960530311757386,183608,1780960530215023138,base_link,wheel_left_joint,wheel_right_joint,joint1,joint2,joint3,joint4,gripper,0.007669905200600624,0.0,-0.003067961661145091,-0.35588353872299194,0.47093212604522705,-0.19634954631328583,0.0,0.0,0.0,0.0,0.21582742035388947,-0.14388494193553925,-0.14388494193553925,0.0,0.0,0.0,0.0,-112.9800033569336,-295.8999938964844,-80.70000457763672,0.0
1780960530341476479,183609,1780960530317023138,base_link,wheel_left_joint,wheel_right_joint,joint1,joint2,joint3,joint4,gripper,0.007669905200600624,0.0,-0.003067961661145091,-0.33133986592292786,0.45405831933021545,-0.21322333812713623,0.0,0.0,0.0,0.0,0.21582742035388947,-0.14388494193553925,-0.14388494193553925,0.0,0.0,0.0,0.0,-96.84000396728516,-309.3500061035156,-72.6300048828125,0.0
1780960530435442306,183610,1780960530351023138,base_link,wheel_left_joint,wheel_right_joint,joint1,joint2,joint3,joint4,gripper,0.007669905200600624,0.0,-0.003067961661145091,-0.323669970035553,0.4494563937187195,-0.2178252786397934,0.0,0.0,0.0,0.0,0.21582742035388947,-0.14388494193553925,-0.14388494193553925,0.0,0.0,0.0,0.0,-115.67000579833984,-330.8699951171875,-61.87000274658203,0.0
1780960530472390195,183611,1780960530454023138,base_link,wheel_left_joint,wheel_right_joint,joint1,joint2,joint3,joint4,gripper,0.007669905200600624,0.0,-0.003067961661145091,-0.30066025257110596,0.43411657214164734,-0.2346990704536438,0.0,0.0,0.0,0.0,0.21582742035388947,-0.11990412324666977,-0.14388494193553925,0.0,0.0,0.0,0.0,-99.52999877929688,-344.32000732421875,-83.38999938964844,0.0
1780960530568219884,183612,1780960530488023138,base_link,wheel_left_joint,wheel_right_joint,joint1,joint2,joint3,joint4,gripper,0.007669905200600624,0.0,-0.003067961661145091,-0.2929903268814087,0.42951464653015137,-0.23930101096630096,0.0,0.0,0.0,0.0,0.21582742035388947,-0.14388494193553925,-0.14388494193553925,0.0,0.0,0.0,0.0,-96.84000396728516,-303.9700012207031,-75.31999969482422,0.0
1780960530606615176,183613,1780960530584023138,base_link,wheel_left_joint,wheel_right_joint,joint1,joint2,joint3,joint4,gripper,0.007669905200600624,0.0,-0.003067961661145091,-0.2684466540813446,0.4111068546772003,-0.25310683250427246,0.0,0.0,0.0,0.0,0.21582742035388947,-0.16786576807498932,-0.14388494193553925,0.0,0.0,0.0,0.0,-110.29000091552734,-309.3500061035156,-75.31999969482422,0.0
1780960530701389811,183614,1780960530618023138,base_link,wheel_left_joint,wheel_right_joint,joint1,joint2,joint3,joint4,gripper,0.007669905200600624,0.0,-0.003067961661145091,-0.2592427730560303,0.40650492906570435,-0.2592427730560303,0.0,0.0,0.0,0.0,0.21582742035388947,-0.14388494193553925,-0.14388494193553925,0.0,0.0,0.0,0.0,-115.67000579833984,-282.45001220703125,-69.94000244140625,0.0
1780960530737045639,183615,1780960530718023138,base_link,wheel_left_joint,wheel_right_joint,joint1,joint2,joint3,joint4,gripper,0.007669905200600624,0.0,-0.003067961661145091,-0.23623304069042206,0.3911651074886322,-0.27458256483078003,0.0,0.0,0.0,0.0,0.23980824649333954,-0.14388494193553925,-0.14388494193553925,0.0,0.0,0.0,0.0,-112.9800033569336,-287.83001708984375,-83.38999938964844,0.0
1780960530830675139,183616,1780960530752023138,base_link,wheel_left_joint,wheel_right_joint,joint1,joint2,joint3,joint4,gripper,0.007669905200600624,0.0,-0.003067961661145091,-0.22702915966510773,0.3850291967391968,-0.2791845202445984,0.0,0.0,0.0,0.0,0.21582742035388947,-0.14388494193553925,-0.14388494193553925,0.0,0.0,0.0,0.0,-115.67000579833984,-295.8999938964844,-91.45999908447266,0.0
1780960530872916214,183617,1780960530847023138,base_link,wheel_left_joint,wheel_right_joint,joint1,joint2,joint3,joint4,gripper,0.007669905200600624,0.0,-0.003067961661145091,-0.2040194571018219,0.36968937516212463,-0.2960582971572876,0.0,0.0,0.0,0.0,0.21582742035388947,-0.14388494193553925,-0.14388494193553925,0.0,0.0,0.0,0.0,-129.1199951171875,-298.5899963378906,-86.08000183105469,0.0
1780960530966046673,183618,1780960530881023138,base_link,wheel_left_joint,wheel_right_joint,joint1,joint2,joint3,joint4,gripper,0.007669905200600624,0.0,-0.003067961661145091,-0.19481556117534637,0.36508744955062866,-0.30066025257110596,0.0,0.0,0.0,0.0,0.21582742035388947,-0.14388494193553925,-0.14388494193553925,0.0,0.0,0.0,0.0,-134.5,-303.9700012207031,-72.6300048828125,0.0
1780960531002411434,183619,1780960530981246604,base_link,wheel_left_joint,wheel_right_joint,joint1,joint2,joint3,joint4,gripper,0.007669905200600624,0.0,-0.003067961661145091,-0.17947575449943542,0.35895150899887085,-0.31139811873435974,0.0,0.0,0.0,0.0,0.14388494193553925,-0.04796164855360985,-0.0959232971072197,0.0,0.0,0.0,0.0,-137.19000244140625,-349.70001220703125,-88.77000427246094,0.0
1780960531097525788,183620,1780960531015246604,base_link,wheel_left_joint,wheel_right_joint,joint1,joint2,joint3,joint4,gripper,0.007669905200600624,0.0,-0.003067961661145091,-0.17947575449943542,0.35895150899887085,-0.31139811873435974,0.0,0.0,0.0,0.0,0.04796164855360985,0.0,-0.023980824276804924,0.0,0.0,0.0,0.0,-134.5,-344.32000732421875,-78.01000213623047,0.0
1780960531136161111,183621,1780960531110246604,base_link,wheel_left_joint,wheel_right_joint,joint1,joint2,joint3,joint4,gripper,0.007669905200600624,0.0,-0.003067961661145091,-0.17947575449943542,0.35895150899887085,-0.3129321038722992,0.0,0.0,0.0,0.0,0.0,0.0,0.0,0.0,0.0,0.0,0.0,-137.19000244140625,-341.6300048828125,-78.01000213623047,0.0
1780960531229939766,183622,1780960531144246604,base_link,wheel_left_joint,wheel_right_joint,joint1,joint2,joint3,joint4,gripper,0.007669905200600624,0.0,-0.003067961661145091,-0.17947575449943542,0.35895150899887085,-0.3129321038722992,0.0,0.0,0.0,0.0,0.0,0.0,0.0,0.0,0.0,0.0,0.0,-139.8800048828125,-347.010009765625,-75.31999969482422,0.0
1780960531267196976,183623,1780960531240246604,base_link,wheel_left_joint,wheel_right_joint,joint1,joint2,joint3,joint4,gripper,0.007669905200600624,0.0,-0.003067961661145091,-0.17947575449943542,0.35895150899887085,-0.3129321038722992,0.0,0.0,0.0,0.0,0.0,0.0,0.0,0.0,0.0,0.0,0.0,-131.80999755859375,-344.32000732421875,-72.6300048828125,0.0
1780960531365925295,183624,1780960531275246604,base_link,wheel_left_joint,wheel_right_joint,joint1,joint2,joint3,joint4,gripper,0.007669905200600624,0.0,-0.003067961661145091,-0.18100973963737488,0.35895150899887085,-0.3129321038722992,0.0,0.0,0.0,0.0,0.0,0.0,0.0,0.0,0.0,0.0,0.0,-134.5,-347.010009765625,-67.25,0.0
1780960531401587262,183625,1780960531378246604,base_link,wheel_left_joint,wheel_right_joint,joint1,joint2,joint3,joint4,gripper,0.007669905200600624,0.0,-0.003067961661145091,-0.17947575449943542,0.35895150899887085,-0.31139811873435974,0.0,0.0,0.0,0.0,0.0,0.0,0.0,0.0,0.0,0.0,0.0,-134.5,-347.010009765625,-67.25,0.0
1780960531484954644,183626,1780960531412246604,base_link,wheel_left_joint,wheel_right_joint,joint1,joint2,joint3,joint4,gripper,0.007669905200600624,0.0,-0.003067961661145091,-0.17947575449943542,0.35895150899887085,-0.3129321038722992,0.0,0.0,0.0,0.0,0.0,0.0,0.0,0.0,0.0,0.0,0.0,-134.5,-347.010009765625,-78.01000213623047,0.0
1780960531532530233,183627,1780960531507246604,base_link,wheel_left_joint,wheel_right_joint,joint1,joint2,joint3,joint4,gripper,0.007669905200600624,0.0,-0.003067961661145091,-0.17947575449943542,0.35895150899887085,-0.3129321038722992,0.0,0.0,0.0,0.0,0.0,0.0,0.0,0.0,0.0,0.0,0.0,-131.80999755859375,-349.70001220703125,-69.94000244140625,0.0
1780960531616473991,183628,1780960531539246604,base_link,wheel_left_joint,wheel_right_joint,joint1,joint2,joint3,joint4,gripper,0.007669905200600624,0.0,-0.003067961661145091,-0.17947575449943542,0.35895150899887085,-0.3129321038722992,0.0,0.0,0.0,0.0,0.0,0.0,0.0,0.0,0.0,0.0,0.0,-72.6300048828125,-373.9100036621094,-107.60000610351562,0.0
1780960531667620245,183629,1780960531636246604,base_link,wheel_left_joint,wheel_right_joint,joint1,joint2,joint3,joint4,gripper,0.007669905200600624,0.0,-0.003067961661145091,-0.16106799244880676,0.34207773208618164,-0.32520392537117004,0.0,0.0,0.0,0.0,0.1918465942144394,-0.16786576807498932,-0.11990412324666977,0.0,0.0,0.0,0.0,-137.19000244140625,-287.83001708984375,-86.08000183105469,0.0
1780960531762923354,183630,1780960531670246604,base_link,wheel_left_joint,wheel_right_joint,joint1,joint2,joint3,joint4,gripper,0.007669905200600624,0.0,-0.003067961661145091,-0.1533980816602707,0.33594179153442383,-0.3298058807849884,0.0,0.0,0.0,0.0,0.21582742035388947,-0.1918465942144394,-0.14388494193553925,0.0,0.0,0.0,0.0,-121.05000305175781,-312.0400085449219,-94.1500015258789,0.0
1780960531792351792,183631,1780960531768246604,base_link,wheel_left_joint,wheel_right_joint,joint1,joint2,joint3,joint4,gripper,0.007669905200600624,0.0,-0.003067961661145091,-0.13192234933376312,0.3221359848976135,-0.3436117172241211,0.0,0.0,0.0,0.0,0.21582742035388947,-0.14388494193553925,-0.14388494193553925,0.0,0.0,0.0,0.0,-129.1199951171875,-306.6600036621094,-83.38999938964844,0.0
1780960531885121117,183632,1780960531802246604,base_link,wheel_left_joint,wheel_right_joint,joint1,joint2,joint3,joint4,gripper,0.007669905200600624,0.0,-0.003067961661145091,-0.12271846830844879,0.31753402948379517,-0.3497476279735565,0.0,0.0,0.0,0.0,0.21582742035388947,-0.14388494193553925,-0.14388494193553925,0.0,0.0,0.0,0.0,-134.5,-306.6600036621094,-72.6300048828125,0.0
1780960531925700934,183633,1780960531899246604,base_link,wheel_left_joint,wheel_right_joint,joint1,joint2,joint3,joint4,gripper,0.007669905200600624,0.0,-0.003067961661145091,-0.09817477315664291,0.3021942377090454,-0.36508744955062866,0.0,0.0,0.0,0.0,0.23980824649333954,-0.14388494193553925,-0.14388494193553925,0.0,0.0,0.0,0.0,-137.19000244140625,-312.0400085449219,-88.77000427246094,0.0
1780960532020773811,183634,1780960531933246604,base_link,wheel_left_joint,wheel_right_joint,joint1,joint2,joint3,joint4,gripper,0.007669905200600624,0.0,-0.003067961661145091,-0.09050486981868744,0.2960582971572876,-0.36968937516212463,0.0,0.0,0.0,0.0,0.23980824649333954,-0.14388494193553925,-0.14388494193553925,0.0,0.0,0.0,0.0,-129.1199951171875,-298.5899963378906,-75.31999969482422,0.0
1780960532061783921,183635,1780960532032246604,base_link,wheel_left_joint,wheel_right_joint,joint1,joint2,joint3,joint4,gripper,0.007669905200600624,0.0,-0.003067961661145091,-0.06596117466688156,0.28071850538253784,-0.38656318187713623,0.0,0.0,0.0,0.0,0.21582742035388947,-0.14388494193553925,-0.14388494193553925,0.0,0.0,0.0,0.0,-147.9499969482422,-285.1400146484375,-83.38999938964844,0.0
1780960532159543876,183636,1780960532066246604,base_link,wheel_left_joint,wheel_right_joint,joint1,joint2,joint3,joint4,gripper,0.007669905200600624,0.0,-0.003067961661145091,-0.058291271328926086,0.2761165499687195,-0.38963112235069275,0.0,0.0,0.0,0.0,0.21582742035388947,-0.14388494193553925,-0.14388494193553925,0.0,0.0,0.0,0.0,-121.05000305175781,-312.0400085449219,-83.38999938964844,0.0
1780960532198167179,183637,1780960532168246604,base_link,wheel_left_joint,wheel_right_joint,joint1,joint2,joint3,joint4,gripper,0.007669905200600624,0.0,-0.003067961661145091,-0.030679617077112198,0.2592427730560303,-0.40650492906570435,0.0,0.0,0.0,0.0,0.23980824649333954,-0.16786576807498932,-0.14388494193553925,0.0,0.0,0.0,0.0,-134.5,-293.2099914550781,-75.31999969482422,0.0
1780960532293046116,183638,1780960532202246604,base_link,wheel_left_joint,wheel_right_joint,joint1,joint2,joint3,joint4,gripper,0.007669905200600624,0.0,-0.003067961661145091,-0.023009711876511574,0.25310683250427246,-0.4111068546772003,0.0,0.0,0.0,0.0,0.21582742035388947,-0.16786576807498932,-0.14388494193553925,0.0,0.0,0.0,0.0,-123.74000549316406,-309.3500061035156,-88.77000427246094,0.0
1780960532331772012,183639,1780960532302246604,base_link,wheel_left_joint,wheel_right_joint,joint1,joint2,joint3,joint4,gripper,0.007669905200600624,0.0,-0.003067961661145091,0.0,0.23930101096630096,-0.42644667625427246,0.0,0.0,0.0,0.0,0.21582742035388947,-0.14388494193553925,-0.14388494193553925,0.0,0.0,0.0,0.0,-145.260009765625,-306.6600036621094,-75.31999969482422,0.0
1780960532427257377,183640,1780960532336246604,base_link,wheel_left_joint,wheel_right_joint,joint1,joint2,joint3,joint4,gripper,0.007669905200600624,0.0,-0.003067961661145091,0.00920388475060463,0.2346990704536438,-0.4325825870037079,0.0,0.0,0.0,0.0,0.23980824649333954,-0.14388494193553925,-0.14388494193553925,0.0,0.0,0.0,0.0,-147.9499969482422,-306.6600036621094,-67.25,0.0
1780960532463407417,183641,1780960532435246604,base_link,wheel_left_joint,wheel_right_joint,joint1,joint2,joint3,joint4,gripper,0.007669905200600624,0.0,-0.003067961661145091,0.03221359848976135,0.21935926377773285,-0.44792240858078003,0.0,0.0,0.0,0.0,0.23980824649333954,-0.14388494193553925,-0.14388494193553925,0.0,0.0,0.0,0.0,-145.260009765625,-282.45001220703125,-83.38999938964844,0.0
1780960532561208853,183642,1780960532469246604,base_link,wheel_left_joint,wheel_right_joint,joint1,joint2,joint3,joint4,gripper,0.007669905200600624,0.0,-0.003067961661145091,0.04141748324036598,0.21322333812713623,-0.452524334192276,0.0,0.0,0.0,0.0,0.21582742035388947,-0.16786576807498932,-0.14388494193553925,0.0,0.0,0.0,0.0,-139.8800048828125,-295.8999938964844,-88.77000427246094,0.0
1780960532594030327,183643,1780960532562246604,base_link,wheel_left_joint,wheel_right_joint,joint1,joint2,joint3,joint4,gripper,0.007669905200600624,0.0,-0.003067961661145091,0.05062136799097061,0.2070874124765396,-0.46172821521759033,0.0,0.0,0.0,0.0,0.0959232971072197,-0.07194247096776962,-0.0959232971072197,0.0,0.0,0.0,0.0,-161.40000915527344,-325.4900207519531,-80.70000457763672,0.0
1780960532682934484,183644,1780960532596246604,base_link,wheel_left_joint,wheel_right_joint,joint1,joint2,joint3,joint4,gripper,0.007669905200600624,0.0,-0.003067961661145091,0.05062136799097061,0.20555342733860016,-0.46172821521759033,0.0,0.0,0.0,0.0,0.023980824276804924,0.0,-0.04796164855360985,0.0,0.0,0.0,0.0,-156.02000427246094,-320.1100158691406,-64.55999755859375,0.0
1780960532724544684,183645,1780960532699246604,base_link,wheel_left_joint,wheel_right_joint,joint1,joint2,joint3,joint4,gripper,0.007669905200600624,0.0,-0.003067961661145091,0.05062136799097061,0.2070874124765396,-0.4632622003555298,0.0,0.0,0.0,0.0,0.0,0.0,0.0,0.0,0.0,0.0,0.0,-153.3300018310547,-328.17999267578125,-67.25,0.0
1780960532814719268,183646,1780960532733246604,base_link,wheel_left_joint,wheel_right_joint,joint1,joint2,joint3,joint4,gripper,0.007669905200600624,0.0,-0.003067961661145091,0.05062136799097061,0.2070874124765396,-0.4632622003555298,0.0,0.0,0.0,0.0,0.0,0.0,0.0,0.0,0.0,0.0,0.0,-156.02000427246094,-325.4900207519531,-67.25,0.0
1780960532852696894,183647,1780960532830246604,base_link,wheel_left_joint,wheel_right_joint,joint1,joint2,joint3,joint4,gripper,0.007669905200600624,0.0,-0.003067961661145091,0.05062136799097061,0.20555342733860016,-0.4632622003555298,0.0,0.0,0.0,0.0,0.0,0.0,0.0,0.0,0.0,0.0,0.0,-156.02000427246094,-325.4900207519531,-69.94000244140625,0.0
1780960532911039936,183648,1780960532864246604,base_link,wheel_left_joint,wheel_right_joint,joint1,joint2,joint3,joint4,gripper,0.007669905200600624,0.0,-0.003067961661145091,0.05062136799097061,0.20555342733860016,-0.4632622003555298,0.0,0.0,0.0,0.0,0.0,0.0,0.0,0.0,0.0,0.0,0.0,-156.02000427246094,-328.17999267578125,-69.94000244140625,0.0
1780960532933779198,183649,1780960532945246604,base_link,wheel_left_joint,wheel_right_joint,joint1,joint2,joint3,joint4,gripper,0.007669905200600624,0.0,-0.003067961661145091,0.05062136799097061,0.20555342733860016,-0.4632622003555298,0.0,0.0,0.0,0.0,0.0,0.0,0.0,0.0,0.0,0.0,0.0,-156.02000427246094,-322.8000183105469,-67.25,0.0
1780960533005453705,183650,1780960532979246604,base_link,wheel_left_joint,wheel_right_joint,joint1,joint2,joint3,joint4,gripper,0.007669905200600624,0.0,-0.003067961661145091,0.05062136799097061,0.20555342733860016,-0.4632622003555298,0.0,0.0,0.0,0.0,0.0,0.0,0.0,0.0,0.0,0.0,0.0,-150.63999938964844,-322.8000183105469,-67.25,0.0
1780960533051372003,183651,1780960533026246604,base_link,wheel_left_joint,wheel_right_joint,joint1,joint2,joint3,joint4,gripper,0.007669905200600624,0.0,-0.003067961661145091,0.05062136799097061,0.2070874124765396,-0.4632622003555298,0.0,0.0,0.0,0.0,0.0,0.0,0.0,0.0,0.0,0.0,0.0,-153.3300018310547,-325.4900207519531,-72.6300048828125,0.0
1780960533137687187,183652,1780960533058246604,base_link,wheel_left_joint,wheel_right_joint,joint1,joint2,joint3,joint4,gripper,0.007669905200600624,0.0,-0.003067961661145091,0.05062136799097061,0.20555342733860016,-0.46479618549346924,0.0,0.0,0.0,0.0,0.0,0.0,0.0,0.0,0.0,0.0,0.0,-104.91000366210938,-365.8399963378906,-78.01000213623047,0.0
1780960533181865047,183653,1780960533153246604,base_link,wheel_left_joint,wheel_right_joint,joint1,joint2,joint3,joint4,gripper,0.007669905200600624,0.0,-0.003067961661145091,0.06902913749217987,0.19174760580062866,-0.4770680367946625,0.0,0.0,0.0,0.0,0.1918465942144394,-0.14388494193553925,-0.11990412324666977,0.0,0.0,0.0,0.0,-137.19000244140625,-285.1400146484375,-69.94000244140625,0.0
1780960533278401105,183654,1780960533187246604,base_link,wheel_left_joint,wheel_right_joint,joint1,joint2,joint3,joint4,gripper,0.007669905200600624,0.0,-0.003067961661145091,0.0782330259680748,0.18561168015003204,-0.48166999220848083,0.0,0.0,0.0,0.0,0.21582742035388947,-0.16786576807498932,-0.11990412324666977,0.0,0.0,0.0,0.0,-147.9499969482422,-320.1100158691406,-75.31999969482422,0.0
1780960533309890667,183655,1780960533284246604,base_link,wheel_left_joint,wheel_right_joint,joint1,joint2,joint3,joint4,gripper,0.007669905200600624,0.0,-0.003067961661145091,0.10277671366930008,0.1702718734741211,-0.49547579884529114,0.0,0.0,0.0,0.0,0.23980824649333954,-0.14388494193553925,-0.14388494193553925,0.0,0.0,0.0,0.0,-145.260009765625,-314.7300109863281,-88.77000427246094,0.0
1780960533408129610,183656,1780960533318246604,base_link,wheel_left_joint,wheel_right_joint,joint1,joint2,joint3,joint4,gripper,0.007669905200600624,0.0,-0.003067961661145091,0.1089126393198967,0.16566993296146393,-0.503145694732666,0.0,0.0,0.0,0.0,0.21582742035388947,-0.14388494193553925,-0.14388494193553925,0.0,0.0,0.0,0.0,-131.80999755859375,-301.2799987792969,-78.01000213623047,0.0
1780960533448550866,183657,1780960533420246604,base_link,wheel_left_joint,wheel_right_joint,joint1,joint2,joint3,joint4,gripper,0.007669905200600624,0.0,-0.003067961661145091,0.13345633447170258,0.15033012628555298,-0.5169515609741211,0.0,0.0,0.0,0.0,0.21582742035388947,-0.14388494193553925,-0.14388494193553925,0.0,0.0,0.0,0.0,-158.7100067138672,-309.3500061035156,-83.38999938964844,0.0
1780960533554505696,183658,1780960533454246604,base_link,wheel_left_joint,wheel_right_joint,joint1,joint2,joint3,joint4,gripper,0.007669905200600624,0.0,-0.003067961661145091,0.1426602154970169,0.1457281857728958,-0.5230874419212341,0.0,0.0,0.0,0.0,0.23980824649333954,-0.14388494193553925,-0.14388494193553925,0.0,0.0,0.0,0.0,-147.9499969482422,-328.17999267578125,-72.6300048828125,0.0
1780960533586013795,183659,1780960533566888019,base_link,wheel_left_joint,wheel_right_joint,joint1,joint2,joint3,joint4,gripper,0.007669905200600624,0.0,-0.003067961661145091,0.16873788833618164,0.1257864236831665,-0.5399612784385681,0.0,0.0,0.0,0.0,0.23980824649333954,-0.16786576807498932,-0.14388494193553925,0.0,0.0,0.0,0.0,-145.260009765625,-287.83001708984375,-78.01000213623047,0.0
1780960533678012586,183660,1780960533600888019,base_link,wheel_left_joint,wheel_right_joint,joint1,joint2,joint3,joint4,gripper,0.007669905200600624,0.0,-0.003067961661145091,0.1764077991247177,0.11965050548315048,-0.5445631742477417,0.0,0.0,0.0,0.0,0.21582742035388947,-0.16786576807498932,-0.14388494193553925,0.0,0.0,0.0,0.0,-153.3300018310547,-293.2099914550781,-80.70000457763672,0.0
1780960533726934400,183661,1780960533704888019,base_link,wheel_left_joint,wheel_right_joint,joint1,joint2,joint3,joint4,gripper,0.007669905200600624,0.0,-0.003067961661145091,0.20248547196388245,0.10584467649459839,-0.5614370107650757,0.0,0.0,0.0,0.0,0.23980824649333954,-0.11990412324666977,-0.14388494193553925,0.0,0.0,0.0,0.0,-164.08999633789062,-312.0400085449219,-91.45999908447266,0.0
1780960533824617338,183662,1780960533738888019,base_link,wheel_left_joint,wheel_right_joint,joint1,joint2,joint3,joint4,gripper,0.007669905200600624,0.0,-0.003067961661145091,0.21168935298919678,0.10124273598194122,-0.5675728917121887,0.0,0.0,0.0,0.0,0.23980824649333954,-0.11990412324666977,-0.14388494193553925,0.0,0.0,0.0,0.0,-169.47000122070312,-295.8999938964844,-78.01000213623047,0.0
1780960533862785454,183663,1780960533835888019,base_link,wheel_left_joint,wheel_right_joint,joint1,joint2,joint3,joint4,gripper,0.007669905200600624,0.0,-0.003067961661145091,0.23316508531570435,0.08283496648073196,-0.5813787579536438,0.0,0.0,0.0,0.0,0.23980824649333954,-0.16786576807498932,-0.14388494193553925,0.0,0.0,0.0,0.0,-177.54000854492188,-274.3800048828125,-88.77000427246094,0.0
1780960533958146577,183664,1780960533869888019,base_link,wheel_left_joint,wheel_right_joint,joint1,joint2,joint3,joint4,gripper,0.007669905200600624,0.0,-0.003067961661145091,0.24236896634101868,0.0782330259680748,-0.5875146389007568,0.0,0.0,0.0,0.0,0.21582742035388947,-0.14388494193553925,-0.14388494193553925,0.0,0.0,0.0,0.0,-161.40000915527344,-290.52001953125,-69.94000244140625,0.0
1780960533982977292,183665,1780960533963888019,base_link,wheel_left_joint,wheel_right_joint,joint1,joint2,joint3,joint4,gripper,0.007669905200600624,0.0,-0.003067961661145091,0.26384469866752625,0.0644271969795227,-0.6013205051422119,0.0,0.0,0.0,0.0,0.21582742035388947,-0.11990412324666977,-0.14388494193553925,0.0,0.0,0.0,0.0,-153.3300018310547,-309.3500061035156,-86.08000183105469,0.0
1780960534078402088,183666,1780960533997888019,base_link,wheel_left_joint,wheel_right_joint,joint1,joint2,joint3,joint4,gripper,0.007669905200600624,0.0,-0.003067961661145091,0.2715145945549011,0.061359234154224396,-0.607456386089325,0.0,0.0,0.0,0.0,0.21582742035388947,-0.11990412324666977,-0.14388494193553925,0.0,0.0,0.0,0.0,-174.85000610351562,-328.17999267578125,-64.55999755859375,0.0
1780960534115114294,183667,1780960534093888019,base_link,wheel_left_joint,wheel_right_joint,joint1,joint2,joint3,joint4,gripper,0.007669905200600624,0.0,-0.003067961661145091,0.27765053510665894,0.05522330850362778,-0.6135923266410828,0.0,0.0,0.0,0.0,0.04796164855360985,-0.04796164855360985,-0.04796164855360985,0.0,0.0,0.0,0.0,-158.7100067138672,-336.25,-80.70000457763672,0.0
1780960534210106238,183668,1780960534127888019,base_link,wheel_left_joint,wheel_right_joint,joint1,joint2,joint3,joint4,gripper,0.007669905200600624,0.0,-0.003067961661145091,0.27765053510665894,0.05522330850362778,-0.6151263117790222,0.0,0.0,0.0,0.0,0.0,0.0,-0.023980824276804924,0.0,0.0,0.0,0.0,-156.02000427246094,-333.55999755859375,-61.87000274658203,0.0
1780960534246125179,183669,1780960534227888019,base_link,wheel_left_joint,wheel_right_joint,joint1,joint2,joint3,joint4,gripper,0.007669905200600624,0.0,-0.003067961661145091,0.27765053510665894,0.05522330850362778,-0.6151263117790222,0.0,0.0,0.0,0.0,0.0,0.0,0.0,0.0,0.0,0.0,0.0,-156.02000427246094,-333.55999755859375,-67.25,0.0
1780960534341550726,183670,1780960534261888019,base_link,wheel_left_joint,wheel_right_joint,joint1,joint2,joint3,joint4,gripper,0.007669905200600624,0.0,-0.003067961661145091,0.27765053510665894,0.05522330850362778,-0.6151263117790222,0.0,0.0,0.0,0.0,0.0,0.0,0.0,0.0,0.0,0.0,0.0,-153.3300018310547,-336.25,-67.25,0.0
1780960534377398015,183671,1780960534357888019,base_link,wheel_left_joint,wheel_right_joint,joint1,joint2,joint3,joint4,gripper,0.007669905200600624,0.0,-0.003067961661145091,0.27765053510665894,0.05522330850362778,-0.6151263117790222,0.0,0.0,0.0,0.0,0.0,0.0,0.0,0.0,0.0,0.0,0.0,-153.3300018310547,-330.8699951171875,-69.94000244140625,0.0
1780960534476041272,183672,1780960534391888019,base_link,wheel_left_joint,wheel_right_joint,joint1,joint2,joint3,joint4,gripper,0.007669905200600624,0.0,-0.003067961661145091,0.27765053510665894,0.05522330850362778,-0.6151263117790222,0.0,0.0,0.0,0.0,0.0,0.0,0.0,0.0,0.0,0.0,0.0,-153.3300018310547,-333.55999755859375,-67.25,0.0
1780960534516409785,183673,1780960534493888019,base_link,wheel_left_joint,wheel_right_joint,joint1,joint2,joint3,joint4,gripper,0.007669905200600624,0.0,-0.003067961661145091,0.27765053510665894,0.05522330850362778,-0.6151263117790222,0.0,0.0,0.0,0.0,0.0,0.0,0.0,0.0,0.0,0.0,0.0,-156.02000427246094,-333.55999755859375,-67.25,0.0
1780960534610498234,183674,1780960534528888019,base_link,wheel_left_joint,wheel_right_joint,joint1,joint2,joint3,joint4,gripper,0.007669905200600624,0.0,-0.003067961661145091,0.27765053510665894,0.05522330850362778,-0.6151263117790222,0.0,0.0,0.0,0.0,0.0,0.0,0.0,0.0,0.0,0.0,0.0,-156.02000427246094,-347.010009765625,-91.45999908447266,0.0
1780960534659183348,183675,1780960534627888019,base_link,wheel_left_joint,wheel_right_joint,joint1,joint2,joint3,joint4,gripper,0.007669905200600624,0.0,-0.003067961661145091,0.2914563715457916,0.03988350182771683,-0.6258642077445984,0.0,0.0,0.0,0.0,0.14388494193553925,-0.14388494193553925,-0.0959232971072197,0.0,0.0,0.0,0.0,-147.9499969482422,-269.0,-78.01000213623047,0.0
1780960534753763428,183676,1780960534661888019,base_link,wheel_left_joint,wheel_right_joint,joint1,joint2,joint3,joint4,gripper,0.007669905200600624,0.0,-0.003067961661145091,0.30066025257110596,0.03528155758976936,-0.630466103553772,0.0,0.0,0.0,0.0,0.21582742035388947,-0.1918465942144394,-0.11990412324666977,0.0,0.0,0.0,0.0,-180.23001098632812,-290.52001953125,-61.87000274658203,0.0
1780960534780546705,183677,1780960534759888019,base_link,wheel_left_joint,wheel_right_joint,joint1,joint2,joint3,joint4,gripper,0.007669905200600624,0.0,-0.003067961661145091,0.32520392537117004,0.02454369328916073,-0.6458059549331665,0.0,0.0,0.0,0.0,0.23980824649333954,-0.0959232971072197,-0.14388494193553925,0.0,0.0,0.0,0.0,-188.3000030517578,-333.55999755859375,-78.01000213623047,0.0
1780960534866252406,183678,1780960534793888019,base_link,wheel_left_joint,wheel_right_joint,joint1,joint2,joint3,joint4,gripper,0.007669905200600624,0.0,-0.003067961661145091,0.3328738510608673,0.01840776950120926,-0.6504078507423401,0.0,0.0,0.0,0.0,0.23980824649333954,-0.11990412324666977,-0.14388494193553925,0.0,0.0,0.0,0.0,-199.05999755859375,-317.4200134277344,-86.08000183105469,0.0
1780960534910125567,183679,1780960534892888019,base_link,wheel_left_joint,wheel_right_joint,joint1,joint2,joint3,joint4,gripper,0.007669905200600624,0.0,-0.003067961661145091,0.3574175238609314,0.0,-0.6657477021217346,0.0,0.0,0.0,0.0,0.21582742035388947,-0.1918465942144394,-0.14388494193553925,0.0,0.0,0.0,0.0,-201.75,-282.45001220703125,-88.77000427246094,0.0
1780960535002823815,183680,1780960534926888019,base_link,wheel_left_joint,wheel_right_joint,joint1,joint2,joint3,joint4,gripper,0.007669905200600624,0.0,-0.003067961661145091,0.3666214048862457,-0.0076699042692780495,-0.6703495979309082,0.0,0.0,0.0,0.0,0.21582742035388947,-0.16786576807498932,-0.14388494193553925,0.0,0.0,0.0,0.0,-193.6800079345703,-269.0,-64.55999755859375,0.0
1780960535039929611,183681,1780960535018888019,base_link,wheel_left_joint,wheel_right_joint,joint1,joint2,joint3,joint4,gripper,0.007669905200600624,0.0,-0.003067961661145091,0.3880971372127533,-0.019941750913858414,-0.6856894493103027,0.0,0.0,0.0,0.0,0.21582742035388947,-0.14388494193553925,-0.14388494193553925,0.0,0.0,0.0,0.0,-207.1300048828125,-290.52001953125,-78.01000213623047,0.0
1780960535126029358,183682,1780960535052888019,base_link,wheel_left_joint,wheel_right_joint,joint1,joint2,joint3,joint4,gripper,0.007669905200600624,0.0,-0.003067961661145091,0.39576706290245056,-0.02454369328916073,-0.6902913451194763,0.0,0.0,0.0,0.0,0.21582742035388947,-0.14388494193553925,-0.14388494193553925,0.0,0.0,0.0,0.0,-182.9199981689453,-303.9700012207031,-88.77000427246094,0.0
1780960535171677596,183683,1780960535145888019,base_link,wheel_left_joint,wheel_right_joint,joint1,joint2,joint3,joint4,gripper,0.007669905200600624,0.0,-0.003067961661145091,0.4157088100910187,-0.04141748324036598,-0.7056311964988708,0.0,0.0,0.0,0.0,0.21582742035388947,-0.16786576807498932,-0.14388494193553925,0.0,0.0,0.0,0.0,-180.23001098632812,-252.86000061035156,-64.55999755859375,0.0
1780960535257851271,183684,1780960535179888019,base_link,wheel_left_joint,wheel_right_joint,joint1,joint2,joint3,joint4,gripper,0.007669905200600624,0.0,-0.003067961661145091,0.42337870597839355,-0.04601942375302315,-0.7102331519126892,0.0,0.0,0.0,0.0,0.21582742035388947,-0.16786576807498932,-0.14388494193553925,0.0,0.0,0.0,0.0,-190.99000549316406,-295.8999938964844,-80.70000457763672,0.0
1780960535295788540,183685,1780960535272888019,base_link,wheel_left_joint,wheel_right_joint,joint1,joint2,joint3,joint4,gripper,0.007669905200600624,0.0,-0.003067961661145091,0.4463884234428406,-0.05675728991627693,-0.725572943687439,0.0,0.0,0.0,0.0,0.21582742035388947,-0.11990412324666977,-0.14388494193553925,0.0,0.0,0.0,0.0,-207.1300048828125,-312.0400085449219,-72.6300048828125,0.0
1780960535378321994,183686,1780960535306888019,base_link,wheel_left_joint,wheel_right_joint,joint1,joint2,joint3,joint4,gripper,0.007669905200600624,0.0,-0.003067961661145091,0.45405831933021545,-0.06289321184158325,-0.7301748991012573,0.0,0.0,0.0,0.0,0.23980824649333954,-0.11990412324666977,-0.14388494193553925,0.0,0.0,0.0,0.0,-209.82000732421875,-306.6600036621094,-83.38999938964844,0.0
1780960535427315387,183687,1780960535403888019,base_link,wheel_left_joint,wheel_right_joint,joint1,joint2,joint3,joint4,gripper,0.007669905200600624,0.0,-0.003067961661145091,0.47860202193260193,-0.0782330259680748,-0.7439807057380676,0.0,0.0,0.0,0.0,0.23980824649333954,-0.16786576807498932,-0.14388494193553925,0.0,0.0,0.0,0.0,-201.75,-274.3800048828125,-78.01000213623047,0.0
1780960535511708746,183688,1780960535437888019,base_link,wheel_left_joint,wheel_right_joint,joint1,joint2,joint3,joint4,gripper,0.007669905200600624,0.0,-0.003067961661145091,0.4862719178199768,-0.08436894416809082,-0.7501166462898254,0.0,0.0,0.0,0.0,0.21582742035388947,-0.16786576807498932,-0.14388494193553925,0.0,0.0,0.0,0.0,-223.27000427246094,-295.8999938964844,-75.31999969482422,0.0
1780960535548888881,183689,1780960535531888019,base_link,wheel_left_joint,wheel_right_joint,joint1,joint2,joint3,joint4,gripper,0.007669905200600624,0.0,-0.003067961661145091,0.5062136650085449,-0.09664079546928406,-0.7639224529266357,0.0,0.0,0.0,0.0,0.21582742035388947,-0.11990412324666977,-0.14388494193553925,0.0,0.0,0.0,0.0,-242.10000610351562,-285.1400146484375,-59.18000030517578,0.0
1780960535634550032,183690,1780960535565888019,base_link,wheel_left_joint,wheel_right_joint,joint1,joint2,joint3,joint4,gripper,0.007669905200600624,0.0,-0.003067961661145091,0.5092816352844238,-0.09817477315664291,-0.7654564380645752,0.0,0.0,0.0,0.0,0.16786576807498932,-0.0959232971072197,-0.0959232971072197,0.0,0.0,0.0,0.0,-234.02999877929688,-306.6600036621094,-56.4900016784668,0.0
1780960535679516749,183691,1780960535660888019,base_link,wheel_left_joint,wheel_right_joint,joint1,joint2,joint3,joint4,gripper,0.007669905200600624,0.0,-0.003067961661145091,0.5092816352844238,-0.09817477315664291,-0.7654564380645752,0.0,0.0,0.0,0.0,0.0,0.0,0.0,0.0,0.0,0.0,0.0,-209.82000732421875,-306.6600036621094,-67.25,0.0
1780960535773346337,183692,1780960535694888019,base_link,wheel_left_joint,wheel_right_joint,joint1,joint2,joint3,joint4,gripper,0.007669905200600624,0.0,-0.003067961661145091,0.5108156204223633,-0.09664079546928406,-0.7654564380645752,0.0,0.0,0.0,0.0,0.0,0.0,0.0,0.0,0.0,0.0,0.0,-209.82000732421875,-309.3500061035156,-69.94000244140625,0.0
1780960535810307439,183693,1780960535780888019,base_link,wheel_left_joint,wheel_right_joint,joint1,joint2,joint3,joint4,gripper,0.007669905200600624,0.0,-0.003067961661145091,0.5092816352844238,-0.09817477315664291,-0.7654564380645752,0.0,0.0,0.0,0.0,0.0,0.0,0.0,0.0,0.0,0.0,0.0,-207.1300048828125,-306.6600036621094,-67.25,0.0
1780960535897635807,183694,1780960535814888019,base_link,wheel_left_joint,wheel_right_joint,joint1,joint2,joint3,joint4,gripper,0.007669905200600624,0.0,-0.003067961661145091,0.5092816352844238,-0.09664079546928406,-0.7654564380645752,0.0,0.0,0.0,0.0,0.0,0.0,0.0,0.0,0.0,0.0,0.0,-212.510009765625,-306.6600036621094,-69.94000244140625,0.0
1780960535934214567,183695,1780960535910888019,base_link,wheel_left_joint,wheel_right_joint,joint1,joint2,joint3,joint4,gripper,0.007669905200600624,0.0,-0.003067961661145091,0.5108156204223633,-0.09817477315664291,-0.7654564380645752,0.0,0.0,0.0,0.0,0.0,0.0,0.0,0.0,0.0,0.0,0.0,-212.510009765625,-306.6600036621094,-67.25,0.0
1780960536023411141,183696,1780960535944888019,base_link,wheel_left_joint,wheel_right_joint,joint1,joint2,joint3,joint4,gripper,0.007669905200600624,0.0,-0.003067961661145091,0.5092816352844238,-0.09817477315664291,-0.7654564380645752,0.0,0.0,0.0,0.0,0.0,0.0,0.0,0.0,0.0,0.0,0.0,-217.88999938964844,-309.3500061035156,-67.25,0.0
1780960536047610124,183697,1780960536086815595,base_link,wheel_left_joint,wheel_right_joint,joint1,joint2,joint3,joint4,gripper,0.007669905200600624,0.0,-0.003067961661145091,0.5092816352844238,-0.09817477315664291,-0.7654564380645752,0.0,0.0,0.0,0.0,0.0,0.0,0.0,0.0,0.0,0.0,0.0,-209.82000732421875,-306.6600036621094,-67.25,0.0
1780960536098394188,183698,1780960536121815595,base_link,wheel_left_joint,wheel_right_joint,joint1,joint2,joint3,joint4,gripper,0.007669905200600624,0.0,-0.003067961661145091,0.5108156204223633,-0.09817477315664291,-0.7654564380645752,0.0,0.0,0.0,0.0,0.0,0.0,0.0,0.0,0.0,0.0,0.0,-190.99000549316406,-328.17999267578125,-96.84000396728516,0.0
1780960536126899080,183699,1780960536174815595,base_link,wheel_left_joint,wheel_right_joint,joint1,joint2,joint3,joint4,gripper,0.007669905200600624,0.0,-0.003067961661145091,0.5169515609741211,-0.09970875084400177,-0.771592378616333,0.0,0.0,0.0,0.0,0.04796164855360985,0.0,-0.023980824276804924,0.0,0.0,0.0,0.0,-215.20001220703125,-320.1100158691406,-72.6300048828125,0.0
1780960536218476385,183700,1780960536208815595,base_link,wheel_left_joint,wheel_right_joint,joint1,joint2,joint3,joint4,gripper,0.007669905200600624,0.0,-0.003067961661145091,0.5230874419212341,-0.10737866163253784,-0.7761942744255066,0.0,0.0,0.0,0.0,0.11990412324666977,-0.07194247096776962,-0.0959232971072197,0.0,0.0,0.0,0.0,-188.3000030517578,-274.3800048828125,-83.38999938964844,0.0
1780960536245458935,183701,1780960536267815595,base_link,wheel_left_joint,wheel_right_joint,joint1,joint2,joint3,joint4,gripper,0.007669905200600624,0.0,-0.003067961661145091,0.5353593230247498,-0.11811652034521103,-0.7838642001152039,0.0,0.0,0.0,0.0,0.1918465942144394,-0.16786576807498932,-0.11990412324666977,0.0,0.0,0.0,0.0,-201.75,-277.07000732421875,-86.08000183105469,0.0
1780960536339231114,183702,1780960536301815595,base_link,wheel_left_joint,wheel_right_joint,joint1,joint2,joint3,joint4,gripper,0.007669905200600624,0.0,-0.003067961661145091,0.5445631742477417,-0.12425244599580765,-0.7900001406669617,0.0,0.0,0.0,0.0,0.21582742035388947,-0.16786576807498932,-0.14388494193553925,0.0,0.0,0.0,0.0,-193.6800079345703,-271.69000244140625,-69.94000244140625,0.0
1780960536375851484,183703,1780960536396815595,base_link,wheel_left_joint,wheel_right_joint,joint1,joint2,joint3,joint4,gripper,0.007669905200600624,0.0,-0.0015339808305725455,0.5675728917121887,-0.1395922601222992,-0.8053399324417114,0.0,0.0,0.0,0.0,0.23980824649333954,-0.14388494193553925,-0.14388494193553925,0.0,0.0,0.0,0.0,-196.37001037597656,-277.07000732421875,-67.25,0.0
1780960536469606883,183704,1780960536430815595,base_link,wheel_left_joint,wheel_right_joint,joint1,joint2,joint3,joint4,gripper,0.007669905200600624,0.0,-0.0015339808305725455,0.575242817401886,-0.1426602154970169,-0.8099418878555298,0.0,0.0,0.0,0.0,0.23980824649333954,-0.11990412324666977,-0.14388494193553925,0.0,0.0,0.0,2.690000057220459,-193.6800079345703,-293.2099914550781,-78.01000213623047,0.0
1780960536505814402,183705,1780960536527815595,base_link,wheel_left_joint,wheel_right_joint,joint1,joint2,joint3,joint4,gripper,0.007669905200600624,0.0,-0.0015339808305725455,0.5997865200042725,-0.1595340073108673,-0.8237476944923401,0.0,0.0,0.0,0.0,0.23980824649333954,-0.14388494193553925,-0.14388494193553925,0.0,0.0,0.0,8.069999694824219,-239.41000366210938,-258.239990234375,-75.31999969482422,0.0
1780960536604563560,183706,1780960536561815595,base_link,wheel_left_joint,wheel_right_joint,joint1,joint2,joint3,joint4,gripper,0.007669905200600624,0.0,-0.0015339808305725455,0.607456386089325,-0.16566993296146393,-0.8298836350440979,0.0,0.0,0.0,0.0,0.23980824649333954,-0.16786576807498932,-0.14388494193553925,0.0,0.0,0.0,18.829999923706055,-225.9600067138672,-274.3800048828125,-83.38999938964844,0.0
1780960536641965086,183707,1780960536661815595,base_link,wheel_left_joint,wheel_right_joint,joint1,joint2,joint3,joint4,gripper,0.007669905200600624,0.0,-0.003067961661145091,0.6320000886917114,-0.18100973963737488,-0.8452234268188477,0.0,0.0,0.0,0.0,0.21582742035388947,-0.14388494193553925,-0.14388494193553925,0.0,0.0,0.0,0.0,-236.72000122070312,-266.30999755859375,-72.6300048828125,0.0
1780960536733353508,183708,1780960536695815595,base_link,wheel_left_joint,wheel_right_joint,joint1,joint2,joint3,joint4,gripper,0.007669905200600624,0.0,-0.003067961661145091,0.6396700143814087,-0.18561168015003204,-0.8513593673706055,0.0,0.0,0.0,0.0,0.23980824649333954,-0.14388494193553925,-0.14388494193553925,0.0,0.0,0.0,0.0,-252.86000061035156,-298.5899963378906,-80.70000457763672,0.0
1780960536769590926,183709,1780960536791815595,base_link,wheel_left_joint,wheel_right_joint,joint1,joint2,joint3,joint4,gripper,0.007669905200600624,0.0,-0.0015339808305725455,0.6611457467079163,-0.19941750168800354,-0.8651651740074158,0.0,0.0,0.0,0.0,0.21582742035388947,-0.11990412324666977,-0.14388494193553925,0.0,0.0,0.0,2.690000057220459,-236.72000122070312,-282.45001220703125,-91.45999908447266,0.0
1780960536864204421,183710,1780960536825815595,base_link,wheel_left_joint,wheel_right_joint,joint1,joint2,joint3,joint4,gripper,0.007669905200600624,0.0,-0.0015339808305725455,0.6688156127929688,-0.20555342733860016,-0.8713011145591736,0.0,0.0,0.0,0.0,0.21582742035388947,-0.14388494193553925,-0.14388494193553925,0.0,0.0,0.0,2.690000057220459,-225.9600067138672,-260.92999267578125,-69.94000244140625,0.0
1780960536899694073,183711,1780960536917815595,base_link,wheel_left_joint,wheel_right_joint,joint1,joint2,joint3,joint4,gripper,0.007669905200600624,0.0,-0.0015339808305725455,0.6918253302574158,-0.21935926377773285,-0.8851069211959839,0.0,0.0,0.0,0.0,0.23980824649333954,-0.14388494193553925,-0.14388494193553925,0.0,0.0,0.0,8.069999694824219,-204.44000244140625,-282.45001220703125,-69.94000244140625,0.0
1780960536992958277,183712,1780960536951815595,base_link,wheel_left_joint,wheel_right_joint,joint1,joint2,joint3,joint4,gripper,0.007669905200600624,0.0,-0.0015339808305725455,0.699495255947113,-0.22549518942832947,-0.8912428617477417,0.0,0.0,0.0,0.0,0.21582742035388947,-0.11990412324666977,-0.14388494193553925,0.0,0.0,0.0,5.380000114440918,-220.5800018310547,-312.0400085449219,-75.31999969482422,0.0
1780960537030650874,183713,1780960537048815595,base_link,wheel_left_joint,wheel_right_joint,joint1,joint2,joint3,joint4,gripper,0.007669905200600624,0.0,-0.0015339808305725455,0.7240389585494995,-0.23930101096630096,-0.9065826535224915,0.0,0.0,0.0,0.0,0.23980824649333954,-0.14388494193553925,-0.14388494193553925,0.0,0.0,0.0,0.0,-258.239990234375,-279.760009765625,-86.08000183105469,0.0
1780960537127211561,183714,1780960537082815595,base_link,wheel_left_joint,wheel_right_joint,joint1,joint2,joint3,joint4,gripper,0.007669905200600624,0.0,-0.0015339808305725455,0.7332428097724915,-0.24543693661689758,-0.9111846089363098,0.0,0.0,0.0,0.0,0.23980824649333954,-0.16786576807498932,-0.14388494193553925,0.0,0.0,0.0,5.380000114440918,-250.1699981689453,-266.30999755859375,-61.87000274658203,0.0
1780960537162636943,183715,1780960537178815595,base_link,wheel_left_joint,wheel_right_joint,joint1,joint2,joint3,joint4,gripper,0.007669905200600624,0.0,-0.0015339808305725455,0.7393787503242493,-0.2485048919916153,-0.9173205494880676,0.0,0.0,0.0,0.0,0.04796164855360985,-0.023980824276804924,-0.023980824276804924,0.0,0.0,0.0,0.0,-220.5800018310547,-309.3500061035156,-91.45999908447266,0.0
1780960537254688682,183716,1780960537212815595,base_link,wheel_left_joint,wheel_right_joint,joint1,joint2,joint3,joint4,gripper,0.007669905200600624,0.0,-0.0015339808305725455,0.7393787503242493,-0.25003886222839355,-0.9157865643501282,0.0,0.0,0.0,0.0,0.0,0.0,0.0,0.0,0.0,0.0,8.069999694824219,-223.27000427246094,-306.6600036621094,-86.08000183105469,0.0
1780960537291431458,183717,1780960537310815595,base_link,wheel_left_joint,wheel_right_joint,joint1,joint2,joint3,joint4,gripper,0.007669905200600624,0.0,-0.0015339808305725455,0.7393787503242493,-0.25003886222839355,-0.9173205494880676,0.0,0.0,0.0,0.0,0.0,0.0,0.0,0.0,0.0,0.0,0.0,-220.5800018310547,-309.3500061035156,-78.01000213623047,0.0
1780960537384472491,183718,1780960537344815595,base_link,wheel_left_joint,wheel_right_joint,joint1,joint2,joint3,joint4,gripper,0.007669905200600624,0.0,-0.0015339808305725455,0.7393787503242493,-0.25003886222839355,-0.9173205494880676,0.0,0.0,0.0,0.0,0.0,0.0,0.0,0.0,0.0,0.0,0.0,-217.88999938964844,-309.3500061035156,-80.70000457763672,0.0
1780960537424209042,183719,1780960537441815595,base_link,wheel_left_joint,wheel_right_joint,joint1,joint2,joint3,joint4,gripper,0.007669905200600624,0.0,-0.0015339808305725455,0.7393787503242493,-0.25003886222839355,-0.9173205494880676,0.0,0.0,0.0,0.0,0.0,0.0,0.0,0.0,0.0,0.0,2.690000057220459,-217.88999938964844,-306.6600036621094,-80.70000457763672,0.0
1780960537515337513,183720,1780960537475815595,base_link,wheel_left_joint,wheel_right_joint,joint1,joint2,joint3,joint4,gripper,0.007669905200600624,0.0,-0.0015339808305725455,0.7393787503242493,-0.2485048919916153,-0.9173205494880676,0.0,0.0,0.0,0.0,0.0,0.0,0.0,0.0,0.0,0.0,0.0,-220.5800018310547,-312.0400085449219,-83.38999938964844,0.0
1780960537554447438,183721,1780960537573815595,base_link,wheel_left_joint,wheel_right_joint,joint1,joint2,joint3,joint4,gripper,0.007669905200600624,0.0,-0.0015339808305725455,0.7393787503242493,-0.2485048919916153,-0.9173205494880676,0.0,0.0,0.0,0.0,0.0,0.0,0.0,0.0,0.0,0.0,0.0,-217.88999938964844,-306.6600036621094,-86.08000183105469,0.0
1780960537642159847,183722,1780960537608815595,base_link,wheel_left_joint,wheel_right_joint,joint1,joint2,joint3,joint4,gripper,0.007669905200600624,0.0,-0.0015339808305725455,0.7393787503242493,-0.25003886222839355,-0.9173205494880676,0.0,0.0,0.0,0.0,0.0,0.0,0.0,0.0,0.0,0.0,0.0,-172.16000366210938,-336.25,-115.67000579833984,0.0
1780960537690463814,183723,1780960537707815595,base_link,wheel_left_joint,wheel_right_joint,joint1,joint2,joint3,joint4,gripper,0.007669905200600624,0.0,-0.0015339808305725455,0.7562525272369385,-0.26691266894340515,-0.9311263561248779,0.0,0.0,0.0,0.0,0.16786576807498932,-0.16786576807498932,-0.14388494193553925,0.0,0.0,0.0,0.0,-228.65000915527344,-258.239990234375,-67.25,0.0
1780960537782222269,183724,1780960537741815595,base_link,wheel_left_joint,wheel_right_joint,joint1,joint2,joint3,joint4,gripper,0.007669905200600624,0.0,-0.003067961661145091,0.7654564380645752,-0.2730485796928406,-0.9357283115386963,0.0,0.0,0.0,0.0,0.21582742035388947,-0.16786576807498932,-0.14388494193553925,0.0,0.0,0.0,0.0,-266.30999755859375,-252.86000061035156,-69.94000244140625,0.0
1780960537821718818,183725,1780960537836815595,base_link,wheel_left_joint,wheel_right_joint,joint1,joint2,joint3,joint4,gripper,0.007669905200600624,0.0,-0.0015339808305725455,0.7900001406669617,-0.2853204309940338,-0.9495341181755066,0.0,0.0,0.0,0.0,0.23980824649333954,-0.11990412324666977,-0.11990412324666977,0.0,0.0,0.0,0.0,-255.5500030517578,-290.52001953125,-94.1500015258789,0.0
1780960537915214760,183726,1780960537870815595,base_link,wheel_left_joint,wheel_right_joint,joint1,joint2,joint3,joint4,gripper,0.007669905200600624,0.0,-0.0015339808305725455,0.7976700067520142,-0.2914563715457916,-0.954136073589325,0.0,0.0,0.0,0.0,0.23980824649333954,-0.14388494193553925,-0.11990412324666977,0.0,0.0,0.0,5.380000114440918,-234.02999877929688,-271.69000244140625,-78.01000213623047,0.0
1780960537955065733,183727,1780960537972815595,base_link,wheel_left_joint,wheel_right_joint,joint1,joint2,joint3,joint4,gripper,0.007669905200600624,0.0,-0.0015339808305725455,0.8176117539405823,-0.3067961633205414,-0.9710098505020142,0.0,0.0,0.0,0.0,0.1918465942144394,-0.14388494193553925,-0.14388494193553925,0.0,0.0,0.0,0.0,-217.88999938964844,-282.45001220703125,-80.70000457763672,0.0
1780960538041183172,183728,1780960538006815595,base_link,wheel_left_joint,wheel_right_joint,joint1,joint2,joint3,joint4,gripper,0.007669905200600624,0.0,-0.0015339808305725455,0.8252816796302795,-0.31139811873435974,-0.977145791053772,0.0,0.0,0.0,0.0,0.1918465942144394,-0.14388494193553925,-0.14388494193553925,0.0,0.0,0.0,0.0,-231.3400115966797,-285.1400146484375,-72.6300048828125,0.0
1780960538090483673,183729,1780960538105815595,base_link,wheel_left_joint,wheel_right_joint,joint1,joint2,joint3,joint4,gripper,0.007669905200600624,0.0,-0.0015339808305725455,0.8513593673706055,-0.32827189564704895,-0.9924855828285217,0.0,0.0,0.0,0.0,0.23980824649333954,-0.14388494193553925,-0.14388494193553925,0.0,0.0,0.0,0.0,-269.0,-247.48001098632812,-86.08000183105469,0.0
1780960538182532632,183730,1780960538139815595,base_link,wheel_left_joint,wheel_right_joint,joint1,joint2,joint3,joint4,gripper,0.007669905200600624,0.0,-0.0015339808305725455,0.8590292930603027,-0.3344078063964844,-0.9970875382423401,0.0,0.0,0.0,0.0,0.23980824649333954,-0.16786576807498932,-0.14388494193553925,0.0,0.0,0.0,0.0,-239.41000366210938,-277.07000732421875,-86.08000183105469,0.0
1780960538216430356,183731,1780960538236815595,base_link,wheel_left_joint,wheel_right_joint,joint1,joint2,joint3,joint4,gripper,0.007669905200600624,0.0,-0.0015339808305725455,0.882038950920105,-0.3497476279735565,-1.0124273300170898,0.0,0.0,0.0,0.0,0.21582742035388947,-0.14388494193553925,-0.14388494193553925,0.0,0.0,0.0,0.0,-247.48001098632812,-282.45001220703125,-72.6300048828125,0.0
1780960538311984930,183732,1780960538270815595,base_link,wheel_left_joint,wheel_right_joint,joint1,joint2,joint3,joint4,gripper,0.007669905200600624,0.0,-0.0015339808305725455,0.8897088766098022,-0.3543495833873749,-1.0170292854309082,0.0,0.0,0.0,0.0,0.23980824649333954,-0.14388494193553925,-0.14388494193553925,0.0,0.0,0.0,0.0,-255.5500030517578,-285.1400146484375,-67.25,0.0
1780960538350062024,183733,1780960538369815595,base_link,wheel_left_joint,wheel_right_joint,joint1,joint2,joint3,joint4,gripper,0.007669905200600624,0.0,-0.0015339808305725455,0.9142525792121887,-0.3681553900241852,-1.0323691368103027,0.0,0.0,0.0,0.0,0.21582742035388947,-0.11990412324666977,-0.14388494193553925,0.0,0.0,0.0,0.0,-255.5500030517578,-274.3800048828125,-88.77000427246094,0.0
1780960538447615591,183734,1780960538403815595,base_link,wheel_left_joint,wheel_right_joint,joint1,joint2,joint3,joint4,gripper,0.007669905200600624,0.0,-0.0015339808305725455,0.921922504901886,-0.374291330575943,-1.0385050773620605,0.0,0.0,0.0,0.0,0.21582742035388947,-0.14388494193553925,-0.14388494193553925,0.0,0.0,0.0,2.690000057220459,-252.86000061035156,-266.30999755859375,-69.94000244140625,0.0
1780960538495587925,183735,1780960538503815595,base_link,wheel_left_joint,wheel_right_joint,joint1,joint2,joint3,joint4,gripper,0.007669905200600624,0.0,-0.0015339808305725455,0.9433982372283936,-0.38963112235069275,-1.0538448095321655,0.0,0.0,0.0,0.0,0.21582742035388947,-0.14388494193553925,-0.14388494193553925,0.0,0.0,0.0,0.0,-236.72000122070312,-290.52001953125,-75.31999969482422,0.0
1780960538578800795,183736,1780960538537815595,base_link,wheel_left_joint,wheel_right_joint,joint1,joint2,joint3,joint4,gripper,0.007669905200600624,0.0,-0.0015339808305725455,0.951068103313446,-0.3942330777645111,-1.0599807500839233,0.0,0.0,0.0,0.0,0.1918465942144394,-0.11990412324666977,-0.14388494193553925,0.0,0.0,0.0,8.069999694824219,-236.72000122070312,-285.1400146484375,-69.94000244140625,0.0
1780960538626828580,183737,1780960538605202072,base_link,wheel_left_joint,wheel_right_joint,joint1,joint2,joint3,joint4,gripper,0.007669905200600624,0.0,-0.0015339808305725455,0.9633399844169617,-0.40036898851394653,-1.0676506757736206,0.0,0.0,0.0,0.0,0.0959232971072197,-0.023980824276804924,-0.04796164855360985,0.0,0.0,0.0,8.069999694824219,-212.510009765625,-306.6600036621094,-69.94000244140625,0.0
1780960538725101660,183738,1780960538639202072,base_link,wheel_left_joint,wheel_right_joint,joint1,joint2,joint3,joint4,gripper,0.007669905200600624,0.0,-0.0015339808305725455,0.9633399844169617,-0.40036898851394653,-1.0661166906356812,0.0,0.0,0.0,0.0,0.023980824276804924,0.0,-0.023980824276804924,0.0,0.0,0.0,0.0,-212.510009765625,-306.6600036621094,-67.25,0.0
1780960538751827739,183739,1780960538733202072,base_link,wheel_left_joint,wheel_right_joint,joint1,joint2,joint3,joint4,gripper,0.007669905200600624,0.0,-0.0015339808305725455,0.9633399844169617,-0.40036898851394653,-1.0676506757736206,0.0,0.0,0.0,0.0,0.0,0.0,0.0,0.0,0.0,0.0,0.0,-212.510009765625,-306.6600036621094,-69.94000244140625,0.0
1780960538835377034,183740,1780960538767202072,base_link,wheel_left_joint,wheel_right_joint,joint1,joint2,joint3,joint4,gripper,0.007669905200600624,0.0,-0.0015339808305725455,0.9648739695549011,-0.40036898851394653,-1.0676506757736206,0.0,0.0,0.0,0.0,0.0,0.0,0.0,0.0,0.0,0.0,0.0,-212.510009765625,-306.6600036621094,-67.25,0.0
1780960538880591142,183741,1780960538863202072,base_link,wheel_left_joint,wheel_right_joint,joint1,joint2,joint3,joint4,gripper,0.007669905200600624,0.0,-0.0015339808305725455,0.9633399844169617,-0.40036898851394653,-1.0676506757736206,0.0,0.0,0.0,0.0,0.0,0.0,0.0,0.0,0.0,0.0,0.0,-212.510009765625,-306.6600036621094,-72.6300048828125,0.0
1780960538969129176,183742,1780960538897202072,base_link,wheel_left_joint,wheel_right_joint,joint1,joint2,joint3,joint4,gripper,0.007669905200600624,0.0,-0.0015339808305725455,0.9633399844169617,-0.40036898851394653,-1.0676506757736206,0.0,0.0,0.0,0.0,0.0,0.0,0.0,0.0,0.0,0.0,0.0,-212.510009765625,-306.6600036621094,-67.25,0.0
1780960539011483015,183743,1780960538991202072,base_link,wheel_left_joint,wheel_right_joint,joint1,joint2,joint3,joint4,gripper,0.007669905200600624,0.0,-0.0015339808305725455,0.9633399844169617,-0.40036898851394653,-1.0676506757736206,0.0,0.0,0.0,0.0,0.0,0.0,0.0,0.0,0.0,0.0,16.139999389648438,-212.510009765625,-306.6600036621094,-67.25,0.0
1780960539098035778,183744,1780960539025202072,base_link,wheel_left_joint,wheel_right_joint,joint1,joint2,joint3,joint4,gripper,0.007669905200600624,0.0,-0.0015339808305725455,0.9633399844169617,-0.40036898851394653,-1.0676506757736206,0.0,0.0,0.0,0.0,0.0,0.0,0.0,0.0,0.0,0.0,0.0,-209.82000732421875,-306.6600036621094,-67.25,0.0
1780960539133805788,183745,1780960539114202072,base_link,wheel_left_joint,wheel_right_joint,joint1,joint2,joint3,joint4,gripper,0.007669905200600624,0.0,-0.0015339808305725455,0.9633399844169617,-0.40036898851394653,-1.0676506757736206,0.0,0.0,0.0,0.0,0.0,0.0,0.0,0.0,0.0,0.0,0.0,-212.510009765625,-306.6600036621094,-75.31999969482422,0.0
1780960539215885023,183746,1780960539149202072,base_link,wheel_left_joint,wheel_right_joint,joint1,joint2,joint3,joint4,gripper,0.007669905200600624,0.0,-0.0015339808305725455,0.9633399844169617,-0.40036898851394653,-1.0676506757736206,0.0,0.0,0.0,0.0,0.0,0.0,0.0,0.0,0.0,0.0,0.0,-220.5800018310547,-301.2799987792969,-67.25,0.0
1780960539266447607,183747,1780960539244202072,base_link,wheel_left_joint,wheel_right_joint,joint1,joint2,joint3,joint4,gripper,0.007669905200600624,0.0,-0.0015339808305725455,0.9633399844169617,-0.40036898851394653,-1.0676506757736206,0.0,0.0,0.0,0.0,0.0,0.0,0.0,0.0,0.0,0.0,0.0,-279.760009765625,-274.3800048828125,-18.829999923706055,0.0
1780960539351650652,183748,1780960539278202072,base_link,wheel_left_joint,wheel_right_joint,joint1,joint2,joint3,joint4,gripper,0.007669905200600624,0.0,-0.0015339808305725455,0.9633399844169617,-0.40036898851394653,-1.0676506757736206,0.0,0.0,0.0,0.0,0.0,0.0,0.0,0.0,0.0,0.0,0.0,-290.52001953125,-274.3800048828125,-24.21000099182129,0.0
1780960539391195190,183749,1780960539375202072,base_link,wheel_left_joint,wheel_right_joint,joint1,joint2,joint3,joint4,gripper,0.007669905200600624,0.0,-0.0015339808305725455,0.9633399844169617,-0.40036898851394653,-1.0661166906356812,0.0,0.0,0.0,0.0,0.0,0.0,0.0,0.0,0.0,0.0,0.0,-333.55999755859375,-242.10000610351562,-10.760000228881836,0.0
1780960539438781532,183750,1780960539409202072,base_link,wheel_left_joint,wheel_right_joint,joint1,joint2,joint3,joint4,gripper,0.007669905200600624,0.0,-0.0015339808305725455,0.9633399844169617,-0.40036898851394653,-1.0645827054977417,0.0,0.0,0.0,0.0,0.0,0.0,0.0,0.0,0.0,0.0,0.0,-347.010009765625,-231.3400115966797,-13.450000762939453,0.0
1780960539466095380,183751,1780960539477202072,base_link,wheel_left_joint,wheel_right_joint,joint1,joint2,joint3,joint4,gripper,0.007669905200600624,0.0,-0.003067961661145091,0.9633399844169617,-0.40036898851394653,-1.0615147352218628,0.0,0.0,0.0,0.0,0.0,0.0,0.023980824276804924,0.0,0.0,0.0,0.0,-379.2900085449219,-209.82000732421875,-21.520000457763672,0.0
1780960539539168705,183752,1780960539511202072,base_link,wheel_left_joint,wheel_right_joint,joint1,joint2,joint3,joint4,gripper,0.007669905200600624,0.0,-0.0015339808305725455,0.9633399844169617,-0.40036898851394653,-1.0615147352218628,0.0,0.0,0.0,0.0,0.0,0.0,0.023980824276804924,0.0,0.0,0.0,0.0,-398.1199951171875,-196.37001037597656,-16.139999389648438,0.0
1780960539585807667,183753,1780960539558202072,base_link,wheel_left_joint,wheel_right_joint,joint1,joint2,joint3,joint4,gripper,0.007669905200600624,0.0,-0.0015339808305725455,0.9633399844169617,-0.40036898851394653,-1.0599807500839233,0.0,0.0,0.0,0.0,0.0,0.0,0.023980824276804924,0.0,0.0,0.0,0.0,-414.260009765625,-182.9199981689453,-16.139999389648438,0.0
1780960539671072726,183754,1780960539592202072,base_link,wheel_left_joint,wheel_right_joint,joint1,joint2,joint3,joint4,gripper,0.007669905200600624,0.0,-0.0015339808305725455,0.9633399844169617,-0.40036898851394653,-1.0584467649459839,0.0,0.0,0.0,0.0,0.0,0.0,0.023980824276804924,0.0,0.0,0.0,0.0,-427.71002197265625,-164.08999633789062,-8.069999694824219,0.0
1780960539706915694,183755,1780960539688202072,base_link,wheel_left_joint,wheel_right_joint,joint1,joint2,joint3,joint4,gripper,0.007669905200600624,0.0,-0.0015339808305725455,0.9633399844169617,-0.40036898851394653,-1.055378794670105,0.0,0.0,0.0,0.0,0.0,0.0,0.0,0.0,0.0,0.0,0.0,-476.1300048828125,-147.9499969482422,-5.380000114440918,0.0
1780960539794427767,183756,1780960539722202072,base_link,wheel_left_joint,wheel_right_joint,joint1,joint2,joint3,joint4,gripper,0.007669905200600624,0.0,-0.0015339808305725455,0.9633399844169617,-0.40036898851394653,-1.055378794670105,0.0,0.0,0.0,0.0,0.0,0.0,0.0,0.0,0.0,0.0,0.0,-489.58001708984375,-131.80999755859375,-16.139999389648438,0.0
1780960539837557252,183757,1780960539823202072,base_link,wheel_left_joint,wheel_right_joint,joint1,joint2,joint3,joint4,gripper,0.007669905200600624,0.0,-0.003067961661145091,0.9633399844169617,-0.3988350033760071,-1.052310824394226,0.0,0.0,0.0,0.0,0.0,0.0,0.023980824276804924,0.0,0.0,0.0,2.690000057220459,-538.0,-96.84000396728516,-18.829999923706055,0.0
1780960539920789388,183758,1780960539857202072,base_link,wheel_left_joint,wheel_right_joint,joint1,joint2,joint3,joint4,gripper,0.007669905200600624,0.0,-0.0015339808305725455,0.9633399844169617,-0.40036898851394653,-1.0507768392562866,0.0,0.0,0.0,0.0,0.0,0.0,0.023980824276804924,0.0,0.0,0.0,0.0,-546.0700073242188,-78.01000213623047,-10.760000228881836,0.0
1780960539965737107,183759,1780960539945202072,base_link,wheel_left_joint,wheel_right_joint,joint1,joint2,joint3,joint4,gripper,0.007669905200600624,0.0,-0.0015339808305725455,0.9618059992790222,-0.40036898851394653,-1.0492428541183472,0.0,0.0,0.0,0.0,0.0,0.0,0.023980824276804924,0.0,0.0,0.0,0.0,-586.4199829101562,-83.38999938964844,-8.069999694824219,0.0
1780960540045976004,183760,1780960539979202072,base_link,wheel_left_joint,wheel_right_joint,joint1,joint2,joint3,joint4,gripper,0.007669905200600624,0.0,-0.0015339808305725455,0.9633399844169617,-0.3988350033760071,-1.0477088689804077,0.0,0.0,0.0,0.0,0.0,0.0,0.023980824276804924,0.0,0.0,0.0,0.0,-599.8699951171875,-83.38999938964844,-21.520000457763672,0.0
1780960540096576233,183761,1780960540068202072,base_link,wheel_left_joint,wheel_right_joint,joint1,joint2,joint3,joint4,gripper,0.007669905200600624,0.0,-0.0015339808305725455,0.9618059992790222,-0.39576706290245056,-1.0446408987045288,0.0,0.0,0.0,0.0,0.0,0.023980824276804924,0.023980824276804924,0.0,0.0,0.0,0.0,-632.1500244140625,-80.70000457763672,-10.760000228881836,0.0
1780960540179369439,183762,1780960540102202072,base_link,wheel_left_joint,wheel_right_joint,joint1,joint2,joint3,joint4,gripper,0.007669905200600624,0.0,-0.0015339808305725455,0.9618059992790222,-0.3942330777645111,-1.0446408987045288,0.0,0.0,0.0,0.0,0.0,0.023980824276804924,0.023980824276804924,0.0,0.0,0.0,0.0,-640.2200317382812,-72.6300048828125,-13.450000762939453,0.0
1780960540225879993,183763,1780960540199202072,base_link,wheel_left_joint,wheel_right_joint,joint1,joint2,joint3,joint4,gripper,0.007669905200600624,0.0,-0.0015339808305725455,0.9602720141410828,-0.39269909262657166,-1.0400390625,0.0,0.0,0.0,0.0,0.0,0.0,0.023980824276804924,0.0,0.0,0.0,0.0,-664.4299926757812,-72.6300048828125,-10.760000228881836,0.0
1780960540311074321,183764,1780960540233202072,base_link,wheel_left_joint,wheel_right_joint,joint1,joint2,joint3,joint4,gripper,0.007669905200600624,0.0,-0.0015339808305725455,0.9572040438652039,-0.3911651074886322,-1.0400390625,0.0,0.0,0.0,0.0,-0.023980824276804924,0.0,0.023980824276804924,0.0,0.0,0.0,16.139999389648438,-597.1799926757812,-86.08000183105469,-13.450000762939453,0.0
1780960540347462157,183765,1780960540329202072,base_link,wheel_left_joint,wheel_right_joint,joint1,joint2,joint3,joint4,gripper,0.007669905200600624,0.0,-0.0015339808305725455,0.954136073589325,-0.3880971372127533,-1.036971092224121,0.0,0.0,0.0,0.0,-0.023980824276804924,0.0,0.023980824276804924,0.0,0.0,0.0,0.0,-634.8400268554688,-67.25,-10.760000228881836,0.0
1780960540432675050,183766,1780960540363202072,base_link,wheel_left_joint,wheel_right_joint,joint1,joint2,joint3,joint4,gripper,0.007669905200600624,0.0,-0.003067961661145091,0.951068103313446,-0.3880971372127533,-1.0354371070861816,0.0,0.0,0.0,0.0,-0.023980824276804924,0.0,0.0,0.0,0.0,0.0,0.0,-637.530029296875,-48.42000198364258,-13.450000762939453,0.0
1780960540478765179,183767,1780960540460202072,base_link,wheel_left_joint,wheel_right_joint,joint1,joint2,joint3,joint4,gripper,0.007669905200600624,0.0,-0.0015339808305725455,0.951068103313446,-0.3834952116012573,-1.0339031219482422,0.0,0.0,0.0,0.0,0.0,0.023980824276804924,0.023980824276804924,0.0,0.0,0.0,0.0,-685.9500122070312,-67.25,-2.690000057220459,0.0
1780960540572223059,183768,1780960540494202072,base_link,wheel_left_joint,wheel_right_joint,joint1,joint2,joint3,joint4,gripper,0.007669905200600624,0.0,-0.0015339808305725455,0.951068103313446,-0.3834952116012573,-1.0308351516723633,0.0,0.0,0.0,0.0,0.0,0.023980824276804924,0.023980824276804924,0.0,0.0,0.0,0.0,-704.780029296875,-72.6300048828125,-16.139999389648438,0.0
1780960540608141602,183769,1780960540587202072,base_link,wheel_left_joint,wheel_right_joint,joint1,joint2,joint3,joint4,gripper,0.007669905200600624,0.0,-0.0015339808305725455,0.951068103313446,-0.38196122646331787,-1.0293011665344238,0.0,0.0,0.0,0.0,0.0,0.0,0.023980824276804924,0.0,0.0,0.0,0.0,-734.3699951171875,-64.55999755859375,-13.450000762939453,0.0
1780960540701009189,183770,1780960540621202072,base_link,wheel_left_joint,wheel_right_joint,joint1,joint2,joint3,joint4,gripper,0.007669905200600624,0.0,-0.0015339808305725455,0.9480001330375671,-0.37889325618743896,-1.0277671813964844,0.0,0.0,0.0,0.0,0.0,0.023980824276804924,0.023980824276804924,0.0,0.0,0.0,0.0,-607.9400024414062,-91.45999908447266,-8.069999694824219,0.0
1780960540738232075,183771,1780960540722202072,base_link,wheel_left_joint,wheel_right_joint,joint1,joint2,joint3,joint4,gripper,0.007669905200600624,0.0,-0.0015339808305725455,0.9341943264007568,-0.3773592710494995,-1.0246992111206055,0.0,0.0,0.0,0.0,-0.0959232971072197,0.0,0.023980824276804924,0.0,0.0,0.0,0.0,-570.280029296875,-48.42000198364258,-5.380000114440918,0.0
1780960540828939648,183772,1780960540756202072,base_link,wheel_left_joint,wheel_right_joint,joint1,joint2,joint3,joint4,gripper,0.007669905200600624,0.0,-0.0015339808305725455,0.9295923709869385,-0.37582531571388245,-1.023165225982666,0.0,0.0,0.0,0.0,-0.14388494193553925,0.0,0.023980824276804924,0.0,0.0,0.0,8.069999694824219,-508.4100036621094,-102.22000122070312,-21.520000457763672,0.0
1780960540871604597,183773,1780960540853202072,base_link,wheel_left_joint,wheel_right_joint,joint1,joint2,joint3,joint4,gripper,0.007669905200600624,0.0,-0.0015339808305725455,0.921922504901886,-0.37275734543800354,-1.0216312408447266,0.0,0.0,0.0,0.0,-0.07194247096776962,0.0,0.023980824276804924,0.0,0.0,0.0,0.0,-554.1400146484375,-75.31999969482422,-18.829999923706055,0.0
1780960540964124087,183774,1780960540887202072,base_link,wheel_left_joint,wheel_right_joint,joint1,joint2,joint3,joint4,gripper,0.007669905200600624,0.0,-0.0015339808305725455,0.921922504901886,-0.3712233603000641,-1.020097255706787,0.0,0.0,0.0,0.0,-0.023980824276804924,0.023980824276804924,0.023980824276804924,0.0,0.0,0.0,8.069999694824219,-570.280029296875,-69.94000244140625,-10.760000228881836,0.0
1780960541003466864,183775,1780960540977202072,base_link,wheel_left_joint,wheel_right_joint,joint1,joint2,joint3,joint4,gripper,0.007669905200600624,0.0,-0.0015339808305725455,0.921922504901886,-0.3681553900241852,-1.0185632705688477,0.0,0.0,0.0,0.0,0.0,0.023980824276804924,0.023980824276804924,0.0,0.0,0.0,0.0,-602.5599975585938,-78.01000213623047,-8.069999694824219,0.0
1780960541101095700,183776,1780960541011202072,base_link,wheel_left_joint,wheel_right_joint,joint1,joint2,joint3,joint4,gripper,0.007669905200600624,0.0,-0.0015339808305725455,0.921922504901886,-0.3666214048862457,-1.0154953002929688,0.0,0.0,0.0,0.0,0.0,0.04796164855360985,0.023980824276804924,0.0,0.0,0.0,5.380000114440918,-616.010009765625,-64.55999755859375,-10.760000228881836,0.0
1780960541129504992,183777,1780960541106404573,base_link,wheel_left_joint,wheel_right_joint,joint1,joint2,joint3,joint4,gripper,0.007669905200600624,0.0,-0.0015339808305725455,0.9203885197639465,-0.36508744955062866,-1.0139613151550293,0.0,0.0,0.0,0.0,0.0,0.0,0.023980824276804924,0.0,0.0,0.0,0.0,-640.2200317382812,-67.25,-16.139999389648438,0.0
1780960541211387415,183778,1780960541140404573,base_link,wheel_left_joint,wheel_right_joint,joint1,joint2,joint3,joint4,gripper,0.007669905200600624,0.0,-0.0015339808305725455,0.9173205494880676,-0.3635534644126892,-1.0124273300170898,0.0,0.0,0.0,0.0,-0.023980824276804924,0.0,0.023980824276804924,0.0,0.0,0.0,0.0,-586.4199829101562,-69.94000244140625,-16.139999389648438,0.0
1780960541258577285,183779,1780960541241404573,base_link,wheel_left_joint,wheel_right_joint,joint1,joint2,joint3,joint4,gripper,0.007669905200600624,0.0,-0.0015339808305725455,0.9111846089363098,-0.36201947927474976,-1.009359359741211,0.0,0.0,0.0,0.0,-0.04796164855360985,0.023980824276804924,0.023980824276804924,0.0,0.0,0.0,2.690000057220459,-597.1799926757812,-56.4900016784668,-13.450000762939453,0.0
1780960541342210624,183780,1780960541275404573,base_link,wheel_left_joint,wheel_right_joint,joint1,joint2,joint3,joint4,gripper,0.007669905200600624,0.0,-0.0015339808305725455,0.9111846089363098,-0.3604854941368103,-1.0078253746032715,0.0,0.0,0.0,0.0,-0.04796164855360985,0.0,0.023980824276804924,0.0,0.0,0.0,0.0,-616.010009765625,-75.31999969482422,-10.760000228881836,0.0
1780960541388822107,183781,1780960541366404573,base_link,wheel_left_joint,wheel_right_joint,joint1,joint2,joint3,joint4,gripper,0.007669905200600624,0.0,-0.0015339808305725455,0.9111846089363098,-0.3574175238609314,-1.0047574043273926,0.0,0.0,0.0,0.0,0.0,0.023980824276804924,0.023980824276804924,0.0,0.0,0.0,2.690000057220459,-661.739990234375,-75.31999969482422,-16.139999389648438,0.0
1780960541481006553,183782,1780960541400404573,base_link,wheel_left_joint,wheel_right_joint,joint1,joint2,joint3,joint4,gripper,0.007669905200600624,0.0,-0.0015339808305725455,0.9111846089363098,-0.35588353872299194,-1.0047574043273926,0.0,0.0,0.0,0.0,0.0,0.0,0.023980824276804924,0.0,0.0,0.0,0.0,-675.1900024414062,-86.08000183105469,-10.760000228881836,0.0
1780960541509381324,183783,1780960541492404573,base_link,wheel_left_joint,wheel_right_joint,joint1,joint2,joint3,joint4,gripper,0.007669905200600624,0.0,-0.0015339808305725455,0.9035146832466125,-0.3528155982494354,-1.0016894340515137,0.0,0.0,0.0,0.0,-0.07194247096776962,0.023980824276804924,0.023980824276804924,0.0,0.0,0.0,5.380000114440918,-591.7999877929688,-94.1500015258789,-10.760000228881836,0.0
1780960541595880612,183784,1780960541526404573,base_link,wheel_left_joint,wheel_right_joint,joint1,joint2,joint3,joint4,gripper,0.007669905200600624,0.0,-0.0015339808305725455,0.9035146832466125,-0.35128161311149597,-1.0016894340515137,0.0,0.0,0.0,0.0,-0.0959232971072197,0.023980824276804924,0.023980824276804924,0.0,0.0,0.0,0.0,-618.7000122070312,-69.94000244140625,-13.450000762939453,0.0
1780960541642262384,183785,1780960541621404573,base_link,wheel_left_joint,wheel_right_joint,joint1,joint2,joint3,joint4,gripper,0.007669905200600624,0.0,-0.0015339808305725455,0.8927768468856812,-0.3497476279735565,-0.9986215233802795,0.0,0.0,0.0,0.0,-0.0959232971072197,0.0,0.023980824276804924,0.0,0.0,0.0,0.0,-586.4199829101562,-83.38999938964844,-13.450000762939453,0.0
1780960541728136402,183786,1780960541655404573,base_link,wheel_left_joint,wheel_right_joint,joint1,joint2,joint3,joint4,gripper,0.007669905200600624,0.0,-0.0015339808305725455,0.8927768468856812,-0.3497476279735565,-0.9970875382423401,0.0,0.0,0.0,0.0,-0.04796164855360985,0.0,0.023980824276804924,0.0,0.0,0.0,0.0,-597.1799926757812,-45.72999954223633,-8.069999694824219,0.0
1780960541772910848,183787,1780960541750404573,base_link,wheel_left_joint,wheel_right_joint,joint1,joint2,joint3,joint4,gripper,0.007669905200600624,0.0,-0.0015339808305725455,0.8912428617477417,-0.34514567255973816,-0.9940195679664612,0.0,0.0,0.0,0.0,-0.023980824276804924,0.023980824276804924,0.023980824276804924,0.0,0.0,0.0,0.0,-605.25,-91.45999908447266,-8.069999694824219,0.0
1780960541863023692,183788,1780960541784404573,base_link,wheel_left_joint,wheel_right_joint,joint1,joint2,joint3,joint4,gripper,0.007669905200600624,0.0,-0.0015339808305725455,0.8881748914718628,-0.3436117172241211,-0.9940195679664612,0.0,0.0,0.0,0.0,0.0,0.023980824276804924,0.023980824276804924,0.0,0.0,0.0,2.690000057220459,-551.4500122070312,-72.6300048828125,-13.450000762939453,0.0
1780960541899647928,183789,1780960541881404573,base_link,wheel_left_joint,wheel_right_joint,joint1,joint2,joint3,joint4,gripper,0.007669905200600624,0.0,-0.0015339808305725455,0.8805050253868103,-0.34207773208618164,-0.9894176125526428,0.0,0.0,0.0,0.0,-0.07194247096776962,0.0,0.023980824276804924,0.0,0.0,0.0,0.0,-548.760009765625,-64.55999755859375,-21.520000457763672,0.0
1780960541988496724,183790,1780960541915404573,base_link,wheel_left_joint,wheel_right_joint,joint1,joint2,joint3,joint4,gripper,0.007669905200600624,0.0,-0.0015339808305725455,0.8805050253868103,-0.3405437469482422,-0.9894176125526428,0.0,0.0,0.0,0.0,-0.04796164855360985,0.0,0.023980824276804924,0.0,0.0,0.0,0.0,-586.4199829101562,-59.18000030517578,-8.069999694824219,0.0
1780960542034250736,183791,1780960542011404573,base_link,wheel_left_joint,wheel_right_joint,joint1,joint2,joint3,joint4,gripper,0.007669905200600624,0.0,-0.0015339808305725455,0.8805050253868103,-0.3374757766723633,-0.9863497018814087,0.0,0.0,0.0,0.0,0.0,0.023980824276804924,0.023980824276804924,0.0,0.0,0.0,5.380000114440918,-607.9400024414062,-86.08000183105469,-13.450000762939453,0.0
1780960542115490381,183792,1780960542045404573,base_link,wheel_left_joint,wheel_right_joint,joint1,joint2,joint3,joint4,gripper,0.007669905200600624,0.0,-0.0015339808305725455,0.8805050253868103,-0.3374757766723633,-0.9848157167434692,0.0,0.0,0.0,0.0,0.0,0.023980824276804924,0.023980824276804924,0.0,0.0,0.0,13.450000762939453,-629.4600219726562,-91.45999908447266,-13.450000762939453,0.0
1780960542163150608,183793,1780960542136404573,base_link,wheel_left_joint,wheel_right_joint,joint1,joint2,joint3,joint4,gripper,0.007669905200600624,0.0,-0.0015339808305725455,0.8805050253868103,-0.3328738510608673,-0.9817477464675903,0.0,0.0,0.0,0.0,0.0,0.04796164855360985,0.023980824276804924,0.0,0.0,0.0,0.0,-672.5,-67.25,-16.139999389648438,0.0
1780960542255202890,183794,1780960542170404573,base_link,wheel_left_joint,wheel_right_joint,joint1,joint2,joint3,joint4,gripper,0.007669905200600624,0.0,-0.0015339808305725455,0.8805050253868103,-0.33133986592292786,-0.9817477464675903,0.0,0.0,0.0,0.0,0.0,0.023980824276804924,0.023980824276804924,0.0,0.0,0.0,0.0,-677.8800048828125,-88.77000427246094,-10.760000228881836,0.0
1780960542281870407,183795,1780960542266404573,base_link,wheel_left_joint,wheel_right_joint,joint1,joint2,joint3,joint4,gripper,0.007669905200600624,0.0,-0.0015339808305725455,0.8713011145591736,-0.3298058807849884,-0.9786797761917114,0.0,0.0,0.0,0.0,-0.07194247096776962,0.0,0.023980824276804924,0.0,0.0,0.0,0.0,-616.010009765625,-99.52999877929688,-5.380000114440918,0.0
1780960542365896218,183796,1780960542300404573,base_link,wheel_left_joint,wheel_right_joint,joint1,joint2,joint3,joint4,gripper,0.007669905200600624,0.0,-0.0015339808305725455,0.8682331442832947,-0.3267379105091095,-0.9786797761917114,0.0,0.0,0.0,0.0,-0.07194247096776962,0.023980824276804924,0.0,0.0,0.0,0.0,0.0,-543.3800048828125,-88.77000427246094,-24.21000099182129,0.0
1780960542428747409,183797,1780960542404404573,base_link,wheel_left_joint,wheel_right_joint,joint1,joint2,joint3,joint4,gripper,0.007669905200600624,0.0,-0.0015339808305725455,0.8620972037315369,-0.32520392537117004,-0.9740778207778931,0.0,0.0,0.0,0.0,-0.023980824276804924,0.023980824276804924,0.023980824276804924,0.0,0.0,0.0,0.0,-597.1799926757812,-78.01000213623047,-5.380000114440918,0.0
1780960542508631060,183798,1780960542438404573,base_link,wheel_left_joint,wheel_right_joint,joint1,joint2,joint3,joint4,gripper,0.007669905200600624,0.0,-0.0015339808305725455,0.8620972037315369,-0.323669970035553,-0.9740778207778931,0.0,0.0,0.0,0.0,0.0,0.0,0.023980824276804924,0.0,0.0,0.0,8.069999694824219,-610.6300048828125,-75.31999969482422,-24.21000099182129,0.0
1780960542553514124,183799,1780960542531404573,base_link,wheel_left_joint,wheel_right_joint,joint1,joint2,joint3,joint4,gripper,0.007669905200600624,0.0,-0.0015339808305725455,0.8620972037315369,-0.3221359848976135,-0.9710098505020142,0.0,0.0,0.0,0.0,0.0,0.0,0.023980824276804924,0.0,0.0,0.0,0.0,-659.0499877929688,-91.45999908447266,-13.450000762939453,0.0
1780960542638419723,183800,1780960542565404573,base_link,wheel_left_joint,wheel_right_joint,joint1,joint2,joint3,joint4,gripper,0.007669905200600624,0.0,-0.0015339808305725455,0.8620972037315369,-0.3206019997596741,-0.9694758653640747,0.0,0.0,0.0,0.0,0.0,0.023980824276804924,0.0,0.0,0.0,0.0,0.0,-664.4299926757812,-72.6300048828125,-16.139999389648438,0.0
1780960542682577608,183801,1780960542657404573,base_link,wheel_left_joint,wheel_right_joint,joint1,joint2,joint3,joint4,gripper,0.007669905200600624,0.0,-0.0015339808305725455,0.8620972037315369,-0.31753402948379517,-0.9664078950881958,0.0,0.0,0.0,0.0,0.0,0.023980824276804924,0.023980824276804924,0.0,0.0,0.0,0.0,-707.4700317382812,-75.31999969482422,-21.520000457763672,0.0
1780960542757152686,183802,1780960542691404573,base_link,wheel_left_joint,wheel_right_joint,joint1,joint2,joint3,joint4,gripper,0.007669905200600624,0.0,-0.0015339808305725455,0.8620972037315369,-0.3160000443458557,-0.9664078950881958,0.0,0.0,0.0,0.0,0.0,0.023980824276804924,0.023980824276804924,0.0,0.0,0.0,0.0,-718.2300415039062,-67.25,-16.139999389648438,0.0
1780960542777934495,183803,1780960542787404573,base_link,wheel_left_joint,wheel_right_joint,joint1,joint2,joint3,joint4,gripper,0.007669905200600624,0.0,-0.0015339808305725455,0.8482913970947266,-0.3129321038722992,-0.9633399844169617,0.0,0.0,0.0,0.0,-0.11990412324666977,0.023980824276804924,0.023980824276804924,0.0,0.0,0.0,0.0,-513.7900390625,-80.70000457763672,-13.450000762939453,0.0
1780960542829714564,183804,1780960542821404573,base_link,wheel_left_joint,wheel_right_joint,joint1,joint2,joint3,joint4,gripper,0.007669905200600624,0.0,-0.0015339808305725455,0.8421554565429688,-0.3129321038722992,-0.9633399844169617,0.0,0.0,0.0,0.0,-0.14388494193553925,0.023980824276804924,0.023980824276804924,0.0,0.0,0.0,0.0,-527.239990234375,-86.08000183105469,-5.380000114440918,0.0
1780960542864631226,183805,1780960542873404573,base_link,wheel_left_joint,wheel_right_joint,joint1,joint2,joint3,joint4,gripper,0.007669905200600624,0.0,-0.0015339808305725455,0.8375535607337952,-0.31139811873435974,-0.9618059992790222,0.0,0.0,0.0,0.0,-0.11990412324666977,0.023980824276804924,0.0,0.0,0.0,0.0,0.0,-540.6900024414062,-69.94000244140625,-5.380000114440918,0.0
1780960542947719633,183806,1780960542907404573,base_link,wheel_left_joint,wheel_right_joint,joint1,joint2,joint3,joint4,gripper,0.007669905200600624,0.0,-0.0015339808305725455,0.8375535607337952,-0.31139811873435974,-0.9602720141410828,0.0,0.0,0.0,0.0,-0.04796164855360985,0.023980824276804924,0.0,0.0,0.0,0.0,0.0,-564.9000244140625,-80.70000457763672,-8.069999694824219,0.0
1780960542996467026,183807,1780960542968404573,base_link,wheel_left_joint,wheel_right_joint,joint1,joint2,joint3,joint4,gripper,0.007669905200600624,0.0,-0.0015339808305725455,0.8375535607337952,-0.3067961633205414,-0.9587380290031433,0.0,0.0,0.0,0.0,0.0,0.023980824276804924,0.023980824276804924,0.0,0.0,0.0,0.0,-583.7300415039062,-94.1500015258789,-8.069999694824219,0.0
1780960543078192149,183808,1780960543002404573,base_link,wheel_left_joint,wheel_right_joint,joint1,joint2,joint3,joint4,gripper,0.007669905200600624,0.0,-0.0015339808305725455,0.8375535607337952,-0.3067961633205414,-0.9572040438652039,0.0,0.0,0.0,0.0,0.0,0.04796164855360985,0.023980824276804924,0.0,0.0,0.0,0.0,-597.1799926757812,-72.6300048828125,-18.829999923706055,0.0
1780960543116590721,183809,1780960543098404573,base_link,wheel_left_joint,wheel_right_joint,joint1,joint2,joint3,joint4,gripper,0.007669905200600624,0.0,-0.0015339808305725455,0.8344855904579163,-0.30526217818260193,-0.954136073589325,0.0,0.0,0.0,0.0,0.0,0.0,0.0,0.0,0.0,0.0,5.380000114440918,-572.9700317382812,-64.55999755859375,-10.760000228881836,0.0
1780960543200098778,183810,1780960543132404573,base_link,wheel_left_joint,wheel_right_joint,joint1,joint2,joint3,joint4,gripper,0.007669905200600624,0.0,-0.0015339808305725455,0.8314176201820374,-0.30526217818260193,-0.9526020884513855,0.0,0.0,0.0,0.0,-0.04796164855360985,0.0,0.023980824276804924,0.0,0.0,0.0,5.380000114440918,-572.9700317382812,-56.4900016784668,-10.760000228881836,0.0
1780960543243117592,183811,1780960543229404573,base_link,wheel_left_joint,wheel_right_joint,joint1,joint2,joint3,joint4,gripper,0.007669905200600624,0.0,-0.0015339808305725455,0.8283496499061584,-0.30066025257110596,-0.951068103313446,0.0,0.0,0.0,0.0,-0.023980824276804924,0.04796164855360985,0.0,0.0,0.0,0.0,0.0,-607.9400024414062,-83.38999938964844,-8.069999694824219,0.0
1780960543328807470,183812,1780960543263404573,base_link,wheel_left_joint,wheel_right_joint,joint1,joint2,joint3,joint4,gripper,0.007669905200600624,0.0,-0.0015339808305725455,0.8283496499061584,-0.2991262674331665,-0.9495341181755066,0.0,0.0,0.0,0.0,-0.023980824276804924,0.023980824276804924,0.023980824276804924,0.0,0.0,0.0,0.0,-624.0800170898438,-59.18000030517578,-13.450000762939453,0.0
1780960543373728423,183813,1780960543345404573,base_link,wheel_left_joint,wheel_right_joint,joint1,joint2,joint3,joint4,gripper,0.007669905200600624,0.0,-0.0015339808305725455,0.8283496499061584,-0.2960582971572876,-0.9464661478996277,0.0,0.0,0.0,0.0,0.0,0.023980824276804924,0.023980824276804924,0.0,0.0,0.0,0.0,-659.0499877929688,-88.77000427246094,-10.760000228881836,0.0
1780960543459204253,183814,1780960543379404573,base_link,wheel_left_joint,wheel_right_joint,joint1,joint2,joint3,joint4,gripper,0.007669905200600624,0.0,-0.0015339808305725455,0.8283496499061584,-0.2960582971572876,-0.9464661478996277,0.0,0.0,0.0,0.0,0.0,0.023980824276804924,0.023980824276804924,0.0,0.0,0.0,0.0,-645.6000366210938,-75.31999969482422,-8.069999694824219,0.0
1780960543497466543,183815,1780960543475404573,base_link,wheel_left_joint,wheel_right_joint,joint1,joint2,joint3,joint4,gripper,0.007669905200600624,0.0,-0.0015339808305725455,0.8206797242164612,-0.2914563715457916,-0.9433982372283936,0.0,0.0,0.0,0.0,-0.04796164855360985,0.04796164855360985,0.023980824276804924,0.0,0.0,0.0,0.0,-621.3900146484375,-104.91000366210938,-10.760000228881836,0.0
1780960543585892396,183816,1780960543509404573,base_link,wheel_left_joint,wheel_right_joint,joint1,joint2,joint3,joint4,gripper,0.007669905200600624,0.0,-0.0015339808305725455,0.8191457390785217,-0.2914563715457916,-0.9418642520904541,0.0,0.0,0.0,0.0,-0.04796164855360985,0.023980824276804924,0.023980824276804924,0.0,0.0,0.0,5.380000114440918,-583.7300415039062,-59.18000030517578,-10.760000228881836,0.0
1780960543629570259,183817,1780960543639683038,base_link,wheel_left_joint,wheel_right_joint,joint1,joint2,joint3,joint4,gripper,0.007669905200600624,0.0,-0.0015339808305725455,0.8114758729934692,-0.2899223864078522,-0.9387962818145752,0.0,0.0,0.0,0.0,-0.04796164855360985,0.0,0.0,0.0,0.0,0.0,0.0,-543.3800048828125,-88.77000427246094,-8.069999694824219,0.0
1780960543712733080,183818,1780960543673683038,base_link,wheel_left_joint,wheel_right_joint,joint1,joint2,joint3,joint4,gripper,0.007669905200600624,0.0,-0.0015339808305725455,0.8084079027175903,-0.2883884012699127,-0.9372622966766357,0.0,0.0,0.0,0.0,-0.04796164855360985,0.023980824276804924,0.0,0.0,0.0,0.0,0.0,-567.5900268554688,-86.08000183105469,-13.450000762939453,0.0
1780960543762176822,183819,1780960543760683038,base_link,wheel_left_joint,wheel_right_joint,joint1,joint2,joint3,joint4,gripper,0.007669905200600624,0.0,-0.0015339808305725455,0.8053399324417114,-0.28378644585609436,-0.9341943264007568,0.0,0.0,0.0,0.0,-0.023980824276804924,0.04796164855360985,0.023980824276804924,0.0,0.0,0.0,0.0,-578.3500366210938,-99.52999877929688,-13.450000762939453,0.0
1780960543842782990,183820,1780960543794683038,base_link,wheel_left_joint,wheel_right_joint,joint1,joint2,joint3,joint4,gripper,0.007669905200600624,0.0,-0.0015339808305725455,0.8053399324417114,-0.28378644585609436,-0.9326603412628174,0.0,0.0,0.0,0.0,-0.023980824276804924,0.023980824276804924,0.023980824276804924,0.0,0.0,0.0,0.0,-591.7999877929688,-88.77000427246094,-26.900001525878906,0.0
1780960543879773899,183821,1780960543891683038,base_link,wheel_left_joint,wheel_right_joint,joint1,joint2,joint3,joint4,gripper,0.007669905200600624,0.0,-0.0015339808305725455,0.8053399324417114,-0.2822524607181549,-0.9311263561248779,0.0,0.0,0.0,0.0,0.0,0.0,0.023980824276804924,0.0,0.0,0.0,0.0,-637.530029296875,-96.84000396728516,-13.450000762939453,0.0
1780960543970223608,183822,1780960543925683038,base_link,wheel_left_joint,wheel_right_joint,joint1,joint2,joint3,joint4,gripper,0.007669905200600624,0.0,-0.0015339808305725455,0.8053399324417114,-0.28071850538253784,-0.9295923709869385,0.0,0.0,0.0,0.0,0.0,0.0,0.023980824276804924,0.0,0.0,0.0,0.0,-650.9800415039062,-78.01000213623047,-10.760000228881836,0.0
1780960544013903610,183823,1780960544024683038,base_link,wheel_left_joint,wheel_right_joint,joint1,joint2,joint3,joint4,gripper,0.007669905200600624,0.0,-0.0015339808305725455,0.7961360216140747,-0.27765053510665894,-0.9265244007110596,0.0,0.0,0.0,0.0,-0.07194247096776962,0.023980824276804924,0.023980824276804924,0.0,0.0,0.0,0.0,-559.52001953125,-80.70000457763672,-18.829999923706055,0.0
1780960544100756494,183824,1780960544058683038,base_link,wheel_left_joint,wheel_right_joint,joint1,joint2,joint3,joint4,gripper,0.007669905200600624,0.0,-0.0015339808305725455,0.7930681109428406,-0.2761165499687195,-0.9249904155731201,0.0,0.0,0.0,0.0,-0.0959232971072197,0.023980824276804924,0.023980824276804924,0.0,0.0,0.0,0.0,-532.6199951171875,-67.25,-10.760000228881836,0.0
1780960544145150730,183825,1780960544148683038,base_link,wheel_left_joint,wheel_right_joint,joint1,joint2,joint3,joint4,gripper,0.007669905200600624,0.0,-0.0015339808305725455,0.7884661555290222,-0.27458256483078003,-0.9234564304351807,0.0,0.0,0.0,0.0,-0.04796164855360985,0.0,0.023980824276804924,0.0,0.0,0.0,0.0,-572.9700317382812,-83.38999938964844,-13.450000762939453,0.0
1780960544232556523,183826,1780960544182683038,base_link,wheel_left_joint,wheel_right_joint,joint1,joint2,joint3,joint4,gripper,0.007669905200600624,0.0,-0.0015339808305725455,0.7884661555290222,-0.27458256483078003,-0.9234564304351807,0.0,0.0,0.0,0.0,0.0,0.0,0.023980824276804924,0.0,0.0,0.0,0.0,-589.1099853515625,-43.040000915527344,-8.069999694824219,0.0
1780960544269325123,183827,1780960544276683038,base_link,wheel_left_joint,wheel_right_joint,joint1,joint2,joint3,joint4,gripper,0.007669905200600624,0.0,-0.0015339808305725455,0.7884661555290222,-0.26998063921928406,-0.9203885197639465,0.0,0.0,0.0,0.0,0.0,0.023980824276804924,0.0,0.0,0.0,0.0,0.0,-621.3900146484375,-88.77000427246094,-13.450000762939453,0.0
1780960544352251177,183828,1780960544310683038,base_link,wheel_left_joint,wheel_right_joint,joint1,joint2,joint3,joint4,gripper,0.007669905200600624,0.0,-0.0015339808305725455,0.7884661555290222,-0.26998063921928406,-0.921922504901886,0.0,0.0,0.0,0.0,0.0,0.0,0.0,0.0,0.0,0.0,0.0,-634.8400268554688,-69.94000244140625,-10.760000228881836,0.0
1780960544399350716,183829,1780960544406683038,base_link,wheel_left_joint,wheel_right_joint,joint1,joint2,joint3,joint4,gripper,0.007669905200600624,0.0,-0.0015339808305725455,0.7869321703910828,-0.26998063921928406,-0.9203885197639465,0.0,0.0,0.0,0.0,0.0,0.0,0.0,0.0,0.0,0.0,0.0,-607.9400024414062,-94.1500015258789,-10.760000228881836,0.0
1780960544481024719,183830,1780960544440683038,base_link,wheel_left_joint,wheel_right_joint,joint1,joint2,joint3,joint4,gripper,0.007669905200600624,0.0,-0.0015339808305725455,0.7823302149772644,-0.26998063921928406,-0.9203885197639465,0.0,0.0,0.0,0.0,-0.04796164855360985,0.0,0.0,0.0,0.0,0.0,0.0,-634.8400268554688,-94.1500015258789,-13.450000762939453,0.0
1780960544518292585,183831,1780960544528683038,base_link,wheel_left_joint,wheel_right_joint,joint1,joint2,joint3,joint4,gripper,0.007669905200600624,0.0,-0.0015339808305725455,0.7731263637542725,-0.26998063921928406,-0.9203885197639465,0.0,0.0,0.0,0.0,-0.11990412324666977,0.0,0.0,0.0,0.0,0.0,0.0,-524.5499877929688,-88.77000427246094,-13.450000762939453,0.0
1780960544604462539,183832,1780960544562683038,base_link,wheel_left_joint,wheel_right_joint,joint1,joint2,joint3,joint4,gripper,0.007669905200600624,0.0,-0.0015339808305725455,0.7700583934783936,-0.26998063921928406,-0.9203885197639465,0.0,0.0,0.0,0.0,-0.11990412324666977,0.0,0.0,0.0,0.0,0.0,0.0,-513.7900390625,-69.94000244140625,-13.450000762939453,0.0
1780960544649963784,183833,1780960544659683038,base_link,wheel_left_joint,wheel_right_joint,joint1,joint2,joint3,joint4,gripper,0.007669905200600624,0.0,-0.0015339808305725455,0.7685244083404541,-0.26998063921928406,-0.921922504901886,0.0,0.0,0.0,0.0,0.0,0.0,0.0,0.0,0.0,0.0,0.0,-516.47998046875,-83.38999938964844,-21.520000457763672,0.0
1780960544736232727,183834,1780960544693683038,base_link,wheel_left_joint,wheel_right_joint,joint1,joint2,joint3,joint4,gripper,0.007669905200600624,0.0,-0.0015339808305725455,0.7669904232025146,-0.2715145945549011,-0.9203885197639465,0.0,0.0,0.0,0.0,0.0,0.0,0.0,0.0,0.0,0.0,0.0,-516.47998046875,-80.70000457763672,-16.139999389648438,0.0
1780960544779399325,183835,1780960544790683038,base_link,wheel_left_joint,wheel_right_joint,joint1,joint2,joint3,joint4,gripper,0.007669905200600624,0.0,-0.0015339808305725455,0.7669904232025146,-0.26998063921928406,-0.9203885197639465,0.0,0.0,0.0,0.0,0.0,0.0,0.0,0.0,0.0,0.0,0.0,-513.7900390625,-88.77000427246094,-18.829999923706055,0.0
1780960544864572474,183836,1780960544824683038,base_link,wheel_left_joint,wheel_right_joint,joint1,joint2,joint3,joint4,gripper,0.007669905200600624,0.0,-0.0015339808305725455,0.7669904232025146,-0.2715145945549011,-0.9203885197639465,0.0,0.0,0.0,0.0,0.0,0.0,0.0,0.0,0.0,0.0,0.0,-516.47998046875,-88.77000427246094,-13.450000762939453,0.0
1780960544906887029,183837,1780960544918683038,base_link,wheel_left_joint,wheel_right_joint,joint1,joint2,joint3,joint4,gripper,0.007669905200600624,0.0,-0.0015339808305725455,0.7669904232025146,-0.26998063921928406,-0.9203885197639465,0.0,0.0,0.0,0.0,0.0,0.0,0.0,0.0,0.0,0.0,0.0,-513.7900390625,-94.1500015258789,-10.760000228881836,0.0
1780960544997664868,183838,1780960544952683038,base_link,wheel_left_joint,wheel_right_joint,joint1,joint2,joint3,joint4,gripper,0.007669905200600624,0.0,-0.0015339808305725455,0.7669904232025146,-0.26998063921928406,-0.9203885197639465,0.0,0.0,0.0,0.0,0.0,0.0,0.0,0.0,0.0,0.0,0.0,-513.7900390625,-91.45999908447266,-10.760000228881836,0.0
1780960545034464653,183839,1780960545041683038,base_link,wheel_left_joint,wheel_right_joint,joint1,joint2,joint3,joint4,gripper,0.007669905200600624,0.0,-0.0015339808305725455,0.7669904232025146,-0.26998063921928406,-0.9203885197639465,0.0,0.0,0.0,0.0,0.0,0.0,0.0,0.0,0.0,0.0,0.0,-513.7900390625,-86.08000183105469,-16.139999389648438,0.0
1780960545116427531,183840,1780960545075683038,base_link,wheel_left_joint,wheel_right_joint,joint1,joint2,joint3,joint4,gripper,0.007669905200600624,0.0,-0.0015339808305725455,0.7669904232025146,-0.26998063921928406,-0.9203885197639465,0.0,0.0,0.0,0.0,0.0,0.0,0.0,0.0,0.0,0.0,0.0,-516.47998046875,-72.6300048828125,-26.900001525878906,0.0
1780960545165841293,183841,1780960545172683038,base_link,wheel_left_joint,wheel_right_joint,joint1,joint2,joint3,joint4,gripper,0.007669905200600624,0.0,-0.0015339808305725455,0.7669904232025146,-0.2715145945549011,-0.9203885197639465,0.0,0.0,0.0,0.0,0.0,0.0,0.0,0.0,0.0,0.0,0.0,-513.7900390625,-94.1500015258789,-18.829999923706055,0.0
1780960545247022938,183842,1780960545206683038,base_link,wheel_left_joint,wheel_right_joint,joint1,joint2,joint3,joint4,gripper,0.007669905200600624,0.0,-0.0015339808305725455,0.7669904232025146,-0.26998063921928406,-0.921922504901886,0.0,0.0,0.0,0.0,0.0,0.0,0.0,0.0,0.0,0.0,0.0,-513.7900390625,-83.38999938964844,-21.520000457763672,0.0
1780960545293777409,183843,1780960545297683038,base_link,wheel_left_joint,wheel_right_joint,joint1,joint2,joint3,joint4,gripper,0.007669905200600624,0.0,-0.0015339808305725455,0.7669904232025146,-0.26998063921928406,-0.9203885197639465,0.0,0.0,0.0,0.0,0.0,0.0,0.0,0.0,0.0,0.0,0.0,-513.7900390625,-91.45999908447266,-21.520000457763672,0.0
1780960545375484853,183844,1780960545330683038,base_link,wheel_left_joint,wheel_right_joint,joint1,joint2,joint3,joint4,gripper,0.007669905200600624,0.0,-0.0015339808305725455,0.7669904232025146,-0.2715145945549011,-0.9203885197639465,0.0,0.0,0.0,0.0,0.0,0.0,0.0,0.0,0.0,0.0,0.0,-513.7900390625,-86.08000183105469,-18.829999923706055,0.0
1780960545412261090,183845,1780960545424683038,base_link,wheel_left_joint,wheel_right_joint,joint1,joint2,joint3,joint4,gripper,0.007669905200600624,0.0,-0.0015339808305725455,0.7669904232025146,-0.26998063921928406,-0.9203885197639465,0.0,0.0,0.0,0.0,0.0,0.0,0.0,0.0,0.0,0.0,0.0,-513.7900390625,-86.08000183105469,-26.900001525878906,0.0
1780960545498189069,183846,1780960545458683038,base_link,wheel_left_joint,wheel_right_joint,joint1,joint2,joint3,joint4,gripper,0.007669905200600624,0.0,-0.0015339808305725455,0.7669904232025146,-0.26998063921928406,-0.9203885197639465,0.0,0.0,0.0,0.0,0.0,0.0,0.0,0.0,0.0,0.0,0.0,-516.47998046875,-86.08000183105469,-16.139999389648438,0.0
1780960545542553665,183847,1780960545553683038,base_link,wheel_left_joint,wheel_right_joint,joint1,joint2,joint3,joint4,gripper,0.007669905200600624,0.0,-0.0015339808305725455,0.7685244083404541,-0.2715145945549011,-0.9203885197639465,0.0,0.0,0.0,0.0,0.0,0.0,0.0,0.0,0.0,0.0,0.0,-513.7900390625,-91.45999908447266,-21.520000457763672,0.0
1780960545629141866,183848,1780960545587683038,base_link,wheel_left_joint,wheel_right_joint,joint1,joint2,joint3,joint4,gripper,0.007669905200600624,0.0,-0.0015339808305725455,0.7669904232025146,-0.26998063921928406,-0.9203885197639465,0.0,0.0,0.0,0.0,0.0,0.0,0.0,0.0,0.0,0.0,2.690000057220459,-513.7900390625,-86.08000183105469,-24.21000099182129,0.0
1780960545674463037,183849,1780960545679683038,base_link,wheel_left_joint,wheel_right_joint,joint1,joint2,joint3,joint4,gripper,0.007669905200600624,0.0,-0.003067961661145091,0.7669904232025146,-0.2715145945549011,-0.9203885197639465,0.0,0.0,0.0,0.0,0.0,0.0,0.0,0.0,0.0,0.0,0.0,-513.7900390625,-91.45999908447266,-26.900001525878906,0.0
1780960545759632155,183850,1780960545712683038,base_link,wheel_left_joint,wheel_right_joint,joint1,joint2,joint3,joint4,gripper,0.007669905200600624,0.0,-0.0015339808305725455,0.7669904232025146,-0.26998063921928406,-0.9203885197639465,0.0,0.0,0.0,0.0,0.0,0.0,0.0,0.0,0.0,0.0,0.0,-516.47998046875,-88.77000427246094,-21.520000457763672,0.0
1780960545796263838,183851,1780960545804683038,base_link,wheel_left_joint,wheel_right_joint,joint1,joint2,joint3,joint4,gripper,0.007669905200600624,0.0,-0.0015339808305725455,0.7669904232025146,-0.26998063921928406,-0.9203885197639465,0.0,0.0,0.0,0.0,0.0,0.0,0.0,0.0,0.0,0.0,0.0,-513.7900390625,-78.01000213623047,-24.21000099182129,0.0
1780960545879345365,183852,1780960545837683038,base_link,wheel_left_joint,wheel_right_joint,joint1,joint2,joint3,joint4,gripper,0.007669905200600624,0.0,-0.0015339808305725455,0.7669904232025146,-0.26998063921928406,-0.9203885197639465,0.0,0.0,0.0,0.0,0.0,0.0,0.0,0.0,0.0,0.0,0.0,-511.1000061035156,-91.45999908447266,-24.21000099182129,0.0
1780960545926836447,183853,1780960545935683038,base_link,wheel_left_joint,wheel_right_joint,joint1,joint2,joint3,joint4,gripper,0.007669905200600624,0.0,-0.0015339808305725455,0.7669904232025146,-0.26998063921928406,-0.9203885197639465,0.0,0.0,0.0,0.0,0.0,0.0,0.0,0.0,0.0,0.0,0.0,-513.7900390625,-96.84000396728516,-18.829999923706055,0.0
1780960546013800999,183854,1780960545969683038,base_link,wheel_left_joint,wheel_right_joint,joint1,joint2,joint3,joint4,gripper,0.007669905200600624,0.0,-0.0015339808305725455,0.7669904232025146,-0.26998063921928406,-0.9203885197639465,0.0,0.0,0.0,0.0,0.0,0.0,0.0,0.0,0.0,0.0,0.0,-513.7900390625,-94.1500015258789,-24.21000099182129,0.0
1780960546057625658,183855,1780960546060683038,base_link,wheel_left_joint,wheel_right_joint,joint1,joint2,joint3,joint4,gripper,0.007669905200600624,0.0,-0.0015339808305725455,0.7669904232025146,-0.26998063921928406,-0.921922504901886,0.0,0.0,0.0,0.0,0.0,0.0,0.0,0.0,0.0,0.0,0.0,-513.7900390625,-91.45999908447266,-21.520000457763672,0.0
1780960546126472564,183856,1780960546094683038,base_link,wheel_left_joint,wheel_right_joint,joint1,joint2,joint3,joint4,gripper,0.007669905200600624,0.0,-0.0015339808305725455,0.7669904232025146,-0.2715145945549011,-0.921922504901886,0.0,0.0,0.0,0.0,0.0,0.0,0.0,0.0,0.0,0.0,0.0,-516.47998046875,-83.38999938964844,-24.21000099182129,0.0
1780960546151144484,183857,1780960546165647495,base_link,wheel_left_joint,wheel_right_joint,joint1,joint2,joint3,joint4,gripper,0.007669905200600624,0.0,-0.0015339808305725455,0.7669904232025146,-0.2715145945549011,-0.9203885197639465,0.0,0.0,0.0,0.0,0.0,0.0,0.0,0.0,0.0,0.0,0.0,-513.7900390625,-88.77000427246094,-18.829999923706055,0.0
1780960546200352447,183858,1780960546199647495,base_link,wheel_left_joint,wheel_right_joint,joint1,joint2,joint3,joint4,gripper,0.007669905200600624,0.0,-0.0015339808305725455,0.7669904232025146,-0.26998063921928406,-0.9203885197639465,0.0,0.0,0.0,0.0,0.0,0.0,0.0,0.0,0.0,0.0,0.0,-513.7900390625,-94.1500015258789,-10.760000228881836,0.0
1780960546242137089,183859,1780960546241647495,base_link,wheel_left_joint,wheel_right_joint,joint1,joint2,joint3,joint4,gripper,0.007669905200600624,0.0,-0.0015339808305725455,0.7669904232025146,-0.2715145945549011,-0.9203885197639465,0.0,0.0,0.0,0.0,0.0,0.0,0.0,0.0,0.0,0.0,0.0,-513.7900390625,-86.08000183105469,-21.520000457763672,0.0
1780960546327498085,183860,1780960546275647495,base_link,wheel_left_joint,wheel_right_joint,joint1,joint2,joint3,joint4,gripper,0.007669905200600624,0.0,-0.0015339808305725455,0.7669904232025146,-0.26998063921928406,-0.9203885197639465,0.0,0.0,0.0,0.0,0.0,0.0,0.0,0.0,0.0,0.0,0.0,-513.7900390625,-91.45999908447266,-18.829999923706055,0.0
1780960546371797751,183861,1780960546348647495,base_link,wheel_left_joint,wheel_right_joint,joint1,joint2,joint3,joint4,gripper,0.007669905200600624,0.0,-0.0015339808305725455,0.7669904232025146,-0.26998063921928406,-0.9203885197639465,0.0,0.0,0.0,0.0,0.0,0.0,0.0,0.0,0.0,0.0,0.0,-513.7900390625,-94.1500015258789,-24.21000099182129,0.0
1780960546457343143,183862,1780960546381647495,base_link,wheel_left_joint,wheel_right_joint,joint1,joint2,joint3,joint4,gripper,0.007669905200600624,0.0,-0.0015339808305725455,0.7669904232025146,-0.26998063921928406,-0.9203885197639465,0.0,0.0,0.0,0.0,0.0,0.0,0.0,0.0,0.0,0.0,0.0,-513.7900390625,-78.01000213623047,-24.21000099182129,0.0
1780960546493655643,183863,1780960546471647495,base_link,wheel_left_joint,wheel_right_joint,joint1,joint2,joint3,joint4,gripper,0.007669905200600624,0.0,-0.0015339808305725455,0.7669904232025146,-0.26998063921928406,-0.921922504901886,0.0,0.0,0.0,0.0,0.0,0.0,0.0,0.0,0.0,0.0,0.0,-511.1000061035156,-86.08000183105469,-21.520000457763672,0.0
1780960546577459081,183864,1780960546504647495,base_link,wheel_left_joint,wheel_right_joint,joint1,joint2,joint3,joint4,gripper,0.007669905200600624,0.0,-0.0015339808305725455,0.7669904232025146,-0.26998063921928406,-0.9203885197639465,0.0,0.0,0.0,0.0,0.0,0.0,0.0,0.0,0.0,0.0,0.0,-513.7900390625,-91.45999908447266,-18.829999923706055,0.0
1780960546624547081,183865,1780960546601647495,base_link,wheel_left_joint,wheel_right_joint,joint1,joint2,joint3,joint4,gripper,0.007669905200600624,0.0,-0.0015339808305725455,0.7669904232025146,-0.26998063921928406,-0.9203885197639465,0.0,0.0,0.0,0.0,0.0,0.0,0.0,0.0,0.0,0.0,0.0,-513.7900390625,-94.1500015258789,-18.829999923706055,0.0
1780960546708897911,183866,1780960546635647495,base_link,wheel_left_joint,wheel_right_joint,joint1,joint2,joint3,joint4,gripper,0.007669905200600624,0.0,-0.0015339808305725455,0.7685244083404541,-0.26998063921928406,-0.9203885197639465,0.0,0.0,0.0,0.0,0.0,0.0,0.0,0.0,0.0,0.0,0.0,-513.7900390625,-94.1500015258789,-21.520000457763672,0.0
1780960546755729560,183867,1780960546732647495,base_link,wheel_left_joint,wheel_right_joint,joint1,joint2,joint3,joint4,gripper,0.007669905200600624,0.0,-0.0015339808305725455,0.7685244083404541,-0.26998063921928406,-0.9203885197639465,0.0,0.0,0.0,0.0,0.0,0.0,0.0,0.0,0.0,0.0,0.0,-511.1000061035156,-94.1500015258789,-18.829999923706055,0.0
1780960546841918413,183868,1780960546765647495,base_link,wheel_left_joint,wheel_right_joint,joint1,joint2,joint3,joint4,gripper,0.007669905200600624,0.0,-0.0015339808305725455,0.7669904232025146,-0.26998063921928406,-0.9203885197639465,0.0,0.0,0.0,0.0,0.0,0.0,0.0,0.0,0.0,0.0,0.0,-513.7900390625,-88.77000427246094,-26.900001525878906,0.0
1780960546889503367,183869,1780960546858647495,base_link,wheel_left_joint,wheel_right_joint,joint1,joint2,joint3,joint4,gripper,0.007669905200600624,0.0,-0.0015339808305725455,0.7669904232025146,-0.26998063921928406,-0.9203885197639465,0.0,0.0,0.0,0.0,0.0,0.0,0.0,0.0,0.0,0.0,0.0,-513.7900390625,-96.84000396728516,-18.829999923706055,0.0
1780960546971948030,183870,1780960546891647495,base_link,wheel_left_joint,wheel_right_joint,joint1,joint2,joint3,joint4,gripper,0.007669905200600624,0.0,-0.0015339808305725455,0.7669904232025146,-0.26998063921928406,-0.9203885197639465,0.0,0.0,0.0,0.0,0.0,0.0,0.0,0.0,0.0,0.0,0.0,-511.1000061035156,-86.08000183105469,-21.520000457763672,0.0
1780960547009628314,183871,1780960546989647495,base_link,wheel_left_joint,wheel_right_joint,joint1,joint2,joint3,joint4,gripper,0.007669905200600624,0.0,-0.0015339808305725455,0.7669904232025146,-0.26998063921928406,-0.921922504901886,0.0,0.0,0.0,0.0,0.0,0.0,0.0,0.0,0.0,0.0,0.0,-516.47998046875,-80.70000457763672,-18.829999923706055,0.0
1780960547097026784,183872,1780960547023647495,base_link,wheel_left_joint,wheel_right_joint,joint1,joint2,joint3,joint4,gripper,0.007669905200600624,0.0,-0.0015339808305725455,0.7669904232025146,-0.26998063921928406,-0.9203885197639465,0.0,0.0,0.0,0.0,0.0,0.0,0.0,0.0,0.0,0.0,0.0,-519.1699829101562,-72.6300048828125,-18.829999923706055,0.0
1780960547142678163,183873,1780960547124647495,base_link,wheel_left_joint,wheel_right_joint,joint1,joint2,joint3,joint4,gripper,0.007669905200600624,0.0,-0.0015339808305725455,0.7669904232025146,-0.26998063921928406,-0.9203885197639465,0.0,0.0,0.0,0.0,0.0,0.0,0.0,0.0,0.0,0.0,0.0,-513.7900390625,-96.84000396728516,-24.21000099182129,0.0
1780960547229997562,183874,1780960547158647495,base_link,wheel_left_joint,wheel_right_joint,joint1,joint2,joint3,joint4,gripper,0.007669905200600624,0.0,-0.0015339808305725455,0.7669904232025146,-0.2715145945549011,-0.9203885197639465,0.0,0.0,0.0,0.0,0.0,0.0,0.0,0.0,0.0,0.0,0.0,-513.7900390625,-91.45999908447266,-26.900001525878906,0.0
1780960547275275784,183875,1780960547244647495,base_link,wheel_left_joint,wheel_right_joint,joint1,joint2,joint3,joint4,gripper,0.007669905200600624,0.0,-0.0015339808305725455,0.7685244083404541,-0.26998063921928406,-0.9203885197639465,0.0,0.0,0.0,0.0,0.0,0.0,0.0,0.0,0.0,0.0,0.0,-511.1000061035156,-86.08000183105469,-16.139999389648438,0.0
1780960547359619172,183876,1780960547278647495,base_link,wheel_left_joint,wheel_right_joint,joint1,joint2,joint3,joint4,gripper,0.007669905200600624,0.0,-0.0015339808305725455,0.7685244083404541,-0.2715145945549011,-0.9203885197639465,0.0,0.0,0.0,0.0,0.0,0.0,0.0,0.0,0.0,0.0,0.0,-511.1000061035156,-94.1500015258789,-21.520000457763672,0.0
1780960547398420857,183877,1780960547374647495,base_link,wheel_left_joint,wheel_right_joint,joint1,joint2,joint3,joint4,gripper,0.007669905200600624,0.0,-0.0015339808305725455,0.7685244083404541,-0.26998063921928406,-0.9203885197639465,0.0,0.0,0.0,0.0,0.0,0.0,0.0,0.0,0.0,0.0,0.0,-513.7900390625,-78.01000213623047,-13.450000762939453,0.0
1780960547479584333,183878,1780960547408647495,base_link,wheel_left_joint,wheel_right_joint,joint1,joint2,joint3,joint4,gripper,0.007669905200600624,0.0,-0.0015339808305725455,0.7669904232025146,-0.26998063921928406,-0.921922504901886,0.0,0.0,0.0,0.0,0.0,0.0,0.0,0.0,0.0,0.0,0.0,-511.1000061035156,-94.1500015258789,-24.21000099182129,0.0
1780960547526991304,183879,1780960547500647495,base_link,wheel_left_joint,wheel_right_joint,joint1,joint2,joint3,joint4,gripper,0.007669905200600624,0.0,-0.0015339808305725455,0.7669904232025146,-0.26998063921928406,-0.9203885197639465,0.0,0.0,0.0,0.0,0.0,0.0,0.0,0.0,0.0,0.0,0.0,-513.7900390625,-96.84000396728516,-13.450000762939453,0.0
1780960547608228843,183880,1780960547534647495,base_link,wheel_left_joint,wheel_right_joint,joint1,joint2,joint3,joint4,gripper,0.007669905200600624,0.0,-0.0015339808305725455,0.7669904232025146,-0.2715145945549011,-0.9203885197639465,0.0,0.0,0.0,0.0,0.0,0.0,0.0,0.0,0.0,0.0,0.0,-513.7900390625,-78.01000213623047,-18.829999923706055,0.0
1780960547645643994,183881,1780960547627647495,base_link,wheel_left_joint,wheel_right_joint,joint1,joint2,joint3,joint4,gripper,0.007669905200600624,0.0,-0.0015339808305725455,0.7685244083404541,-0.26998063921928406,-0.921922504901886,0.0,0.0,0.0,0.0,0.0,0.0,0.0,0.0,0.0,0.0,0.0,-513.7900390625,-88.77000427246094,-13.450000762939453,0.0
1780960547730434816,183882,1780960547661647495,base_link,wheel_left_joint,wheel_right_joint,joint1,joint2,joint3,joint4,gripper,0.007669905200600624,0.0,-0.0015339808305725455,0.7669904232025146,-0.26998063921928406,-0.9203885197639465,0.0,0.0,0.0,0.0,0.0,0.0,0.0,0.0,0.0,0.0,0.0,-513.7900390625,-91.45999908447266,-18.829999923706055,0.0
1780960547775642533,183883,1780960547756647495,base_link,wheel_left_joint,wheel_right_joint,joint1,joint2,joint3,joint4,gripper,0.007669905200600624,0.0,-0.0015339808305725455,0.7669904232025146,-0.26998063921928406,-0.9203885197639465,0.0,0.0,0.0,0.0,0.0,0.0,0.0,0.0,0.0,0.0,0.0,-513.7900390625,-83.38999938964844,-18.829999923706055,0.0
1780960547859788283,183884,1780960547790647495,base_link,wheel_left_joint,wheel_right_joint,joint1,joint2,joint3,joint4,gripper,0.007669905200600624,0.0,-0.0015339808305725455,0.7669904232025146,-0.26998063921928406,-0.9203885197639465,0.0,0.0,0.0,0.0,0.0,0.0,0.0,0.0,0.0,0.0,0.0,-513.7900390625,-96.84000396728516,-16.139999389648438,0.0
1780960547903683715,183885,1780960547882647495,base_link,wheel_left_joint,wheel_right_joint,joint1,joint2,joint3,joint4,gripper,0.007669905200600624,0.0,-0.0015339808305725455,0.7669904232025146,-0.2715145945549011,-0.9203885197639465,0.0,0.0,0.0,0.0,0.0,0.0,0.0,0.0,0.0,0.0,0.0,-513.7900390625,-94.1500015258789,-26.900001525878906,0.0
1780960547989758833,183886,1780960547916647495,base_link,wheel_left_joint,wheel_right_joint,joint1,joint2,joint3,joint4,gripper,0.007669905200600624,0.0,-0.0015339808305725455,0.7669904232025146,-0.26998063921928406,-0.9203885197639465,0.0,0.0,0.0,0.0,0.0,0.0,0.0,0.0,0.0,0.0,0.0,-511.1000061035156,-96.84000396728516,-21.520000457763672,0.0
1780960548025882856,183887,1780960548004647495,base_link,wheel_left_joint,wheel_right_joint,joint1,joint2,joint3,joint4,gripper,0.007669905200600624,0.0,-0.0015339808305725455,0.7669904232025146,-0.26998063921928406,-0.9203885197639465,0.0,0.0,0.0,0.0,0.0,0.0,0.0,0.0,0.0,0.0,0.0,-511.1000061035156,-88.77000427246094,-24.21000099182129,0.0
1780960548112253440,183888,1780960548038647495,base_link,wheel_left_joint,wheel_right_joint,joint1,joint2,joint3,joint4,gripper,0.007669905200600624,0.0,-0.0015339808305725455,0.7669904232025146,-0.26998063921928406,-0.9203885197639465,0.0,0.0,0.0,0.0,0.0,0.0,0.0,0.0,0.0,0.0,0.0,-513.7900390625,-94.1500015258789,-18.829999923706055,0.0
1780960548160362602,183889,1780960548138647495,base_link,wheel_left_joint,wheel_right_joint,joint1,joint2,joint3,joint4,gripper,0.007669905200600624,0.0,-0.0015339808305725455,0.7669904232025146,-0.26998063921928406,-0.9203885197639465,0.0,0.0,0.0,0.0,0.0,0.0,0.0,0.0,0.0,0.0,0.0,-513.7900390625,-88.77000427246094,-18.829999923706055,0.0
1780960548244813531,183890,1780960548172647495,base_link,wheel_left_joint,wheel_right_joint,joint1,joint2,joint3,joint4,gripper,0.007669905200600624,0.0,-0.0015339808305725455,0.7685244083404541,-0.26998063921928406,-0.921922504901886,0.0,0.0,0.0,0.0,0.0,0.0,0.0,0.0,0.0,0.0,0.0,-511.1000061035156,-80.70000457763672,-24.21000099182129,0.0
1780960548293258847,183891,1780960548266647495,base_link,wheel_left_joint,wheel_right_joint,joint1,joint2,joint3,joint4,gripper,0.007669905200600624,0.0,-0.0015339808305725455,0.7669904232025146,-0.26998063921928406,-0.9203885197639465,0.0,0.0,0.0,0.0,0.0,0.0,0.0,0.0,0.0,0.0,0.0,-513.7900390625,-94.1500015258789,-18.829999923706055,0.0
1780960548374867076,183892,1780960548300647495,base_link,wheel_left_joint,wheel_right_joint,joint1,joint2,joint3,joint4,gripper,0.007669905200600624,0.0,-0.0015339808305725455,0.7669904232025146,-0.2715145945549011,-0.9203885197639465,0.0,0.0,0.0,0.0,0.0,0.0,0.0,0.0,0.0,0.0,0.0,-511.1000061035156,-96.84000396728516,-21.520000457763672,0.0
1780960548410457001,183893,1780960548391647495,base_link,wheel_left_joint,wheel_right_joint,joint1,joint2,joint3,joint4,gripper,0.007669905200600624,0.0,-0.0015339808305725455,0.7669904232025146,-0.26998063921928406,-0.921922504901886,-2.3009712094790302e-05,0.0,0.0,0.0,0.0,0.0,0.0,0.0,0.0,0.0,5.380000114440918,-511.1000061035156,-91.45999908447266,-21.520000457763672,0.0
1780960548496721471,183894,1780960548426647495,base_link,wheel_left_joint,wheel_right_joint,joint1,joint2,joint3,joint4,gripper,0.007669905200600624,0.0,-0.0015339808305725455,0.7669904232025146,-0.2715145945549011,-0.921922504901886,0.0,0.0,0.0,0.0,0.0,0.0,0.0,0.0,0.0,0.0,0.0,-513.7900390625,-91.45999908447266,-24.21000099182129,0.0
1780960548541890968,183895,1780960548523647495,base_link,wheel_left_joint,wheel_right_joint,joint1,joint2,joint3,joint4,gripper,0.007669905200600624,0.0,-0.0015339808305725455,0.7669904232025146,-0.26998063921928406,-0.9203885197639465,0.0,0.0,0.0,0.0,0.0,0.0,0.0,0.0,0.0,0.0,0.0,-513.7900390625,-88.77000427246094,-18.829999923706055,0.0
1780960548632601296,183896,1780960548557647495,base_link,wheel_left_joint,wheel_right_joint,joint1,joint2,joint3,joint4,gripper,0.007669905200600624,0.0,-0.0015339808305725455,0.7669904232025146,-0.26998063921928406,-0.9203885197639465,0.0,0.0,0.0,0.0,0.0,0.0,0.0,0.0,0.0,0.0,0.0,-511.1000061035156,-96.84000396728516,-18.829999923706055,0.0
1780960548677955281,183897,1780960548681477516,base_link,wheel_left_joint,wheel_right_joint,joint1,joint2,joint3,joint4,gripper,0.007669905200600624,0.0,-0.0015339808305725455,0.7669904232025146,-0.26998063921928406,-0.9203885197639465,0.0,0.0,0.0,0.0,0.0,0.0,0.0,0.0,0.0,0.0,0.0,-513.7900390625,-91.45999908447266,-21.520000457763672,0.0
1780960548763156295,183898,1780960548715477516,base_link,wheel_left_joint,wheel_right_joint,joint1,joint2,joint3,joint4,gripper,0.007669905200600624,0.0,-0.0015339808305725455,0.7669904232025146,-0.26998063921928406,-0.9203885197639465,0.0,0.0,0.0,0.0,0.0,0.0,0.0,0.0,0.0,0.0,0.0,-511.1000061035156,-86.08000183105469,-21.520000457763672,0.0
1780960548799626165,183899,1780960548811477516,base_link,wheel_left_joint,wheel_right_joint,joint1,joint2,joint3,joint4,gripper,0.007669905200600624,0.0,-0.0015339808305725455,0.7685244083404541,-0.26998063921928406,-0.9203885197639465,0.0,0.0,0.0,0.0,0.0,0.0,0.0,0.0,0.0,0.0,0.0,-513.7900390625,-96.84000396728516,-26.900001525878906,0.0
1780960548885445021,183900,1780960548845477516,base_link,wheel_left_joint,wheel_right_joint,joint1,joint2,joint3,joint4,gripper,0.007669905200600624,0.0,-0.0015339808305725455,0.7669904232025146,-0.26998063921928406,-0.9203885197639465,0.0,0.0,0.0,0.0,0.0,0.0,0.0,0.0,0.0,0.0,0.0,-511.1000061035156,-96.84000396728516,-18.829999923706055,0.0
1780960548932511684,183901,1780960548942477516,base_link,wheel_left_joint,wheel_right_joint,joint1,joint2,joint3,joint4,gripper,0.007669905200600624,0.0,-0.0015339808305725455,0.7669904232025146,-0.26998063921928406,-0.9203885197639465,0.0,0.0,0.0,0.0,0.0,0.0,0.0,0.0,0.0,0.0,0.0,-511.1000061035156,-96.84000396728516,-21.520000457763672,0.0
1780960549017122165,183902,1780960548975477516,base_link,wheel_left_joint,wheel_right_joint,joint1,joint2,joint3,joint4,gripper,0.007669905200600624,0.0,-0.0015339808305725455,0.7669904232025146,-0.26998063921928406,-0.9203885197639465,0.0,0.0,0.0,0.0,0.0,0.0,0.0,0.0,0.0,0.0,0.0,-511.1000061035156,-86.08000183105469,-26.900001525878906,0.0
1780960549063208272,183903,1780960549072477516,base_link,wheel_left_joint,wheel_right_joint,joint1,joint2,joint3,joint4,gripper,0.007669905200600624,0.0,-0.0015339808305725455,0.7669904232025146,-0.2715145945549011,-0.9203885197639465,0.0,0.0,0.0,0.0,0.0,0.0,0.0,0.0,0.0,0.0,0.0,-511.1000061035156,-88.77000427246094,-18.829999923706055,0.0
1780960549150624086,183904,1780960549105477516,base_link,wheel_left_joint,wheel_right_joint,joint1,joint2,joint3,joint4,gripper,0.007669905200600624,0.0,-0.0015339808305725455,0.7669904232025146,-0.26998063921928406,-0.9203885197639465,0.0,0.0,0.0,0.0,0.0,0.0,0.0,0.0,0.0,0.0,0.0,-511.1000061035156,-94.1500015258789,-18.829999923706055,0.0
1780960549190152102,183905,1780960549201477516,base_link,wheel_left_joint,wheel_right_joint,joint1,joint2,joint3,joint4,gripper,0.007669905200600624,0.0,-0.0015339808305725455,0.7669904232025146,-0.26998063921928406,-0.921922504901886,0.0,0.0,0.0,0.0,0.0,0.0,0.0,0.0,0.0,0.0,0.0,-513.7900390625,-96.84000396728516,-26.900001525878906,0.0
1780960549272038432,183906,1780960549234477516,base_link,wheel_left_joint,wheel_right_joint,joint1,joint2,joint3,joint4,gripper,0.007669905200600624,0.0,-0.0015339808305725455,0.7669904232025146,-0.26998063921928406,-0.9203885197639465,0.0,0.0,0.0,0.0,0.0,0.0,0.0,0.0,0.0,0.0,0.0,-511.1000061035156,-94.1500015258789,-24.21000099182129,0.0
1780960549315266245,183907,1780960549331477516,base_link,wheel_left_joint,wheel_right_joint,joint1,joint2,joint3,joint4,gripper,0.007669905200600624,0.0,-0.0015339808305725455,0.7669904232025146,-0.26998063921928406,-0.921922504901886,0.0,0.0,0.0,0.0,0.0,0.0,0.0,0.0,0.0,0.0,0.0,-511.1000061035156,-94.1500015258789,-18.829999923706055,0.0
1780960549402935142,183908,1780960549365477516,base_link,wheel_left_joint,wheel_right_joint,joint1,joint2,joint3,joint4,gripper,0.007669905200600624,0.0,-0.0015339808305725455,0.7669904232025146,-0.26998063921928406,-0.9203885197639465,0.0,0.0,0.0,0.0,0.0,0.0,0.0,0.0,0.0,0.0,0.0,-511.1000061035156,-88.77000427246094,-21.520000457763672,0.0
1780960549447187327,183909,1780960549457477516,base_link,wheel_left_joint,wheel_right_joint,joint1,joint2,joint3,joint4,gripper,0.007669905200600624,0.0,-0.0015339808305725455,0.7685244083404541,-0.26998063921928406,-0.9203885197639465,0.0,0.0,0.0,0.0,0.0,0.0,0.0,0.0,0.0,0.0,0.0,-511.1000061035156,-83.38999938964844,-21.520000457763672,0.0
1780960549504328982,183910,1780960549491477516,base_link,wheel_left_joint,wheel_right_joint,joint1,joint2,joint3,joint4,gripper,0.007669905200600624,0.0,-0.0015339808305725455,0.7685244083404541,-0.26998063921928406,-0.9203885197639465,0.0,0.0,0.0,0.0,0.0,0.0,0.0,0.0,0.0,0.0,0.0,-511.1000061035156,-96.84000396728516,-24.21000099182129,0.0
1780960549527895791,183911,1780960549573477516,base_link,wheel_left_joint,wheel_right_joint,joint1,joint2,joint3,joint4,gripper,0.007669905200600624,0.0,-0.0015339808305725455,0.7669904232025146,-0.26998063921928406,-0.921922504901886,0.0,0.0,0.0,0.0,0.0,0.0,0.0,0.0,0.0,0.0,2.690000057220459,-511.1000061035156,-96.84000396728516,-24.21000099182129,0.0
1780960549574981935,183912,1780960549607477516,base_link,wheel_left_joint,wheel_right_joint,joint1,joint2,joint3,joint4,gripper,0.007669905200600624,0.0,-0.0015339808305725455,0.7669904232025146,-0.26998063921928406,-0.9203885197639465,0.0,0.0,0.0,0.0,0.0,0.0,0.0,0.0,0.0,0.0,0.0,-511.1000061035156,-88.77000427246094,-13.450000762939453,0.0
1780960549639451137,183913,1780960549654477516,base_link,wheel_left_joint,wheel_right_joint,joint1,joint2,joint3,joint4,gripper,0.007669905200600624,0.0,-0.0015339808305725455,0.7669904232025146,-0.26998063921928406,-0.9203885197639465,0.0,0.0,0.0,0.0,0.0,0.0,0.0,0.0,0.0,0.0,0.0,-513.7900390625,-94.1500015258789,-24.21000099182129,0.0
1780960549727382999,183914,1780960549688477516,base_link,wheel_left_joint,wheel_right_joint,joint1,joint2,joint3,joint4,gripper,0.007669905200600624,0.0,-0.0015339808305725455,0.7669904232025146,-0.2715145945549011,-0.9203885197639465,0.0,0.0,0.0,0.0,0.0,0.0,0.0,0.0,0.0,0.0,2.690000057220459,-508.4100036621094,-88.77000427246094,-24.21000099182129,0.0
1780960549773789004,183915,1780960549781477516,base_link,wheel_left_joint,wheel_right_joint,joint1,joint2,joint3,joint4,gripper,0.007669905200600624,0.0,-0.0015339808305725455,0.7669904232025146,-0.26998063921928406,-0.9203885197639465,0.0,0.0,0.0,0.0,0.0,0.0,0.0,0.0,0.0,0.0,0.0,-513.7900390625,-94.1500015258789,-21.520000457763672,0.0
1780960549858904121,183916,1780960549814477516,base_link,wheel_left_joint,wheel_right_joint,joint1,joint2,joint3,joint4,gripper,0.007669905200600624,0.0,-0.0015339808305725455,0.7685244083404541,-0.2715145945549011,-0.9203885197639465,0.0,0.0,0.0,0.0,0.0,0.0,0.0,0.0,0.0,0.0,0.0,-516.47998046875,-88.77000427246094,-18.829999923706055,0.0
1780960549894529034,183917,1780960549906477516,base_link,wheel_left_joint,wheel_right_joint,joint1,joint2,joint3,joint4,gripper,0.007669905200600624,0.0,-0.0015339808305725455,0.7669904232025146,-0.26998063921928406,-0.9203885197639465,0.0,0.0,0.0,0.0,0.0,0.0,0.0,0.0,0.0,0.0,5.380000114440918,-511.1000061035156,-96.84000396728516,-24.21000099182129,0.0
1780960549976111874,183918,1780960549939477516,base_link,wheel_left_joint,wheel_right_joint,joint1,joint2,joint3,joint4,gripper,0.007669905200600624,0.0,-0.0015339808305725455,0.7669904232025146,-0.26998063921928406,-0.9203885197639465,0.0,0.0,0.0,0.0,0.0,0.0,0.0,0.0,0.0,0.0,0.0,-513.7900390625,-96.84000396728516,-21.520000457763672,0.0
1780960550024079253,183919,1780960550037477516,base_link,wheel_left_joint,wheel_right_joint,joint1,joint2,joint3,joint4,gripper,0.007669905200600624,0.0,-0.0015339808305725455,0.7669904232025146,-0.2715145945549011,-0.9203885197639465,0.0,0.0,0.0,0.0,0.0,0.0,0.0,0.0,0.0,0.0,0.0,-511.1000061035156,-96.84000396728516,-24.21000099182129,0.0
1780960550107133886,183920,1780960550070477516,base_link,wheel_left_joint,wheel_right_joint,joint1,joint2,joint3,joint4,gripper,0.007669905200600624,0.0,-0.0015339808305725455,0.7669904232025146,-0.26998063921928406,-0.9203885197639465,0.0,0.0,0.0,0.0,0.0,0.0,0.0,0.0,0.0,0.0,0.0,-513.7900390625,-88.77000427246094,-21.520000457763672,0.0
1780960550161067062,183921,1780960550165477516,base_link,wheel_left_joint,wheel_right_joint,joint1,joint2,joint3,joint4,gripper,0.007669905200600624,0.0,-0.0015339808305725455,0.7685244083404541,-0.26998063921928406,-0.9203885197639465,0.0,0.0,0.0,0.0,0.0,0.0,0.0,0.0,0.0,0.0,0.0,-511.1000061035156,-91.45999908447266,-24.21000099182129,0.0
1780960550242761564,183922,1780960550198477516,base_link,wheel_left_joint,wheel_right_joint,joint1,joint2,joint3,joint4,gripper,0.007669905200600624,0.0,-0.0015339808305725455,0.7685244083404541,-0.2715145945549011,-0.9203885197639465,0.0,0.0,0.0,0.0,0.0,0.0,0.0,0.0,0.0,0.0,0.0,-511.1000061035156,-88.77000427246094,-16.139999389648438,0.0
1780960550280963953,183923,1780960550294477516,base_link,wheel_left_joint,wheel_right_joint,joint1,joint2,joint3,joint4,gripper,0.007669905200600624,0.0,-0.0015339808305725455,0.7669904232025146,-0.26998063921928406,-0.9203885197639465,0.0,0.0,0.0,0.0,0.0,0.0,0.0,0.0,0.0,0.0,0.0,-511.1000061035156,-96.84000396728516,-26.900001525878906,0.0
1780960550366814972,183924,1780960550328477516,base_link,wheel_left_joint,wheel_right_joint,joint1,joint2,joint3,joint4,gripper,0.007669905200600624,0.0,-0.0015339808305725455,0.7669904232025146,-0.26998063921928406,-0.9203885197639465,0.0,0.0,0.0,0.0,0.0,0.0,0.0,0.0,0.0,0.0,5.380000114440918,-511.1000061035156,-96.84000396728516,-13.450000762939453,0.0
1780960550411382733,183925,1780960550427477516,base_link,wheel_left_joint,wheel_right_joint,joint1,joint2,joint3,joint4,gripper,0.007669905200600624,0.0,-0.0015339808305725455,0.7669904232025146,-0.26998063921928406,-0.9203885197639465,0.0,0.0,0.0,0.0,0.0,0.0,0.0,0.0,0.0,0.0,0.0,-511.1000061035156,-88.77000427246094,-18.829999923706055,0.0
1780960550496505658,183926,1780960550461477516,base_link,wheel_left_joint,wheel_right_joint,joint1,joint2,joint3,joint4,gripper,0.007669905200600624,0.0,-0.0015339808305725455,0.7669904232025146,-0.26998063921928406,-0.9203885197639465,0.0,0.0,0.0,0.0,0.0,0.0,0.0,0.0,0.0,0.0,0.0,-511.1000061035156,-91.45999908447266,-13.450000762939453,0.0
1780960550541416409,183927,1780960550554477516,base_link,wheel_left_joint,wheel_right_joint,joint1,joint2,joint3,joint4,gripper,0.007669905200600624,0.0,-0.0015339808305725455,0.7685244083404541,-0.26998063921928406,-0.9203885197639465,0.0,0.0,0.0,0.0,0.0,0.0,0.0,0.0,0.0,0.0,0.0,-511.1000061035156,-94.1500015258789,-18.829999923706055,0.0
1780960550627240337,183928,1780960550588477516,base_link,wheel_left_joint,wheel_right_joint,joint1,joint2,joint3,joint4,gripper,0.007669905200600624,0.0,-0.0015339808305725455,0.7669904232025146,-0.26998063921928406,-0.921922504901886,0.0,0.0,0.0,0.0,0.0,0.0,0.0,0.0,0.0,0.0,0.0,-513.7900390625,-91.45999908447266,-18.829999923706055,0.0
1780960550673350039,183929,1780960550680477516,base_link,wheel_left_joint,wheel_right_joint,joint1,joint2,joint3,joint4,gripper,0.007669905200600624,0.0,-0.0015339808305725455,0.7669904232025146,-0.26998063921928406,-0.9203885197639465,0.0,0.0,0.0,0.0,0.0,0.0,0.0,0.0,0.0,0.0,0.0,-513.7900390625,-94.1500015258789,-21.520000457763672,0.0
1780960550758886325,183930,1780960550715477516,base_link,wheel_left_joint,wheel_right_joint,joint1,joint2,joint3,joint4,gripper,0.007669905200600624,0.0,-0.0015339808305725455,0.7669904232025146,-0.2715145945549011,-0.9203885197639465,0.0,0.0,0.0,0.0,0.0,0.0,0.0,0.0,0.0,0.0,0.0,-511.1000061035156,-86.08000183105469,-21.520000457763672,0.0
1780960550795561037,183931,1780960550810477516,base_link,wheel_left_joint,wheel_right_joint,joint1,joint2,joint3,joint4,gripper,0.007669905200600624,0.0,-0.0015339808305725455,0.7669904232025146,-0.2715145945549011,-0.9203885197639465,0.0,0.0,0.0,0.0,0.0,0.0,0.0,0.0,0.0,0.0,0.0,-511.1000061035156,-88.77000427246094,-18.829999923706055,0.0
1780960550876792681,183932,1780960550844477516,base_link,wheel_left_joint,wheel_right_joint,joint1,joint2,joint3,joint4,gripper,0.007669905200600624,0.0,-0.003067961661145091,0.7669904232025146,-0.26998063921928406,-0.9203885197639465,0.0,0.0,0.0,0.0,0.0,0.0,0.0,0.0,0.0,0.0,0.0,-511.1000061035156,-88.77000427246094,-18.829999923706055,0.0
1780960550924146168,183933,1780960550939477516,base_link,wheel_left_joint,wheel_right_joint,joint1,joint2,joint3,joint4,gripper,0.007669905200600624,0.0,-0.0015339808305725455,0.7669904232025146,-0.2715145945549011,-0.9203885197639465,0.0,0.0,0.0,0.0,0.0,0.0,0.0,0.0,0.0,0.0,0.0,-513.7900390625,-88.77000427246094,-24.21000099182129,0.0
1780960551009766247,183934,1780960550973477516,base_link,wheel_left_joint,wheel_right_joint,joint1,joint2,joint3,joint4,gripper,0.007669905200600624,0.0,-0.0015339808305725455,0.7669904232025146,-0.26998063921928406,-0.9203885197639465,0.0,0.0,0.0,0.0,0.0,0.0,0.0,0.0,0.0,0.0,0.0,-511.1000061035156,-88.77000427246094,-24.21000099182129,0.0
1780960551057737826,183935,1780960551063477516,base_link,wheel_left_joint,wheel_right_joint,joint1,joint2,joint3,joint4,gripper,0.007669905200600624,0.0,-0.0015339808305725455,0.7669904232025146,-0.26998063921928406,-0.9203885197639465,0.0,0.0,0.0,0.0,0.0,0.0,0.0,0.0,0.0,0.0,0.0,-511.1000061035156,-94.1500015258789,-18.829999923706055,0.0
1780960551146268928,183936,1780960551098477516,base_link,wheel_left_joint,wheel_right_joint,joint1,joint2,joint3,joint4,gripper,0.007669905200600624,0.0,-0.0015339808305725455,0.7669904232025146,-0.2715145945549011,-0.9203885197639465,0.0,0.0,0.0,0.0,0.0,0.0,0.0,0.0,0.0,0.0,0.0,-511.1000061035156,-83.38999938964844,-26.900001525878906,0.0
1780960551190216278,183937,1780960551199895339,base_link,wheel_left_joint,wheel_right_joint,joint1,joint2,joint3,joint4,gripper,0.007669905200600624,0.0,-0.0015339808305725455,0.7669904232025146,-0.26998063921928406,-0.9203885197639465,0.0,0.0,0.0,0.0,0.0,0.0,0.0,0.0,0.0,0.0,0.0,-511.1000061035156,-94.1500015258789,-21.520000457763672,0.0
1780960551270739871,183938,1780960551234895339,base_link,wheel_left_joint,wheel_right_joint,joint1,joint2,joint3,joint4,gripper,0.007669905200600624,0.0,-0.0015339808305725455,0.7669904232025146,-0.26998063921928406,-0.9203885197639465,0.0,0.0,0.0,0.0,0.0,0.0,0.0,0.0,0.0,0.0,0.0,-513.7900390625,-80.70000457763672,-16.139999389648438,0.0
1780960551315672115,183939,1780960551331895339,base_link,wheel_left_joint,wheel_right_joint,joint1,joint2,joint3,joint4,gripper,0.007669905200600624,0.0,-0.0015339808305725455,0.7669904232025146,-0.2715145945549011,-0.9203885197639465,0.0,0.0,0.0,0.0,0.0,0.0,0.0,0.0,0.0,0.0,0.0,-511.1000061035156,-94.1500015258789,-13.450000762939453,0.0
1780960551401670259,183940,1780960551365895339,base_link,wheel_left_joint,wheel_right_joint,joint1,joint2,joint3,joint4,gripper,0.007669905200600624,0.0,-0.0015339808305725455,0.7669904232025146,-0.26998063921928406,-0.9203885197639465,0.0,0.0,0.0,0.0,0.0,0.0,0.0,0.0,0.0,0.0,0.0,-511.1000061035156,-94.1500015258789,-21.520000457763672,0.0
1780960551446833495,183941,1780960551457895339,base_link,wheel_left_joint,wheel_right_joint,joint1,joint2,joint3,joint4,gripper,0.007669905200600624,0.0,-0.0015339808305725455,0.7669904232025146,-0.26998063921928406,-0.9203885197639465,0.0,0.0,0.0,0.0,0.0,0.0,0.0,0.0,0.0,0.0,0.0,-511.1000061035156,-94.1500015258789,-24.21000099182129,0.0
1780960551537124826,183942,1780960551491895339,base_link,wheel_left_joint,wheel_right_joint,joint1,joint2,joint3,joint4,gripper,0.007669905200600624,0.0,-0.0015339808305725455,0.7669904232025146,-0.26998063921928406,-0.9203885197639465,0.0,0.0,0.0,0.0,0.0,0.0,0.0,0.0,0.0,0.0,5.380000114440918,-513.7900390625,-88.77000427246094,-18.829999923706055,0.0
1780960551570380648,183943,1780960551584895339,base_link,wheel_left_joint,wheel_right_joint,joint1,joint2,joint3,joint4,gripper,0.007669905200600624,0.0,-0.0015339808305725455,0.7685244083404541,-0.2715145945549011,-0.9203885197639465,0.0,0.0,0.0,0.0,0.0,0.0,0.0,0.0,0.0,0.0,0.0,-511.1000061035156,-88.77000427246094,-24.21000099182129,0.0
1780960551656238246,183944,1780960551619895339,base_link,wheel_left_joint,wheel_right_joint,joint1,joint2,joint3,joint4,gripper,0.007669905200600624,0.0,-0.0015339808305725455,0.7669904232025146,-0.26998063921928406,-0.9203885197639465,0.0,0.0,0.0,0.0,0.0,0.0,0.0,0.0,0.0,0.0,0.0,-511.1000061035156,-86.08000183105469,-21.520000457763672,0.0
1780960551702236142,183945,1780960551711895339,base_link,wheel_left_joint,wheel_right_joint,joint1,joint2,joint3,joint4,gripper,0.007669905200600624,0.0,-0.0015339808305725455,0.7669904232025146,-0.26998063921928406,-0.9203885197639465,0.0,0.0,0.0,0.0,0.0,0.0,0.0,0.0,0.0,0.0,0.0,-511.1000061035156,-88.77000427246094,-21.520000457763672,0.0
1780960551785884128,183946,1780960551746895339,base_link,wheel_left_joint,wheel_right_joint,joint1,joint2,joint3,joint4,gripper,0.007669905200600624,0.0,-0.0015339808305725455,0.7685244083404541,-0.26998063921928406,-0.9203885197639465,0.0,0.0,0.0,0.0,0.0,0.0,0.0,0.0,0.0,0.0,0.0,-511.1000061035156,-88.77000427246094,-13.450000762939453,0.0
1780960551834848663,183947,1780960551839895339,base_link,wheel_left_joint,wheel_right_joint,joint1,joint2,joint3,joint4,gripper,0.007669905200600624,0.0,-0.0015339808305725455,0.7685244083404541,-0.26998063921928406,-0.9203885197639465,0.0,0.0,0.0,0.0,0.0,0.0,0.0,0.0,0.0,0.0,0.0,-511.1000061035156,-96.84000396728516,-16.139999389648438,0.0
1780960551923079534,183948,1780960551873895339,base_link,wheel_left_joint,wheel_right_joint,joint1,joint2,joint3,joint4,gripper,0.007669905200600624,0.0,-0.0015339808305725455,0.7685244083404541,-0.26998063921928406,-0.9203885197639465,0.0,0.0,0.0,0.0,0.0,0.0,0.0,0.0,0.0,0.0,0.0,-511.1000061035156,-94.1500015258789,-26.900001525878906,0.0
1780960551958791893,183949,1780960551971895339,base_link,wheel_left_joint,wheel_right_joint,joint1,joint2,joint3,joint4,gripper,0.007669905200600624,0.0,-0.0015339808305725455,0.7669904232025146,-0.26998063921928406,-0.9203885197639465,0.0,0.0,0.0,0.0,0.0,0.0,0.0,0.0,0.0,0.0,0.0,-513.7900390625,-94.1500015258789,-24.21000099182129,0.0
1780960552043093661,183950,1780960552005895339,base_link,wheel_left_joint,wheel_right_joint,joint1,joint2,joint3,joint4,gripper,0.007669905200600624,0.0,-0.0015339808305725455,0.7669904232025146,-0.2715145945549011,-0.9203885197639465,0.0,0.0,0.0,0.0,0.0,0.0,0.0,0.0,0.0,0.0,0.0,-511.1000061035156,-86.08000183105469,-18.829999923706055,0.0
1780960552090500184,183951,1780960552101895339,base_link,wheel_left_joint,wheel_right_joint,joint1,joint2,joint3,joint4,gripper,0.007669905200600624,0.0,-0.0015339808305725455,0.7669904232025146,-0.26998063921928406,-0.9203885197639465,0.0,0.0,0.0,0.0,0.0,0.0,0.0,0.0,0.0,0.0,0.0,-511.1000061035156,-96.84000396728516,-24.21000099182129,0.0
1780960552177867001,183952,1780960552135895339,base_link,wheel_left_joint,wheel_right_joint,joint1,joint2,joint3,joint4,gripper,0.007669905200600624,0.0,-0.0015339808305725455,0.7685244083404541,-0.26998063921928406,-0.9203885197639465,0.0,0.0,0.0,0.0,0.0,0.0,0.0,0.0,0.0,0.0,0.0,-511.1000061035156,-91.45999908447266,-24.21000099182129,0.0
1780960552224116621,183953,1780960552228895339,base_link,wheel_left_joint,wheel_right_joint,joint1,joint2,joint3,joint4,gripper,0.007669905200600624,0.0,-0.0015339808305725455,0.7669904232025146,-0.2715145945549011,-0.9203885197639465,0.0,0.0,0.0,0.0,0.0,0.0,0.0,0.0,0.0,0.0,0.0,-511.1000061035156,-91.45999908447266,-16.139999389648438,0.0
1780960552308880086,183954,1780960552263895339,base_link,wheel_left_joint,wheel_right_joint,joint1,joint2,joint3,joint4,gripper,0.007669905200600624,0.0,-0.0015339808305725455,0.7669904232025146,-0.26998063921928406,-0.9203885197639465,0.0,0.0,0.0,0.0,0.0,0.0,0.0,0.0,0.0,0.0,0.0,-511.1000061035156,-96.84000396728516,-18.829999923706055,0.0
1780960552345326704,183955,1780960552359895339,base_link,wheel_left_joint,wheel_right_joint,joint1,joint2,joint3,joint4,gripper,0.007669905200600624,0.0,-0.0015339808305725455,0.7669904232025146,-0.26998063921928406,-0.9203885197639465,0.0,0.0,0.0,0.0,0.0,0.0,0.0,0.0,0.0,0.0,0.0,-516.47998046875,-86.08000183105469,-21.520000457763672,0.0
1780960552429148133,183956,1780960552393895339,base_link,wheel_left_joint,wheel_right_joint,joint1,joint2,joint3,joint4,gripper,0.007669905200600624,0.0,-0.0015339808305725455,0.7669904232025146,-0.26998063921928406,-0.9203885197639465,0.0,0.0,0.0,0.0,0.0,0.0,0.0,0.0,0.0,0.0,0.0,-511.1000061035156,-94.1500015258789,-26.900001525878906,0.0
1780960552473095926,183957,1780960552488895339,base_link,wheel_left_joint,wheel_right_joint,joint1,joint2,joint3,joint4,gripper,0.007669905200600624,0.0,-0.0015339808305725455,0.7669904232025146,-0.26998063921928406,-0.9203885197639465,0.0,0.0,0.0,0.0,0.0,0.0,0.0,0.0,0.0,0.0,0.0,-511.1000061035156,-83.38999938964844,-16.139999389648438,0.0
1780960552559880688,183958,1780960552522895339,base_link,wheel_left_joint,wheel_right_joint,joint1,joint2,joint3,joint4,gripper,0.007669905200600624,0.0,-0.0015339808305725455,0.7669904232025146,-0.26998063921928406,-0.9203885197639465,0.0,0.0,0.0,0.0,0.0,0.0,0.0,0.0,0.0,0.0,0.0,-511.1000061035156,-96.84000396728516,-24.21000099182129,0.0
1780960552602857434,183959,1780960552613895339,base_link,wheel_left_joint,wheel_right_joint,joint1,joint2,joint3,joint4,gripper,0.007669905200600624,0.0,-0.0015339808305725455,0.7669904232025146,-0.26998063921928406,-0.921922504901886,0.0,0.0,0.0,0.0,0.0,0.0,0.0,0.0,0.0,0.0,0.0,-508.4100036621094,-80.70000457763672,-26.900001525878906,0.0
1780960552698246418,183960,1780960552648895339,base_link,wheel_left_joint,wheel_right_joint,joint1,joint2,joint3,joint4,gripper,0.007669905200600624,0.0,-0.0015339808305725455,0.7669904232025146,-0.2715145945549011,-0.9203885197639465,0.0,0.0,0.0,0.0,0.0,0.0,0.0,0.0,0.0,0.0,2.690000057220459,-511.1000061035156,-96.84000396728516,-10.760000228881836,0.0
1780960552727667497,183961,1780960552740895339,base_link,wheel_left_joint,wheel_right_joint,joint1,joint2,joint3,joint4,gripper,0.007669905200600624,0.0,-0.0015339808305725455,0.7669904232025146,-0.26998063921928406,-0.9203885197639465,0.0,0.0,0.0,0.0,0.0,0.0,0.0,0.0,0.0,0.0,0.0,-511.1000061035156,-88.77000427246094,-18.829999923706055,0.0
1780960552810593597,183962,1780960552774895339,base_link,wheel_left_joint,wheel_right_joint,joint1,joint2,joint3,joint4,gripper,0.007669905200600624,0.0,-0.0015339808305725455,0.7669904232025146,-0.2715145945549011,-0.921922504901886,0.0,0.0,0.0,0.0,0.0,0.0,0.0,0.0,0.0,0.0,0.0,-511.1000061035156,-88.77000427246094,-21.520000457763672,0.0
1780960552857436220,183963,1780960552868895339,base_link,wheel_left_joint,wheel_right_joint,joint1,joint2,joint3,joint4,gripper,0.007669905200600624,0.0,-0.0015339808305725455,0.7669904232025146,-0.26998063921928406,-0.9203885197639465,0.0,0.0,0.0,0.0,0.0,0.0,0.0,0.0,0.0,0.0,0.0,-511.1000061035156,-96.84000396728516,-24.21000099182129,0.0
1780960552938007672,183964,1780960552902895339,base_link,wheel_left_joint,wheel_right_joint,joint1,joint2,joint3,joint4,gripper,0.007669905200600624,0.0,-0.0015339808305725455,0.7669904232025146,-0.26998063921928406,-0.9203885197639465,0.0,0.0,0.0,0.0,0.0,0.0,0.0,0.0,0.0,0.0,0.0,-508.4100036621094,-91.45999908447266,-13.450000762939453,0.0
1780960552965891098,183965,1780960552995895339,base_link,wheel_left_joint,wheel_right_joint,joint1,joint2,joint3,joint4,gripper,0.007669905200600624,0.0,-0.0015339808305725455,0.7669904232025146,-0.26998063921928406,-0.921922504901886,0.0,0.0,0.0,0.0,0.0,0.0,0.0,0.0,0.0,0.0,0.0,-511.1000061035156,-83.38999938964844,-24.21000099182129,0.0
1780960553021491586,183966,1780960553030895339,base_link,wheel_left_joint,wheel_right_joint,joint1,joint2,joint3,joint4,gripper,0.007669905200600624,0.0,-0.0015339808305725455,0.7669904232025146,-0.26998063921928406,-0.9203885197639465,0.0,0.0,0.0,0.0,0.0,0.0,0.0,0.0,0.0,0.0,0.0,-508.4100036621094,-96.84000396728516,-18.829999923706055,0.0
1780960553045919750,183967,1780960553087895339,base_link,wheel_left_joint,wheel_right_joint,joint1,joint2,joint3,joint4,gripper,0.007669905200600624,0.0,-0.0015339808305725455,0.7685244083404541,-0.2715145945549011,-0.9203885197639465,0.0,0.0,0.0,0.0,0.0,0.0,0.0,0.0,0.0,0.0,0.0,-508.4100036621094,-96.84000396728516,-24.21000099182129,0.0
1780960553143457293,183968,1780960553122895339,base_link,wheel_left_joint,wheel_right_joint,joint1,joint2,joint3,joint4,gripper,0.007669905200600624,0.0,-0.0015339808305725455,0.7685244083404541,-0.26998063921928406,-0.9203885197639465,0.0,0.0,0.0,0.0,0.0,0.0,0.0,0.0,0.0,0.0,0.0,-511.1000061035156,-86.08000183105469,-24.21000099182129,0.0
1780960553181477668,183969,1780960553194895339,base_link,wheel_left_joint,wheel_right_joint,joint1,joint2,joint3,joint4,gripper,0.007669905200600624,0.0,-0.0015339808305725455,0.7685244083404541,-0.26998063921928406,-0.9203885197639465,0.0,0.0,0.0,0.0,0.0,0.0,0.0,0.0,0.0,0.0,0.0,-511.1000061035156,-94.1500015258789,-16.139999389648438,0.0
1780960553264569912,183970,1780960553228895339,base_link,wheel_left_joint,wheel_right_joint,joint1,joint2,joint3,joint4,gripper,0.007669905200600624,0.0,-0.0015339808305725455,0.7669904232025146,-0.26998063921928406,-0.921922504901886,0.0,0.0,0.0,0.0,0.0,0.0,0.0,0.0,0.0,0.0,0.0,-511.1000061035156,-83.38999938964844,-21.520000457763672,0.0
1780960553307969177,183971,1780960553324895339,base_link,wheel_left_joint,wheel_right_joint,joint1,joint2,joint3,joint4,gripper,0.007669905200600624,0.0,-0.0015339808305725455,0.7669904232025146,-0.26998063921928406,-0.9203885197639465,0.0,0.0,0.0,0.0,0.0,0.0,0.0,0.0,0.0,0.0,0.0,-511.1000061035156,-91.45999908447266,-24.21000099182129,0.0
1780960553394471346,183972,1780960553358895339,base_link,wheel_left_joint,wheel_right_joint,joint1,joint2,joint3,joint4,gripper,0.007669905200600624,0.0,-0.0015339808305725455,0.7669904232025146,-0.2715145945549011,-0.9203885197639465,0.0,0.0,0.0,0.0,0.0,0.0,0.0,0.0,0.0,0.0,0.0,-513.7900390625,-88.77000427246094,-16.139999389648438,0.0
1780960553438676141,183973,1780960553443895339,base_link,wheel_left_joint,wheel_right_joint,joint1,joint2,joint3,joint4,gripper,0.007669905200600624,0.0,-0.0015339808305725455,0.7669904232025146,-0.26998063921928406,-0.9203885197639465,0.0,0.0,0.0,0.0,0.0,0.0,0.0,0.0,0.0,0.0,0.0,-508.4100036621094,-94.1500015258789,-21.520000457763672,0.0
1780960553526413590,183974,1780960553477895339,base_link,wheel_left_joint,wheel_right_joint,joint1,joint2,joint3,joint4,gripper,0.007669905200600624,0.0,-0.0015339808305725455,0.7669904232025146,-0.26998063921928406,-0.9203885197639465,0.0,0.0,0.0,0.0,0.0,0.0,0.0,0.0,0.0,0.0,0.0,-513.7900390625,-91.45999908447266,-16.139999389648438,0.0
1780960553565092059,183975,1780960553572895339,base_link,wheel_left_joint,wheel_right_joint,joint1,joint2,joint3,joint4,gripper,0.007669905200600624,0.0,-0.0015339808305725455,0.7669904232025146,-0.26998063921928406,-0.921922504901886,0.0,0.0,0.0,0.0,0.0,0.0,0.0,0.0,0.0,0.0,0.0,-513.7900390625,-88.77000427246094,-21.520000457763672,0.0
1780960553647493138,183976,1780960553606895339,base_link,wheel_left_joint,wheel_right_joint,joint1,joint2,joint3,joint4,gripper,0.007669905200600624,0.0,-0.0015339808305725455,0.7669904232025146,-0.26998063921928406,-0.9203885197639465,0.0,0.0,0.0,0.0,0.0,0.0,0.0,0.0,0.0,0.0,0.0,-511.1000061035156,-78.01000213623047,-16.139999389648438,0.0
1780960553695726734,183977,1780960553667854816,base_link,wheel_left_joint,wheel_right_joint,joint1,joint2,joint3,joint4,gripper,0.007669905200600624,0.0,-0.003067961661145091,0.7685244083404541,-0.26998063921928406,-0.9203885197639465,0.0,0.0,0.0,0.0,0.0,0.0,0.0,0.0,0.0,0.0,0.0,-508.4100036621094,-94.1500015258789,-26.900001525878906,0.0
1780960553777273863,183978,1780960553701854816,base_link,wheel_left_joint,wheel_right_joint,joint1,joint2,joint3,joint4,gripper,0.007669905200600624,0.0,-0.0015339808305725455,0.7669904232025146,-0.2715145945549011,-0.9203885197639465,0.0,0.0,0.0,0.0,0.0,0.0,0.0,0.0,0.0,0.0,2.690000057220459,-511.1000061035156,-91.45999908447266,-18.829999923706055,0.0
1780960553813961976,183979,1780960553793854816,base_link,wheel_left_joint,wheel_right_joint,joint1,joint2,joint3,joint4,gripper,0.007669905200600624,0.0,-0.0015339808305725455,0.7669904232025146,-0.26998063921928406,-0.9203885197639465,0.0,0.0,0.0,0.0,0.0,0.0,0.0,0.0,0.0,0.0,0.0,-511.1000061035156,-86.08000183105469,-24.21000099182129,0.0
1780960553898810142,183980,1780960553827854816,base_link,wheel_left_joint,wheel_right_joint,joint1,joint2,joint3,joint4,gripper,0.007669905200600624,0.0,-0.0015339808305725455,0.7669904232025146,-0.26998063921928406,-0.9203885197639465,0.0,0.0,0.0,0.0,0.0,0.0,0.0,0.0,0.0,0.0,5.380000114440918,-513.7900390625,-88.77000427246094,-21.520000457763672,0.0
1780960553943121385,183981,1780960553921854816,base_link,wheel_left_joint,wheel_right_joint,joint1,joint2,joint3,joint4,gripper,0.007669905200600624,0.0,-0.0015339808305725455,0.7669904232025146,-0.26998063921928406,-0.9203885197639465,0.0,0.0,0.0,0.0,0.0,0.0,0.0,0.0,0.0,0.0,0.0,-508.4100036621094,-94.1500015258789,-24.21000099182129,0.0
1780960554028654418,183982,1780960553955854816,base_link,wheel_left_joint,wheel_right_joint,joint1,joint2,joint3,joint4,gripper,0.007669905200600624,0.0,-0.0015339808305725455,0.7669904232025146,-0.26998063921928406,-0.9203885197639465,0.0,0.0,0.0,0.0,0.0,0.0,0.0,0.0,0.0,0.0,0.0,-508.4100036621094,-96.84000396728516,-13.450000762939453,0.0
1780960554073927014,183983,1780960554047854816,base_link,wheel_left_joint,wheel_right_joint,joint1,joint2,joint3,joint4,gripper,0.007669905200600624,0.0,-0.0015339808305725455,0.7669904232025146,-0.26998063921928406,-0.9203885197639465,0.0,0.0,0.0,0.0,0.0,0.0,0.0,0.0,0.0,0.0,0.0,-511.1000061035156,-86.08000183105469,-24.21000099182129,0.0
1780960554162796567,183984,1780960554081854816,base_link,wheel_left_joint,wheel_right_joint,joint1,joint2,joint3,joint4,gripper,0.007669905200600624,0.0,-0.0015339808305725455,0.7669904232025146,-0.26998063921928406,-0.9203885197639465,0.0,0.0,0.0,0.0,0.0,0.0,0.0,0.0,0.0,0.0,0.0,-511.1000061035156,-88.77000427246094,-24.21000099182129,0.0
1780960554200221691,183985,1780960554176854816,base_link,wheel_left_joint,wheel_right_joint,joint1,joint2,joint3,joint4,gripper,0.007669905200600624,0.0,-0.0015339808305725455,0.7669904232025146,-0.26998063921928406,-0.9203885197639465,0.0,0.0,0.0,0.0,0.0,0.0,0.0,0.0,0.0,0.0,0.0,-508.4100036621094,-96.84000396728516,-21.520000457763672,0.0
1780960554281514582,183986,1780960554210854816,base_link,wheel_left_joint,wheel_right_joint,joint1,joint2,joint3,joint4,gripper,0.007669905200600624,0.0,-0.0015339808305725455,0.7669904232025146,-0.2715145945549011,-0.9203885197639465,0.0,0.0,0.0,0.0,0.0,0.0,0.0,0.0,0.0,0.0,2.690000057220459,-511.1000061035156,-96.84000396728516,-16.139999389648438,0.0
1780960554329581339,183987,1780960554305854816,base_link,wheel_left_joint,wheel_right_joint,joint1,joint2,joint3,joint4,gripper,0.007669905200600624,0.0,-0.0015339808305725455,0.7669904232025146,-0.26998063921928406,-0.9203885197639465,0.0,0.0,0.0,0.0,0.0,0.0,0.0,0.0,0.0,0.0,0.0,-508.4100036621094,-88.77000427246094,-21.520000457763672,0.0
1780960554411479129,183988,1780960554339854816,base_link,wheel_left_joint,wheel_right_joint,joint1,joint2,joint3,joint4,gripper,0.007669905200600624,0.0,-0.0015339808305725455,0.7669904232025146,-0.26998063921928406,-0.9203885197639465,0.0,0.0,0.0,0.0,0.0,0.0,0.0,0.0,0.0,0.0,0.0,-508.4100036621094,-96.84000396728516,-21.520000457763672,0.0
1780960554448112279,183989,1780960554427854816,base_link,wheel_left_joint,wheel_right_joint,joint1,joint2,joint3,joint4,gripper,0.007669905200600624,0.0,-0.0015339808305725455,0.7669904232025146,-0.26998063921928406,-0.921922504901886,0.0,0.0,0.0,0.0,0.0,0.0,0.0,0.0,0.0,0.0,0.0,-513.7900390625,-91.45999908447266,-21.520000457763672,0.0
1780960554531537846,183990,1780960554461854816,base_link,wheel_left_joint,wheel_right_joint,joint1,joint2,joint3,joint4,gripper,0.007669905200600624,0.0,-0.0015339808305725455,0.7669904232025146,-0.26998063921928406,-0.921922504901886,0.0,0.0,0.0,0.0,0.0,0.0,0.0,0.0,0.0,0.0,0.0,-511.1000061035156,-94.1500015258789,-26.900001525878906,0.0
1780960554575087269,183991,1780960554557854816,base_link,wheel_left_joint,wheel_right_joint,joint1,joint2,joint3,joint4,gripper,0.007669905200600624,0.0,-0.0015339808305725455,0.7669904232025146,-0.2715145945549011,-0.9203885197639465,0.0,0.0,0.0,0.0,0.0,0.0,0.0,0.0,0.0,0.0,0.0,-508.4100036621094,-94.1500015258789,-24.21000099182129,0.0
1780960554659279333,183992,1780960554591854816,base_link,wheel_left_joint,wheel_right_joint,joint1,joint2,joint3,joint4,gripper,0.007669905200600624,0.0,-0.0015339808305725455,0.7685244083404541,-0.26998063921928406,-0.9203885197639465,0.0,0.0,0.0,0.0,0.0,0.0,0.0,0.0,0.0,0.0,0.0,-511.1000061035156,-86.08000183105469,-16.139999389648438,0.0
1780960554706444366,183993,1780960554677854816,base_link,wheel_left_joint,wheel_right_joint,joint1,joint2,joint3,joint4,gripper,0.007669905200600624,0.0,-0.0015339808305725455,0.7669904232025146,-0.26998063921928406,-0.9203885197639465,0.0,0.0,0.0,0.0,0.0,0.0,0.0,0.0,0.0,0.0,0.0,-508.4100036621094,-96.84000396728516,-26.900001525878906,0.0
1780960554791955977,183994,1780960554711854816,base_link,wheel_left_joint,wheel_right_joint,joint1,joint2,joint3,joint4,gripper,0.007669905200600624,0.0,-0.0015339808305725455,0.7669904232025146,-0.26998063921928406,-0.9203885197639465,0.0,0.0,0.0,0.0,0.0,0.0,0.0,0.0,0.0,0.0,0.0,-508.4100036621094,-96.84000396728516,-24.21000099182129,0.0
1780960554835707002,183995,1780960554804854816,base_link,wheel_left_joint,wheel_right_joint,joint1,joint2,joint3,joint4,gripper,0.007669905200600624,0.0,-0.0015339808305725455,0.7669904232025146,-0.26998063921928406,-0.9203885197639465,0.0,0.0,0.0,0.0,0.0,0.0,0.0,0.0,0.0,0.0,0.0,-511.1000061035156,-78.01000213623047,-24.21000099182129,0.0
1780960554919658449,183996,1780960554838854816,base_link,wheel_left_joint,wheel_right_joint,joint1,joint2,joint3,joint4,gripper,0.007669905200600624,0.0,-0.0015339808305725455,0.7685244083404541,-0.26998063921928406,-0.9203885197639465,0.0,0.0,0.0,0.0,0.0,0.0,0.0,0.0,0.0,0.0,0.0,-508.4100036621094,-91.45999908447266,-24.21000099182129,0.0
1780960554958887652,183997,1780960554934854816,base_link,wheel_left_joint,wheel_right_joint,joint1,joint2,joint3,joint4,gripper,0.007669905200600624,0.0,-0.0015339808305725455,0.7669904232025146,-0.26998063921928406,-0.9203885197639465,0.0,0.0,0.0,0.0,0.0,0.0,0.0,0.0,0.0,0.0,0.0,-511.1000061035156,-88.77000427246094,-26.900001525878906,0.0
1780960555040596418,183998,1780960554968854816,base_link,wheel_left_joint,wheel_right_joint,joint1,joint2,joint3,joint4,gripper,0.007669905200600624,0.0,-0.0015339808305725455,0.7669904232025146,-0.26998063921928406,-0.9203885197639465,0.0,0.0,0.0,0.0,0.0,0.0,0.0,0.0,0.0,0.0,0.0,-511.1000061035156,-94.1500015258789,-24.21000099182129,0.0
1780960555088236580,183999,1780960555064854816,base_link,wheel_left_joint,wheel_right_joint,joint1,joint2,joint3,joint4,gripper,0.007669905200600624,0.0,-0.0015339808305725455,0.7669904232025146,-0.26998063921928406,-0.9203885197639465,0.0,0.0,0.0,0.0,0.0,0.0,0.0,0.0,0.0,0.0,0.0,-508.4100036621094,-88.77000427246094,-18.829999923706055,0.0
1780960555177613697,184000,1780960555098854816,base_link,wheel_left_joint,wheel_right_joint,joint1,joint2,joint3,joint4,gripper,0.007669905200600624,0.0,-0.0015339808305725455,0.7669904232025146,-0.26998063921928406,-0.9203885197639465,0.0,0.0,0.0,0.0,0.0,0.0,0.0,0.0,0.0,0.0,0.0,-508.4100036621094,-88.77000427246094,-21.520000457763672,0.0
1780960555212876954,184001,1780960555190854816,base_link,wheel_left_joint,wheel_right_joint,joint1,joint2,joint3,joint4,gripper,0.007669905200600624,0.0,-0.0015339808305725455,0.7685244083404541,-0.26998063921928406,-0.9203885197639465,0.0,0.0,0.0,0.0,0.0,0.0,0.0,0.0,0.0,0.0,0.0,-508.4100036621094,-96.84000396728516,-21.520000457763672,0.0
1780960555298163129,184002,1780960555225854816,base_link,wheel_left_joint,wheel_right_joint,joint1,joint2,joint3,joint4,gripper,0.007669905200600624,0.0,-0.0015339808305725455,0.7669904232025146,-0.26998063921928406,-0.921922504901886,0.0,0.0,0.0,0.0,0.0,0.0,0.0,0.0,0.0,0.0,0.0,-508.4100036621094,-96.84000396728516,-16.139999389648438,0.0
1780960555344011526,184003,1780960555321854816,base_link,wheel_left_joint,wheel_right_joint,joint1,joint2,joint3,joint4,gripper,0.007669905200600624,0.0,-0.0015339808305725455,0.7669904232025146,-0.26998063921928406,-0.9203885197639465,0.0,0.0,0.0,0.0,0.0,0.0,0.0,0.0,0.0,0.0,0.0,-513.7900390625,-94.1500015258789,-21.520000457763672,0.0
1780960555428086228,184004,1780960555355854816,base_link,wheel_left_joint,wheel_right_joint,joint1,joint2,joint3,joint4,gripper,0.007669905200600624,0.0,-0.003067961661145091,0.7669904232025146,-0.26998063921928406,-0.9203885197639465,0.0,0.0,0.0,0.0,0.0,0.0,0.0,0.0,0.0,0.0,0.0,-508.4100036621094,-91.45999908447266,-24.21000099182129,0.0
1780960555471550337,184005,1780960555445854816,base_link,wheel_left_joint,wheel_right_joint,joint1,joint2,joint3,joint4,gripper,0.007669905200600624,0.0,-0.0015339808305725455,0.7685244083404541,-0.26998063921928406,-0.9203885197639465,0.0,0.0,0.0,0.0,0.0,0.0,0.0,0.0,0.0,0.0,0.0,-511.1000061035156,-94.1500015258789,-24.21000099182129,0.0
1780960555558776540,184006,1780960555479854816,base_link,wheel_left_joint,wheel_right_joint,joint1,joint2,joint3,joint4,gripper,0.007669905200600624,0.0,-0.0015339808305725455,0.7669904232025146,-0.26998063921928406,-0.9203885197639465,0.0,0.0,0.0,0.0,0.0,0.0,0.0,0.0,0.0,0.0,0.0,-508.4100036621094,-83.38999938964844,-16.139999389648438,0.0
1780960555602243045,184007,1780960555570854816,base_link,wheel_left_joint,wheel_right_joint,joint1,joint2,joint3,joint4,gripper,0.007669905200600624,0.0,-0.0015339808305725455,0.7669904232025146,-0.26998063921928406,-0.921922504901886,0.0,0.0,0.0,0.0,0.0,0.0,0.0,0.0,0.0,0.0,5.380000114440918,-508.4100036621094,-96.84000396728516,-24.21000099182129,0.0
1780960555688757826,184008,1780960555604854816,base_link,wheel_left_joint,wheel_right_joint,joint1,joint2,joint3,joint4,gripper,0.007669905200600624,0.0,-0.003067961661145091,0.7669904232025146,-0.26998063921928406,-0.9203885197639465,0.0,0.0,0.0,0.0,0.0,0.0,0.0,0.0,0.0,0.0,0.0,-511.1000061035156,-96.84000396728516,-26.900001525878906,0.0
1780960555727614842,184009,1780960555700854816,base_link,wheel_left_joint,wheel_right_joint,joint1,joint2,joint3,joint4,gripper,0.007669905200600624,0.0,-0.0015339808305725455,0.7669904232025146,-0.2715145945549011,-0.9203885197639465,0.0,0.0,0.0,0.0,0.0,0.0,0.0,0.0,0.0,0.0,0.0,-508.4100036621094,-96.84000396728516,-13.450000762939453,0.0
1780960555812299437,184010,1780960555734854816,base_link,wheel_left_joint,wheel_right_joint,joint1,joint2,joint3,joint4,gripper,0.007669905200600624,0.0,-0.0015339808305725455,0.7669904232025146,-0.2715145945549011,-0.9203885197639465,0.0,0.0,0.0,0.0,0.0,0.0,0.0,0.0,0.0,0.0,0.0,-508.4100036621094,-96.84000396728516,-24.21000099182129,0.0
1780960555860932173,184011,1780960555834854816,base_link,wheel_left_joint,wheel_right_joint,joint1,joint2,joint3,joint4,gripper,0.007669905200600624,0.0,-0.0015339808305725455,0.7669904232025146,-0.26998063921928406,-0.9203885197639465,0.0,0.0,0.0,0.0,0.0,0.0,0.0,0.0,0.0,0.0,0.0,-513.7900390625,-96.84000396728516,-16.139999389648438,0.0
1780960555941063663,184012,1780960555868854816,base_link,wheel_left_joint,wheel_right_joint,joint1,joint2,joint3,joint4,gripper,0.007669905200600624,0.0,-0.0015339808305725455,0.7669904232025146,-0.26998063921928406,-0.9203885197639465,0.0,0.0,0.0,0.0,0.0,0.0,0.0,0.0,0.0,0.0,0.0,-511.1000061035156,-96.84000396728516,-24.21000099182129,0.0
1780960555989324503,184013,1780960555957854816,base_link,wheel_left_joint,wheel_right_joint,joint1,joint2,joint3,joint4,gripper,0.007669905200600624,0.0,-0.0015339808305725455,0.7685244083404541,-0.26998063921928406,-0.9203885197639465,0.0,0.0,0.0,0.0,0.0,0.0,0.0,0.0,0.0,0.0,0.0,-511.1000061035156,-96.84000396728516,-21.520000457763672,0.0
1780960556070374790,184014,1780960555991854816,base_link,wheel_left_joint,wheel_right_joint,joint1,joint2,joint3,joint4,gripper,0.007669905200600624,0.0,-0.0015339808305725455,0.7669904232025146,-0.26998063921928406,-0.9203885197639465,0.0,0.0,0.0,0.0,0.0,0.0,0.0,0.0,0.0,0.0,0.0,-511.1000061035156,-80.70000457763672,-26.900001525878906,0.0
1780960556110997928,184015,1780960556087854816,base_link,wheel_left_joint,wheel_right_joint,joint1,joint2,joint3,joint4,gripper,0.007669905200600624,0.0,-0.0015339808305725455,0.7669904232025146,-0.26998063921928406,-0.9203885197639465,0.0,0.0,0.0,0.0,0.0,0.0,0.0,0.0,0.0,0.0,0.0,-508.4100036621094,-96.84000396728516,-13.450000762939453,0.0
1780960556200621080,184016,1780960556121854816,base_link,wheel_left_joint,wheel_right_joint,joint1,joint2,joint3,joint4,gripper,0.007669905200600624,0.0,-0.0015339808305725455,0.7669904232025146,-0.26998063921928406,-0.9203885197639465,0.0,0.0,0.0,0.0,0.0,0.0,0.0,0.0,0.0,0.0,0.0,-511.1000061035156,-88.77000427246094,-26.900001525878906,0.0
1780960556244953705,184017,1780960556220052780,base_link,wheel_left_joint,wheel_right_joint,joint1,joint2,joint3,joint4,gripper,0.007669905200600624,0.0,-0.0015339808305725455,0.7669904232025146,-0.26998063921928406,-0.9203885197639465,0.0,0.0,0.0,0.0,0.0,0.0,0.0,0.0,0.0,0.0,0.0,-508.4100036621094,-91.45999908447266,-21.520000457763672,0.0
1780960556315064259,184018,1780960556254052780,base_link,wheel_left_joint,wheel_right_joint,joint1,joint2,joint3,joint4,gripper,0.007669905200600624,0.0,-0.0015339808305725455,0.7669904232025146,-0.26998063921928406,-0.9203885197639465,0.0,0.0,0.0,0.0,0.0,0.0,0.0,0.0,0.0,0.0,0.0,-508.4100036621094,-86.08000183105469,-16.139999389648438,0.0
1780960556342599956,184019,1780960556342052780,base_link,wheel_left_joint,wheel_right_joint,joint1,joint2,joint3,joint4,gripper,0.007669905200600624,0.0,-0.0015339808305725455,0.7669904232025146,-0.26998063921928406,-0.9203885197639465,0.0,0.0,0.0,0.0,0.0,0.0,0.0,0.0,0.0,0.0,0.0,-508.4100036621094,-96.84000396728516,-18.829999923706055,0.0
1780960556391918469,184020,1780960556376052780,base_link,wheel_left_joint,wheel_right_joint,joint1,joint2,joint3,joint4,gripper,0.007669905200600624,0.0,-0.0015339808305725455,0.7669904232025146,-0.26998063921928406,-0.9203885197639465,0.0,0.0,0.0,0.0,0.0,0.0,0.0,0.0,0.0,0.0,0.0,-505.7200012207031,-96.84000396728516,-24.21000099182129,0.0
1780960556429825893,184021,1780960556422052780,base_link,wheel_left_joint,wheel_right_joint,joint1,joint2,joint3,joint4,gripper,0.007669905200600624,0.0,-0.0015339808305725455,0.7669904232025146,-0.26998063921928406,-0.9203885197639465,0.0,0.0,0.0,0.0,0.0,0.0,0.0,0.0,0.0,0.0,0.0,-511.1000061035156,-91.45999908447266,-21.520000457763672,0.0
1780960556504463040,184022,1780960556456052780,base_link,wheel_left_joint,wheel_right_joint,joint1,joint2,joint3,joint4,gripper,0.007669905200600624,0.0,-0.0015339808305725455,0.7669904232025146,-0.26998063921928406,-0.9203885197639465,0.0,0.0,0.0,0.0,0.0,0.0,0.0,0.0,0.0,0.0,0.0,-511.1000061035156,-96.84000396728516,-24.21000099182129,0.0
1780960556592102551,184023,1780960556491052780,base_link,wheel_left_joint,wheel_right_joint,joint1,joint2,joint3,joint4,gripper,0.007669905200600624,0.0,-0.0015339808305725455,0.7669904232025146,-0.26998063921928406,-0.9203885197639465,0.0,0.0,0.0,0.0,0.0,0.0,0.0,0.0,0.0,0.0,0.0,-511.1000061035156,-86.08000183105469,-24.21000099182129,0.0
1780960556629878606,184024,1780960556578052780,base_link,wheel_left_joint,wheel_right_joint,joint1,joint2,joint3,joint4,gripper,0.007669905200600624,0.0,-0.0015339808305725455,0.7669904232025146,-0.26998063921928406,-0.9203885197639465,0.0,0.0,0.0,0.0,0.0,0.0,0.0,0.0,0.0,0.0,0.0,-508.4100036621094,-96.84000396728516,-24.21000099182129,0.0
1780960556714535520,184025,1780960556612052780,base_link,wheel_left_joint,wheel_right_joint,joint1,joint2,joint3,joint4,gripper,0.007669905200600624,0.0,-0.0015339808305725455,0.7669904232025146,-0.26998063921928406,-0.9203885197639465,0.0,0.0,0.0,0.0,0.0,0.0,0.0,0.0,0.0,0.0,0.0,-511.1000061035156,-94.1500015258789,-26.900001525878906,0.0
1780960556751771235,184026,1780960556708052780,base_link,wheel_left_joint,wheel_right_joint,joint1,joint2,joint3,joint4,gripper,0.007669905200600624,0.0,-0.0015339808305725455,0.7669904232025146,-0.26998063921928406,-0.921922504901886,0.0,0.0,0.0,0.0,0.0,0.0,0.0,0.0,0.0,0.0,0.0,-508.4100036621094,-96.84000396728516,-21.520000457763672,0.0
1780960556841884975,184027,1780960556742052780,base_link,wheel_left_joint,wheel_right_joint,joint1,joint2,joint3,joint4,gripper,0.007669905200600624,0.0,-0.0015339808305725455,0.7669904232025146,-0.26998063921928406,-0.9203885197639465,0.0,0.0,0.0,0.0,0.0,0.0,0.0,0.0,0.0,0.0,0.0,-511.1000061035156,-91.45999908447266,-26.900001525878906,0.0
1780960556870757258,184028,1780960556838052780,base_link,wheel_left_joint,wheel_right_joint,joint1,joint2,joint3,joint4,gripper,0.007669905200600624,0.0,-0.0015339808305725455,0.7669904232025146,-0.26998063921928406,-0.9203885197639465,0.0,0.0,0.0,0.0,0.0,0.0,0.0,0.0,0.0,0.0,0.0,-508.4100036621094,-86.08000183105469,-24.21000099182129,0.0
1780960556964557655,184029,1780960556872052780,base_link,wheel_left_joint,wheel_right_joint,joint1,joint2,joint3,joint4,gripper,0.007669905200600624,0.0,-0.0015339808305725455,0.7669904232025146,-0.2715145945549011,-0.9203885197639465,0.0,0.0,0.0,0.0,0.0,0.0,0.0,0.0,0.0,0.0,0.0,-508.4100036621094,-99.52999877929688,-29.59000015258789,0.0
1780960556992440022,184030,1780960556964052780,base_link,wheel_left_joint,wheel_right_joint,joint1,joint2,joint3,joint4,gripper,0.007669905200600624,0.0,-0.0015339808305725455,0.7669904232025146,-0.26998063921928406,-0.9203885197639465,0.0,0.0,0.0,0.0,0.0,0.0,0.0,0.0,0.0,0.0,0.0,-508.4100036621094,-96.84000396728516,-26.900001525878906,0.0
1780960557076369673,184031,1780960556998052780,base_link,wheel_left_joint,wheel_right_joint,joint1,joint2,joint3,joint4,gripper,0.007669905200600624,0.0,-0.0015339808305725455,0.7669904232025146,-0.26998063921928406,-0.9203885197639465,0.0,0.0,0.0,0.0,0.0,0.0,0.0,0.0,0.0,0.0,0.0,-511.1000061035156,-94.1500015258789,-26.900001525878906,0.0
1780960557121646840,184032,1780960557090052780,base_link,wheel_left_joint,wheel_right_joint,joint1,joint2,joint3,joint4,gripper,0.007669905200600624,0.0,-0.0015339808305725455,0.7669904232025146,-0.26998063921928406,-0.9203885197639465,0.0,0.0,0.0,0.0,0.0,0.0,0.0,0.0,0.0,0.0,0.0,-508.4100036621094,-96.84000396728516,-24.21000099182129,0.0
1780960557209746108,184033,1780960557124052780,base_link,wheel_left_joint,wheel_right_joint,joint1,joint2,joint3,joint4,gripper,0.007669905200600624,0.0,-0.0015339808305725455,0.7669904232025146,-0.2715145945549011,-0.9203885197639465,0.0,0.0,0.0,0.0,0.0,0.0,0.0,0.0,0.0,0.0,8.069999694824219,-508.4100036621094,-94.1500015258789,-13.450000762939453,0.0
1780960557247776001,184034,1780960557220052780,base_link,wheel_left_joint,wheel_right_joint,joint1,joint2,joint3,joint4,gripper,0.007669905200600624,0.0,-0.0015339808305725455,0.7669904232025146,-0.2715145945549011,-0.921922504901886,0.0,0.0,0.0,0.0,0.0,0.0,0.0,0.0,0.0,0.0,0.0,-508.4100036621094,-91.45999908447266,-21.520000457763672,0.0
1780960557330850378,184035,1780960557254052780,base_link,wheel_left_joint,wheel_right_joint,joint1,joint2,joint3,joint4,gripper,0.007669905200600624,0.0,-0.0015339808305725455,0.7669904232025146,-0.26998063921928406,-0.9203885197639465,0.0,0.0,0.0,0.0,0.0,0.0,0.0,0.0,0.0,0.0,0.0,-508.4100036621094,-96.84000396728516,-26.900001525878906,0.0
1780960557376291326,184036,1780960557351052780,base_link,wheel_left_joint,wheel_right_joint,joint1,joint2,joint3,joint4,gripper,0.007669905200600624,0.0,-0.0015339808305725455,0.7669904232025146,-0.26998063921928406,-0.9203885197639465,0.0,0.0,0.0,0.0,0.0,0.0,0.0,0.0,0.0,0.0,0.0,-508.4100036621094,-91.45999908447266,-26.900001525878906,0.0
1780960557459918871,184037,1780960557385052780,base_link,wheel_left_joint,wheel_right_joint,joint1,joint2,joint3,joint4,gripper,0.007669905200600624,0.0,-0.0015339808305725455,0.7669904232025146,-0.26998063921928406,-0.9203885197639465,0.0,0.0,0.0,0.0,0.0,0.0,0.0,0.0,0.0,0.0,0.0,-508.4100036621094,-96.84000396728516,-26.900001525878906,0.0
1780960557500896350,184038,1780960557468052780,base_link,wheel_left_joint,wheel_right_joint,joint1,joint2,joint3,joint4,gripper,0.007669905200600624,0.0,-0.0015339808305725455,0.7669904232025146,-0.26998063921928406,-0.9203885197639465,0.0,0.0,0.0,0.0,0.0,0.0,0.0,0.0,0.0,0.0,0.0,-511.1000061035156,-83.38999938964844,-26.900001525878906,0.0
1780960557582813585,184039,1780960557502052780,base_link,wheel_left_joint,wheel_right_joint,joint1,joint2,joint3,joint4,gripper,0.007669905200600624,0.0,-0.0015339808305725455,0.7669904232025146,-0.26998063921928406,-0.9203885197639465,0.0,0.0,0.0,0.0,0.0,0.0,0.0,0.0,0.0,0.0,0.0,-508.4100036621094,-96.84000396728516,-21.520000457763672,0.0
1780960557623370309,184040,1780960557586052780,base_link,wheel_left_joint,wheel_right_joint,joint1,joint2,joint3,joint4,gripper,0.007669905200600624,0.0,-0.0015339808305725455,0.7685244083404541,-0.26998063921928406,-0.9203885197639465,0.0,0.0,0.0,0.0,0.0,0.0,0.0,0.0,0.0,0.0,0.0,-508.4100036621094,-96.84000396728516,-26.900001525878906,0.0
1780960557703879987,184041,1780960557620052780,base_link,wheel_left_joint,wheel_right_joint,joint1,joint2,joint3,joint4,gripper,0.007669905200600624,0.0,-0.0015339808305725455,0.7669904232025146,-0.26998063921928406,-0.9203885197639465,0.0,0.0,0.0,0.0,0.0,0.0,0.0,0.0,0.0,0.0,0.0,-508.4100036621094,-88.77000427246094,-24.21000099182129,0.0
1780960557739517527,184042,1780960557717052780,base_link,wheel_left_joint,wheel_right_joint,joint1,joint2,joint3,joint4,gripper,0.007669905200600624,0.0,-0.0015339808305725455,0.7669904232025146,-0.26998063921928406,-0.9203885197639465,0.0,0.0,0.0,0.0,0.0,0.0,0.0,0.0,0.0,0.0,0.0,-511.1000061035156,-96.84000396728516,-24.21000099182129,0.0
1780960557822617482,184043,1780960557751052780,base_link,wheel_left_joint,wheel_right_joint,joint1,joint2,joint3,joint4,gripper,0.007669905200600624,0.0,-0.0015339808305725455,0.7669904232025146,-0.26998063921928406,-0.9203885197639465,0.0,0.0,0.0,0.0,0.0,0.0,0.0,0.0,0.0,0.0,0.0,-508.4100036621094,-96.84000396728516,-24.21000099182129,0.0
1780960557868700616,184044,1780960557842052780,base_link,wheel_left_joint,wheel_right_joint,joint1,joint2,joint3,joint4,gripper,0.007669905200600624,0.0,-0.0015339808305725455,0.7669904232025146,-0.26998063921928406,-0.9203885197639465,0.0,0.0,0.0,0.0,0.0,0.0,0.0,0.0,0.0,0.0,0.0,-508.4100036621094,-94.1500015258789,-26.900001525878906,0.0
1780960557963134070,184045,1780960557876052780,base_link,wheel_left_joint,wheel_right_joint,joint1,joint2,joint3,joint4,gripper,0.007669905200600624,0.0,-0.0015339808305725455,0.7669904232025146,-0.26998063921928406,-0.9203885197639465,0.0,0.0,0.0,0.0,0.0,0.0,0.0,0.0,0.0,0.0,0.0,-505.7200012207031,-96.84000396728516,-26.900001525878906,0.0
1780960557997637066,184046,1780960557964052780,base_link,wheel_left_joint,wheel_right_joint,joint1,joint2,joint3,joint4,gripper,0.007669905200600624,0.0,-0.0015339808305725455,0.7669904232025146,-0.26998063921928406,-0.9203885197639465,0.0,0.0,0.0,0.0,0.0,0.0,0.0,0.0,0.0,0.0,2.690000057220459,-508.4100036621094,-88.77000427246094,-21.520000457763672,0.0
1780960558092962909,184047,1780960557998052780,base_link,wheel_left_joint,wheel_right_joint,joint1,joint2,joint3,joint4,gripper,0.007669905200600624,0.0,-0.0015339808305725455,0.7669904232025146,-0.26998063921928406,-0.921922504901886,0.0,0.0,0.0,0.0,0.0,0.0,0.0,0.0,0.0,0.0,0.0,-508.4100036621094,-99.52999877929688,-26.900001525878906,0.0
1780960558116259145,184048,1780960558090052780,base_link,wheel_left_joint,wheel_right_joint,joint1,joint2,joint3,joint4,gripper,0.007669905200600624,0.0,-0.0015339808305725455,0.7669904232025146,-0.26998063921928406,-0.921922504901886,0.0,0.0,0.0,0.0,0.0,0.0,0.0,0.0,0.0,0.0,0.0,-511.1000061035156,-99.52999877929688,-21.520000457763672,0.0
1780960558206132409,184049,1780960558124052780,base_link,wheel_left_joint,wheel_right_joint,joint1,joint2,joint3,joint4,gripper,0.007669905200600624,0.0,-0.0015339808305725455,0.7669904232025146,-0.26998063921928406,-0.9203885197639465,0.0,0.0,0.0,0.0,0.0,0.0,0.0,0.0,0.0,0.0,0.0,-508.4100036621094,-91.45999908447266,-26.900001525878906,0.0
1780960558250259108,184050,1780960558224052780,base_link,wheel_left_joint,wheel_right_joint,joint1,joint2,joint3,joint4,gripper,0.007669905200600624,0.0,-0.0015339808305725455,0.7669904232025146,-0.26998063921928406,-0.9203885197639465,0.0,0.0,0.0,0.0,0.0,0.0,0.0,0.0,0.0,0.0,0.0,-508.4100036621094,-99.52999877929688,-24.21000099182129,0.0
1780960558334919907,184051,1780960558258052780,base_link,wheel_left_joint,wheel_right_joint,joint1,joint2,joint3,joint4,gripper,0.007669905200600624,0.0,-0.0015339808305725455,0.7669904232025146,-0.26998063921928406,-0.921922504901886,0.0,0.0,0.0,0.0,0.0,0.0,0.0,0.0,0.0,0.0,0.0,-511.1000061035156,-91.45999908447266,-16.139999389648438,0.0
1780960558380889381,184052,1780960558348052780,base_link,wheel_left_joint,wheel_right_joint,joint1,joint2,joint3,joint4,gripper,0.007669905200600624,0.0,-0.0015339808305725455,0.7685244083404541,-0.26998063921928406,-0.9203885197639465,0.0,0.0,0.0,0.0,0.0,0.0,0.0,0.0,0.0,0.0,0.0,-508.4100036621094,-96.84000396728516,-29.59000015258789,0.0
1780960558462061844,184053,1780960558382052780,base_link,wheel_left_joint,wheel_right_joint,joint1,joint2,joint3,joint4,gripper,0.007669905200600624,0.0,-0.0015339808305725455,0.7685244083404541,-0.26998063921928406,-0.9203885197639465,0.0,0.0,0.0,0.0,0.0,0.0,0.0,0.0,0.0,0.0,0.0,-508.4100036621094,-94.1500015258789,-21.520000457763672,0.0
1780960558500012988,184054,1780960558472052780,base_link,wheel_left_joint,wheel_right_joint,joint1,joint2,joint3,joint4,gripper,0.007669905200600624,0.0,-0.0015339808305725455,0.7669904232025146,-0.26998063921928406,-0.9203885197639465,0.0,0.0,0.0,0.0,0.0,0.0,0.0,0.0,0.0,0.0,0.0,-508.4100036621094,-94.1500015258789,-26.900001525878906,0.0
1780960558579979385,184055,1780960558506052780,base_link,wheel_left_joint,wheel_right_joint,joint1,joint2,joint3,joint4,gripper,0.007669905200600624,0.0,-0.0015339808305725455,0.7669904232025146,-0.26998063921928406,-0.9203885197639465,0.0,0.0,0.0,0.0,0.0,0.0,0.0,0.0,0.0,0.0,0.0,-508.4100036621094,-99.52999877929688,-21.520000457763672,0.0
1780960558632511946,184056,1780960558599052780,base_link,wheel_left_joint,wheel_right_joint,joint1,joint2,joint3,joint4,gripper,0.007669905200600624,0.0,-0.0015339808305725455,0.7669904232025146,-0.26998063921928406,-0.9203885197639465,0.0,0.0,0.0,0.0,0.0,0.0,0.0,0.0,0.0,0.0,0.0,-508.4100036621094,-86.08000183105469,-18.829999923706055,0.0
1780960558715010485,184057,1780960558633052780,base_link,wheel_left_joint,wheel_right_joint,joint1,joint2,joint3,joint4,gripper,0.007669905200600624,0.0,-0.0015339808305725455,0.7669904232025146,-0.26998063921928406,-0.9203885197639465,0.0,0.0,0.0,0.0,0.0,0.0,0.0,0.0,0.0,0.0,0.0,-508.4100036621094,-96.84000396728516,-16.139999389648438,0.0
