%time,field.header.seq,field.header.stamp,field.header.frame_id,field.name0,field.name1,field.name2,field.name3,field.name4,field.name5,field.name6,field.position0,field.position1,field.position2,field.position3,field.position4,field.position5,field.position6,field.velocity0,field.velocity1,field.velocity2,field.velocity3,field.velocity4,field.velocity5,field.velocity6,field.effort0,field.effort1,field.effort2,field.effort3,field.effort4,field.effort5,field.effort6
1780956627902442074,113932,1780956627875744035,base_link,wheel_left_joint,wheel_right_joint,joint1,joint2,joint3,joint4,gripper,0.006135923787951469,0.0,-0.004601942375302315,-1.5493206977844238,1.2379225492477417,0.5905826091766357,0.0,0.0,0.0,0.0,0.0,0.0,0.0,0.0,0.0,0.0,0.0,75.31999969482422,-338.94000244140625,-67.25,0.0
1780956627931873543,113933,1780956627945744035,base_link,wheel_left_joint,wheel_right_joint,joint1,joint2,joint3,joint4,gripper,0.006135923787951469,0.0,-0.004601942375302315,-1.5493206977844238,1.2379225492477417,0.5905826091766357,0.0,0.0,0.0,0.0,0.0,0.0,0.0,0.0,0.0,0.0,0.0,78.01000213623047,-338.94000244140625,-69.94000244140625,0.0
1780956627993601439,113934,1780956627979744035,base_link,wheel_left_joint,wheel_right_joint,joint1,joint2,joint3,joint4,gripper,0.006135923787951469,0.0,-0.004601942375302315,-1.5493206977844238,1.2379225492477417,0.5905826091766357,0.0,0.0,0.0,0.0,0.0,0.0,0.0,0.0,0.0,0.0,0.0,75.31999969482422,-338.94000244140625,-69.94000244140625,0.0
1780956628015025708,113935,1780956628029744035,base_link,wheel_left_joint,wheel_right_joint,joint1,joint2,joint3,joint4,gripper,0.006135923787951469,0.0,-0.004601942375302315,-1.5493206977844238,1.2379225492477417,0.5905826091766357,0.0,0.0,0.0,0.0,0.0,0.0,0.0,0.0,0.0,0.0,0.0,78.01000213623047,-341.6300048828125,-67.25,0.0
1780956628074804896,113936,1780956628063744035,base_link,wheel_left_joint,wheel_right_joint,joint1,joint2,joint3,joint4,gripper,0.006135923787951469,0.0,-0.004601942375302315,-1.5493206977844238,1.2379225492477417,0.5905826091766357,0.0,0.0,0.0,0.0,0.0,0.0,0.0,0.0,0.0,0.0,0.0,80.70000457763672,-341.6300048828125,-67.25,0.0
1780956628099127623,113937,1780956628115744035,base_link,wheel_left_joint,wheel_right_joint,joint1,joint2,joint3,joint4,gripper,0.006135923787951469,0.0,-0.004601942375302315,-1.5493206977844238,1.2394565343856812,0.5905826091766357,0.0,0.0,0.0,0.0,0.0,0.0,0.0,0.0,0.0,0.0,0.0,75.31999969482422,-338.94000244140625,-67.25,0.0
1780956628163090019,113938,1780956628149744035,base_link,wheel_left_joint,wheel_right_joint,joint1,joint2,joint3,joint4,gripper,0.006135923787951469,0.0,-0.004601942375302315,-1.5493206977844238,1.2379225492477417,0.5905826091766357,0.0,0.0,0.0,0.0,0.0,0.0,0.0,0.0,0.0,0.0,0.0,78.01000213623047,-338.94000244140625,-75.31999969482422,0.0
1780956628188988950,113939,1780956628202744035,base_link,wheel_left_joint,wheel_right_joint,joint1,joint2,joint3,joint4,gripper,0.006135923787951469,0.0,-0.004601942375302315,-1.5493206977844238,1.2379225492477417,0.5905826091766357,0.0,0.0,0.0,0.0,0.0,0.0,0.0,0.0,0.0,0.0,0.0,78.01000213623047,-338.94000244140625,-67.25,2.690000057220459
1780956628245688388,113940,1780956628236744035,base_link,wheel_left_joint,wheel_right_joint,joint1,joint2,joint3,joint4,gripper,0.006135923787951469,0.0,-0.004601942375302315,-1.5493206977844238,1.2379225492477417,0.5921165943145752,0.0,0.0,0.0,0.0,0.0,0.0,0.0,0.0,0.0,0.0,0.0,75.31999969482422,-338.94000244140625,-67.25,0.0
1780956628270015100,113941,1780956628283744035,base_link,wheel_left_joint,wheel_right_joint,joint1,joint2,joint3,joint4,gripper,0.006135923787951469,0.0,-0.004601942375302315,-1.5493206977844238,1.2379225492477417,0.5905826091766357,0.0,0.0,0.0,0.0,0.0,0.0,0.0,0.0,0.0,0.0,0.0,75.31999969482422,-338.94000244140625,-67.25,0.0
1780956628327717431,113942,1780956628317744035,base_link,wheel_left_joint,wheel_right_joint,joint1,joint2,joint3,joint4,gripper,0.006135923787951469,0.0,-0.004601942375302315,-1.5493206977844238,1.2394565343856812,0.5905826091766357,0.0,0.0,0.0,0.0,0.0,0.0,0.0,0.0,0.0,0.0,0.0,75.31999969482422,-338.94000244140625,-67.25,0.0
1780956628357417381,113943,1780956628372744035,base_link,wheel_left_joint,wheel_right_joint,joint1,joint2,joint3,joint4,gripper,0.006135923787951469,0.0,-0.004601942375302315,-1.5493206977844238,1.2379225492477417,0.5905826091766357,0.0,0.0,0.0,0.0,0.0,0.0,0.0,0.0,0.0,0.0,0.0,75.31999969482422,-338.94000244140625,-67.25,0.0
1780956628412771248,113944,1780956628406744035,base_link,wheel_left_joint,wheel_right_joint,joint1,joint2,joint3,joint4,gripper,0.006135923787951469,0.0,-0.004601942375302315,-1.5493206977844238,1.2379225492477417,0.5905826091766357,0.0,0.0,0.0,0.0,0.0,0.0,0.0,0.0,0.0,0.0,0.0,80.70000457763672,-338.94000244140625,-67.25,0.0
1780956628437454354,113945,1780956628455744035,base_link,wheel_left_joint,wheel_right_joint,joint1,joint2,joint3,joint4,gripper,0.006135923787951469,0.0,-0.004601942375302315,-1.5493206977844238,1.2379225492477417,0.5905826091766357,0.0,0.0,0.0,0.0,0.0,0.0,0.0,0.0,0.0,0.0,0.0,75.31999969482422,-338.94000244140625,-67.25,0.0
1780956628495654956,113946,1780956628489744035,base_link,wheel_left_joint,wheel_right_joint,joint1,joint2,joint3,joint4,gripper,0.006135923787951469,0.0,-0.004601942375302315,-1.5493206977844238,1.2379225492477417,0.5905826091766357,0.0,0.0,0.0,0.0,0.0,0.0,0.0,0.0,0.0,0.0,0.0,75.31999969482422,-338.94000244140625,-67.25,0.0
1780956628524102430,113947,1780956628540744035,base_link,wheel_left_joint,wheel_right_joint,joint1,joint2,joint3,joint4,gripper,0.006135923787951469,0.0,-0.004601942375302315,-1.5493206977844238,1.2379225492477417,0.5905826091766357,0.0,0.0,0.0,0.0,0.0,0.0,0.0,0.0,0.0,0.0,0.0,78.01000213623047,-341.6300048828125,-67.25,0.0
1780956628581180046,113948,1780956628574744035,base_link,wheel_left_joint,wheel_right_joint,joint1,joint2,joint3,joint4,gripper,0.006135923787951469,0.0,-0.004601942375302315,-1.5493206977844238,1.2379225492477417,0.5905826091766357,0.0,0.0,0.0,0.0,0.0,0.0,0.0,0.0,0.0,0.0,0.0,75.31999969482422,-338.94000244140625,-69.94000244140625,0.0
1780956628602874167,113949,1780956628619744035,base_link,wheel_left_joint,wheel_right_joint,joint1,joint2,joint3,joint4,gripper,0.006135923787951469,0.0,-0.004601942375302315,-1.5493206977844238,1.2379225492477417,0.5905826091766357,0.0,0.0,0.0,0.0,0.0,0.0,0.0,0.0,0.0,0.0,0.0,75.31999969482422,-338.94000244140625,-69.94000244140625,0.0
1780956628662091957,113950,1780956628653744035,base_link,wheel_left_joint,wheel_right_joint,joint1,joint2,joint3,joint4,gripper,0.006135923787951469,0.0,-0.004601942375302315,-1.5493206977844238,1.2379225492477417,0.5905826091766357,0.0,0.0,0.0,0.0,0.0,0.0,0.0,0.0,0.0,0.0,0.0,75.31999969482422,-341.6300048828125,-67.25,0.0
1780956628687968547,113951,1780956628702744035,base_link,wheel_left_joint,wheel_right_joint,joint1,joint2,joint3,joint4,gripper,0.006135923787951469,0.0,-0.004601942375302315,-1.5477867126464844,1.2379225492477417,0.5905826091766357,0.0,0.0,0.0,0.0,0.0,0.0,0.0,0.0,0.0,0.0,0.0,75.31999969482422,-341.6300048828125,-67.25,0.0
1780956628744377288,113952,1780956628736744035,base_link,wheel_left_joint,wheel_right_joint,joint1,joint2,joint3,joint4,gripper,0.006135923787951469,0.0,-0.004601942375302315,-1.5493206977844238,1.2379225492477417,0.5905826091766357,0.0,0.0,0.0,0.0,0.0,0.0,0.0,0.0,0.0,0.0,0.0,80.70000457763672,-338.94000244140625,-67.25,0.0
1780956628776255878,113953,1780956628755082475,base_link,wheel_left_joint,wheel_right_joint,joint1,joint2,joint3,joint4,gripper,0.006135923787951469,0.0,-0.004601942375302315,-1.5493206977844238,1.2379225492477417,0.5905826091766357,0.0,0.0,0.0,0.0,0.0,0.0,0.0,0.0,0.0,0.0,0.0,75.31999969482422,-338.94000244140625,-67.25,0.0
1780956628835821012,113954,1780956628789082475,base_link,wheel_left_joint,wheel_right_joint,joint1,joint2,joint3,joint4,gripper,0.006135923787951469,-0.0015339809469878674,-0.004601942375302315,-1.5493206977844238,1.2379225492477417,0.5905826091766357,0.0,0.0,-0.04511708766222,0.0,0.0,0.0,0.0,0.0,0.0,0.0,0.0,75.31999969482422,-338.94000244140625,-78.01000213623047,0.0
1780956628855251947,113955,1780956628840082475,base_link,wheel_left_joint,wheel_right_joint,joint1,joint2,joint3,joint4,gripper,0.006135923787951469,0.0,-0.004601942375302315,-1.5493206977844238,1.2379225492477417,0.5905826091766357,0.0,0.0,0.030078059062361717,0.0,0.0,0.0,0.0,0.0,0.0,0.0,0.0,75.31999969482422,-341.6300048828125,-67.25,0.0
1780956628911874614,113956,1780956628874082475,base_link,wheel_left_joint,wheel_right_joint,joint1,joint2,joint3,joint4,gripper,0.006135923787951469,0.0,-0.004601942375302315,-1.5493206977844238,1.2379225492477417,0.5905826091766357,0.0,0.0,0.0,0.0,0.0,0.0,0.0,0.0,0.0,0.0,0.0,78.01000213623047,-338.94000244140625,-67.25,0.0
1780956628941346705,113957,1780956628929082475,base_link,wheel_left_joint,wheel_right_joint,joint1,joint2,joint3,joint4,gripper,0.006135923787951469,0.0,-0.004601942375302315,-1.5493206977844238,1.2379225492477417,0.5905826091766357,0.0,0.0,0.0,0.0,0.0,0.0,0.0,0.0,0.0,0.0,0.0,75.31999969482422,-338.94000244140625,-67.25,0.0
1780956628999725804,113958,1780956628963082475,base_link,wheel_left_joint,wheel_right_joint,joint1,joint2,joint3,joint4,gripper,0.006135923787951469,0.0,-0.004601942375302315,-1.5493206977844238,1.2379225492477417,0.5905826091766357,0.0,0.0,0.0,0.0,0.0,0.0,0.0,0.0,0.0,0.0,0.0,75.31999969482422,-341.6300048828125,-69.94000244140625,0.0
1780956629039801092,113959,1780956629021082475,base_link,wheel_left_joint,wheel_right_joint,joint1,joint2,joint3,joint4,gripper,0.006135923787951469,0.0,-0.004601942375302315,-1.5493206977844238,1.2379225492477417,0.5905826091766357,0.0,0.0,0.0,0.0,0.0,0.0,0.0,0.0,0.0,0.0,0.0,75.31999969482422,-338.94000244140625,-67.25,0.0
1780956629099567393,113960,1780956629055082475,base_link,wheel_left_joint,wheel_right_joint,joint1,joint2,joint3,joint4,gripper,0.006135923787951469,-0.0015339809469878674,-0.004601942375302315,-1.5493206977844238,1.2379225492477417,0.5905826091766357,0.0,0.0,-0.04511708766222,0.0,0.0,0.0,0.0,0.0,0.0,0.0,0.0,75.31999969482422,-338.94000244140625,-67.25,0.0
1780956629124485134,113961,1780956629103082475,base_link,wheel_left_joint,wheel_right_joint,joint1,joint2,joint3,joint4,gripper,0.006135923787951469,0.0,-0.004601942375302315,-1.5493206977844238,1.2379225492477417,0.5905826091766357,0.0,0.0,0.03195793926715851,0.0,0.0,0.0,0.0,0.0,0.0,0.0,0.0,75.31999969482422,-338.94000244140625,-67.25,0.0
1780956629180503464,113962,1780956629137082475,base_link,wheel_left_joint,wheel_right_joint,joint1,joint2,joint3,joint4,gripper,0.006135923787951469,0.0,-0.003067961661145091,-1.5493206977844238,1.2379225492477417,0.5905826091766357,0.0,0.0,0.0,0.0,0.0,0.0,0.0,0.0,0.0,0.0,0.0,80.70000457763672,-338.94000244140625,-69.94000244140625,0.0
1780956629208885858,113963,1780956629192082475,base_link,wheel_left_joint,wheel_right_joint,joint1,joint2,joint3,joint4,gripper,0.006135923787951469,0.0,-0.004601942375302315,-1.5493206977844238,1.2379225492477417,0.5905826091766357,0.0,0.0,0.0,0.0,0.0,0.0,0.0,0.0,0.0,0.0,0.0,75.31999969482422,-341.6300048828125,-67.25,0.0
1780956629267019578,113964,1780956629226082475,base_link,wheel_left_joint,wheel_right_joint,joint1,joint2,joint3,joint4,gripper,0.006135923787951469,-0.0015339809469878674,-0.004601942375302315,-1.5493206977844238,1.2379225492477417,0.5905826091766357,0.0,0.0,-0.04511708766222,0.0,0.0,0.0,0.0,0.0,0.0,0.0,0.0,75.31999969482422,-338.94000244140625,-69.94000244140625,0.0
1780956629291618184,113965,1780956629275082475,base_link,wheel_left_joint,wheel_right_joint,joint1,joint2,joint3,joint4,gripper,0.006135923787951469,0.0,-0.004601942375302315,-1.5493206977844238,1.2394565343856812,0.5905826091766357,0.0,0.0,0.03130573406815529,0.0,0.0,0.0,0.0,0.0,0.0,0.0,0.0,75.31999969482422,-338.94000244140625,-67.25,0.0
1780956629347306634,113966,1780956629309082475,base_link,wheel_left_joint,wheel_right_joint,joint1,joint2,joint3,joint4,gripper,0.006135923787951469,0.0,-0.004601942375302315,-1.5493206977844238,1.2379225492477417,0.5905826091766357,0.0,0.0,0.0,0.0,0.0,0.0,0.0,0.0,0.0,0.0,0.0,80.70000457763672,-338.94000244140625,-69.94000244140625,0.0
1780956629377004847,113967,1780956629359082475,base_link,wheel_left_joint,wheel_right_joint,joint1,joint2,joint3,joint4,gripper,0.006135923787951469,0.0,-0.004601942375302315,-1.5493206977844238,1.2379225492477417,0.5905826091766357,0.0,0.0,0.0,0.0,0.0,0.0,0.0,0.0,0.0,0.0,0.0,78.01000213623047,-338.94000244140625,-69.94000244140625,0.0
1780956629437483955,113968,1780956629393082475,base_link,wheel_left_joint,wheel_right_joint,joint1,joint2,joint3,joint4,gripper,0.006135923787951469,0.0,-0.004601942375302315,-1.5493206977844238,1.2379225492477417,0.5905826091766357,0.0,0.0,0.0,0.0,0.0,0.0,0.0,0.0,0.0,0.0,0.0,75.31999969482422,-338.94000244140625,-69.94000244140625,0.0
1780956629463762905,113969,1780956629442082475,base_link,wheel_left_joint,wheel_right_joint,joint1,joint2,joint3,joint4,gripper,0.006135923787951469,0.0,-0.004601942375302315,-1.5493206977844238,1.2379225492477417,0.5905826091766357,0.0,0.0,0.0,0.0,0.0,0.0,0.0,0.0,0.0,0.0,0.0,80.70000457763672,-338.94000244140625,-67.25,0.0
1780956629523166222,113970,1780956629476082475,base_link,wheel_left_joint,wheel_right_joint,joint1,joint2,joint3,joint4,gripper,0.006135923787951469,0.0,-0.004601942375302315,-1.5493206977844238,1.2379225492477417,0.5905826091766357,0.0,0.0,0.0,0.0,0.0,0.0,0.0,0.0,0.0,0.0,0.0,75.31999969482422,-341.6300048828125,-67.25,0.0
1780956629544820007,113971,1780956629532082475,base_link,wheel_left_joint,wheel_right_joint,joint1,joint2,joint3,joint4,gripper,0.006135923787951469,0.0,-0.004601942375302315,-1.5493206977844238,1.2379225492477417,0.5905826091766357,0.0,0.0,0.0,0.0,0.0,0.0,0.0,0.0,0.0,0.0,0.0,78.01000213623047,-338.94000244140625,-75.31999969482422,0.0
1780956629603196737,113972,1780956629566082475,base_link,wheel_left_joint,wheel_right_joint,joint1,joint2,joint3,joint4,gripper,0.006135923787951469,0.0,-0.004601942375302315,-1.5493206977844238,1.2379225492477417,0.5905826091766357,0.0,0.0,0.0,0.0,0.0,0.0,0.0,0.0,0.0,0.0,0.0,75.31999969482422,-341.6300048828125,-67.25,0.0
1780956629632029673,113973,1780956629614082475,base_link,wheel_left_joint,wheel_right_joint,joint1,joint2,joint3,joint4,gripper,0.006135923787951469,0.0,-0.004601942375302315,-1.5493206977844238,1.2379225492477417,0.5905826091766357,0.0,0.0,0.0,0.0,0.0,0.0,0.0,0.0,0.0,0.0,0.0,78.01000213623047,-338.94000244140625,-69.94000244140625,0.0
1780956629692728226,113974,1780956629648082475,base_link,wheel_left_joint,wheel_right_joint,joint1,joint2,joint3,joint4,gripper,0.006135923787951469,0.0,-0.004601942375302315,-1.5493206977844238,1.2379225492477417,0.5905826091766357,0.0,0.0,0.0,0.0,0.0,0.0,0.0,0.0,0.0,0.0,0.0,75.31999969482422,-338.94000244140625,-67.25,0.0
1780956629714765299,113975,1780956629696082475,base_link,wheel_left_joint,wheel_right_joint,joint1,joint2,joint3,joint4,gripper,0.006135923787951469,0.0,-0.004601942375302315,-1.5493206977844238,1.2379225492477417,0.5905826091766357,0.0,0.0,0.0,0.0,0.0,0.0,0.0,0.0,0.0,0.0,0.0,75.31999969482422,-338.94000244140625,-67.25,0.0
1780956629775536570,113976,1780956629730082475,base_link,wheel_left_joint,wheel_right_joint,joint1,joint2,joint3,joint4,gripper,0.006135923787951469,0.0,-0.004601942375302315,-1.5493206977844238,1.2379225492477417,0.5905826091766357,0.0,0.0,0.0,0.0,0.0,0.0,0.0,0.0,0.0,0.0,0.0,75.31999969482422,-338.94000244140625,-67.25,0.0
1780956629805760229,113977,1780956629788082475,base_link,wheel_left_joint,wheel_right_joint,joint1,joint2,joint3,joint4,gripper,0.006135923787951469,0.0,-0.004601942375302315,-1.5493206977844238,1.2379225492477417,0.5905826091766357,0.0,0.0,0.0,0.0,0.0,0.0,0.0,0.0,0.0,0.0,0.0,75.31999969482422,-341.6300048828125,-67.25,0.0
1780956629864002046,113978,1780956629822082475,base_link,wheel_left_joint,wheel_right_joint,joint1,joint2,joint3,joint4,gripper,0.006135923787951469,0.0,-0.004601942375302315,-1.5493206977844238,1.2379225492477417,0.5905826091766357,0.0,0.0,0.0,0.0,0.0,0.0,0.0,0.0,0.0,0.0,0.0,75.31999969482422,-338.94000244140625,-67.25,0.0
1780956629889626564,113979,1780956629869082475,base_link,wheel_left_joint,wheel_right_joint,joint1,joint2,joint3,joint4,gripper,0.006135923787951469,0.0,-0.004601942375302315,-1.5493206977844238,1.2379225492477417,0.5905826091766357,0.0,0.0,0.0,0.0,0.0,0.0,0.0,0.0,0.0,0.0,0.0,78.01000213623047,-338.94000244140625,-67.25,0.0
1780956629946225021,113980,1780956629903082475,base_link,wheel_left_joint,wheel_right_joint,joint1,joint2,joint3,joint4,gripper,0.006135923787951469,0.0,-0.004601942375302315,-1.5493206977844238,1.2379225492477417,0.5905826091766357,0.0,0.0,0.0,0.0,0.0,0.0,0.0,0.0,0.0,0.0,0.0,75.31999969482422,-338.94000244140625,-67.25,0.0
1780956629970345457,113981,1780956629954082475,base_link,wheel_left_joint,wheel_right_joint,joint1,joint2,joint3,joint4,gripper,0.006135923787951469,0.0,-0.004601942375302315,-1.5493206977844238,1.2379225492477417,0.5905826091766357,0.0,0.0,0.0,0.0,0.0,0.0,0.0,0.0,0.0,0.0,0.0,78.01000213623047,-338.94000244140625,-67.25,0.0
1780956630028091372,113982,1780956629988082475,base_link,wheel_left_joint,wheel_right_joint,joint1,joint2,joint3,joint4,gripper,0.006135923787951469,0.0,-0.004601942375302315,-1.5493206977844238,1.2379225492477417,0.5905826091766357,0.0,0.0,0.0,0.0,0.0,0.0,0.0,0.0,0.0,0.0,0.0,75.31999969482422,-338.94000244140625,-67.25,0.0
1780956630050511118,113983,1780956630038082475,base_link,wheel_left_joint,wheel_right_joint,joint1,joint2,joint3,joint4,gripper,0.006135923787951469,0.0,-0.004601942375302315,-1.5493206977844238,1.2379225492477417,0.5905826091766357,0.0,0.0,0.0,0.0,0.0,0.0,0.0,0.0,0.0,0.0,0.0,75.31999969482422,-338.94000244140625,-67.25,0.0
1780956630109565220,113984,1780956630072082475,base_link,wheel_left_joint,wheel_right_joint,joint1,joint2,joint3,joint4,gripper,0.006135923787951469,0.0,-0.004601942375302315,-1.5493206977844238,1.2379225492477417,0.5905826091766357,0.0,0.0,0.0,0.0,0.0,0.0,0.0,0.0,0.0,0.0,0.0,78.01000213623047,-338.94000244140625,-67.25,0.0
1780956630138195426,113985,1780956630120082475,base_link,wheel_left_joint,wheel_right_joint,joint1,joint2,joint3,joint4,gripper,0.006135923787951469,0.0,-0.004601942375302315,-1.5493206977844238,1.2379225492477417,0.5905826091766357,0.0,0.0,0.0,0.0,0.0,0.0,0.0,0.0,0.0,0.0,0.0,75.31999969482422,-341.6300048828125,-67.25,0.0
1780956630196428223,113986,1780956630154082475,base_link,wheel_left_joint,wheel_right_joint,joint1,joint2,joint3,joint4,gripper,0.006135923787951469,0.0,-0.004601942375302315,-1.5493206977844238,1.2379225492477417,0.5905826091766357,0.0,0.0,0.0,0.0,0.0,0.0,0.0,0.0,0.0,0.0,0.0,75.31999969482422,-338.94000244140625,-75.31999969482422,0.0
1780956630220412002,113987,1780956630202082475,base_link,wheel_left_joint,wheel_right_joint,joint1,joint2,joint3,joint4,gripper,0.006135923787951469,0.0,-0.004601942375302315,-1.5493206977844238,1.2379225492477417,0.5905826091766357,0.0,0.0,0.0,0.0,0.0,0.0,0.0,0.0,0.0,0.0,0.0,75.31999969482422,-338.94000244140625,-67.25,0.0
1780956630277952650,113988,1780956630236082475,base_link,wheel_left_joint,wheel_right_joint,joint1,joint2,joint3,joint4,gripper,0.006135923787951469,0.0,-0.003067961661145091,-1.5493206977844238,1.2379225492477417,0.5905826091766357,0.0,0.0,0.0,0.0,0.0,0.0,0.0,0.0,0.0,0.0,0.0,75.31999969482422,-341.6300048828125,-67.25,0.0
1780956630307007511,113989,1780956630287082475,base_link,wheel_left_joint,wheel_right_joint,joint1,joint2,joint3,joint4,gripper,0.006135923787951469,0.0,-0.004601942375302315,-1.5493206977844238,1.2379225492477417,0.5905826091766357,0.0,0.0,0.0,0.0,0.0,0.0,0.0,0.0,0.0,0.0,0.0,75.31999969482422,-341.6300048828125,-72.6300048828125,0.0
1780956630366497622,113990,1780956630321082475,base_link,wheel_left_joint,wheel_right_joint,joint1,joint2,joint3,joint4,gripper,0.006135923787951469,0.0,-0.004601942375302315,-1.5493206977844238,1.2379225492477417,0.5905826091766357,0.0,0.0,0.0,0.0,0.0,0.0,0.0,0.0,0.0,0.0,0.0,75.31999969482422,-338.94000244140625,-67.25,0.0
1780956630391135674,113991,1780956630370082475,base_link,wheel_left_joint,wheel_right_joint,joint1,joint2,joint3,joint4,gripper,0.006135923787951469,0.0,-0.004601942375302315,-1.5493206977844238,1.2379225492477417,0.5905826091766357,0.0,0.0,0.0,0.0,0.0,0.0,0.0,0.0,0.0,0.0,0.0,78.01000213623047,-341.6300048828125,-69.94000244140625,0.0
1780956630447041757,113992,1780956630404082475,base_link,wheel_left_joint,wheel_right_joint,joint1,joint2,joint3,joint4,gripper,0.006135923787951469,0.0,-0.004601942375302315,-1.5493206977844238,1.2379225492477417,0.5905826091766357,0.0,0.0,0.0,0.0,0.0,0.0,0.0,0.0,0.0,0.0,0.0,75.31999969482422,-338.94000244140625,-67.25,0.0
1780956630472003654,113993,1780956630458082475,base_link,wheel_left_joint,wheel_right_joint,joint1,joint2,joint3,joint4,gripper,0.007669905200600624,0.0,-0.004601942375302315,-1.5493206977844238,1.2379225492477417,0.5905826091766357,0.0,0.028407055884599686,0.0,0.0,0.0,0.0,0.0,0.0,0.0,0.0,0.0,78.01000213623047,-338.94000244140625,-67.25,0.0
1780956630533094489,113994,1780956630492082475,base_link,wheel_left_joint,wheel_right_joint,joint1,joint2,joint3,joint4,gripper,0.006135923787951469,0.0,-0.004601942375302315,-1.5493206977844238,1.2379225492477417,0.5905826091766357,0.0,-0.04511708766222,0.0,0.0,0.0,0.0,0.0,0.0,0.0,0.0,0.0,78.01000213623047,-341.6300048828125,-69.94000244140625,0.0
1780956630576998121,113995,1780956630544082475,base_link,wheel_left_joint,wheel_right_joint,joint1,joint2,joint3,joint4,gripper,0.006135923787951469,0.0,-0.004601942375302315,-1.5493206977844238,1.2379225492477417,0.5905826091766357,0.0,0.0,0.0,0.0,0.0,0.0,0.0,0.0,0.0,0.0,0.0,75.31999969482422,-341.6300048828125,-67.25,0.0
1780956630671347827,113996,1780956630578082475,base_link,wheel_left_joint,wheel_right_joint,joint1,joint2,joint3,joint4,gripper,0.006135923787951469,0.0,-0.004601942375302315,-1.5493206977844238,1.2379225492477417,0.5905826091766357,0.0,0.0,0.0,0.0,0.0,0.0,0.0,0.0,0.0,0.0,0.0,78.01000213623047,-338.94000244140625,-67.25,0.0
1780956630709253798,113997,1780956630659082475,base_link,wheel_left_joint,wheel_right_joint,joint1,joint2,joint3,joint4,gripper,0.006135923787951469,0.0,-0.004601942375302315,-1.5493206977844238,1.2379225492477417,0.5905826091766357,0.0,0.0,0.0,0.0,0.0,0.0,0.0,0.0,0.0,0.0,0.0,78.01000213623047,-338.94000244140625,-67.25,0.0
1780956630800191631,113998,1780956630693082475,base_link,wheel_left_joint,wheel_right_joint,joint1,joint2,joint3,joint4,gripper,0.006135923787951469,0.0,-0.004601942375302315,-1.5493206977844238,1.2379225492477417,0.5905826091766357,0.0,0.0,0.0,0.0,0.0,0.0,0.0,0.0,0.0,0.0,0.0,75.31999969482422,-338.94000244140625,-67.25,0.0
1780956630835935717,113999,1780956630783082475,base_link,wheel_left_joint,wheel_right_joint,joint1,joint2,joint3,joint4,gripper,0.006135923787951469,0.0,-0.004601942375302315,-1.5493206977844238,1.2379225492477417,0.5905826091766357,0.0,0.0,0.0,0.0,0.0,0.0,0.0,0.0,0.0,0.0,0.0,75.31999969482422,-338.94000244140625,-67.25,0.0
1780956630933452508,114000,1780956630817082475,base_link,wheel_left_joint,wheel_right_joint,joint1,joint2,joint3,joint4,gripper,0.006135923787951469,0.0,-0.004601942375302315,-1.5493206977844238,1.2379225492477417,0.5905826091766357,0.0,0.0,0.0,0.0,0.0,0.0,0.0,0.0,0.0,0.0,0.0,75.31999969482422,-341.6300048828125,-69.94000244140625,0.0
1780956630962623938,114001,1780956630915082475,base_link,wheel_left_joint,wheel_right_joint,joint1,joint2,joint3,joint4,gripper,0.006135923787951469,-0.0015339809469878674,-0.004601942375302315,-1.5493206977844238,1.2379225492477417,0.5905826091766357,0.0,0.0,-0.015652867034077644,0.0,0.0,0.0,0.0,0.0,0.0,0.0,0.0,78.01000213623047,-338.94000244140625,-67.25,0.0
1780956631056388749,114002,1780956630949082475,base_link,wheel_left_joint,wheel_right_joint,joint1,joint2,joint3,joint4,gripper,0.006135923787951469,0.0,-0.004601942375302315,-1.5493206977844238,1.2394565343856812,0.5905826091766357,0.0,0.0,0.04511708766222,0.0,0.0,0.0,0.0,0.0,0.0,0.0,0.0,72.6300048828125,-338.94000244140625,-67.25,0.0
1780956631096269296,114003,1780956631046082475,base_link,wheel_left_joint,wheel_right_joint,joint1,joint2,joint3,joint4,gripper,0.006135923787951469,0.0,-0.004601942375302315,-1.5493206977844238,1.2379225492477417,0.5905826091766357,0.0,0.0,0.0,0.0,0.0,0.0,0.0,0.0,0.0,0.0,0.0,78.01000213623047,-338.94000244140625,-67.25,0.0
1780956631187833806,114004,1780956631080082475,base_link,wheel_left_joint,wheel_right_joint,joint1,joint2,joint3,joint4,gripper,0.006135923787951469,0.0,-0.004601942375302315,-1.5493206977844238,1.2379225492477417,0.5905826091766357,0.0,0.0,0.0,0.0,0.0,0.0,0.0,0.0,0.0,0.0,0.0,75.31999969482422,-341.6300048828125,-67.25,0.0
1780956631229622626,114005,1780956631176082475,base_link,wheel_left_joint,wheel_right_joint,joint1,joint2,joint3,joint4,gripper,0.006135923787951469,0.0,-0.004601942375302315,-1.5493206977844238,1.2379225492477417,0.5905826091766357,0.0,0.0,0.0,0.0,0.0,0.0,0.0,0.0,0.0,0.0,0.0,75.31999969482422,-341.6300048828125,-67.25,0.0
1780956631323093608,114006,1780956631210082475,base_link,wheel_left_joint,wheel_right_joint,joint1,joint2,joint3,joint4,gripper,0.006135923787951469,0.0,-0.004601942375302315,-1.5493206977844238,1.2379225492477417,0.5905826091766357,0.0,0.0,0.0,0.0,0.0,0.0,0.0,0.0,0.0,0.0,0.0,75.31999969482422,-338.94000244140625,-67.25,0.0
1780956631359959732,114007,1780956631332067831,base_link,wheel_left_joint,wheel_right_joint,joint1,joint2,joint3,joint4,gripper,0.006135923787951469,0.0,-0.004601942375302315,-1.5493206977844238,1.2379225492477417,0.5905826091766357,0.0,0.0,0.0,0.0,0.0,0.0,0.0,0.0,0.0,0.0,0.0,75.31999969482422,-338.94000244140625,-72.6300048828125,0.0
1780956631457035002,114008,1780956631366067831,base_link,wheel_left_joint,wheel_right_joint,joint1,joint2,joint3,joint4,gripper,0.006135923787951469,0.0,-0.004601942375302315,-1.5493206977844238,1.2379225492477417,0.5905826091766357,0.0,0.0,0.0,0.0,0.0,0.0,0.0,0.0,0.0,0.0,0.0,75.31999969482422,-338.94000244140625,-67.25,0.0
1780956631479384286,114009,1780956631461067831,base_link,wheel_left_joint,wheel_right_joint,joint1,joint2,joint3,joint4,gripper,0.006135923787951469,0.0,-0.004601942375302315,-1.5493206977844238,1.2379225492477417,0.5905826091766357,0.0,0.0,0.0,0.0,0.0,0.0,0.0,0.0,0.0,0.0,0.0,78.01000213623047,-338.94000244140625,-67.25,0.0
1780956631571504369,114010,1780956631495067831,base_link,wheel_left_joint,wheel_right_joint,joint1,joint2,joint3,joint4,gripper,0.006135923787951469,0.0,-0.004601942375302315,-1.5493206977844238,1.2379225492477417,0.5905826091766357,0.0,0.0,0.0,0.0,0.0,0.0,0.0,0.0,0.0,0.0,0.0,78.01000213623047,-338.94000244140625,-67.25,0.0
1780956631607480858,114011,1780956631591067831,base_link,wheel_left_joint,wheel_right_joint,joint1,joint2,joint3,joint4,gripper,0.006135923787951469,0.0,-0.004601942375302315,-1.5493206977844238,1.2379225492477417,0.5905826091766357,0.0,0.0,0.0,0.0,0.0,0.0,0.0,0.0,0.0,0.0,0.0,75.31999969482422,-338.94000244140625,-67.25,0.0
1780956631699969980,114012,1780956631625067831,base_link,wheel_left_joint,wheel_right_joint,joint1,joint2,joint3,joint4,gripper,0.006135923787951469,0.0,-0.004601942375302315,-1.5493206977844238,1.2379225492477417,0.5905826091766357,0.0,0.0,0.0,0.0,0.0,0.0,0.0,0.0,0.0,0.0,0.0,78.01000213623047,-338.94000244140625,-69.94000244140625,0.0
1780956631735387757,114013,1780956631718067831,base_link,wheel_left_joint,wheel_right_joint,joint1,joint2,joint3,joint4,gripper,0.006135923787951469,-0.0015339809469878674,-0.004601942375302315,-1.5493206977844238,1.2379225492477417,0.5905826091766357,0.0,0.0,-0.016494419425725937,0.0,0.0,0.0,0.0,0.0,0.0,0.0,0.0,75.31999969482422,-341.6300048828125,-67.25,0.0
1780956631828980609,114014,1780956631752067831,base_link,wheel_left_joint,wheel_right_joint,joint1,joint2,joint3,joint4,gripper,0.006135923787951469,0.0,-0.004601942375302315,-1.5493206977844238,1.2379225492477417,0.5921165943145752,0.0,0.0,0.04511708766222,0.0,0.0,0.0,0.0,0.0,0.0,0.0,0.0,78.01000213623047,-338.94000244140625,-67.25,0.0
1780956631863578034,114015,1780956631844067831,base_link,wheel_left_joint,wheel_right_joint,joint1,joint2,joint3,joint4,gripper,0.006135923787951469,0.0,-0.004601942375302315,-1.5493206977844238,1.2379225492477417,0.5905826091766357,0.0,0.0,0.0,0.0,0.0,0.0,0.0,0.0,0.0,0.0,0.0,75.31999969482422,-338.94000244140625,-72.6300048828125,0.0
1780956631962286552,114016,1780956631878067831,base_link,wheel_left_joint,wheel_right_joint,joint1,joint2,joint3,joint4,gripper,0.006135923787951469,0.0,-0.004601942375302315,-1.5493206977844238,1.2379225492477417,0.5905826091766357,0.0,0.0,0.0,0.0,0.0,0.0,0.0,0.0,0.0,0.0,0.0,75.31999969482422,-338.94000244140625,-67.25,0.0
1780956631998115664,114017,1780956631977067831,base_link,wheel_left_joint,wheel_right_joint,joint1,joint2,joint3,joint4,gripper,0.006135923787951469,0.0,-0.004601942375302315,-1.5493206977844238,1.2379225492477417,0.5905826091766357,0.0,0.0,0.0,0.0,0.0,0.0,0.0,0.0,0.0,0.0,0.0,78.01000213623047,-338.94000244140625,-67.25,0.0
1780956632091728025,114018,1780956632011067831,base_link,wheel_left_joint,wheel_right_joint,joint1,joint2,joint3,joint4,gripper,0.006135923787951469,0.0,-0.004601942375302315,-1.5493206977844238,1.2379225492477417,0.5905826091766357,0.0,0.0,0.0,0.0,0.0,0.0,0.0,0.0,0.0,0.0,0.0,78.01000213623047,-338.94000244140625,-67.25,0.0
1780956632126929419,114019,1780956632109067831,base_link,wheel_left_joint,wheel_right_joint,joint1,joint2,joint3,joint4,gripper,0.006135923787951469,0.0,-0.004601942375302315,-1.5493206977844238,1.2379225492477417,0.5905826091766357,0.0,0.0,0.0,0.0,0.0,0.0,0.0,0.0,0.0,0.0,0.0,75.31999969482422,-341.6300048828125,-67.25,0.0
1780956632221009817,114020,1780956632143067831,base_link,wheel_left_joint,wheel_right_joint,joint1,joint2,joint3,joint4,gripper,0.006135923787951469,0.0,-0.004601942375302315,-1.5493206977844238,1.2379225492477417,0.5905826091766357,0.0,0.0,0.0,0.0,0.0,0.0,0.0,0.0,0.0,0.0,0.0,75.31999969482422,-338.94000244140625,-67.25,0.0
1780956632258281926,114021,1780956632236067831,base_link,wheel_left_joint,wheel_right_joint,joint1,joint2,joint3,joint4,gripper,0.006135923787951469,0.0,-0.004601942375302315,-1.5493206977844238,1.2379225492477417,0.5905826091766357,0.0,0.0,0.0,0.0,0.0,0.0,0.0,0.0,0.0,0.0,0.0,75.31999969482422,-338.94000244140625,-67.25,0.0
1780956632352383924,114022,1780956632270067831,base_link,wheel_left_joint,wheel_right_joint,joint1,joint2,joint3,joint4,gripper,0.006135923787951469,0.0,-0.004601942375302315,-1.5493206977844238,1.2379225492477417,0.5905826091766357,0.0,0.0,0.0,0.0,0.0,0.0,0.0,0.0,0.0,0.0,0.0,78.01000213623047,-338.94000244140625,-69.94000244140625,0.0
1780956632391774810,114023,1780956632369067831,base_link,wheel_left_joint,wheel_right_joint,joint1,joint2,joint3,joint4,gripper,0.006135923787951469,0.0,-0.004601942375302315,-1.5493206977844238,1.2379225492477417,0.5905826091766357,0.0,0.0,0.0,0.0,0.0,0.0,0.0,0.0,0.0,0.0,0.0,78.01000213623047,-338.94000244140625,-67.25,0.0
1780956632482776346,114024,1780956632403067831,base_link,wheel_left_joint,wheel_right_joint,joint1,joint2,joint3,joint4,gripper,0.006135923787951469,0.0,-0.004601942375302315,-1.5493206977844238,1.2379225492477417,0.5905826091766357,0.0,0.0,0.0,0.0,0.0,0.0,0.0,0.0,0.0,0.0,0.0,75.31999969482422,-338.94000244140625,-67.25,0.0
1780956632519576739,114025,1780956632502067831,base_link,wheel_left_joint,wheel_right_joint,joint1,joint2,joint3,joint4,gripper,0.006135923787951469,0.0,-0.004601942375302315,-1.5493206977844238,1.2379225492477417,0.5905826091766357,0.0,0.0,0.0,0.0,0.0,0.0,0.0,0.0,0.0,0.0,0.0,75.31999969482422,-341.6300048828125,-67.25,0.0
1780956632612539419,114026,1780956632536067831,base_link,wheel_left_joint,wheel_right_joint,joint1,joint2,joint3,joint4,gripper,0.006135923787951469,0.0,-0.004601942375302315,-1.5493206977844238,1.2379225492477417,0.5905826091766357,0.0,0.0,0.0,0.0,0.0,0.0,0.0,0.0,0.0,0.0,0.0,75.31999969482422,-338.94000244140625,-67.25,0.0
1780956632649975140,114027,1780956632631067831,base_link,wheel_left_joint,wheel_right_joint,joint1,joint2,joint3,joint4,gripper,0.006135923787951469,0.0,-0.004601942375302315,-1.5493206977844238,1.2379225492477417,0.5905826091766357,0.0,0.0,0.0,0.0,0.0,0.0,0.0,0.0,0.0,0.0,0.0,75.31999969482422,-338.94000244140625,-69.94000244140625,0.0
1780956632743461720,114028,1780956632665067831,base_link,wheel_left_joint,wheel_right_joint,joint1,joint2,joint3,joint4,gripper,0.006135923787951469,0.0,-0.004601942375302315,-1.5493206977844238,1.2379225492477417,0.5905826091766357,0.0,0.0,0.0,0.0,0.0,0.0,0.0,0.0,0.0,0.0,0.0,75.31999969482422,-338.94000244140625,-67.25,0.0
1780956632780076371,114029,1780956632762067831,base_link,wheel_left_joint,wheel_right_joint,joint1,joint2,joint3,joint4,gripper,0.006135923787951469,0.0,-0.004601942375302315,-1.5493206977844238,1.2379225492477417,0.5905826091766357,0.0,0.0,0.0,0.0,0.0,0.0,0.0,0.0,0.0,0.0,0.0,75.31999969482422,-338.94000244140625,-67.25,0.0
1780956632872507112,114030,1780956632796067831,base_link,wheel_left_joint,wheel_right_joint,joint1,joint2,joint3,joint4,gripper,0.006135923787951469,0.0,-0.004601942375302315,-1.5493206977844238,1.2379225492477417,0.5905826091766357,0.0,0.0,0.0,0.0,0.0,0.0,0.0,0.0,0.0,0.0,0.0,75.31999969482422,-338.94000244140625,-67.25,0.0
1780956632907847879,114031,1780956632891067831,base_link,wheel_left_joint,wheel_right_joint,joint1,joint2,joint3,joint4,gripper,0.006135923787951469,0.0,-0.004601942375302315,-1.5493206977844238,1.2379225492477417,0.5905826091766357,0.0,0.0,0.0,0.0,0.0,0.0,0.0,0.0,0.0,0.0,0.0,78.01000213623047,-338.94000244140625,-67.25,0.0
1780956633005413364,114032,1780956632925067831,base_link,wheel_left_joint,wheel_right_joint,joint1,joint2,joint3,joint4,gripper,0.006135923787951469,0.0,-0.004601942375302315,-1.5493206977844238,1.2379225492477417,0.5905826091766357,0.0,0.0,0.0,0.0,0.0,0.0,0.0,0.0,0.0,0.0,0.0,75.31999969482422,-338.94000244140625,-67.25,0.0
1780956633041591528,114033,1780956633021067831,base_link,wheel_left_joint,wheel_right_joint,joint1,joint2,joint3,joint4,gripper,0.006135923787951469,0.0,-0.004601942375302315,-1.5493206977844238,1.2379225492477417,0.5905826091766357,0.0,0.0,0.0,0.0,0.0,0.0,0.0,0.0,0.0,0.0,0.0,75.31999969482422,-338.94000244140625,-67.25,0.0
1780956633133091682,114034,1780956633055067831,base_link,wheel_left_joint,wheel_right_joint,joint1,joint2,joint3,joint4,gripper,0.006135923787951469,0.0,-0.004601942375302315,-1.5493206977844238,1.2379225492477417,0.5905826091766357,0.0,0.0,0.0,0.0,0.0,0.0,0.0,0.0,0.0,0.0,0.0,75.31999969482422,-338.94000244140625,-67.25,0.0
1780956633163109682,114035,1780956633142067831,base_link,wheel_left_joint,wheel_right_joint,joint1,joint2,joint3,joint4,gripper,0.006135923787951469,0.0,-0.004601942375302315,-1.5493206977844238,1.2379225492477417,0.5905826091766357,0.0,0.0,0.0,0.0,0.0,0.0,0.0,0.0,0.0,0.0,0.0,78.01000213623047,-341.6300048828125,-67.25,0.0
1780956633252984411,114036,1780956633176067831,base_link,wheel_left_joint,wheel_right_joint,joint1,joint2,joint3,joint4,gripper,0.006135923787951469,0.0,-0.004601942375302315,-1.5493206977844238,1.2379225492477417,0.5905826091766357,0.0,0.0,0.0,0.0,0.0,0.0,0.0,0.0,0.0,0.0,0.0,78.01000213623047,-341.6300048828125,-67.25,0.0
1780956633292185310,114037,1780956633272067831,base_link,wheel_left_joint,wheel_right_joint,joint1,joint2,joint3,joint4,gripper,0.006135923787951469,0.0,-0.004601942375302315,-1.5493206977844238,1.2379225492477417,0.5905826091766357,0.0,0.0,0.0,0.0,0.0,0.0,0.0,0.0,0.0,0.0,0.0,78.01000213623047,-338.94000244140625,-67.25,0.0
1780956633380424734,114038,1780956633306067831,base_link,wheel_left_joint,wheel_right_joint,joint1,joint2,joint3,joint4,gripper,0.006135923787951469,0.0,-0.004601942375302315,-1.5493206977844238,1.2379225492477417,0.5905826091766357,0.0,0.0,0.0,0.0,0.0,0.0,0.0,0.0,0.0,0.0,0.0,75.31999969482422,-338.94000244140625,-67.25,0.0
1780956633418531163,114039,1780956633397067831,base_link,wheel_left_joint,wheel_right_joint,joint1,joint2,joint3,joint4,gripper,0.006135923787951469,0.0,-0.004601942375302315,-1.5493206977844238,1.2379225492477417,0.5905826091766357,0.0,0.0,0.0,0.0,0.0,0.0,0.0,0.0,0.0,0.0,0.0,78.01000213623047,-341.6300048828125,-67.25,0.0
1780956633518031168,114040,1780956633431067831,base_link,wheel_left_joint,wheel_right_joint,joint1,joint2,joint3,joint4,gripper,0.006135923787951469,0.0,-0.004601942375302315,-1.5493206977844238,1.2379225492477417,0.5905826091766357,0.0,0.0,0.0,0.0,0.0,0.0,0.0,0.0,0.0,0.0,0.0,78.01000213623047,-338.94000244140625,-69.94000244140625,0.0
1780956633558271688,114041,1780956633526067831,base_link,wheel_left_joint,wheel_right_joint,joint1,joint2,joint3,joint4,gripper,0.006135923787951469,0.0,-0.004601942375302315,-1.5493206977844238,1.2379225492477417,0.5905826091766357,0.0,0.0,0.0,0.0,0.0,0.0,0.0,0.0,0.0,0.0,0.0,75.31999969482422,-338.94000244140625,-69.94000244140625,0.0
1780956633648182167,114042,1780956633560067831,base_link,wheel_left_joint,wheel_right_joint,joint1,joint2,joint3,joint4,gripper,0.006135923787951469,0.0,-0.004601942375302315,-1.5493206977844238,1.2379225492477417,0.5905826091766357,0.0,0.0,0.0,0.0,0.0,0.0,0.0,0.0,0.0,0.0,0.0,75.31999969482422,-338.94000244140625,-72.6300048828125,0.0
1780956633675581513,114043,1780956633658067831,base_link,wheel_left_joint,wheel_right_joint,joint1,joint2,joint3,joint4,gripper,0.006135923787951469,0.0,-0.004601942375302315,-1.5493206977844238,1.2379225492477417,0.5905826091766357,0.0,0.0,0.0,0.0,0.0,0.0,0.0,0.0,0.0,0.0,0.0,75.31999969482422,-338.94000244140625,-69.94000244140625,0.0
1780956633767602093,114044,1780956633692067831,base_link,wheel_left_joint,wheel_right_joint,joint1,joint2,joint3,joint4,gripper,0.006135923787951469,0.0,-0.004601942375302315,-1.5493206977844238,1.2379225492477417,0.5905826091766357,0.0,0.0,0.0,0.0,0.0,0.0,0.0,0.0,0.0,0.0,0.0,75.31999969482422,-338.94000244140625,-67.25,0.0
1780956633800473097,114045,1780956633785067831,base_link,wheel_left_joint,wheel_right_joint,joint1,joint2,joint3,joint4,gripper,0.006135923787951469,0.0,-0.004601942375302315,-1.5493206977844238,1.2379225492477417,0.5905826091766357,0.0,0.0,0.0,0.0,0.0,0.0,0.0,0.0,0.0,0.0,0.0,78.01000213623047,-338.94000244140625,-67.25,0.0
1780956633859244333,114046,1780956633819067831,base_link,wheel_left_joint,wheel_right_joint,joint1,joint2,joint3,joint4,gripper,0.006135923787951469,0.0,-0.004601942375302315,-1.5493206977844238,1.2379225492477417,0.5905826091766357,0.0,0.0,0.0,0.0,0.0,0.0,0.0,0.0,0.0,0.0,0.0,78.01000213623047,-338.94000244140625,-69.94000244140625,0.0
1780956633881173994,114047,1780956633890685403,base_link,wheel_left_joint,wheel_right_joint,joint1,joint2,joint3,joint4,gripper,0.006135923787951469,0.0,-0.004601942375302315,-1.5493206977844238,1.2379225492477417,0.5921165943145752,0.0,0.0,0.0,0.0,0.0,0.0,0.0,0.0,0.0,0.0,0.0,75.31999969482422,-338.94000244140625,-67.25,0.0
1780956633942574113,114048,1780956633924685403,base_link,wheel_left_joint,wheel_right_joint,joint1,joint2,joint3,joint4,gripper,0.006135923787951469,0.0,-0.004601942375302315,-1.5493206977844238,1.2394565343856812,0.5905826091766357,0.0,0.0,0.0,0.0,0.0,0.0,0.0,0.0,0.0,0.0,0.0,78.01000213623047,-338.94000244140625,-67.25,0.0
1780956633972550087,114049,1780956633976685403,base_link,wheel_left_joint,wheel_right_joint,joint1,joint2,joint3,joint4,gripper,0.006135923787951469,0.0,-0.004601942375302315,-1.5493206977844238,1.2379225492477417,0.5905826091766357,0.0,0.0,0.0,0.0,0.0,0.0,0.0,0.0,0.0,0.0,0.0,75.31999969482422,-338.94000244140625,-67.25,0.0
1780956634031134892,114050,1780956634010685403,base_link,wheel_left_joint,wheel_right_joint,joint1,joint2,joint3,joint4,gripper,0.006135923787951469,0.0,-0.004601942375302315,-1.5493206977844238,1.2379225492477417,0.5905826091766357,0.0,0.0,0.0,0.0,0.0,0.0,0.0,0.0,0.0,0.0,0.0,75.31999969482422,-338.94000244140625,-67.25,0.0
1780956634055528614,114051,1780956634057685403,base_link,wheel_left_joint,wheel_right_joint,joint1,joint2,joint3,joint4,gripper,0.006135923787951469,0.0,-0.004601942375302315,-1.5508545637130737,1.2379225492477417,0.5905826091766357,0.0,0.0,0.0,0.0,0.0,0.0,0.0,0.0,0.0,0.0,0.0,75.31999969482422,-338.94000244140625,-69.94000244140625,0.0
1780956634112384296,114052,1780956634091685403,base_link,wheel_left_joint,wheel_right_joint,joint1,joint2,joint3,joint4,gripper,0.006135923787951469,0.0,-0.004601942375302315,-1.5493206977844238,1.2379225492477417,0.5905826091766357,0.0,0.0,0.0,0.0,0.0,0.0,0.0,0.0,0.0,0.0,0.0,78.01000213623047,-338.94000244140625,-67.25,0.0
1780956634141523603,114053,1780956634149685403,base_link,wheel_left_joint,wheel_right_joint,joint1,joint2,joint3,joint4,gripper,0.006135923787951469,0.0,-0.004601942375302315,-1.5493206977844238,1.2379225492477417,0.5905826091766357,0.0,0.0,0.0,0.0,0.0,0.0,0.0,0.0,0.0,0.0,0.0,78.01000213623047,-336.25,-67.25,0.0
1780956634200217728,114054,1780956634183685403,base_link,wheel_left_joint,wheel_right_joint,joint1,joint2,joint3,joint4,gripper,0.006135923787951469,0.0,-0.004601942375302315,-1.5493206977844238,1.2379225492477417,0.5905826091766357,0.0,0.0,0.0,0.0,0.0,0.0,0.0,0.0,0.0,0.0,0.0,75.31999969482422,-336.25,-69.94000244140625,0.0
1780956634225001980,114055,1780956634229685403,base_link,wheel_left_joint,wheel_right_joint,joint1,joint2,joint3,joint4,gripper,0.006135923787951469,0.0,-0.004601942375302315,-1.5493206977844238,1.2379225492477417,0.5905826091766357,0.0,0.0,0.0,0.0,0.0,0.0,0.0,0.0,0.0,0.0,0.0,75.31999969482422,-338.94000244140625,-67.25,0.0
1780956634280434062,114056,1780956634263685403,base_link,wheel_left_joint,wheel_right_joint,joint1,joint2,joint3,joint4,gripper,0.006135923787951469,0.0,-0.004601942375302315,-1.5493206977844238,1.2379225492477417,0.5905826091766357,0.0,0.0,0.0,0.0,0.0,0.0,0.0,0.0,0.0,0.0,0.0,75.31999969482422,-341.6300048828125,-67.25,0.0
1780956634309405280,114057,1780956634317685403,base_link,wheel_left_joint,wheel_right_joint,joint1,joint2,joint3,joint4,gripper,0.006135923787951469,0.0,-0.004601942375302315,-1.5493206977844238,1.2379225492477417,0.5905826091766357,0.0,0.0,0.0,0.0,0.0,0.0,0.0,0.0,0.0,0.0,0.0,75.31999969482422,-341.6300048828125,-67.25,0.0
1780956634368808114,114058,1780956634351685403,base_link,wheel_left_joint,wheel_right_joint,joint1,joint2,joint3,joint4,gripper,0.006135923787951469,0.0,-0.004601942375302315,-1.5493206977844238,1.2379225492477417,0.5905826091766357,0.0,0.0,0.0,0.0,0.0,0.0,0.0,0.0,0.0,0.0,0.0,75.31999969482422,-338.94000244140625,-67.25,0.0
1780956634392827402,114059,1780956634396685403,base_link,wheel_left_joint,wheel_right_joint,joint1,joint2,joint3,joint4,gripper,0.006135923787951469,0.0,-0.004601942375302315,-1.5493206977844238,1.2379225492477417,0.5905826091766357,0.0,0.0,0.0,0.0,0.0,0.0,0.0,0.0,0.0,0.0,0.0,75.31999969482422,-338.94000244140625,-67.25,0.0
1780956634447919245,114060,1780956634430685403,base_link,wheel_left_joint,wheel_right_joint,joint1,joint2,joint3,joint4,gripper,0.006135923787951469,0.0,-0.004601942375302315,-1.5493206977844238,1.2379225492477417,0.5905826091766357,0.0,0.0,0.0,0.0,0.0,0.0,0.0,0.0,0.0,0.0,0.0,75.31999969482422,-338.94000244140625,-72.6300048828125,0.0
1780956634478913062,114061,1780956634484685403,base_link,wheel_left_joint,wheel_right_joint,joint1,joint2,joint3,joint4,gripper,0.006135923787951469,0.0,-0.004601942375302315,-1.5493206977844238,1.2379225492477417,0.5905826091766357,0.0,0.0,0.0,0.0,0.0,0.0,0.0,0.0,0.0,0.0,0.0,75.31999969482422,-338.94000244140625,-67.25,0.0
1780956634538612179,114062,1780956634518685403,base_link,wheel_left_joint,wheel_right_joint,joint1,joint2,joint3,joint4,gripper,0.006135923787951469,0.0,-0.004601942375302315,-1.5493206977844238,1.2379225492477417,0.5905826091766357,0.0,0.0,0.0,0.0,0.0,0.0,0.0,0.0,0.0,0.0,0.0,75.31999969482422,-341.6300048828125,-69.94000244140625,0.0
1780956634561785774,114063,1780956634567685403,base_link,wheel_left_joint,wheel_right_joint,joint1,joint2,joint3,joint4,gripper,0.006135923787951469,0.0,-0.004601942375302315,-1.5493206977844238,1.2379225492477417,0.5905826091766357,0.0,0.0,0.0,0.0,0.0,0.0,0.0,0.0,0.0,0.0,0.0,78.01000213623047,-338.94000244140625,-67.25,0.0
1780956634616426524,114064,1780956634601685403,base_link,wheel_left_joint,wheel_right_joint,joint1,joint2,joint3,joint4,gripper,0.006135923787951469,0.0,-0.004601942375302315,-1.5493206977844238,1.2379225492477417,0.5905826091766357,0.0,0.0,0.0,0.0,0.0,0.0,0.0,0.0,0.0,0.0,0.0,78.01000213623047,-341.6300048828125,-67.25,0.0
1780956634646011071,114065,1780956634651685403,base_link,wheel_left_joint,wheel_right_joint,joint1,joint2,joint3,joint4,gripper,0.006135923787951469,0.0,-0.004601942375302315,-1.5493206977844238,1.2379225492477417,0.5905826091766357,0.0,0.0,0.0,0.0,0.0,0.0,0.0,0.0,0.0,0.0,0.0,75.31999969482422,-341.6300048828125,-67.25,0.0
1780956634705730952,114066,1780956634685685403,base_link,wheel_left_joint,wheel_right_joint,joint1,joint2,joint3,joint4,gripper,0.006135923787951469,0.0,-0.004601942375302315,-1.5493206977844238,1.2379225492477417,0.5905826091766357,0.0,0.0,0.0,0.0,0.0,0.0,0.0,0.0,0.0,0.0,0.0,75.31999969482422,-338.94000244140625,-72.6300048828125,0.0
1780956634729543103,114067,1780956634732685403,base_link,wheel_left_joint,wheel_right_joint,joint1,joint2,joint3,joint4,gripper,0.006135923787951469,0.0,-0.004601942375302315,-1.5493206977844238,1.2379225492477417,0.5905826091766357,0.0,0.0,0.0,0.0,0.0,0.0,0.0,0.0,0.0,0.0,0.0,75.31999969482422,-338.94000244140625,-75.31999969482422,0.0
1780956634788065153,114068,1780956634766685403,base_link,wheel_left_joint,wheel_right_joint,joint1,joint2,joint3,joint4,gripper,0.006135923787951469,0.0,-0.004601942375302315,-1.5493206977844238,1.2379225492477417,0.5905826091766357,0.0,0.0,0.0,0.0,0.0,0.0,0.0,0.0,0.0,0.0,0.0,75.31999969482422,-338.94000244140625,-67.25,0.0
1780956634810424127,114069,1780956634819685403,base_link,wheel_left_joint,wheel_right_joint,joint1,joint2,joint3,joint4,gripper,0.006135923787951469,0.0,-0.004601942375302315,-1.5493206977844238,1.2379225492477417,0.5905826091766357,0.0,0.0,0.0,0.0,0.0,0.0,0.0,0.0,0.0,0.0,0.0,72.6300048828125,-338.94000244140625,-67.25,0.0
1780956634869176688,114070,1780956634853685403,base_link,wheel_left_joint,wheel_right_joint,joint1,joint2,joint3,joint4,gripper,0.006135923787951469,0.0,-0.004601942375302315,-1.5493206977844238,1.2379225492477417,0.5905826091766357,0.0,0.0,0.0,0.0,0.0,0.0,0.0,0.0,0.0,0.0,0.0,75.31999969482422,-338.94000244140625,-67.25,0.0
1780956634898148330,114071,1780956634901685403,base_link,wheel_left_joint,wheel_right_joint,joint1,joint2,joint3,joint4,gripper,0.006135923787951469,0.0,-0.004601942375302315,-1.5493206977844238,1.2379225492477417,0.5905826091766357,0.0,0.0,0.0,0.0,0.0,0.0,0.0,0.0,0.0,0.0,0.0,78.01000213623047,-338.94000244140625,-67.25,0.0
1780956634959968087,114072,1780956634935685403,base_link,wheel_left_joint,wheel_right_joint,joint1,joint2,joint3,joint4,gripper,0.006135923787951469,0.0,-0.004601942375302315,-1.5493206977844238,1.2379225492477417,0.5921165943145752,0.0,0.0,0.0,0.0,0.0,0.0,0.0,0.0,0.0,0.0,0.0,78.01000213623047,-341.6300048828125,-67.25,0.0
1780956634976519673,114073,1780956634985685403,base_link,wheel_left_joint,wheel_right_joint,joint1,joint2,joint3,joint4,gripper,0.006135923787951469,0.0,-0.004601942375302315,-1.5493206977844238,1.2379225492477417,0.5905826091766357,0.0,0.0,0.0,0.0,0.0,0.0,0.0,0.0,0.0,0.0,0.0,78.01000213623047,-338.94000244140625,-69.94000244140625,0.0
1780956635034803976,114074,1780956635019685403,base_link,wheel_left_joint,wheel_right_joint,joint1,joint2,joint3,joint4,gripper,0.006135923787951469,0.0,-0.004601942375302315,-1.5508545637130737,1.2394565343856812,0.5905826091766357,0.0,0.0,0.0,0.0,0.0,0.0,0.0,0.0,0.0,0.0,0.0,78.01000213623047,-338.94000244140625,-69.94000244140625,0.0
1780956635069616188,114075,1780956635075685403,base_link,wheel_left_joint,wheel_right_joint,joint1,joint2,joint3,joint4,gripper,0.006135923787951469,0.0,-0.004601942375302315,-1.5493206977844238,1.2379225492477417,0.5905826091766357,0.0,0.0,0.0,0.0,0.0,0.0,0.0,0.0,0.0,0.0,0.0,78.01000213623047,-341.6300048828125,-67.25,0.0
1780956635128285337,114076,1780956635109685403,base_link,wheel_left_joint,wheel_right_joint,joint1,joint2,joint3,joint4,gripper,0.006135923787951469,0.0,-0.004601942375302315,-1.5493206977844238,1.2379225492477417,0.5905826091766357,0.0,0.0,0.0,0.0,0.0,0.0,0.0,0.0,0.0,0.0,0.0,75.31999969482422,-338.94000244140625,-67.25,0.0
1780956635157968628,114077,1780956635164685403,base_link,wheel_left_joint,wheel_right_joint,joint1,joint2,joint3,joint4,gripper,0.006135923787951469,0.0,-0.004601942375302315,-1.5493206977844238,1.2379225492477417,0.5905826091766357,0.0,0.0,0.0,0.0,0.0,0.0,0.0,0.0,0.0,0.0,0.0,78.01000213623047,-338.94000244140625,-67.25,0.0
1780956635213801000,114078,1780956635198685403,base_link,wheel_left_joint,wheel_right_joint,joint1,joint2,joint3,joint4,gripper,0.006135923787951469,0.0,-0.004601942375302315,-1.5493206977844238,1.2379225492477417,0.5905826091766357,0.0,0.0,0.0,0.0,0.0,0.0,0.0,0.0,0.0,0.0,0.0,78.01000213623047,-338.94000244140625,-67.25,0.0
1780956635237902148,114079,1780956635243685403,base_link,wheel_left_joint,wheel_right_joint,joint1,joint2,joint3,joint4,gripper,0.006135923787951469,0.0,-0.004601942375302315,-1.5493206977844238,1.2379225492477417,0.5905826091766357,0.0,0.0,0.0,0.0,0.0,0.0,0.0,0.0,0.0,0.0,0.0,80.70000457763672,-338.94000244140625,-69.94000244140625,0.0
1780956635297981819,114080,1780956635277685403,base_link,wheel_left_joint,wheel_right_joint,joint1,joint2,joint3,joint4,gripper,0.006135923787951469,0.0,-0.004601942375302315,-1.5493206977844238,1.2379225492477417,0.5905826091766357,0.0,0.0,0.0,0.0,0.0,0.0,0.0,0.0,0.0,0.0,0.0,75.31999969482422,-338.94000244140625,-67.25,0.0
1780956635326154852,114081,1780956635329685403,base_link,wheel_left_joint,wheel_right_joint,joint1,joint2,joint3,joint4,gripper,0.006135923787951469,0.0,-0.004601942375302315,-1.5493206977844238,1.2379225492477417,0.5905826091766357,0.0,0.0,0.0,0.0,0.0,0.0,0.0,0.0,0.0,0.0,0.0,75.31999969482422,-338.94000244140625,-67.25,0.0
1780956635381414445,114082,1780956635363685403,base_link,wheel_left_joint,wheel_right_joint,joint1,joint2,joint3,joint4,gripper,0.006135923787951469,0.0,-0.004601942375302315,-1.5493206977844238,1.2379225492477417,0.5905826091766357,0.0,0.0,0.0,0.0,0.0,0.0,0.0,0.0,0.0,0.0,0.0,80.70000457763672,-338.94000244140625,-69.94000244140625,0.0
1780956635405149645,114083,1780956635412685403,base_link,wheel_left_joint,wheel_right_joint,joint1,joint2,joint3,joint4,gripper,0.006135923787951469,0.0,-0.004601942375302315,-1.5493206977844238,1.2379225492477417,0.5905826091766357,0.0,0.0,0.0,0.0,0.0,0.0,0.0,0.0,0.0,0.0,0.0,75.31999969482422,-338.94000244140625,-69.94000244140625,0.0
1780956635467068850,114084,1780956635446685403,base_link,wheel_left_joint,wheel_right_joint,joint1,joint2,joint3,joint4,gripper,0.006135923787951469,0.0,-0.004601942375302315,-1.5493206977844238,1.2394565343856812,0.5905826091766357,0.0,0.0,0.0,0.0,0.0,0.0,0.0,0.0,0.0,0.0,0.0,75.31999969482422,-338.94000244140625,-67.25,0.0
1780956635491881434,114085,1780956635496685403,base_link,wheel_left_joint,wheel_right_joint,joint1,joint2,joint3,joint4,gripper,0.006135923787951469,0.0,-0.004601942375302315,-1.5493206977844238,1.2379225492477417,0.5905826091766357,0.0,0.0,0.0,0.0,0.0,0.0,0.0,0.0,0.0,0.0,0.0,75.31999969482422,-338.94000244140625,-67.25,0.0
1780956635546519728,114086,1780956635530685403,base_link,wheel_left_joint,wheel_right_joint,joint1,joint2,joint3,joint4,gripper,0.006135923787951469,0.0,-0.004601942375302315,-1.5493206977844238,1.2379225492477417,0.5905826091766357,0.0,0.0,0.0,0.0,0.0,0.0,0.0,0.0,0.0,0.0,0.0,75.31999969482422,-338.94000244140625,-67.25,0.0
1780956635575522457,114087,1780956635583685403,base_link,wheel_left_joint,wheel_right_joint,joint1,joint2,joint3,joint4,gripper,0.006135923787951469,0.0,-0.004601942375302315,-1.5493206977844238,1.2379225492477417,0.5905826091766357,0.0,0.0,0.0,0.0,0.0,0.0,0.0,0.0,0.0,0.0,0.0,78.01000213623047,-338.94000244140625,-67.25,0.0
1780956635633431919,114088,1780956635617685403,base_link,wheel_left_joint,wheel_right_joint,joint1,joint2,joint3,joint4,gripper,0.006135923787951469,0.0,-0.004601942375302315,-1.5493206977844238,1.2379225492477417,0.5905826091766357,0.0,0.0,0.0,0.0,0.0,0.0,0.0,0.0,0.0,0.0,0.0,75.31999969482422,-341.6300048828125,-67.25,0.0
1780956635657480569,114089,1780956635662685403,base_link,wheel_left_joint,wheel_right_joint,joint1,joint2,joint3,joint4,gripper,0.006135923787951469,0.0,-0.004601942375302315,-1.5508545637130737,1.2379225492477417,0.5905826091766357,0.0,0.0,0.0,0.0,0.0,0.0,0.0,0.0,0.0,0.0,0.0,78.01000213623047,-338.94000244140625,-67.25,0.0
1780956635713460408,114090,1780956635696685403,base_link,wheel_left_joint,wheel_right_joint,joint1,joint2,joint3,joint4,gripper,0.006135923787951469,0.0,-0.004601942375302315,-1.5493206977844238,1.2379225492477417,0.5905826091766357,0.0,0.0,0.0,0.0,0.0,0.0,0.0,0.0,0.0,0.0,0.0,78.01000213623047,-338.94000244140625,-67.25,0.0
1780956635742383182,114091,1780956635747685403,base_link,wheel_left_joint,wheel_right_joint,joint1,joint2,joint3,joint4,gripper,0.006135923787951469,0.0,-0.004601942375302315,-1.5493206977844238,1.2379225492477417,0.5905826091766357,0.0,0.0,0.0,0.0,0.0,0.0,0.0,0.0,0.0,0.0,0.0,75.31999969482422,-338.94000244140625,-67.25,0.0
1780956635800552495,114092,1780956635781685403,base_link,wheel_left_joint,wheel_right_joint,joint1,joint2,joint3,joint4,gripper,0.006135923787951469,0.0,-0.004601942375302315,-1.5493206977844238,1.2379225492477417,0.5905826091766357,0.0,0.0,0.0,0.0,0.0,0.0,0.0,0.0,0.0,0.0,0.0,75.31999969482422,-338.94000244140625,-69.94000244140625,0.0
1780956635824809851,114093,1780956635827685403,base_link,wheel_left_joint,wheel_right_joint,joint1,joint2,joint3,joint4,gripper,0.006135923787951469,0.0,-0.004601942375302315,-1.5493206977844238,1.2379225492477417,0.5905826091766357,0.0,0.0,0.0,0.0,0.0,0.0,0.0,0.0,0.0,0.0,0.0,75.31999969482422,-341.6300048828125,-67.25,0.0
1780956635880476763,114094,1780956635861685403,base_link,wheel_left_joint,wheel_right_joint,joint1,joint2,joint3,joint4,gripper,0.006135923787951469,0.0,-0.004601942375302315,-1.5493206977844238,1.2379225492477417,0.5905826091766357,0.0,0.0,0.0,0.0,0.0,0.0,0.0,0.0,0.0,0.0,0.0,75.31999969482422,-338.94000244140625,-67.25,0.0
1780956635909284529,114095,1780956635915685403,base_link,wheel_left_joint,wheel_right_joint,joint1,joint2,joint3,joint4,gripper,0.006135923787951469,0.0,-0.004601942375302315,-1.5493206977844238,1.2379225492477417,0.5905826091766357,0.0,0.0,0.0,0.0,0.0,0.0,0.0,0.0,0.0,0.0,0.0,75.31999969482422,-338.94000244140625,-67.25,0.0
1780956635970891317,114096,1780956635949685403,base_link,wheel_left_joint,wheel_right_joint,joint1,joint2,joint3,joint4,gripper,0.006135923787951469,0.0,-0.004601942375302315,-1.5493206977844238,1.2379225492477417,0.5905826091766357,0.0,0.0,0.0,0.0,0.0,0.0,0.0,0.0,0.0,0.0,0.0,78.01000213623047,-338.94000244140625,-67.25,0.0
1780956635994784495,114097,1780956635996685403,base_link,wheel_left_joint,wheel_right_joint,joint1,joint2,joint3,joint4,gripper,0.006135923787951469,0.0,-0.004601942375302315,-1.5493206977844238,1.2379225492477417,0.5905826091766357,0.0,0.0,0.0,0.0,0.0,0.0,0.0,0.0,0.0,0.0,0.0,75.31999969482422,-338.94000244140625,-67.25,0.0
1780956636049817310,114098,1780956636030685403,base_link,wheel_left_joint,wheel_right_joint,joint1,joint2,joint3,joint4,gripper,0.006135923787951469,-0.0015339809469878674,-0.004601942375302315,-1.5493206977844238,1.2379225492477417,0.5905826091766357,0.0,0.0,-0.04511708766222,0.0,0.0,0.0,0.0,0.0,0.0,0.0,0.0,78.01000213623047,-338.94000244140625,-67.25,0.0
1780956636078562075,114099,1780956636084685403,base_link,wheel_left_joint,wheel_right_joint,joint1,joint2,joint3,joint4,gripper,0.006135923787951469,0.0,-0.004601942375302315,-1.5493206977844238,1.2394565343856812,0.5905826091766357,0.0,0.0,0.028407055884599686,0.0,0.0,0.0,0.0,0.0,0.0,0.0,0.0,75.31999969482422,-336.25,-67.25,0.0
1780956636136031053,114100,1780956636118685403,base_link,wheel_left_joint,wheel_right_joint,joint1,joint2,joint3,joint4,gripper,0.006135923787951469,0.0,-0.004601942375302315,-1.5493206977844238,1.2379225492477417,0.5905826091766357,0.0,0.0,0.0,0.0,0.0,0.0,0.0,0.0,0.0,0.0,0.0,78.01000213623047,-338.94000244140625,-67.25,0.0
1780956636159957021,114101,1780956636165685403,base_link,wheel_left_joint,wheel_right_joint,joint1,joint2,joint3,joint4,gripper,0.006135923787951469,0.0,-0.004601942375302315,-1.5493206977844238,1.2379225492477417,0.5905826091766357,0.0,0.0,0.0,0.0,0.0,0.0,0.0,0.0,0.0,0.0,0.0,78.01000213623047,-341.6300048828125,-67.25,0.0
1780956636216652518,114102,1780956636199685403,base_link,wheel_left_joint,wheel_right_joint,joint1,joint2,joint3,joint4,gripper,0.006135923787951469,0.0,-0.004601942375302315,-1.5493206977844238,1.2379225492477417,0.5905826091766357,0.0,0.0,0.0,0.0,0.0,0.0,0.0,0.0,0.0,0.0,0.0,78.01000213623047,-338.94000244140625,-67.25,0.0
1780956636240222251,114103,1780956636250685403,base_link,wheel_left_joint,wheel_right_joint,joint1,joint2,joint3,joint4,gripper,0.006135923787951469,0.0,-0.004601942375302315,-1.5493206977844238,1.2379225492477417,0.5905826091766357,0.0,0.0,0.0,0.0,0.0,0.0,0.0,0.0,0.0,0.0,0.0,78.01000213623047,-336.25,-72.6300048828125,0.0
1780956636301428187,114104,1780956636284685403,base_link,wheel_left_joint,wheel_right_joint,joint1,joint2,joint3,joint4,gripper,0.006135923787951469,0.0,-0.004601942375302315,-1.5493206977844238,1.2379225492477417,0.5905826091766357,0.0,0.0,0.0,0.0,0.0,0.0,0.0,0.0,0.0,0.0,0.0,80.70000457763672,-338.94000244140625,-69.94000244140625,0.0
1780956636330016400,114105,1780956636330685403,base_link,wheel_left_joint,wheel_right_joint,joint1,joint2,joint3,joint4,gripper,0.006135923787951469,0.0,-0.004601942375302315,-1.5493206977844238,1.2379225492477417,0.5905826091766357,0.0,0.0,0.0,0.0,0.0,0.0,0.0,0.0,0.0,0.0,0.0,78.01000213623047,-338.94000244140625,-69.94000244140625,0.0
1780956636387918299,114106,1780956636359299383,base_link,wheel_left_joint,wheel_right_joint,joint1,joint2,joint3,joint4,gripper,0.006135923787951469,0.0,-0.004601942375302315,-1.5493206977844238,1.2379225492477417,0.5905826091766357,0.0,0.0,0.0,0.0,0.0,0.0,0.0,0.0,0.0,0.0,0.0,75.31999969482422,-338.94000244140625,-67.25,0.0
1780956636409323590,114107,1780956636412299383,base_link,wheel_left_joint,wheel_right_joint,joint1,joint2,joint3,joint4,gripper,0.006135923787951469,0.0,-0.004601942375302315,-1.5493206977844238,1.2379225492477417,0.5905826091766357,0.0,0.0,0.0,0.0,0.0,0.0,0.0,0.0,0.0,0.0,0.0,78.01000213623047,-341.6300048828125,-67.25,0.0
1780956636467504620,114108,1780956636446299383,base_link,wheel_left_joint,wheel_right_joint,joint1,joint2,joint3,joint4,gripper,0.006135923787951469,0.0,-0.004601942375302315,-1.5493206977844238,1.2379225492477417,0.5905826091766357,0.0,0.0,0.0,0.0,0.0,0.0,0.0,0.0,0.0,0.0,0.0,75.31999969482422,-338.94000244140625,-67.25,0.0
1780956636491465469,114109,1780956636496299383,base_link,wheel_left_joint,wheel_right_joint,joint1,joint2,joint3,joint4,gripper,0.006135923787951469,0.0,-0.004601942375302315,-1.5493206977844238,1.2379225492477417,0.5905826091766357,0.0,0.0,0.0,0.0,0.0,0.0,0.0,0.0,0.0,0.0,0.0,75.31999969482422,-338.94000244140625,-80.70000457763672,0.0
1780956636546796216,114110,1780956636530299383,base_link,wheel_left_joint,wheel_right_joint,joint1,joint2,joint3,joint4,gripper,0.006135923787951469,0.0,-0.004601942375302315,-1.5493206977844238,1.2379225492477417,0.5905826091766357,0.0,0.0,0.0,0.0,0.0,0.0,0.0,0.0,0.0,0.0,0.0,75.31999969482422,-338.94000244140625,-67.25,0.0
1780956636576260439,114111,1780956636580299383,base_link,wheel_left_joint,wheel_right_joint,joint1,joint2,joint3,joint4,gripper,0.006135923787951469,0.0,-0.004601942375302315,-1.5493206977844238,1.2379225492477417,0.5905826091766357,0.0,0.0,0.0,0.0,0.0,0.0,0.0,0.0,0.0,0.0,0.0,75.31999969482422,-338.94000244140625,-69.94000244140625,0.0
1780956636633405277,114112,1780956636614299383,base_link,wheel_left_joint,wheel_right_joint,joint1,joint2,joint3,joint4,gripper,0.006135923787951469,0.0,-0.004601942375302315,-1.5493206977844238,1.2379225492477417,0.5905826091766357,0.0,0.0,0.0,0.0,0.0,0.0,0.0,0.0,0.0,0.0,0.0,80.70000457763672,-338.94000244140625,-67.25,0.0
1780956636674072139,114113,1780956636681299383,base_link,wheel_left_joint,wheel_right_joint,joint1,joint2,joint3,joint4,gripper,0.006135923787951469,0.0,-0.004601942375302315,-1.5493206977844238,1.2379225492477417,0.5905826091766357,0.0,0.0,0.0,0.0,0.0,0.0,0.0,0.0,0.0,0.0,0.0,78.01000213623047,-338.94000244140625,-67.25,0.0
1780956636730428619,114114,1780956636715299383,base_link,wheel_left_joint,wheel_right_joint,joint1,joint2,joint3,joint4,gripper,0.006135923787951469,0.0,-0.004601942375302315,-1.5493206977844238,1.2379225492477417,0.5905826091766357,0.0,0.0,0.0,0.0,0.0,0.0,0.0,0.0,0.0,0.0,0.0,75.31999969482422,-338.94000244140625,-67.25,0.0
1780956636780427792,114115,1780956636782299383,base_link,wheel_left_joint,wheel_right_joint,joint1,joint2,joint3,joint4,gripper,0.006135923787951469,0.0,-0.004601942375302315,-1.5493206977844238,1.2379225492477417,0.5905826091766357,0.0,0.0,0.0,0.0,0.0,0.0,0.0,0.0,0.0,0.0,0.0,78.01000213623047,-338.94000244140625,-75.31999969482422,0.0
1780956636839256678,114116,1780956636816299383,base_link,wheel_left_joint,wheel_right_joint,joint1,joint2,joint3,joint4,gripper,0.006135923787951469,0.0,-0.004601942375302315,-1.5493206977844238,1.2379225492477417,0.5921165943145752,0.0,0.0,0.0,0.0,0.0,0.0,0.0,0.0,0.0,0.0,0.0,78.01000213623047,-338.94000244140625,-67.25,0.0
1780956636863176658,114117,1780956636864299383,base_link,wheel_left_joint,wheel_right_joint,joint1,joint2,joint3,joint4,gripper,0.006135923787951469,0.0,-0.004601942375302315,-1.5493206977844238,1.2379225492477417,0.5905826091766357,0.0,0.0,0.0,0.0,0.0,0.0,0.0,0.0,0.0,0.0,0.0,78.01000213623047,-338.94000244140625,-78.01000213623047,0.0
1780956636920225675,114118,1780956636898299383,base_link,wheel_left_joint,wheel_right_joint,joint1,joint2,joint3,joint4,gripper,0.006135923787951469,0.0,-0.004601942375302315,-1.5493206977844238,1.2379225492477417,0.5905826091766357,0.0,0.0,0.0,0.0,0.0,0.0,0.0,0.0,0.0,0.0,0.0,75.31999969482422,-338.94000244140625,-67.25,0.0
1780956636950986567,114119,1780956636950299383,base_link,wheel_left_joint,wheel_right_joint,joint1,joint2,joint3,joint4,gripper,0.006135923787951469,0.0,-0.003067961661145091,-1.5493206977844238,1.2379225492477417,0.5921165943145752,0.0,0.0,0.0,0.0,0.0,0.0,0.0,0.0,0.0,0.0,0.0,75.31999969482422,-338.94000244140625,-67.25,0.0
1780956637009111314,114120,1780956636984299383,base_link,wheel_left_joint,wheel_right_joint,joint1,joint2,joint3,joint4,gripper,0.006135923787951469,0.0,-0.004601942375302315,-1.5493206977844238,1.2379225492477417,0.5905826091766357,0.0,0.0,0.0,0.0,0.0,0.0,0.0,0.0,0.0,0.0,0.0,75.31999969482422,-338.94000244140625,-67.25,0.0
1780956637034380541,114121,1780956637031299383,base_link,wheel_left_joint,wheel_right_joint,joint1,joint2,joint3,joint4,gripper,0.006135923787951469,0.0,-0.004601942375302315,-1.5493206977844238,1.2379225492477417,0.5905826091766357,0.0,0.0,0.0,0.0,0.0,0.0,0.0,0.0,0.0,0.0,0.0,78.01000213623047,-338.94000244140625,-69.94000244140625,0.0
1780956637092640576,114122,1780956637065299383,base_link,wheel_left_joint,wheel_right_joint,joint1,joint2,joint3,joint4,gripper,0.006135923787951469,0.0,-0.004601942375302315,-1.5493206977844238,1.2379225492477417,0.5905826091766357,0.0,0.0,0.0,0.0,0.0,0.0,0.0,0.0,0.0,0.0,0.0,78.01000213623047,-338.94000244140625,-67.25,0.0
1780956637115046707,114123,1780956637117299383,base_link,wheel_left_joint,wheel_right_joint,joint1,joint2,joint3,joint4,gripper,0.006135923787951469,-0.0015339809469878674,-0.004601942375302315,-1.5493206977844238,1.2379225492477417,0.5905826091766357,0.0,0.0,-0.029499635100364685,0.0,0.0,0.0,0.0,0.0,0.0,0.0,0.0,75.31999969482422,-338.94000244140625,-67.25,0.0
1780956637172628726,114124,1780956637151299383,base_link,wheel_left_joint,wheel_right_joint,joint1,joint2,joint3,joint4,gripper,0.006135923787951469,0.0,-0.004601942375302315,-1.5493206977844238,1.2379225492477417,0.5905826091766357,0.0,0.0,0.04511708766222,0.0,0.0,0.0,0.0,0.0,0.0,0.0,0.0,78.01000213623047,-338.94000244140625,-67.25,0.0
1780956637201948618,114125,1780956637203299383,base_link,wheel_left_joint,wheel_right_joint,joint1,joint2,joint3,joint4,gripper,0.006135923787951469,0.0,-0.004601942375302315,-1.5493206977844238,1.2394565343856812,0.5905826091766357,0.0,0.0,0.0,0.0,0.0,0.0,0.0,0.0,0.0,0.0,0.0,80.70000457763672,-338.94000244140625,-67.25,0.0
1780956637259469322,114126,1780956637237299383,base_link,wheel_left_joint,wheel_right_joint,joint1,joint2,joint3,joint4,gripper,0.006135923787951469,0.0,-0.004601942375302315,-1.5493206977844238,1.2379225492477417,0.5905826091766357,0.0,0.0,0.0,0.0,0.0,0.0,0.0,0.0,0.0,0.0,0.0,78.01000213623047,-338.94000244140625,-67.25,0.0
1780956637281370563,114127,1780956637284299383,base_link,wheel_left_joint,wheel_right_joint,joint1,joint2,joint3,joint4,gripper,0.006135923787951469,0.0,-0.004601942375302315,-1.5493206977844238,1.2379225492477417,0.5905826091766357,0.0,0.0,0.0,0.0,0.0,0.0,0.0,0.0,0.0,0.0,0.0,78.01000213623047,-338.94000244140625,-72.6300048828125,0.0
1780956637340112404,114128,1780956637318299383,base_link,wheel_left_joint,wheel_right_joint,joint1,joint2,joint3,joint4,gripper,0.006135923787951469,0.0,-0.004601942375302315,-1.5493206977844238,1.2379225492477417,0.5905826091766357,0.0,0.0,0.0,0.0,0.0,0.0,0.0,0.0,0.0,0.0,0.0,80.70000457763672,-338.94000244140625,-67.25,0.0
1780956637368755674,114129,1780956637366299383,base_link,wheel_left_joint,wheel_right_joint,joint1,joint2,joint3,joint4,gripper,0.006135923787951469,0.0,-0.004601942375302315,-1.5493206977844238,1.2379225492477417,0.5905826091766357,0.0,0.0,0.0,0.0,0.0,0.0,0.0,0.0,0.0,0.0,0.0,78.01000213623047,-338.94000244140625,-67.25,0.0
1780956637428184110,114130,1780956637400299383,base_link,wheel_left_joint,wheel_right_joint,joint1,joint2,joint3,joint4,gripper,0.006135923787951469,0.0,-0.004601942375302315,-1.5493206977844238,1.2379225492477417,0.5905826091766357,0.0,0.0,0.0,0.0,0.0,0.0,0.0,0.0,0.0,0.0,0.0,78.01000213623047,-338.94000244140625,-67.25,0.0
1780956637449143924,114131,1780956637452299383,base_link,wheel_left_joint,wheel_right_joint,joint1,joint2,joint3,joint4,gripper,0.006135923787951469,0.0,-0.004601942375302315,-1.5493206977844238,1.2379225492477417,0.5905826091766357,0.0,0.0,0.0,0.0,0.0,0.0,0.0,0.0,0.0,0.0,0.0,78.01000213623047,-341.6300048828125,-67.25,0.0
1780956637508293958,114132,1780956637486299383,base_link,wheel_left_joint,wheel_right_joint,joint1,joint2,joint3,joint4,gripper,0.006135923787951469,0.0,-0.004601942375302315,-1.5493206977844238,1.2379225492477417,0.5905826091766357,0.0,0.0,0.0,0.0,0.0,0.0,0.0,0.0,0.0,0.0,0.0,78.01000213623047,-341.6300048828125,-67.25,0.0
1780956637537177899,114133,1780956637535299383,base_link,wheel_left_joint,wheel_right_joint,joint1,joint2,joint3,joint4,gripper,0.006135923787951469,0.0,-0.004601942375302315,-1.5493206977844238,1.2379225492477417,0.5905826091766357,0.0,0.0,0.0,0.0,0.0,0.0,0.0,0.0,0.0,0.0,0.0,78.01000213623047,-338.94000244140625,-67.25,0.0
1780956637595035650,114134,1780956637569299383,base_link,wheel_left_joint,wheel_right_joint,joint1,joint2,joint3,joint4,gripper,0.006135923787951469,0.0,-0.004601942375302315,-1.5493206977844238,1.2379225492477417,0.5905826091766357,0.0,0.0,0.0,0.0,0.0,0.0,0.0,0.0,0.0,0.0,0.0,78.01000213623047,-341.6300048828125,-69.94000244140625,0.0
1780956637617643552,114135,1780956637616299383,base_link,wheel_left_joint,wheel_right_joint,joint1,joint2,joint3,joint4,gripper,0.006135923787951469,0.0,-0.004601942375302315,-1.5493206977844238,1.2379225492477417,0.5905826091766357,0.0,0.0,0.0,0.0,0.0,0.0,0.0,0.0,0.0,0.0,0.0,78.01000213623047,-338.94000244140625,-69.94000244140625,0.0
1780956637674965685,114136,1780956637650299383,base_link,wheel_left_joint,wheel_right_joint,joint1,joint2,joint3,joint4,gripper,0.006135923787951469,0.0,-0.004601942375302315,-1.5493206977844238,1.2379225492477417,0.5905826091766357,0.0,0.0,0.0,0.0,0.0,0.0,0.0,0.0,0.0,0.0,0.0,78.01000213623047,-338.94000244140625,-67.25,0.0
1780956637699828571,114137,1780956637701299383,base_link,wheel_left_joint,wheel_right_joint,joint1,joint2,joint3,joint4,gripper,0.006135923787951469,0.0,-0.004601942375302315,-1.5493206977844238,1.2379225492477417,0.5905826091766357,0.0,0.0,0.0,0.0,0.0,0.0,0.0,0.0,0.0,0.0,0.0,75.31999969482422,-338.94000244140625,-67.25,0.0
1780956637758811910,114138,1780956637735299383,base_link,wheel_left_joint,wheel_right_joint,joint1,joint2,joint3,joint4,gripper,0.006135923787951469,0.0,-0.004601942375302315,-1.5493206977844238,1.2379225492477417,0.5905826091766357,0.0,0.0,0.0,0.0,0.0,0.0,0.0,0.0,0.0,0.0,0.0,75.31999969482422,-338.94000244140625,-67.25,0.0
1780956637787430599,114139,1780956637786299383,base_link,wheel_left_joint,wheel_right_joint,joint1,joint2,joint3,joint4,gripper,0.006135923787951469,0.0,-0.004601942375302315,-1.5493206977844238,1.2379225492477417,0.5905826091766357,0.0,0.0,0.0,0.0,0.0,0.0,0.0,0.0,0.0,0.0,0.0,75.31999969482422,-338.94000244140625,-67.25,0.0
1780956637843731408,114140,1780956637820299383,base_link,wheel_left_joint,wheel_right_joint,joint1,joint2,joint3,joint4,gripper,0.006135923787951469,0.0,-0.004601942375302315,-1.5493206977844238,1.2394565343856812,0.5905826091766357,0.0,0.0,0.0,0.0,0.0,0.0,0.0,0.0,0.0,0.0,0.0,75.31999969482422,-338.94000244140625,-67.25,0.0
1780956637873442200,114141,1780956637877299383,base_link,wheel_left_joint,wheel_right_joint,joint1,joint2,joint3,joint4,gripper,0.006135923787951469,0.0,-0.004601942375302315,-1.5493206977844238,1.2379225492477417,0.5905826091766357,0.0,0.0,0.0,0.0,0.0,0.0,0.0,0.0,0.0,0.0,0.0,75.31999969482422,-338.94000244140625,-67.25,0.0
1780956637932355656,114142,1780956637911299383,base_link,wheel_left_joint,wheel_right_joint,joint1,joint2,joint3,joint4,gripper,0.006135923787951469,0.0,-0.004601942375302315,-1.5493206977844238,1.2379225492477417,0.5905826091766357,0.0,0.0,0.0,0.0,0.0,0.0,0.0,0.0,0.0,0.0,0.0,75.31999969482422,-344.32000732421875,-69.94000244140625,0.0
1780956637989183457,114143,1780956637976299383,base_link,wheel_left_joint,wheel_right_joint,joint1,joint2,joint3,joint4,gripper,0.006135923787951469,0.0,-0.004601942375302315,-1.5493206977844238,1.2379225492477417,0.5905826091766357,0.0,0.0,0.0,0.0,0.0,0.0,0.0,0.0,0.0,0.0,0.0,75.31999969482422,-338.94000244140625,-67.25,0.0
1780956638081151156,114144,1780956638010299383,base_link,wheel_left_joint,wheel_right_joint,joint1,joint2,joint3,joint4,gripper,0.006135923787951469,0.0,-0.004601942375302315,-1.5493206977844238,1.2379225492477417,0.5905826091766357,0.0,0.0,0.0,0.0,0.0,0.0,0.0,0.0,0.0,0.0,0.0,75.31999969482422,-338.94000244140625,-67.25,0.0
1780956638145088636,114145,1780956638110299383,base_link,wheel_left_joint,wheel_right_joint,joint1,joint2,joint3,joint4,gripper,0.006135923787951469,0.0,-0.004601942375302315,-1.5493206977844238,1.2379225492477417,0.5905826091766357,0.0,0.0,0.0,0.0,0.0,0.0,0.0,0.0,0.0,0.0,0.0,75.31999969482422,-338.94000244140625,-67.25,0.0
1780956638238222737,114146,1780956638144299383,base_link,wheel_left_joint,wheel_right_joint,joint1,joint2,joint3,joint4,gripper,0.006135923787951469,0.0,-0.004601942375302315,-1.5493206977844238,1.2379225492477417,0.5905826091766357,0.0,0.0,0.0,0.0,0.0,0.0,0.0,0.0,0.0,0.0,0.0,75.31999969482422,-338.94000244140625,-67.25,0.0
1780956638266845022,114147,1780956638226299383,base_link,wheel_left_joint,wheel_right_joint,joint1,joint2,joint3,joint4,gripper,0.006135923787951469,0.0,-0.004601942375302315,-1.5493206977844238,1.2379225492477417,0.5905826091766357,0.0,0.0,0.0,0.0,0.0,0.0,0.0,0.0,0.0,0.0,0.0,75.31999969482422,-341.6300048828125,-67.25,0.0
1780956638360744084,114148,1780956638260299383,base_link,wheel_left_joint,wheel_right_joint,joint1,joint2,joint3,joint4,gripper,0.006135923787951469,-0.0015339809469878674,-0.004601942375302315,-1.5493206977844238,1.2379225492477417,0.5905826091766357,0.0,0.0,-0.04511708766222,0.0,0.0,0.0,0.0,0.0,0.0,0.0,0.0,75.31999969482422,-338.94000244140625,-67.25,0.0
1780956638389111679,114149,1780956638359299383,base_link,wheel_left_joint,wheel_right_joint,joint1,joint2,joint3,joint4,gripper,0.006135923787951469,0.0,-0.004601942375302315,-1.5493206977844238,1.2379225492477417,0.5905826091766357,0.0,0.0,0.01549475733190775,0.0,0.0,0.0,0.0,0.0,0.0,0.0,0.0,80.70000457763672,-338.94000244140625,-67.25,0.0
1780956638479654824,114150,1780956638393299383,base_link,wheel_left_joint,wheel_right_joint,joint1,joint2,joint3,joint4,gripper,0.007669905200600624,0.0,-0.004601942375302315,-1.5493206977844238,1.2379225492477417,0.5905826091766357,0.0,0.04511708766222,0.0,0.0,0.0,0.0,0.0,0.0,0.0,0.0,0.0,78.01000213623047,-338.94000244140625,-67.25,0.0
1780956638515107470,114151,1780956638488299383,base_link,wheel_left_joint,wheel_right_joint,joint1,joint2,joint3,joint4,gripper,0.006135923787951469,0.0,-0.004601942375302315,-1.5493206977844238,1.2379225492477417,0.5905826091766357,0.0,-0.01614716835319996,0.0,0.0,0.0,0.0,0.0,0.0,0.0,0.0,0.0,78.01000213623047,-338.94000244140625,-69.94000244140625,0.0
1780956638612839073,114152,1780956638522299383,base_link,wheel_left_joint,wheel_right_joint,joint1,joint2,joint3,joint4,gripper,0.006135923787951469,-0.0015339809469878674,-0.004601942375302315,-1.5493206977844238,1.2379225492477417,0.5905826091766357,0.0,0.0,-0.04511708766222,0.0,0.0,0.0,0.0,0.0,0.0,0.0,0.0,75.31999969482422,-336.25,-67.25,0.0
1780956638648694157,114153,1780956638622299383,base_link,wheel_left_joint,wheel_right_joint,joint1,joint2,joint3,joint4,gripper,0.006135923787951469,0.0,-0.004601942375302315,-1.5493206977844238,1.2379225492477417,0.5905826091766357,0.0,0.0,0.015339810401201248,0.0,0.0,0.0,0.0,0.0,0.0,0.0,0.0,75.31999969482422,-338.94000244140625,-67.25,0.0
1780956638741568025,114154,1780956638656299383,base_link,wheel_left_joint,wheel_right_joint,joint1,joint2,joint3,joint4,gripper,0.006135923787951469,0.0,-0.004601942375302315,-1.5493206977844238,1.2379225492477417,0.5905826091766357,0.0,0.0,0.0,0.0,0.0,0.0,0.0,0.0,0.0,0.0,0.0,78.01000213623047,-338.94000244140625,-67.25,0.0
1780956638777985360,114155,1780956638748299383,base_link,wheel_left_joint,wheel_right_joint,joint1,joint2,joint3,joint4,gripper,0.006135923787951469,0.0,-0.004601942375302315,-1.5493206977844238,1.2379225492477417,0.5905826091766357,0.0,0.0,0.0,0.0,0.0,0.0,0.0,0.0,0.0,0.0,0.0,78.01000213623047,-338.94000244140625,-67.25,0.0
1780956638872911095,114156,1780956638782299383,base_link,wheel_left_joint,wheel_right_joint,joint1,joint2,joint3,joint4,gripper,0.006135923787951469,0.0,-0.004601942375302315,-1.5493206977844238,1.2379225492477417,0.5905826091766357,0.0,0.0,0.0,0.0,0.0,0.0,0.0,0.0,0.0,0.0,0.0,78.01000213623047,-338.94000244140625,-67.25,0.0
1780956638908877885,114157,1780956638878299383,base_link,wheel_left_joint,wheel_right_joint,joint1,joint2,joint3,joint4,gripper,0.006135923787951469,0.0,-0.004601942375302315,-1.5493206977844238,1.2379225492477417,0.5905826091766357,0.0,0.0,0.0,0.0,0.0,0.0,0.0,0.0,0.0,0.0,0.0,75.31999969482422,-341.6300048828125,-67.25,0.0
1780956639002465426,114158,1780956638967184553,base_link,wheel_left_joint,wheel_right_joint,joint1,joint2,joint3,joint4,gripper,0.006135923787951469,0.0,-0.004601942375302315,-1.5493206977844238,1.2379225492477417,0.5905826091766357,0.0,0.0,0.0,0.0,0.0,0.0,0.0,0.0,0.0,0.0,0.0,75.31999969482422,-338.94000244140625,-69.94000244140625,0.0
1780956639041613721,114159,1780956639065184553,base_link,wheel_left_joint,wheel_right_joint,joint1,joint2,joint3,joint4,gripper,0.006135923787951469,0.0,-0.004601942375302315,-1.5493206977844238,1.2379225492477417,0.5905826091766357,0.0,0.0,0.0,0.0,0.0,0.0,0.0,0.0,0.0,0.0,0.0,75.31999969482422,-338.94000244140625,-67.25,0.0
1780956639134898662,114160,1780956639099184553,base_link,wheel_left_joint,wheel_right_joint,joint1,joint2,joint3,joint4,gripper,0.006135923787951469,0.0,-0.004601942375302315,-1.5493206977844238,1.2379225492477417,0.5905826091766357,0.0,0.0,0.0,0.0,0.0,0.0,0.0,0.0,0.0,0.0,0.0,75.31999969482422,-338.94000244140625,-67.25,0.0
1780956639169820313,114161,1780956639198184553,base_link,wheel_left_joint,wheel_right_joint,joint1,joint2,joint3,joint4,gripper,0.006135923787951469,0.0,-0.004601942375302315,-1.5493206977844238,1.2379225492477417,0.5905826091766357,0.0,0.0,0.0,0.0,0.0,0.0,0.0,0.0,0.0,0.0,0.0,78.01000213623047,-338.94000244140625,-67.25,0.0
1780956639263490147,114162,1780956639232184553,base_link,wheel_left_joint,wheel_right_joint,joint1,joint2,joint3,joint4,gripper,0.006135923787951469,0.0,-0.004601942375302315,-1.5493206977844238,1.2379225492477417,0.5905826091766357,0.0,0.0,0.0,0.0,0.0,0.0,0.0,0.0,0.0,0.0,0.0,75.31999969482422,-338.94000244140625,-67.25,0.0
1780956639300696622,114163,1780956639324184553,base_link,wheel_left_joint,wheel_right_joint,joint1,joint2,joint3,joint4,gripper,0.006135923787951469,0.0,-0.004601942375302315,-1.5493206977844238,1.2379225492477417,0.5905826091766357,0.0,0.0,0.0,0.0,0.0,0.0,0.0,0.0,0.0,0.0,0.0,78.01000213623047,-341.6300048828125,-67.25,0.0
1780956639393830876,114164,1780956639358184553,base_link,wheel_left_joint,wheel_right_joint,joint1,joint2,joint3,joint4,gripper,0.006135923787951469,0.0,-0.004601942375302315,-1.5493206977844238,1.2379225492477417,0.5905826091766357,0.0,0.0,0.0,0.0,0.0,0.0,0.0,0.0,0.0,0.0,0.0,78.01000213623047,-338.94000244140625,-69.94000244140625,0.0
1780956639436733563,114165,1780956639461184553,base_link,wheel_left_joint,wheel_right_joint,joint1,joint2,joint3,joint4,gripper,0.006135923787951469,0.0,-0.004601942375302315,-1.5493206977844238,1.2379225492477417,0.5905826091766357,0.0,0.0,0.0,0.0,0.0,0.0,0.0,0.0,0.0,0.0,0.0,78.01000213623047,-338.94000244140625,-67.25,0.0
1780956639531371521,114166,1780956639495184553,base_link,wheel_left_joint,wheel_right_joint,joint1,joint2,joint3,joint4,gripper,0.006135923787951469,0.0,-0.004601942375302315,-1.5493206977844238,1.2379225492477417,0.5905826091766357,0.0,0.0,0.0,0.0,0.0,0.0,0.0,0.0,0.0,0.0,0.0,75.31999969482422,-338.94000244140625,-67.25,0.0
1780956639566131382,114167,1780956639585184553,base_link,wheel_left_joint,wheel_right_joint,joint1,joint2,joint3,joint4,gripper,0.006135923787951469,0.0,-0.004601942375302315,-1.5493206977844238,1.2379225492477417,0.5905826091766357,0.0,0.0,0.0,0.0,0.0,0.0,0.0,0.0,0.0,0.0,0.0,78.01000213623047,-341.6300048828125,-67.25,0.0
1780956639660703213,114168,1780956639619184553,base_link,wheel_left_joint,wheel_right_joint,joint1,joint2,joint3,joint4,gripper,0.006135923787951469,0.0,-0.004601942375302315,-1.5493206977844238,1.2379225492477417,0.5905826091766357,0.0,0.0,0.0,0.0,0.0,0.0,0.0,0.0,0.0,0.0,0.0,75.31999969482422,-338.94000244140625,-67.25,0.0
1780956639689073062,114169,1780956639712184553,base_link,wheel_left_joint,wheel_right_joint,joint1,joint2,joint3,joint4,gripper,0.006135923787951469,0.0,-0.004601942375302315,-1.5493206977844238,1.2379225492477417,0.5905826091766357,0.0,0.0,0.0,0.0,0.0,0.0,0.0,0.0,0.0,0.0,0.0,78.01000213623047,-338.94000244140625,-67.25,0.0
1780956639781848799,114170,1780956639746184553,base_link,wheel_left_joint,wheel_right_joint,joint1,joint2,joint3,joint4,gripper,0.006135923787951469,0.0,-0.004601942375302315,-1.5493206977844238,1.2379225492477417,0.5905826091766357,0.0,0.0,0.0,0.0,0.0,0.0,0.0,0.0,0.0,0.0,0.0,78.01000213623047,-338.94000244140625,-67.25,0.0
1780956639820209590,114171,1780956639844184553,base_link,wheel_left_joint,wheel_right_joint,joint1,joint2,joint3,joint4,gripper,0.006135923787951469,0.0,-0.004601942375302315,-1.5493206977844238,1.2379225492477417,0.5905826091766357,0.0,0.0,0.0,0.0,0.0,0.0,0.0,0.0,0.0,0.0,0.0,78.01000213623047,-338.94000244140625,-67.25,0.0
1780956639914208208,114172,1780956639878184553,base_link,wheel_left_joint,wheel_right_joint,joint1,joint2,joint3,joint4,gripper,0.006135923787951469,0.0,-0.004601942375302315,-1.5493206977844238,1.2379225492477417,0.5905826091766357,0.0,0.0,0.0,0.0,0.0,0.0,0.0,0.0,0.0,0.0,0.0,78.01000213623047,-338.94000244140625,-67.25,0.0
1780956639953864364,114173,1780956639976184553,base_link,wheel_left_joint,wheel_right_joint,joint1,joint2,joint3,joint4,gripper,0.006135923787951469,0.0,-0.004601942375302315,-1.5493206977844238,1.2379225492477417,0.5905826091766357,0.0,0.0,0.0,0.0,0.0,0.0,0.0,0.0,0.0,0.0,0.0,78.01000213623047,-338.94000244140625,-67.25,0.0
1780956640056217282,114174,1780956640010184553,base_link,wheel_left_joint,wheel_right_joint,joint1,joint2,joint3,joint4,gripper,0.006135923787951469,0.0,-0.004601942375302315,-1.5493206977844238,1.2379225492477417,0.5905826091766357,0.0,0.0,0.0,0.0,0.0,0.0,0.0,0.0,0.0,0.0,0.0,78.01000213623047,-338.94000244140625,-67.25,0.0
1780956640094000953,114175,1780956640113184553,base_link,wheel_left_joint,wheel_right_joint,joint1,joint2,joint3,joint4,gripper,0.006135923787951469,0.0,-0.004601942375302315,-1.5493206977844238,1.2379225492477417,0.5905826091766357,0.0,0.0,0.0,0.0,0.0,0.0,0.0,0.0,0.0,0.0,0.0,75.31999969482422,-338.94000244140625,-72.6300048828125,0.0
1780956640184055033,114176,1780956640147184553,base_link,wheel_left_joint,wheel_right_joint,joint1,joint2,joint3,joint4,gripper,0.006135923787951469,0.0,-0.004601942375302315,-1.5493206977844238,1.2379225492477417,0.5905826091766357,0.0,0.0,0.0,0.0,0.0,0.0,0.0,0.0,0.0,0.0,0.0,75.31999969482422,-338.94000244140625,-67.25,0.0
1780956640221219390,114177,1780956640248184553,base_link,wheel_left_joint,wheel_right_joint,joint1,joint2,joint3,joint4,gripper,0.006135923787951469,0.0,-0.004601942375302315,-1.5493206977844238,1.2379225492477417,0.5905826091766357,0.0,0.0,0.0,0.0,0.0,0.0,0.0,0.0,0.0,0.0,0.0,75.31999969482422,-338.94000244140625,-67.25,0.0
1780956640313679812,114178,1780956640282184553,base_link,wheel_left_joint,wheel_right_joint,joint1,joint2,joint3,joint4,gripper,0.006135923787951469,0.0,-0.004601942375302315,-1.5493206977844238,1.2379225492477417,0.5905826091766357,0.0,0.0,0.0,0.0,0.0,0.0,0.0,0.0,0.0,0.0,0.0,78.01000213623047,-338.94000244140625,-67.25,0.0
1780956640348692657,114179,1780956640377184553,base_link,wheel_left_joint,wheel_right_joint,joint1,joint2,joint3,joint4,gripper,0.006135923787951469,0.0,-0.004601942375302315,-1.5493206977844238,1.2379225492477417,0.5905826091766357,0.0,0.0,0.0,0.0,0.0,0.0,0.0,0.0,0.0,0.0,0.0,78.01000213623047,-338.94000244140625,-67.25,0.0
1780956640442268720,114180,1780956640411184553,base_link,wheel_left_joint,wheel_right_joint,joint1,joint2,joint3,joint4,gripper,0.006135923787951469,0.0,-0.004601942375302315,-1.5493206977844238,1.2379225492477417,0.5905826091766357,0.0,0.0,0.0,0.0,0.0,0.0,0.0,0.0,0.0,0.0,0.0,78.01000213623047,-341.6300048828125,-67.25,0.0
1780956640487464254,114181,1780956640507184553,base_link,wheel_left_joint,wheel_right_joint,joint1,joint2,joint3,joint4,gripper,0.006135923787951469,0.0,-0.004601942375302315,-1.5493206977844238,1.2379225492477417,0.5905826091766357,0.0,0.0,0.0,0.0,0.0,0.0,0.0,0.0,0.0,0.0,0.0,78.01000213623047,-338.94000244140625,-67.25,0.0
1780956640580515980,114182,1780956640541184553,base_link,wheel_left_joint,wheel_right_joint,joint1,joint2,joint3,joint4,gripper,0.006135923787951469,0.0,-0.004601942375302315,-1.5493206977844238,1.2379225492477417,0.5905826091766357,0.0,0.0,0.0,0.0,0.0,0.0,0.0,0.0,0.0,0.0,0.0,75.31999969482422,-338.94000244140625,-67.25,0.0
1780956640607414311,114183,1780956640635184553,base_link,wheel_left_joint,wheel_right_joint,joint1,joint2,joint3,joint4,gripper,0.006135923787951469,0.0,-0.003067961661145091,-1.5493206977844238,1.2379225492477417,0.5905826091766357,0.0,0.0,0.0,0.0,0.0,0.0,0.0,0.0,0.0,0.0,0.0,78.01000213623047,-338.94000244140625,-67.25,0.0
1780956640698833487,114184,1780956640669184553,base_link,wheel_left_joint,wheel_right_joint,joint1,joint2,joint3,joint4,gripper,0.006135923787951469,0.0,-0.004601942375302315,-1.5493206977844238,1.2379225492477417,0.5905826091766357,0.0,0.0,0.0,0.0,0.0,0.0,0.0,0.0,0.0,0.0,0.0,75.31999969482422,-338.94000244140625,-67.25,0.0
1780956640741834229,114185,1780956640764184553,base_link,wheel_left_joint,wheel_right_joint,joint1,joint2,joint3,joint4,gripper,0.006135923787951469,0.0,-0.004601942375302315,-1.5493206977844238,1.2379225492477417,0.5905826091766357,0.0,0.0,0.0,0.0,0.0,0.0,0.0,0.0,0.0,0.0,0.0,75.31999969482422,-341.6300048828125,-69.94000244140625,0.0
1780956640836035202,114186,1780956640798184553,base_link,wheel_left_joint,wheel_right_joint,joint1,joint2,joint3,joint4,gripper,0.006135923787951469,0.0,-0.004601942375302315,-1.5493206977844238,1.2379225492477417,0.5905826091766357,0.0,0.0,0.0,0.0,0.0,0.0,0.0,0.0,0.0,0.0,0.0,78.01000213623047,-338.94000244140625,-69.94000244140625,0.0
1780956640866101190,114187,1780956640888184553,base_link,wheel_left_joint,wheel_right_joint,joint1,joint2,joint3,joint4,gripper,0.006135923787951469,0.0,-0.004601942375302315,-1.5493206977844238,1.2379225492477417,0.5905826091766357,0.0,0.0,0.0,0.0,0.0,0.0,0.0,0.0,0.0,0.0,0.0,78.01000213623047,-338.94000244140625,-67.25,0.0
1780956640957970973,114188,1780956640922184553,base_link,wheel_left_joint,wheel_right_joint,joint1,joint2,joint3,joint4,gripper,0.006135923787951469,0.0,-0.004601942375302315,-1.5493206977844238,1.2379225492477417,0.5905826091766357,0.0,0.0,0.0,0.0,0.0,0.0,0.0,0.0,0.0,0.0,0.0,78.01000213623047,-338.94000244140625,-67.25,0.0
1780956640993872319,114189,1780956641020184553,base_link,wheel_left_joint,wheel_right_joint,joint1,joint2,joint3,joint4,gripper,0.006135923787951469,0.0,-0.004601942375302315,-1.5493206977844238,1.2379225492477417,0.5905826091766357,0.0,0.0,0.0,0.0,0.0,0.0,0.0,0.0,0.0,0.0,0.0,75.31999969482422,-338.94000244140625,-69.94000244140625,0.0
1780956641091944046,114190,1780956641054184553,base_link,wheel_left_joint,wheel_right_joint,joint1,joint2,joint3,joint4,gripper,0.006135923787951469,0.0,-0.004601942375302315,-1.5493206977844238,1.2379225492477417,0.5905826091766357,0.0,0.0,0.0,0.0,0.0,0.0,0.0,0.0,0.0,0.0,0.0,75.31999969482422,-338.94000244140625,-67.25,0.0
1780956641128193826,114191,1780956641153184553,base_link,wheel_left_joint,wheel_right_joint,joint1,joint2,joint3,joint4,gripper,0.006135923787951469,0.0,-0.004601942375302315,-1.5508545637130737,1.2379225492477417,0.5905826091766357,0.0,0.0,0.0,0.0,0.0,0.0,0.0,0.0,0.0,0.0,0.0,75.31999969482422,-338.94000244140625,-69.94000244140625,0.0
1780956641210654417,114192,1780956641187184553,base_link,wheel_left_joint,wheel_right_joint,joint1,joint2,joint3,joint4,gripper,0.006135923787951469,0.0,-0.004601942375302315,-1.5493206977844238,1.2379225492477417,0.5905826091766357,0.0,0.0,0.0,0.0,0.0,0.0,0.0,0.0,0.0,0.0,0.0,75.31999969482422,-341.6300048828125,-67.25,0.0
1780956641233708838,114193,1780956641281184553,base_link,wheel_left_joint,wheel_right_joint,joint1,joint2,joint3,joint4,gripper,0.006135923787951469,0.0,-0.004601942375302315,-1.5493206977844238,1.2379225492477417,0.5905826091766357,0.0,0.0,0.0,0.0,0.0,0.0,0.0,0.0,0.0,0.0,0.0,75.31999969482422,-341.6300048828125,-67.25,0.0
1780956641295422919,114194,1780956641315184553,base_link,wheel_left_joint,wheel_right_joint,joint1,joint2,joint3,joint4,gripper,0.006135923787951469,0.0,-0.004601942375302315,-1.5493206977844238,1.2379225492477417,0.5905826091766357,0.0,0.0,0.0,0.0,0.0,0.0,0.0,0.0,0.0,0.0,0.0,80.70000457763672,-338.94000244140625,-67.25,0.0
1780956641322368504,114195,1780956641373184553,base_link,wheel_left_joint,wheel_right_joint,joint1,joint2,joint3,joint4,gripper,0.006135923787951469,0.0,-0.004601942375302315,-1.5493206977844238,1.2379225492477417,0.5905826091766357,0.0,0.0,0.0,0.0,0.0,0.0,0.0,0.0,0.0,0.0,0.0,75.31999969482422,-336.25,-75.31999969482422,0.0
1780956641378985473,114196,1780956641407184553,base_link,wheel_left_joint,wheel_right_joint,joint1,joint2,joint3,joint4,gripper,0.006135923787951469,0.0,-0.004601942375302315,-1.5493206977844238,1.2379225492477417,0.5905826091766357,0.0,0.0,0.0,0.0,0.0,0.0,0.0,0.0,0.0,0.0,0.0,78.01000213623047,-341.6300048828125,-69.94000244140625,0.0
1780956641402583973,114197,1780956641391782608,base_link,wheel_left_joint,wheel_right_joint,joint1,joint2,joint3,joint4,gripper,0.006135923787951469,0.0,-0.004601942375302315,-1.5493206977844238,1.2379225492477417,0.5905826091766357,0.0,0.0,0.0,0.0,0.0,0.0,0.0,0.0,0.0,0.0,0.0,75.31999969482422,-338.94000244140625,-67.25,0.0
1780956641459623896,114198,1780956641425782608,base_link,wheel_left_joint,wheel_right_joint,joint1,joint2,joint3,joint4,gripper,0.006135923787951469,0.0,-0.004601942375302315,-1.5493206977844238,1.2379225492477417,0.5905826091766357,0.0,0.0,0.0,0.0,0.0,0.0,0.0,0.0,0.0,0.0,0.0,75.31999969482422,-338.94000244140625,-72.6300048828125,0.0
1780956641488608858,114199,1780956641473782608,base_link,wheel_left_joint,wheel_right_joint,joint1,joint2,joint3,joint4,gripper,0.006135923787951469,0.0,-0.004601942375302315,-1.5493206977844238,1.2379225492477417,0.5905826091766357,0.0,0.0,0.0,0.0,0.0,0.0,0.0,0.0,0.0,0.0,0.0,75.31999969482422,-338.94000244140625,-67.25,0.0
1780956641544483253,114200,1780956641507782608,base_link,wheel_left_joint,wheel_right_joint,joint1,joint2,joint3,joint4,gripper,0.006135923787951469,0.0,-0.004601942375302315,-1.5493206977844238,1.2379225492477417,0.5905826091766357,0.0,0.0,0.0,0.0,0.0,0.0,0.0,0.0,0.0,0.0,0.0,75.31999969482422,-338.94000244140625,-67.25,0.0
1780956641568255200,114201,1780956641552782608,base_link,wheel_left_joint,wheel_right_joint,joint1,joint2,joint3,joint4,gripper,0.006135923787951469,0.0,-0.004601942375302315,-1.5493206977844238,1.2379225492477417,0.5905826091766357,0.0,0.0,0.0,0.0,0.0,0.0,0.0,0.0,0.0,0.0,0.0,78.01000213623047,-338.94000244140625,-67.25,0.0
1780956641626370194,114202,1780956641586782608,base_link,wheel_left_joint,wheel_right_joint,joint1,joint2,joint3,joint4,gripper,0.006135923787951469,0.0,-0.004601942375302315,-1.5493206977844238,1.2379225492477417,0.5905826091766357,0.0,0.0,0.0,0.0,0.0,0.0,0.0,0.0,0.0,0.0,0.0,78.01000213623047,-338.94000244140625,-67.25,0.0
1780956641643123247,114203,1780956641633782608,base_link,wheel_left_joint,wheel_right_joint,joint1,joint2,joint3,joint4,gripper,0.006135923787951469,0.0,-0.004601942375302315,-1.5493206977844238,1.2379225492477417,0.5905826091766357,0.0,0.0,0.0,0.0,0.0,0.0,0.0,0.0,0.0,0.0,0.0,78.01000213623047,-338.94000244140625,-69.94000244140625,0.0
1780956641701006067,114204,1780956641667782608,base_link,wheel_left_joint,wheel_right_joint,joint1,joint2,joint3,joint4,gripper,0.006135923787951469,0.0,-0.004601942375302315,-1.5493206977844238,1.2394565343856812,0.5905826091766357,0.0,0.0,0.0,0.0,0.0,0.0,0.0,0.0,0.0,0.0,0.0,75.31999969482422,-338.94000244140625,-67.25,0.0
1780956641739839270,114205,1780956641721782608,base_link,wheel_left_joint,wheel_right_joint,joint1,joint2,joint3,joint4,gripper,0.006135923787951469,0.0,-0.004601942375302315,-1.5493206977844238,1.2379225492477417,0.5905826091766357,0.0,0.0,0.0,0.0,0.0,0.0,0.0,0.0,0.0,0.0,0.0,78.01000213623047,-338.94000244140625,-69.94000244140625,0.0
1780956641799451922,114206,1780956641755782608,base_link,wheel_left_joint,wheel_right_joint,joint1,joint2,joint3,joint4,gripper,0.006135923787951469,0.0,-0.004601942375302315,-1.5493206977844238,1.2379225492477417,0.5905826091766357,0.0,0.0,0.0,0.0,0.0,0.0,0.0,0.0,0.0,0.0,0.0,72.6300048828125,-338.94000244140625,-69.94000244140625,0.0
1780956641817585635,114207,1780956641802782608,base_link,wheel_left_joint,wheel_right_joint,joint1,joint2,joint3,joint4,gripper,0.006135923787951469,0.0,-0.004601942375302315,-1.5477867126464844,1.2379225492477417,0.5905826091766357,0.0,0.0,0.0,0.0,0.0,0.0,0.0,0.0,0.0,0.0,0.0,78.01000213623047,-341.6300048828125,-67.25,0.0
1780956641874469475,114208,1780956641836782608,base_link,wheel_left_joint,wheel_right_joint,joint1,joint2,joint3,joint4,gripper,0.006135923787951469,0.0,-0.004601942375302315,-1.5493206977844238,1.2379225492477417,0.5905826091766357,0.0,0.0,0.0,0.0,0.0,0.0,0.0,0.0,0.0,0.0,0.0,78.01000213623047,-338.94000244140625,-69.94000244140625,0.0
1780956641899393512,114209,1780956641886782608,base_link,wheel_left_joint,wheel_right_joint,joint1,joint2,joint3,joint4,gripper,0.006135923787951469,0.0,-0.004601942375302315,-1.5493206977844238,1.2379225492477417,0.5905826091766357,0.0,0.0,0.0,0.0,0.0,0.0,0.0,0.0,0.0,0.0,0.0,78.01000213623047,-338.94000244140625,-67.25,0.0
1780956641957524666,114210,1780956641920782608,base_link,wheel_left_joint,wheel_right_joint,joint1,joint2,joint3,joint4,gripper,0.006135923787951469,0.0,-0.004601942375302315,-1.5493206977844238,1.2379225492477417,0.5905826091766357,0.0,0.0,0.0,0.0,0.0,0.0,0.0,0.0,0.0,0.0,0.0,78.01000213623047,-338.94000244140625,-67.25,0.0
1780956641985983005,114211,1780956641973782608,base_link,wheel_left_joint,wheel_right_joint,joint1,joint2,joint3,joint4,gripper,0.006135923787951469,0.0,-0.004601942375302315,-1.5493206977844238,1.2379225492477417,0.5905826091766357,0.0,0.0,0.0,0.0,0.0,0.0,0.0,0.0,0.0,0.0,0.0,75.31999969482422,-338.94000244140625,-67.25,0.0
1780956642046882522,114212,1780956642007782608,base_link,wheel_left_joint,wheel_right_joint,joint1,joint2,joint3,joint4,gripper,0.006135923787951469,0.0,-0.004601942375302315,-1.5493206977844238,1.2379225492477417,0.5905826091766357,0.0,0.0,0.0,0.0,0.0,0.0,0.0,0.0,0.0,0.0,0.0,78.01000213623047,-338.94000244140625,-67.25,0.0
1780956642071105864,114213,1780956642054782608,base_link,wheel_left_joint,wheel_right_joint,joint1,joint2,joint3,joint4,gripper,0.006135923787951469,0.0,-0.004601942375302315,-1.5493206977844238,1.2379225492477417,0.5905826091766357,0.0,0.0,0.0,0.0,0.0,0.0,0.0,0.0,0.0,0.0,0.0,78.01000213623047,-338.94000244140625,-67.25,0.0
1780956642129519805,114214,1780956642088782608,base_link,wheel_left_joint,wheel_right_joint,joint1,joint2,joint3,joint4,gripper,0.006135923787951469,0.0,-0.004601942375302315,-1.5493206977844238,1.2379225492477417,0.5905826091766357,0.0,0.0,0.0,0.0,0.0,0.0,0.0,0.0,0.0,0.0,0.0,78.01000213623047,-338.94000244140625,-67.25,0.0
1780956642151997106,114215,1780956642141782608,base_link,wheel_left_joint,wheel_right_joint,joint1,joint2,joint3,joint4,gripper,0.006135923787951469,0.0,-0.004601942375302315,-1.5493206977844238,1.2379225492477417,0.5905826091766357,0.0,0.0,0.0,0.0,0.0,0.0,0.0,0.0,0.0,0.0,0.0,78.01000213623047,-341.6300048828125,-67.25,0.0
1780956642208866153,114216,1780956642175782608,base_link,wheel_left_joint,wheel_right_joint,joint1,joint2,joint3,joint4,gripper,0.006135923787951469,0.0,-0.004601942375302315,-1.5493206977844238,1.2379225492477417,0.5905826091766357,0.0,0.0,0.0,0.0,0.0,0.0,0.0,0.0,0.0,0.0,0.0,78.01000213623047,-338.94000244140625,-67.25,0.0
1780956642238177100,114217,1780956642225782608,base_link,wheel_left_joint,wheel_right_joint,joint1,joint2,joint3,joint4,gripper,0.006135923787951469,0.0,-0.004601942375302315,-1.5493206977844238,1.2379225492477417,0.5905826091766357,0.0,0.0,0.0,0.0,0.0,0.0,0.0,0.0,0.0,0.0,0.0,78.01000213623047,-338.94000244140625,-67.25,0.0
1780956642296380635,114218,1780956642259782608,base_link,wheel_left_joint,wheel_right_joint,joint1,joint2,joint3,joint4,gripper,0.006135923787951469,0.0,-0.004601942375302315,-1.5493206977844238,1.2379225492477417,0.5905826091766357,0.0,0.0,0.0,0.0,0.0,0.0,0.0,0.0,0.0,0.0,0.0,78.01000213623047,-338.94000244140625,-69.94000244140625,0.0
1780956642319488703,114219,1780956642308782608,base_link,wheel_left_joint,wheel_right_joint,joint1,joint2,joint3,joint4,gripper,0.006135923787951469,0.0,-0.004601942375302315,-1.5493206977844238,1.2379225492477417,0.5905826091766357,0.0,0.0,0.0,0.0,0.0,0.0,0.0,0.0,0.0,0.0,0.0,75.31999969482422,-338.94000244140625,-72.6300048828125,0.0
1780956642375693602,114220,1780956642342782608,base_link,wheel_left_joint,wheel_right_joint,joint1,joint2,joint3,joint4,gripper,0.006135923787951469,0.0,-0.004601942375302315,-1.5493206977844238,1.2379225492477417,0.5905826091766357,0.0,0.0,0.0,0.0,0.0,0.0,0.0,0.0,0.0,0.0,0.0,78.01000213623047,-338.94000244140625,-67.25,0.0
1780956642401189260,114221,1780956642393782608,base_link,wheel_left_joint,wheel_right_joint,joint1,joint2,joint3,joint4,gripper,0.006135923787951469,0.0,-0.004601942375302315,-1.5493206977844238,1.2394565343856812,0.5905826091766357,0.0,0.0,0.0,0.0,0.0,0.0,0.0,0.0,0.0,0.0,0.0,78.01000213623047,-336.25,-72.6300048828125,0.0
1780956642458650158,114222,1780956642427782608,base_link,wheel_left_joint,wheel_right_joint,joint1,joint2,joint3,joint4,gripper,0.006135923787951469,0.0,-0.004601942375302315,-1.5493206977844238,1.2379225492477417,0.5905826091766357,0.0,0.0,0.0,0.0,0.0,0.0,0.0,0.0,0.0,0.0,0.0,75.31999969482422,-336.25,-67.25,0.0
1780956642511070152,114223,1780956642497782608,base_link,wheel_left_joint,wheel_right_joint,joint1,joint2,joint3,joint4,gripper,0.006135923787951469,0.0,-0.004601942375302315,-1.5493206977844238,1.2379225492477417,0.5905826091766357,0.0,0.0,0.0,0.0,0.0,0.0,0.0,0.0,0.0,0.0,0.0,78.01000213623047,-338.94000244140625,-67.25,0.0
1780956642568933174,114224,1780956642531782608,base_link,wheel_left_joint,wheel_right_joint,joint1,joint2,joint3,joint4,gripper,0.006135923787951469,0.0,-0.004601942375302315,-1.5493206977844238,1.2394565343856812,0.5921165943145752,0.0,0.0,0.0,0.0,0.0,0.0,0.0,0.0,0.0,0.0,0.0,78.01000213623047,-336.25,-67.25,0.0
1780956642597990740,114225,1780956642586782608,base_link,wheel_left_joint,wheel_right_joint,joint1,joint2,joint3,joint4,gripper,0.006135923787951469,0.0,-0.004601942375302315,-1.5493206977844238,1.2379225492477417,0.5905826091766357,0.0,0.0,0.0,0.0,0.0,0.0,0.0,0.0,0.0,0.0,0.0,78.01000213623047,-338.94000244140625,-72.6300048828125,0.0
1780956642656953192,114226,1780956642620782608,base_link,wheel_left_joint,wheel_right_joint,joint1,joint2,joint3,joint4,gripper,0.006135923787951469,0.0,-0.004601942375302315,-1.5493206977844238,1.2379225492477417,0.5905826091766357,0.0,0.0,0.0,0.0,0.0,0.0,0.0,0.0,0.0,0.0,0.0,78.01000213623047,-338.94000244140625,-72.6300048828125,0.0
1780956642679062776,114227,1780956642663782608,base_link,wheel_left_joint,wheel_right_joint,joint1,joint2,joint3,joint4,gripper,0.006135923787951469,0.0,-0.004601942375302315,-1.5493206977844238,1.2379225492477417,0.5905826091766357,0.0,0.0,0.0,0.0,0.0,0.0,0.0,0.0,0.0,0.0,0.0,78.01000213623047,-338.94000244140625,-67.25,0.0
1780956642736380183,114228,1780956642697782608,base_link,wheel_left_joint,wheel_right_joint,joint1,joint2,joint3,joint4,gripper,0.006135923787951469,0.0,-0.004601942375302315,-1.5493206977844238,1.2379225492477417,0.5905826091766357,0.0,0.0,0.0,0.0,0.0,0.0,0.0,0.0,0.0,0.0,0.0,80.70000457763672,-338.94000244140625,-67.25,0.0
1780956642759515011,114229,1780956642748782608,base_link,wheel_left_joint,wheel_right_joint,joint1,joint2,joint3,joint4,gripper,0.006135923787951469,0.0,-0.004601942375302315,-1.5493206977844238,1.2379225492477417,0.5905826091766357,0.0,0.0,0.0,0.0,0.0,0.0,0.0,0.0,0.0,0.0,0.0,78.01000213623047,-338.94000244140625,-69.94000244140625,0.0
1780956642816658958,114230,1780956642782782608,base_link,wheel_left_joint,wheel_right_joint,joint1,joint2,joint3,joint4,gripper,0.006135923787951469,0.0,-0.004601942375302315,-1.5493206977844238,1.2379225492477417,0.5905826091766357,0.0,0.0,0.0,0.0,0.0,0.0,0.0,0.0,0.0,0.0,0.0,78.01000213623047,-338.94000244140625,-69.94000244140625,0.0
1780956642845506813,114231,1780956642834782608,base_link,wheel_left_joint,wheel_right_joint,joint1,joint2,joint3,joint4,gripper,0.006135923787951469,0.0,-0.004601942375302315,-1.5493206977844238,1.2379225492477417,0.5905826091766357,0.0,0.0,0.0,0.0,0.0,0.0,0.0,0.0,0.0,0.0,0.0,78.01000213623047,-338.94000244140625,-69.94000244140625,0.0
1780956642903784644,114232,1780956642868782608,base_link,wheel_left_joint,wheel_right_joint,joint1,joint2,joint3,joint4,gripper,0.006135923787951469,0.0,-0.004601942375302315,-1.5493206977844238,1.2379225492477417,0.5905826091766357,0.0,0.0,0.0,0.0,0.0,0.0,0.0,0.0,0.0,0.0,0.0,78.01000213623047,-341.6300048828125,-69.94000244140625,0.0
1780956642927644051,114233,1780956642916782608,base_link,wheel_left_joint,wheel_right_joint,joint1,joint2,joint3,joint4,gripper,0.006135923787951469,0.0,-0.004601942375302315,-1.5493206977844238,1.2379225492477417,0.5905826091766357,0.0,0.0,0.0,0.0,0.0,0.0,0.0,0.0,0.0,0.0,0.0,75.31999969482422,-338.94000244140625,-67.25,0.0
1780956642985189889,114234,1780956642950782608,base_link,wheel_left_joint,wheel_right_joint,joint1,joint2,joint3,joint4,gripper,0.006135923787951469,0.0,-0.004601942375302315,-1.5493206977844238,1.2379225492477417,0.5905826091766357,0.0,0.0,0.0,0.0,0.0,0.0,0.0,0.0,0.0,0.0,0.0,78.01000213623047,-338.94000244140625,-69.94000244140625,0.0
1780956643013710813,114235,1780956643001782608,base_link,wheel_left_joint,wheel_right_joint,joint1,joint2,joint3,joint4,gripper,0.006135923787951469,0.0,-0.004601942375302315,-1.5493206977844238,1.2379225492477417,0.5905826091766357,0.0,0.0,0.0,0.0,0.0,0.0,0.0,0.0,0.0,0.0,0.0,75.31999969482422,-338.94000244140625,-67.25,0.0
1780956643074519442,114236,1780956643035782608,base_link,wheel_left_joint,wheel_right_joint,joint1,joint2,joint3,joint4,gripper,0.006135923787951469,0.0,-0.004601942375302315,-1.5493206977844238,1.2379225492477417,0.5905826091766357,0.0,0.0,0.0,0.0,0.0,0.0,0.0,0.0,0.0,0.0,0.0,75.31999969482422,-338.94000244140625,-67.25,0.0
1780956643098704396,114237,1780956643082782608,base_link,wheel_left_joint,wheel_right_joint,joint1,joint2,joint3,joint4,gripper,0.006135923787951469,0.0,-0.004601942375302315,-1.5493206977844238,1.2379225492477417,0.5905826091766357,0.0,0.0,0.0,0.0,0.0,0.0,0.0,0.0,0.0,0.0,0.0,78.01000213623047,-338.94000244140625,-67.25,0.0
1780956643177870545,114238,1780956643116782608,base_link,wheel_left_joint,wheel_right_joint,joint1,joint2,joint3,joint4,gripper,0.006135923787951469,0.0,-0.004601942375302315,-1.5493206977844238,1.2379225492477417,0.5905826091766357,0.0,0.0,0.0,0.0,0.0,0.0,0.0,0.0,0.0,0.0,0.0,75.31999969482422,-338.94000244140625,-67.25,0.0
1780956643215114504,114239,1780956643172782608,base_link,wheel_left_joint,wheel_right_joint,joint1,joint2,joint3,joint4,gripper,0.006135923787951469,0.0,-0.004601942375302315,-1.5493206977844238,1.2379225492477417,0.5905826091766357,0.0,0.0,0.0,0.0,0.0,0.0,0.0,0.0,0.0,0.0,0.0,75.31999969482422,-338.94000244140625,-67.25,0.0
1780956643307431229,114240,1780956643206782608,base_link,wheel_left_joint,wheel_right_joint,joint1,joint2,joint3,joint4,gripper,0.006135923787951469,0.0,-0.004601942375302315,-1.5493206977844238,1.2379225492477417,0.5905826091766357,0.0,0.0,0.0,0.0,0.0,0.0,0.0,0.0,0.0,0.0,0.0,75.31999969482422,-338.94000244140625,-67.25,0.0
1780956643343507148,114241,1780956643303782608,base_link,wheel_left_joint,wheel_right_joint,joint1,joint2,joint3,joint4,gripper,0.006135923787951469,0.0,-0.004601942375302315,-1.5493206977844238,1.2379225492477417,0.5905826091766357,0.0,0.0,0.0,0.0,0.0,0.0,0.0,0.0,0.0,0.0,0.0,80.70000457763672,-338.94000244140625,-67.25,0.0
1780956643435969561,114242,1780956643337782608,base_link,wheel_left_joint,wheel_right_joint,joint1,joint2,joint3,joint4,gripper,0.006135923787951469,0.0,-0.004601942375302315,-1.5493206977844238,1.2379225492477417,0.5905826091766357,0.0,0.0,0.0,0.0,0.0,0.0,0.0,0.0,0.0,0.0,0.0,78.01000213623047,-338.94000244140625,-67.25,0.0
1780956643479873710,114243,1780956643432782608,base_link,wheel_left_joint,wheel_right_joint,joint1,joint2,joint3,joint4,gripper,0.006135923787951469,0.0,-0.004601942375302315,-1.5493206977844238,1.2379225492477417,0.5905826091766357,0.0,0.0,0.0,0.0,0.0,0.0,0.0,0.0,0.0,0.0,0.0,78.01000213623047,-338.94000244140625,-72.6300048828125,0.0
1780956643574453310,114244,1780956643466782608,base_link,wheel_left_joint,wheel_right_joint,joint1,joint2,joint3,joint4,gripper,0.006135923787951469,0.0,-0.004601942375302315,-1.5493206977844238,1.2379225492477417,0.5905826091766357,0.0,0.0,0.0,0.0,0.0,0.0,0.0,0.0,0.0,0.0,0.0,80.70000457763672,-338.94000244140625,-67.25,0.0
1780956643601590565,114245,1780956643562782608,base_link,wheel_left_joint,wheel_right_joint,joint1,joint2,joint3,joint4,gripper,0.006135923787951469,0.0,-0.004601942375302315,-1.5493206977844238,1.2379225492477417,0.5905826091766357,0.0,0.0,0.0,0.0,0.0,0.0,0.0,0.0,0.0,0.0,0.0,78.01000213623047,-338.94000244140625,-69.94000244140625,0.0
1780956643694425394,114246,1780956643596782608,base_link,wheel_left_joint,wheel_right_joint,joint1,joint2,joint3,joint4,gripper,0.006135923787951469,0.0,-0.004601942375302315,-1.5493206977844238,1.2379225492477417,0.5905826091766357,0.0,0.0,0.0,0.0,0.0,0.0,0.0,0.0,0.0,0.0,0.0,75.31999969482422,-338.94000244140625,-67.25,0.0
1780956643729463889,114247,1780956643688782608,base_link,wheel_left_joint,wheel_right_joint,joint1,joint2,joint3,joint4,gripper,0.006135923787951469,0.0,-0.004601942375302315,-1.5493206977844238,1.2379225492477417,0.5905826091766357,0.0,0.0,0.0,0.0,0.0,0.0,0.0,0.0,0.0,0.0,0.0,78.01000213623047,-338.94000244140625,-69.94000244140625,0.0
1780956643823143256,114248,1780956643722782608,base_link,wheel_left_joint,wheel_right_joint,joint1,joint2,joint3,joint4,gripper,0.006135923787951469,0.0,-0.004601942375302315,-1.5493206977844238,1.2379225492477417,0.5905826091766357,0.0,0.0,0.0,0.0,0.0,0.0,0.0,0.0,0.0,0.0,0.0,75.31999969482422,-338.94000244140625,-67.25,0.0
1780956643863287814,114249,1780956643815782608,base_link,wheel_left_joint,wheel_right_joint,joint1,joint2,joint3,joint4,gripper,0.006135923787951469,0.0,-0.004601942375302315,-1.5493206977844238,1.2379225492477417,0.5905826091766357,0.0,0.0,0.0,0.0,0.0,0.0,0.0,0.0,0.0,0.0,0.0,75.31999969482422,-341.6300048828125,-67.25,0.0
1780956643956400368,114250,1780956643849782608,base_link,wheel_left_joint,wheel_right_joint,joint1,joint2,joint3,joint4,gripper,0.006135923787951469,0.0,-0.004601942375302315,-1.5493206977844238,1.2379225492477417,0.5905826091766357,0.0,0.0,0.0,0.0,0.0,0.0,0.0,0.0,0.0,0.0,0.0,78.01000213623047,-338.94000244140625,-67.25,0.0
1780956643994490828,114251,1780956643970695650,base_link,wheel_left_joint,wheel_right_joint,joint1,joint2,joint3,joint4,gripper,0.006135923787951469,0.0,-0.004601942375302315,-1.5493206977844238,1.2379225492477417,0.5905826091766357,0.0,0.0,0.0,0.0,0.0,0.0,0.0,0.0,0.0,0.0,0.0,78.01000213623047,-338.94000244140625,-67.25,0.0
1780956644085921852,114252,1780956644004695650,base_link,wheel_left_joint,wheel_right_joint,joint1,joint2,joint3,joint4,gripper,0.006135923787951469,0.0,-0.004601942375302315,-1.5493206977844238,1.2379225492477417,0.5905826091766357,0.0,0.0,0.0,0.0,0.0,0.0,0.0,0.0,0.0,0.0,0.0,78.01000213623047,-338.94000244140625,-69.94000244140625,0.0
1780956644125165575,114253,1780956644102695650,base_link,wheel_left_joint,wheel_right_joint,joint1,joint2,joint3,joint4,gripper,0.006135923787951469,0.0,-0.004601942375302315,-1.5493206977844238,1.2379225492477417,0.5905826091766357,0.0,0.0,0.0,0.0,0.0,0.0,0.0,0.0,0.0,0.0,0.0,75.31999969482422,-338.94000244140625,-67.25,0.0
1780956644222046760,114254,1780956644136695650,base_link,wheel_left_joint,wheel_right_joint,joint1,joint2,joint3,joint4,gripper,0.006135923787951469,0.0,-0.004601942375302315,-1.5493206977844238,1.2379225492477417,0.5921165943145752,0.0,0.0,0.0,0.0,0.0,0.0,0.0,0.0,0.0,0.0,0.0,75.31999969482422,-338.94000244140625,-69.94000244140625,0.0
1780956644259483427,114255,1780956644236695650,base_link,wheel_left_joint,wheel_right_joint,joint1,joint2,joint3,joint4,gripper,0.006135923787951469,0.0,-0.004601942375302315,-1.5493206977844238,1.2379225492477417,0.5905826091766357,0.0,0.0,0.0,0.0,0.0,0.0,0.0,0.0,0.0,0.0,0.0,78.01000213623047,-341.6300048828125,-67.25,0.0
1780956644350983233,114256,1780956644270695650,base_link,wheel_left_joint,wheel_right_joint,joint1,joint2,joint3,joint4,gripper,0.006135923787951469,0.0,-0.004601942375302315,-1.5493206977844238,1.2379225492477417,0.5905826091766357,0.0,0.0,0.0,0.0,0.0,0.0,0.0,0.0,0.0,0.0,0.0,78.01000213623047,-338.94000244140625,-69.94000244140625,0.0
1780956644390833430,114257,1780956644367695650,base_link,wheel_left_joint,wheel_right_joint,joint1,joint2,joint3,joint4,gripper,0.006135923787951469,0.0,-0.004601942375302315,-1.5493206977844238,1.2379225492477417,0.5905826091766357,0.0,0.0,0.0,0.0,0.0,0.0,0.0,0.0,0.0,0.0,0.0,75.31999969482422,-338.94000244140625,-67.25,0.0
1780956644484627582,114258,1780956644401695650,base_link,wheel_left_joint,wheel_right_joint,joint1,joint2,joint3,joint4,gripper,0.006135923787951469,0.0,-0.004601942375302315,-1.5493206977844238,1.2379225492477417,0.5905826091766357,0.0,0.0,0.0,0.0,0.0,0.0,0.0,0.0,0.0,0.0,0.0,80.70000457763672,-338.94000244140625,-67.25,0.0
1780956644525350870,114259,1780956644499695650,base_link,wheel_left_joint,wheel_right_joint,joint1,joint2,joint3,joint4,gripper,0.006135923787951469,0.0,-0.004601942375302315,-1.5493206977844238,1.2379225492477417,0.5905826091766357,0.0,0.0,0.0,0.0,0.0,0.0,0.0,0.0,0.0,0.0,0.0,78.01000213623047,-338.94000244140625,-67.25,0.0
1780956644616532568,114260,1780956644533695650,base_link,wheel_left_joint,wheel_right_joint,joint1,joint2,joint3,joint4,gripper,0.006135923787951469,0.0,-0.004601942375302315,-1.5493206977844238,1.2379225492477417,0.5905826091766357,0.0,0.0,0.0,0.0,0.0,0.0,0.0,0.0,0.0,0.0,0.0,78.01000213623047,-338.94000244140625,-67.25,0.0
1780956644654450246,114261,1780956644632695650,base_link,wheel_left_joint,wheel_right_joint,joint1,joint2,joint3,joint4,gripper,0.006135923787951469,0.0,-0.004601942375302315,-1.5493206977844238,1.2379225492477417,0.5905826091766357,0.0,0.0,0.0,0.0,0.0,0.0,0.0,0.0,0.0,0.0,0.0,78.01000213623047,-338.94000244140625,-67.25,0.0
1780956644746993886,114262,1780956644666695650,base_link,wheel_left_joint,wheel_right_joint,joint1,joint2,joint3,joint4,gripper,0.006135923787951469,0.0,-0.004601942375302315,-1.5493206977844238,1.2379225492477417,0.5905826091766357,0.0,0.0,0.0,0.0,0.0,0.0,0.0,0.0,0.0,0.0,0.0,78.01000213623047,-338.94000244140625,-75.31999969482422,0.0
1780956644782860368,114263,1780956644763695650,base_link,wheel_left_joint,wheel_right_joint,joint1,joint2,joint3,joint4,gripper,0.006135923787951469,0.0,-0.004601942375302315,-1.5493206977844238,1.2379225492477417,0.5905826091766357,0.0,0.0,0.0,0.0,0.0,0.0,0.0,0.0,0.0,0.0,0.0,78.01000213623047,-338.94000244140625,-67.25,0.0
1780956644875720948,114264,1780956644797695650,base_link,wheel_left_joint,wheel_right_joint,joint1,joint2,joint3,joint4,gripper,0.006135923787951469,0.0,-0.004601942375302315,-1.5493206977844238,1.2379225492477417,0.5905826091766357,0.0,0.0,0.0,0.0,0.0,0.0,0.0,0.0,0.0,0.0,0.0,78.01000213623047,-338.94000244140625,-78.01000213623047,0.0
1780956644912655924,114265,1780956644892695650,base_link,wheel_left_joint,wheel_right_joint,joint1,joint2,joint3,joint4,gripper,0.006135923787951469,0.0,-0.004601942375302315,-1.5493206977844238,1.2379225492477417,0.5905826091766357,0.0,0.0,0.0,0.0,0.0,0.0,0.0,0.0,0.0,0.0,0.0,78.01000213623047,-338.94000244140625,-67.25,0.0
1780956645007770296,114266,1780956644926695650,base_link,wheel_left_joint,wheel_right_joint,joint1,joint2,joint3,joint4,gripper,0.006135923787951469,0.0,-0.004601942375302315,-1.5493206977844238,1.2379225492477417,0.5905826091766357,0.0,0.0,0.0,0.0,0.0,0.0,0.0,0.0,0.0,0.0,0.0,78.01000213623047,-338.94000244140625,-67.25,0.0
1780956645052428488,114267,1780956645024695650,base_link,wheel_left_joint,wheel_right_joint,joint1,joint2,joint3,joint4,gripper,0.006135923787951469,0.0,-0.004601942375302315,-1.5493206977844238,1.2379225492477417,0.5905826091766357,0.0,0.0,0.0,0.0,0.0,0.0,0.0,0.0,0.0,0.0,0.0,78.01000213623047,-338.94000244140625,-67.25,0.0
1780956645143723589,114268,1780956645058695650,base_link,wheel_left_joint,wheel_right_joint,joint1,joint2,joint3,joint4,gripper,0.006135923787951469,0.0,-0.004601942375302315,-1.5493206977844238,1.2379225492477417,0.5905826091766357,0.0,0.0,0.0,0.0,0.0,0.0,0.0,0.0,0.0,0.0,0.0,78.01000213623047,-338.94000244140625,-67.25,0.0
1780956645171115299,114269,1780956645147695650,base_link,wheel_left_joint,wheel_right_joint,joint1,joint2,joint3,joint4,gripper,0.006135923787951469,0.0,-0.004601942375302315,-1.5493206977844238,1.2379225492477417,0.5905826091766357,0.0,0.0,0.0,0.0,0.0,0.0,0.0,0.0,0.0,0.0,0.0,78.01000213623047,-338.94000244140625,-67.25,0.0
1780956645269922317,114270,1780956645181695650,base_link,wheel_left_joint,wheel_right_joint,joint1,joint2,joint3,joint4,gripper,0.006135923787951469,0.0,-0.004601942375302315,-1.5493206977844238,1.2379225492477417,0.5905826091766357,0.0,0.0,0.0,0.0,0.0,0.0,0.0,0.0,0.0,0.0,0.0,78.01000213623047,-338.94000244140625,-67.25,0.0
1780956645305443704,114271,1780956645276695650,base_link,wheel_left_joint,wheel_right_joint,joint1,joint2,joint3,joint4,gripper,0.006135923787951469,0.0,-0.004601942375302315,-1.5493206977844238,1.2379225492477417,0.5905826091766357,0.0,0.0,0.0,0.0,0.0,0.0,0.0,0.0,0.0,0.0,0.0,78.01000213623047,-338.94000244140625,-69.94000244140625,0.0
1780956645399141667,114272,1780956645310695650,base_link,wheel_left_joint,wheel_right_joint,joint1,joint2,joint3,joint4,gripper,0.006135923787951469,0.0,-0.004601942375302315,-1.5493206977844238,1.2379225492477417,0.5905826091766357,0.0,0.0,0.0,0.0,0.0,0.0,0.0,0.0,0.0,0.0,0.0,78.01000213623047,-338.94000244140625,-67.25,0.0
1780956645427119039,114273,1780956645403695650,base_link,wheel_left_joint,wheel_right_joint,joint1,joint2,joint3,joint4,gripper,0.006135923787951469,0.0,-0.004601942375302315,-1.5493206977844238,1.2379225492477417,0.5905826091766357,0.0,0.0,0.0,0.0,0.0,0.0,0.0,0.0,0.0,0.0,0.0,75.31999969482422,-338.94000244140625,-69.94000244140625,0.0
1780956645519545138,114274,1780956645437695650,base_link,wheel_left_joint,wheel_right_joint,joint1,joint2,joint3,joint4,gripper,0.006135923787951469,0.0,-0.004601942375302315,-1.5493206977844238,1.2379225492477417,0.5905826091766357,0.0,0.0,0.0,0.0,0.0,0.0,0.0,0.0,0.0,0.0,0.0,75.31999969482422,-338.94000244140625,-67.25,0.0
1780956645558562060,114275,1780956645530695650,base_link,wheel_left_joint,wheel_right_joint,joint1,joint2,joint3,joint4,gripper,0.006135923787951469,0.0,-0.004601942375302315,-1.5493206977844238,1.2379225492477417,0.5905826091766357,0.0,0.0,0.0,0.0,0.0,0.0,0.0,0.0,0.0,0.0,0.0,75.31999969482422,-338.94000244140625,-67.25,0.0
1780956645650356738,114276,1780956645564695650,base_link,wheel_left_joint,wheel_right_joint,joint1,joint2,joint3,joint4,gripper,0.006135923787951469,0.0,-0.004601942375302315,-1.5493206977844238,1.2379225492477417,0.5905826091766357,0.0,0.0,0.0,0.0,0.0,0.0,0.0,0.0,0.0,0.0,0.0,75.31999969482422,-338.94000244140625,-69.94000244140625,0.0
1780956645679472576,114277,1780956645656695650,base_link,wheel_left_joint,wheel_right_joint,joint1,joint2,joint3,joint4,gripper,0.006135923787951469,0.0,-0.003067961661145091,-1.5493206977844238,1.2379225492477417,0.5905826091766357,0.0,0.0,0.0,0.0,0.0,0.0,0.0,0.0,0.0,0.0,0.0,75.31999969482422,-338.94000244140625,-67.25,0.0
1780956645772339917,114278,1780956645690695650,base_link,wheel_left_joint,wheel_right_joint,joint1,joint2,joint3,joint4,gripper,0.006135923787951469,0.0,-0.004601942375302315,-1.5493206977844238,1.2379225492477417,0.5905826091766357,0.0,0.0,0.0,0.0,0.0,0.0,0.0,0.0,0.0,0.0,0.0,75.31999969482422,-338.94000244140625,-67.25,0.0
1780956645809989869,114279,1780956645789695650,base_link,wheel_left_joint,wheel_right_joint,joint1,joint2,joint3,joint4,gripper,0.006135923787951469,0.0,-0.004601942375302315,-1.5493206977844238,1.2379225492477417,0.5905826091766357,0.0,0.0,0.0,0.0,0.0,0.0,0.0,0.0,0.0,0.0,0.0,78.01000213623047,-338.94000244140625,-67.25,0.0
1780956645900236652,114280,1780956645823695650,base_link,wheel_left_joint,wheel_right_joint,joint1,joint2,joint3,joint4,gripper,0.006135923787951469,0.0,-0.004601942375302315,-1.5493206977844238,1.2379225492477417,0.5905826091766357,0.0,0.0,0.0,0.0,0.0,0.0,0.0,0.0,0.0,0.0,0.0,78.01000213623047,-338.94000244140625,-67.25,0.0
1780956645937122242,114281,1780956645913695650,base_link,wheel_left_joint,wheel_right_joint,joint1,joint2,joint3,joint4,gripper,0.006135923787951469,0.0,-0.004601942375302315,-1.5493206977844238,1.2379225492477417,0.5905826091766357,0.0,0.0,0.0,0.0,0.0,0.0,0.0,0.0,0.0,0.0,0.0,80.70000457763672,-338.94000244140625,-67.25,0.0
1780956646032487031,114282,1780956645947695650,base_link,wheel_left_joint,wheel_right_joint,joint1,joint2,joint3,joint4,gripper,0.006135923787951469,0.0,-0.004601942375302315,-1.5493206977844238,1.2379225492477417,0.5905826091766357,0.0,0.0,0.0,0.0,0.0,0.0,0.0,0.0,0.0,0.0,0.0,75.31999969482422,-338.94000244140625,-67.25,0.0
1780956646061614053,114283,1780956646035695650,base_link,wheel_left_joint,wheel_right_joint,joint1,joint2,joint3,joint4,gripper,0.006135923787951469,0.0,-0.004601942375302315,-1.5493206977844238,1.2379225492477417,0.5905826091766357,0.0,0.0,0.0,0.0,0.0,0.0,0.0,0.0,0.0,0.0,0.0,78.01000213623047,-338.94000244140625,-67.25,0.0
1780956646153392381,114284,1780956646069695650,base_link,wheel_left_joint,wheel_right_joint,joint1,joint2,joint3,joint4,gripper,0.006135923787951469,0.0,-0.004601942375302315,-1.5493206977844238,1.2379225492477417,0.5905826091766357,0.0,0.0,0.0,0.0,0.0,0.0,0.0,0.0,0.0,0.0,0.0,78.01000213623047,-338.94000244140625,-69.94000244140625,0.0
1780956646194012947,114285,1780956646168695650,base_link,wheel_left_joint,wheel_right_joint,joint1,joint2,joint3,joint4,gripper,0.006135923787951469,0.0,-0.004601942375302315,-1.5493206977844238,1.2379225492477417,0.5905826091766357,0.0,0.0,0.0,0.0,0.0,0.0,0.0,0.0,0.0,0.0,0.0,75.31999969482422,-338.94000244140625,-67.25,0.0
1780956646290142979,114286,1780956646202695650,base_link,wheel_left_joint,wheel_right_joint,joint1,joint2,joint3,joint4,gripper,0.006135923787951469,0.0,-0.004601942375302315,-1.5493206977844238,1.2379225492477417,0.5905826091766357,0.0,0.0,0.0,0.0,0.0,0.0,0.0,0.0,0.0,0.0,0.0,78.01000213623047,-338.94000244140625,-67.25,0.0
1780956646328400003,114287,1780956646301695650,base_link,wheel_left_joint,wheel_right_joint,joint1,joint2,joint3,joint4,gripper,0.006135923787951469,0.0,-0.004601942375302315,-1.5493206977844238,1.2394565343856812,0.5905826091766357,0.0,0.0,0.0,0.0,0.0,0.0,0.0,0.0,0.0,0.0,0.0,78.01000213623047,-338.94000244140625,-69.94000244140625,0.0
1780956646406609101,114288,1780956646335695650,base_link,wheel_left_joint,wheel_right_joint,joint1,joint2,joint3,joint4,gripper,0.006135923787951469,0.0,-0.004601942375302315,-1.5493206977844238,1.2379225492477417,0.5921165943145752,0.0,0.0,0.0,0.0,0.0,0.0,0.0,0.0,0.0,0.0,0.0,78.01000213623047,-338.94000244140625,-72.6300048828125,0.0
1780956646428960844,114289,1780956646427695650,base_link,wheel_left_joint,wheel_right_joint,joint1,joint2,joint3,joint4,gripper,0.006135923787951469,0.0,-0.004601942375302315,-1.5493206977844238,1.2379225492477417,0.5905826091766357,0.0,0.0,0.0,0.0,0.0,0.0,0.0,0.0,0.0,0.0,0.0,78.01000213623047,-338.94000244140625,-67.25,0.0
1780956646483864561,114290,1780956646461695650,base_link,wheel_left_joint,wheel_right_joint,joint1,joint2,joint3,joint4,gripper,0.006135923787951469,0.0,-0.004601942375302315,-1.5493206977844238,1.2379225492477417,0.5905826091766357,0.0,0.0,0.0,0.0,0.0,0.0,0.0,0.0,0.0,0.0,0.0,75.31999969482422,-338.94000244140625,-67.25,0.0
1780956646508759588,114291,1780956646502207012,base_link,wheel_left_joint,wheel_right_joint,joint1,joint2,joint3,joint4,gripper,0.006135923787951469,0.0,-0.004601942375302315,-1.5493206977844238,1.2379225492477417,0.5905826091766357,0.0,0.0,0.0,0.0,0.0,0.0,0.0,0.0,0.0,0.0,0.0,75.31999969482422,-336.25,-67.25,0.0
1780956646566230046,114292,1780956646536207012,base_link,wheel_left_joint,wheel_right_joint,joint1,joint2,joint3,joint4,gripper,0.006135923787951469,0.0,-0.004601942375302315,-1.5493206977844238,1.2379225492477417,0.5905826091766357,0.0,0.0,0.0,0.0,0.0,0.0,0.0,0.0,0.0,0.0,0.0,75.31999969482422,-338.94000244140625,-69.94000244140625,0.0
1780956646595713701,114293,1780956646586207012,base_link,wheel_left_joint,wheel_right_joint,joint1,joint2,joint3,joint4,gripper,0.006135923787951469,0.0,-0.004601942375302315,-1.5493206977844238,1.2394565343856812,0.5905826091766357,0.0,0.0,0.0,0.0,0.0,0.0,0.0,0.0,0.0,0.0,0.0,78.01000213623047,-338.94000244140625,-67.25,0.0
1780956646654392652,114294,1780956646620207012,base_link,wheel_left_joint,wheel_right_joint,joint1,joint2,joint3,joint4,gripper,0.006135923787951469,0.0,-0.004601942375302315,-1.5493206977844238,1.2379225492477417,0.5905826091766357,0.0,0.0,0.0,0.0,0.0,0.0,0.0,0.0,0.0,0.0,0.0,75.31999969482422,-338.94000244140625,-67.25,0.0
1780956646676725493,114295,1780956646668207012,base_link,wheel_left_joint,wheel_right_joint,joint1,joint2,joint3,joint4,gripper,0.006135923787951469,0.0,-0.004601942375302315,-1.5493206977844238,1.2379225492477417,0.5905826091766357,0.0,0.0,0.0,0.0,0.0,0.0,0.0,0.0,0.0,0.0,0.0,75.31999969482422,-338.94000244140625,-67.25,0.0
1780956646735035888,114296,1780956646702207012,base_link,wheel_left_joint,wheel_right_joint,joint1,joint2,joint3,joint4,gripper,0.006135923787951469,0.0,-0.004601942375302315,-1.5493206977844238,1.2379225492477417,0.5905826091766357,0.0,0.0,0.0,0.0,0.0,0.0,0.0,0.0,0.0,0.0,0.0,75.31999969482422,-338.94000244140625,-67.25,0.0
1780956646763876838,114297,1780956646751207012,base_link,wheel_left_joint,wheel_right_joint,joint1,joint2,joint3,joint4,gripper,0.006135923787951469,0.0,-0.004601942375302315,-1.5493206977844238,1.2379225492477417,0.5905826091766357,0.0,0.0,0.0,0.0,0.0,0.0,0.0,0.0,0.0,0.0,0.0,78.01000213623047,-338.94000244140625,-69.94000244140625,0.0
1780956646822893489,114298,1780956646785207012,base_link,wheel_left_joint,wheel_right_joint,joint1,joint2,joint3,joint4,gripper,0.006135923787951469,0.0,-0.004601942375302315,-1.5493206977844238,1.2379225492477417,0.5905826091766357,0.0,0.0,0.0,0.0,0.0,0.0,0.0,0.0,0.0,0.0,0.0,78.01000213623047,-338.94000244140625,-67.25,0.0
1780956646844963461,114299,1780956646836207012,base_link,wheel_left_joint,wheel_right_joint,joint1,joint2,joint3,joint4,gripper,0.006135923787951469,0.0,-0.004601942375302315,-1.5493206977844238,1.2394565343856812,0.5905826091766357,0.0,0.0,0.0,0.0,0.0,0.0,0.0,0.0,0.0,0.0,0.0,75.31999969482422,-341.6300048828125,-69.94000244140625,0.0
1780956646903187980,114300,1780956646870207012,base_link,wheel_left_joint,wheel_right_joint,joint1,joint2,joint3,joint4,gripper,0.006135923787951469,0.0,-0.004601942375302315,-1.5493206977844238,1.2379225492477417,0.5905826091766357,0.0,0.0,0.0,0.0,0.0,0.0,0.0,0.0,0.0,0.0,0.0,80.70000457763672,-338.94000244140625,-67.25,0.0
1780956646931968481,114301,1780956646920207012,base_link,wheel_left_joint,wheel_right_joint,joint1,joint2,joint3,joint4,gripper,0.006135923787951469,0.0,-0.004601942375302315,-1.5493206977844238,1.2379225492477417,0.5905826091766357,0.0,0.0,0.0,0.0,0.0,0.0,0.0,0.0,0.0,0.0,0.0,78.01000213623047,-338.94000244140625,-67.25,0.0
1780956646990150587,114302,1780956646954207012,base_link,wheel_left_joint,wheel_right_joint,joint1,joint2,joint3,joint4,gripper,0.006135923787951469,0.0,-0.004601942375302315,-1.5493206977844238,1.2379225492477417,0.5905826091766357,0.0,0.0,0.0,0.0,0.0,0.0,0.0,0.0,0.0,0.0,0.0,78.01000213623047,-341.6300048828125,-67.25,0.0
1780956647013497558,114303,1780956647004207012,base_link,wheel_left_joint,wheel_right_joint,joint1,joint2,joint3,joint4,gripper,0.006135923787951469,0.0,-0.004601942375302315,-1.5493206977844238,1.2379225492477417,0.5905826091766357,0.0,0.0,0.0,0.0,0.0,0.0,0.0,0.0,0.0,0.0,0.0,75.31999969482422,-338.94000244140625,-67.25,0.0
1780956647071289435,114304,1780956647038207012,base_link,wheel_left_joint,wheel_right_joint,joint1,joint2,joint3,joint4,gripper,0.006135923787951469,0.0,-0.004601942375302315,-1.5493206977844238,1.2379225492477417,0.5905826091766357,0.0,0.0,0.0,0.0,0.0,0.0,0.0,0.0,0.0,0.0,0.0,75.31999969482422,-341.6300048828125,-67.25,0.0
1780956647100539830,114305,1780956647090207012,base_link,wheel_left_joint,wheel_right_joint,joint1,joint2,joint3,joint4,gripper,0.006135923787951469,-0.0015339809469878674,-0.004601942375302315,-1.5493206977844238,1.2379225492477417,0.5905826091766357,0.0,0.0,-0.029499635100364685,0.0,0.0,0.0,0.0,0.0,0.0,0.0,0.0,78.01000213623047,-338.94000244140625,-67.25,0.0
1780956647158770723,114306,1780956647124207012,base_link,wheel_left_joint,wheel_right_joint,joint1,joint2,joint3,joint4,gripper,0.006135923787951469,0.0,-0.004601942375302315,-1.5493206977844238,1.2379225492477417,0.5905826091766357,0.0,0.0,0.04511708766222,0.0,0.0,0.0,0.0,0.0,0.0,0.0,0.0,78.01000213623047,-336.25,-67.25,0.0
1780956647180347988,114307,1780956647174207012,base_link,wheel_left_joint,wheel_right_joint,joint1,joint2,joint3,joint4,gripper,0.006135923787951469,0.0,-0.004601942375302315,-1.5493206977844238,1.2379225492477417,0.5905826091766357,0.0,0.0,0.0,0.0,0.0,0.0,0.0,0.0,0.0,0.0,0.0,78.01000213623047,-338.94000244140625,-67.25,0.0
1780956647241018125,114308,1780956647208207012,base_link,wheel_left_joint,wheel_right_joint,joint1,joint2,joint3,joint4,gripper,0.006135923787951469,0.0,-0.004601942375302315,-1.5493206977844238,1.2379225492477417,0.5905826091766357,0.0,0.0,0.0,0.0,0.0,0.0,0.0,0.0,0.0,0.0,0.0,75.31999969482422,-338.94000244140625,-67.25,0.0
1780956647270482085,114309,1780956647260207012,base_link,wheel_left_joint,wheel_right_joint,joint1,joint2,joint3,joint4,gripper,0.006135923787951469,0.0,-0.004601942375302315,-1.5493206977844238,1.2379225492477417,0.5905826091766357,0.0,0.0,0.0,0.0,0.0,0.0,0.0,0.0,0.0,0.0,0.0,75.31999969482422,-336.25,-67.25,0.0
1780956647328685583,114310,1780956647294207012,base_link,wheel_left_joint,wheel_right_joint,joint1,joint2,joint3,joint4,gripper,0.006135923787951469,0.0,-0.004601942375302315,-1.5493206977844238,1.2379225492477417,0.5905826091766357,0.0,0.0,0.0,0.0,0.0,0.0,0.0,0.0,0.0,0.0,0.0,75.31999969482422,-338.94000244140625,-67.25,0.0
1780956647350747839,114311,1780956647340207012,base_link,wheel_left_joint,wheel_right_joint,joint1,joint2,joint3,joint4,gripper,0.006135923787951469,0.0,-0.004601942375302315,-1.5493206977844238,1.2379225492477417,0.5905826091766357,0.0,0.0,0.0,0.0,0.0,0.0,0.0,0.0,0.0,0.0,0.0,75.31999969482422,-338.94000244140625,-67.25,0.0
1780956647409120666,114312,1780956647374207012,base_link,wheel_left_joint,wheel_right_joint,joint1,joint2,joint3,joint4,gripper,0.006135923787951469,0.0,-0.004601942375302315,-1.5493206977844238,1.2379225492477417,0.5905826091766357,0.0,0.0,0.0,0.0,0.0,0.0,0.0,0.0,0.0,0.0,0.0,75.31999969482422,-338.94000244140625,-67.25,0.0
1780956647432757717,114313,1780956647425207012,base_link,wheel_left_joint,wheel_right_joint,joint1,joint2,joint3,joint4,gripper,0.006135923787951469,-0.0015339809469878674,-0.004601942375302315,-1.5493206977844238,1.2379225492477417,0.5905826091766357,0.0,0.0,-0.030078059062361717,0.0,0.0,0.0,0.0,0.0,0.0,0.0,0.0,75.31999969482422,-336.25,-67.25,0.0
1780956647491617944,114314,1780956647459207012,base_link,wheel_left_joint,wheel_right_joint,joint1,joint2,joint3,joint4,gripper,0.006135923787951469,-0.0015339809469878674,-0.004601942375302315,-1.5493206977844238,1.2379225492477417,0.5905826091766357,0.0,0.0,0.0,0.0,0.0,0.0,0.0,0.0,0.0,0.0,0.0,72.6300048828125,-338.94000244140625,-69.94000244140625,0.0
1780956647520989222,114315,1780956647508207012,base_link,wheel_left_joint,wheel_right_joint,joint1,joint2,joint3,joint4,gripper,0.007669905200600624,0.0,-0.004601942375302315,-1.5493206977844238,1.2379225492477417,0.5905826091766357,0.0,0.03130573406815529,0.03130573406815529,0.0,0.0,0.0,0.0,0.0,0.0,0.0,0.0,75.31999969482422,-338.94000244140625,-67.25,0.0
1780956647578541436,114316,1780956647542207012,base_link,wheel_left_joint,wheel_right_joint,joint1,joint2,joint3,joint4,gripper,0.006135923787951469,0.0,-0.004601942375302315,-1.5493206977844238,1.2379225492477417,0.5905826091766357,0.0,-0.04511708766222,0.0,0.0,0.0,0.0,0.0,0.0,0.0,0.0,0.0,75.31999969482422,-336.25,-67.25,0.0
1780956647602346555,114317,1780956647589207012,base_link,wheel_left_joint,wheel_right_joint,joint1,joint2,joint3,joint4,gripper,0.006135923787951469,0.0,-0.003067961661145091,-1.5493206977844238,1.2379225492477417,0.5905826091766357,0.0,0.0,0.0,0.0,0.0,0.0,0.0,0.0,0.0,0.0,0.0,75.31999969482422,-338.94000244140625,-67.25,0.0
1780956647661060401,114318,1780956647623207012,base_link,wheel_left_joint,wheel_right_joint,joint1,joint2,joint3,joint4,gripper,0.006135923787951469,0.0,-0.004601942375302315,-1.5493206977844238,1.2379225492477417,0.5905826091766357,0.0,0.0,0.0,0.0,0.0,0.0,0.0,0.0,0.0,0.0,0.0,78.01000213623047,-338.94000244140625,-67.25,0.0
1780956647682502505,114319,1780956647677207012,base_link,wheel_left_joint,wheel_right_joint,joint1,joint2,joint3,joint4,gripper,0.006135923787951469,0.0,-0.004601942375302315,-1.5493206977844238,1.2379225492477417,0.5905826091766357,0.0,0.0,0.0,0.0,0.0,0.0,0.0,0.0,0.0,0.0,0.0,78.01000213623047,-338.94000244140625,-67.25,0.0
1780956647741092730,114320,1780956647711207012,base_link,wheel_left_joint,wheel_right_joint,joint1,joint2,joint3,joint4,gripper,0.006135923787951469,0.0,-0.004601942375302315,-1.5493206977844238,1.2379225492477417,0.5905826091766357,0.0,0.0,0.0,0.0,0.0,0.0,0.0,0.0,0.0,0.0,0.0,75.31999969482422,-338.94000244140625,-67.25,0.0
1780956647770291636,114321,1780956647759207012,base_link,wheel_left_joint,wheel_right_joint,joint1,joint2,joint3,joint4,gripper,0.006135923787951469,0.0,-0.004601942375302315,-1.5493206977844238,1.2379225492477417,0.5905826091766357,0.0,0.0,0.0,0.0,0.0,0.0,0.0,0.0,0.0,0.0,0.0,78.01000213623047,-338.94000244140625,-67.25,0.0
1780956647828649449,114322,1780956647793207012,base_link,wheel_left_joint,wheel_right_joint,joint1,joint2,joint3,joint4,gripper,0.006135923787951469,0.0,-0.004601942375302315,-1.5493206977844238,1.2379225492477417,0.5905826091766357,0.0,0.0,0.0,0.0,0.0,0.0,0.0,0.0,0.0,0.0,0.0,72.6300048828125,-336.25,-67.25,0.0
1780956647850613222,114323,1780956647842207012,base_link,wheel_left_joint,wheel_right_joint,joint1,joint2,joint3,joint4,gripper,0.006135923787951469,0.0,-0.004601942375302315,-1.5493206977844238,1.2379225492477417,0.5905826091766357,0.0,0.0,0.0,0.0,0.0,0.0,0.0,0.0,0.0,0.0,0.0,75.31999969482422,-336.25,-67.25,0.0
1780956647908969570,114324,1780956647876207012,base_link,wheel_left_joint,wheel_right_joint,joint1,joint2,joint3,joint4,gripper,0.006135923787951469,0.0,-0.004601942375302315,-1.5493206977844238,1.2379225492477417,0.5905826091766357,0.0,0.0,0.0,0.0,0.0,0.0,0.0,0.0,0.0,0.0,0.0,78.01000213623047,-336.25,-67.25,0.0
1780956647938301016,114325,1780956647928207012,base_link,wheel_left_joint,wheel_right_joint,joint1,joint2,joint3,joint4,gripper,0.006135923787951469,0.0,-0.004601942375302315,-1.5493206977844238,1.2379225492477417,0.5905826091766357,0.0,0.0,0.0,0.0,0.0,0.0,0.0,0.0,0.0,0.0,0.0,78.01000213623047,-338.94000244140625,-72.6300048828125,0.0
1780956647996045573,114326,1780956647962207012,base_link,wheel_left_joint,wheel_right_joint,joint1,joint2,joint3,joint4,gripper,0.006135923787951469,0.0,-0.004601942375302315,-1.5493206977844238,1.2379225492477417,0.5905826091766357,0.0,0.0,0.0,0.0,0.0,0.0,0.0,0.0,0.0,0.0,0.0,78.01000213623047,-338.94000244140625,-67.25,0.0
1780956648018937488,114327,1780956648008207012,base_link,wheel_left_joint,wheel_right_joint,joint1,joint2,joint3,joint4,gripper,0.006135923787951469,0.0,-0.004601942375302315,-1.5493206977844238,1.2379225492477417,0.5905826091766357,0.0,0.0,0.0,0.0,0.0,0.0,0.0,0.0,0.0,0.0,0.0,78.01000213623047,-338.94000244140625,-67.25,0.0
1780956648077488089,114328,1780956648042207012,base_link,wheel_left_joint,wheel_right_joint,joint1,joint2,joint3,joint4,gripper,0.006135923787951469,0.0,-0.004601942375302315,-1.5508545637130737,1.2379225492477417,0.5905826091766357,0.0,0.0,0.0,0.0,0.0,0.0,0.0,0.0,0.0,0.0,0.0,78.01000213623047,-338.94000244140625,-69.94000244140625,0.0
1780956648105699849,114329,1780956648093207012,base_link,wheel_left_joint,wheel_right_joint,joint1,joint2,joint3,joint4,gripper,0.006135923787951469,0.0,-0.004601942375302315,-1.5493206977844238,1.2379225492477417,0.5905826091766357,0.0,0.0,0.0,0.0,0.0,0.0,0.0,0.0,0.0,0.0,0.0,75.31999969482422,-338.94000244140625,-67.25,0.0
1780956648164640275,114330,1780956648127207012,base_link,wheel_left_joint,wheel_right_joint,joint1,joint2,joint3,joint4,gripper,0.006135923787951469,0.0,-0.004601942375302315,-1.5493206977844238,1.2379225492477417,0.5905826091766357,0.0,0.0,0.0,0.0,0.0,0.0,0.0,0.0,0.0,0.0,0.0,75.31999969482422,-336.25,-69.94000244140625,0.0
1780956648189668692,114331,1780956648179207012,base_link,wheel_left_joint,wheel_right_joint,joint1,joint2,joint3,joint4,gripper,0.006135923787951469,0.0,-0.004601942375302315,-1.5493206977844238,1.2379225492477417,0.5905826091766357,0.0,0.0,0.0,0.0,0.0,0.0,0.0,0.0,0.0,0.0,0.0,75.31999969482422,-338.94000244140625,-67.25,0.0
1780956648246966895,114332,1780956648213207012,base_link,wheel_left_joint,wheel_right_joint,joint1,joint2,joint3,joint4,gripper,0.006135923787951469,0.0,-0.004601942375302315,-1.5493206977844238,1.2394565343856812,0.5905826091766357,0.0,0.0,0.0,0.0,0.0,0.0,0.0,0.0,0.0,0.0,0.0,75.31999969482422,-338.94000244140625,-67.25,0.0
1780956648270215723,114333,1780956648265207012,base_link,wheel_left_joint,wheel_right_joint,joint1,joint2,joint3,joint4,gripper,0.006135923787951469,0.0,-0.004601942375302315,-1.5493206977844238,1.2379225492477417,0.5905826091766357,0.0,0.0,0.0,0.0,0.0,0.0,0.0,0.0,0.0,0.0,0.0,75.31999969482422,-338.94000244140625,-67.25,0.0
1780956648328352085,114334,1780956648299207012,base_link,wheel_left_joint,wheel_right_joint,joint1,joint2,joint3,joint4,gripper,0.006135923787951469,0.0,-0.004601942375302315,-1.5493206977844238,1.2379225492477417,0.5905826091766357,0.0,0.0,0.0,0.0,0.0,0.0,0.0,0.0,0.0,0.0,0.0,78.01000213623047,-338.94000244140625,-67.25,0.0
1780956648357582864,114335,1780956648349207012,base_link,wheel_left_joint,wheel_right_joint,joint1,joint2,joint3,joint4,gripper,0.006135923787951469,0.0,-0.004601942375302315,-1.5493206977844238,1.2379225492477417,0.5905826091766357,0.0,0.0,0.0,0.0,0.0,0.0,0.0,0.0,0.0,0.0,0.0,80.70000457763672,-338.94000244140625,-69.94000244140625,0.0
1780956648413951200,114336,1780956648383207012,base_link,wheel_left_joint,wheel_right_joint,joint1,joint2,joint3,joint4,gripper,0.006135923787951469,0.0,-0.004601942375302315,-1.5493206977844238,1.2379225492477417,0.5905826091766357,0.0,0.0,0.0,0.0,0.0,0.0,0.0,0.0,0.0,0.0,0.0,75.31999969482422,-338.94000244140625,-69.94000244140625,0.0
1780956648438210424,114337,1780956648425207012,base_link,wheel_left_joint,wheel_right_joint,joint1,joint2,joint3,joint4,gripper,0.006135923787951469,0.0,-0.004601942375302315,-1.5493206977844238,1.2379225492477417,0.5905826091766357,0.0,0.0,0.0,0.0,0.0,0.0,0.0,0.0,0.0,0.0,0.0,78.01000213623047,-338.94000244140625,-67.25,0.0
1780956648496717823,114338,1780956648459207012,base_link,wheel_left_joint,wheel_right_joint,joint1,joint2,joint3,joint4,gripper,0.006135923787951469,0.0,-0.004601942375302315,-1.5493206977844238,1.2379225492477417,0.5905826091766357,0.0,0.0,0.0,0.0,0.0,0.0,0.0,0.0,0.0,0.0,0.0,78.01000213623047,-338.94000244140625,-67.25,0.0
1780956648518938779,114339,1780956648513207012,base_link,wheel_left_joint,wheel_right_joint,joint1,joint2,joint3,joint4,gripper,0.006135923787951469,0.0,-0.004601942375302315,-1.5493206977844238,1.2379225492477417,0.5905826091766357,0.0,0.0,0.0,0.0,0.0,0.0,0.0,0.0,0.0,0.0,0.0,78.01000213623047,-338.94000244140625,-67.25,0.0
1780956648575558330,114340,1780956648547207012,base_link,wheel_left_joint,wheel_right_joint,joint1,joint2,joint3,joint4,gripper,0.006135923787951469,0.0,-0.004601942375302315,-1.5493206977844238,1.2379225492477417,0.5905826091766357,0.0,0.0,0.0,0.0,0.0,0.0,0.0,0.0,0.0,0.0,0.0,78.01000213623047,-338.94000244140625,-67.25,0.0
1780956648604860519,114341,1780956648597207012,base_link,wheel_left_joint,wheel_right_joint,joint1,joint2,joint3,joint4,gripper,0.006135923787951469,0.0,-0.004601942375302315,-1.5493206977844238,1.2379225492477417,0.5905826091766357,0.0,0.0,0.0,0.0,0.0,0.0,0.0,0.0,0.0,0.0,0.0,78.01000213623047,-338.94000244140625,-69.94000244140625,0.0
1780956648662988189,114342,1780956648631207012,base_link,wheel_left_joint,wheel_right_joint,joint1,joint2,joint3,joint4,gripper,0.006135923787951469,0.0,-0.004601942375302315,-1.5493206977844238,1.2379225492477417,0.5905826091766357,0.0,0.0,0.0,0.0,0.0,0.0,0.0,0.0,0.0,0.0,0.0,80.70000457763672,-336.25,-67.25,0.0
1780956648686692376,114343,1780956648677207012,base_link,wheel_left_joint,wheel_right_joint,joint1,joint2,joint3,joint4,gripper,0.006135923787951469,0.0,-0.004601942375302315,-1.5493206977844238,1.2379225492477417,0.5905826091766357,0.0,0.0,0.0,0.0,0.0,0.0,0.0,0.0,0.0,0.0,0.0,75.31999969482422,-338.94000244140625,-67.25,0.0
1780956648743447491,114344,1780956648711207012,base_link,wheel_left_joint,wheel_right_joint,joint1,joint2,joint3,joint4,gripper,0.006135923787951469,0.0,-0.004601942375302315,-1.5493206977844238,1.2379225492477417,0.5905826091766357,0.0,0.0,0.0,0.0,0.0,0.0,0.0,0.0,0.0,0.0,0.0,78.01000213623047,-338.94000244140625,-67.25,0.0
1780956648772816851,114345,1780956648760207012,base_link,wheel_left_joint,wheel_right_joint,joint1,joint2,joint3,joint4,gripper,0.006135923787951469,0.0,-0.004601942375302315,-1.5493206977844238,1.2379225492477417,0.5905826091766357,0.0,0.0,0.0,0.0,0.0,0.0,0.0,0.0,0.0,0.0,0.0,75.31999969482422,-338.94000244140625,-72.6300048828125,0.0
1780956648831015191,114346,1780956648794207012,base_link,wheel_left_joint,wheel_right_joint,joint1,joint2,joint3,joint4,gripper,0.006135923787951469,0.0,-0.004601942375302315,-1.5493206977844238,1.2379225492477417,0.5905826091766357,0.0,0.0,0.0,0.0,0.0,0.0,0.0,0.0,0.0,0.0,0.0,78.01000213623047,-338.94000244140625,-67.25,0.0
1780956648847426376,114347,1780956648842207012,base_link,wheel_left_joint,wheel_right_joint,joint1,joint2,joint3,joint4,gripper,0.006135923787951469,0.0,-0.004601942375302315,-1.5493206977844238,1.2379225492477417,0.5905826091766357,0.0,0.0,0.0,0.0,0.0,0.0,0.0,0.0,0.0,0.0,0.0,72.6300048828125,-338.94000244140625,-67.25,0.0
1780956648905632761,114348,1780956648876207012,base_link,wheel_left_joint,wheel_right_joint,joint1,joint2,joint3,joint4,gripper,0.006135923787951469,0.0,-0.004601942375302315,-1.5493206977844238,1.2379225492477417,0.5905826091766357,0.0,0.0,0.0,0.0,0.0,0.0,0.0,0.0,0.0,0.0,0.0,78.01000213623047,-341.6300048828125,-67.25,0.0
1780956648947696388,114349,1780956648932207012,base_link,wheel_left_joint,wheel_right_joint,joint1,joint2,joint3,joint4,gripper,0.006135923787951469,0.0,-0.004601942375302315,-1.5493206977844238,1.2379225492477417,0.5905826091766357,0.0,0.0,0.0,0.0,0.0,0.0,0.0,0.0,0.0,0.0,0.0,72.6300048828125,-338.94000244140625,-67.25,0.0
1780956649001713873,114350,1780956648966207012,base_link,wheel_left_joint,wheel_right_joint,joint1,joint2,joint3,joint4,gripper,0.006135923787951469,0.0,-0.004601942375302315,-1.5508545637130737,1.2379225492477417,0.5905826091766357,0.0,0.0,0.0,0.0,0.0,0.0,0.0,0.0,0.0,0.0,0.0,75.31999969482422,-338.94000244140625,-67.25,0.0
1780956649025156068,114351,1780956649017339647,base_link,wheel_left_joint,wheel_right_joint,joint1,joint2,joint3,joint4,gripper,0.006135923787951469,0.0,-0.004601942375302315,-1.5493206977844238,1.2379225492477417,0.5905826091766357,0.0,0.0,0.0,0.0,0.0,0.0,0.0,0.0,0.0,0.0,0.0,78.01000213623047,-338.94000244140625,-67.25,0.0
1780956649081599209,114352,1780956649051339647,base_link,wheel_left_joint,wheel_right_joint,joint1,joint2,joint3,joint4,gripper,0.006135923787951469,0.0,-0.004601942375302315,-1.5493206977844238,1.2379225492477417,0.5905826091766357,0.0,0.0,0.0,0.0,0.0,0.0,0.0,0.0,0.0,0.0,0.0,78.01000213623047,-338.94000244140625,-67.25,0.0
1780956649110464155,114353,1780956649100339647,base_link,wheel_left_joint,wheel_right_joint,joint1,joint2,joint3,joint4,gripper,0.006135923787951469,0.0,-0.004601942375302315,-1.5493206977844238,1.2379225492477417,0.5905826091766357,0.0,0.0,0.0,0.0,0.0,0.0,0.0,0.0,0.0,0.0,0.0,78.01000213623047,-338.94000244140625,-67.25,0.0
1780956649163903198,114354,1780956649134339647,base_link,wheel_left_joint,wheel_right_joint,joint1,joint2,joint3,joint4,gripper,0.006135923787951469,0.0,-0.004601942375302315,-1.5493206977844238,1.2379225492477417,0.5905826091766357,0.0,0.0,0.0,0.0,0.0,0.0,0.0,0.0,0.0,0.0,0.0,78.01000213623047,-336.25,-67.25,0.0
1780956649192835411,114355,1780956649183339647,base_link,wheel_left_joint,wheel_right_joint,joint1,joint2,joint3,joint4,gripper,0.006135923787951469,0.0,-0.004601942375302315,-1.5493206977844238,1.2379225492477417,0.5905826091766357,0.0,0.0,0.0,0.0,0.0,0.0,0.0,0.0,0.0,0.0,0.0,78.01000213623047,-338.94000244140625,-67.25,0.0
1780956649254801621,114356,1780956649217339647,base_link,wheel_left_joint,wheel_right_joint,joint1,joint2,joint3,joint4,gripper,0.006135923787951469,0.0,-0.004601942375302315,-1.5493206977844238,1.2379225492477417,0.5905826091766357,0.0,0.0,0.0,0.0,0.0,0.0,0.0,0.0,0.0,0.0,0.0,78.01000213623047,-338.94000244140625,-67.25,0.0
1780956649277794104,114357,1780956649267339647,base_link,wheel_left_joint,wheel_right_joint,joint1,joint2,joint3,joint4,gripper,0.006135923787951469,0.0,-0.004601942375302315,-1.5493206977844238,1.2379225492477417,0.5905826091766357,0.0,0.0,0.0,0.0,0.0,0.0,0.0,0.0,0.0,0.0,0.0,80.70000457763672,-338.94000244140625,-67.25,0.0
1780956649331735747,114358,1780956649301339647,base_link,wheel_left_joint,wheel_right_joint,joint1,joint2,joint3,joint4,gripper,0.006135923787951469,0.0,-0.004601942375302315,-1.5493206977844238,1.2379225492477417,0.5905826091766357,0.0,0.0,0.0,0.0,0.0,0.0,0.0,0.0,0.0,0.0,0.0,78.01000213623047,-338.94000244140625,-67.25,0.0
1780956649360573284,114359,1780956649355339647,base_link,wheel_left_joint,wheel_right_joint,joint1,joint2,joint3,joint4,gripper,0.006135923787951469,0.0,-0.004601942375302315,-1.5493206977844238,1.2379225492477417,0.5905826091766357,0.0,0.0,0.0,0.0,0.0,0.0,0.0,0.0,0.0,0.0,0.0,75.31999969482422,-341.6300048828125,-67.25,0.0
1780956649416458809,114360,1780956649389339647,base_link,wheel_left_joint,wheel_right_joint,joint1,joint2,joint3,joint4,gripper,0.006135923787951469,0.0,-0.004601942375302315,-1.5493206977844238,1.2379225492477417,0.5905826091766357,0.0,0.0,0.0,0.0,0.0,0.0,0.0,0.0,0.0,0.0,0.0,75.31999969482422,-341.6300048828125,-67.25,0.0
1780956649459232901,114361,1780956649453339647,base_link,wheel_left_joint,wheel_right_joint,joint1,joint2,joint3,joint4,gripper,0.006135923787951469,0.0,-0.004601942375302315,-1.5493206977844238,1.2379225492477417,0.5905826091766357,0.0,0.0,0.0,0.0,0.0,0.0,0.0,0.0,0.0,0.0,0.0,83.38999938964844,-336.25,-67.25,0.0
1780956649515114636,114362,1780956649487339647,base_link,wheel_left_joint,wheel_right_joint,joint1,joint2,joint3,joint4,gripper,0.006135923787951469,0.0,-0.004601942375302315,-1.5493206977844238,1.2379225492477417,0.5905826091766357,0.0,0.0,0.0,0.0,0.0,0.0,0.0,0.0,0.0,0.0,0.0,78.01000213623047,-336.25,-67.25,0.0
1780956649557175667,114363,1780956649545339647,base_link,wheel_left_joint,wheel_right_joint,joint1,joint2,joint3,joint4,gripper,0.006135923787951469,0.0,-0.004601942375302315,-1.5493206977844238,1.2379225492477417,0.5905826091766357,0.0,0.0,0.0,0.0,0.0,0.0,0.0,0.0,0.0,0.0,0.0,75.31999969482422,-338.94000244140625,-69.94000244140625,0.0
1780956649612950083,114364,1780956649579339647,base_link,wheel_left_joint,wheel_right_joint,joint1,joint2,joint3,joint4,gripper,0.006135923787951469,0.0,-0.004601942375302315,-1.5493206977844238,1.2379225492477417,0.5905826091766357,0.0,0.0,0.0,0.0,0.0,0.0,0.0,0.0,0.0,0.0,0.0,75.31999969482422,-338.94000244140625,-69.94000244140625,0.0
1780956649640099671,114365,1780956649630339647,base_link,wheel_left_joint,wheel_right_joint,joint1,joint2,joint3,joint4,gripper,0.006135923787951469,0.0,-0.004601942375302315,-1.5493206977844238,1.2379225492477417,0.5905826091766357,0.0,0.0,0.0,0.0,0.0,0.0,0.0,0.0,0.0,0.0,0.0,78.01000213623047,-338.94000244140625,-67.25,0.0
1780956649698038925,114366,1780956649664339647,base_link,wheel_left_joint,wheel_right_joint,joint1,joint2,joint3,joint4,gripper,0.006135923787951469,0.0,-0.004601942375302315,-1.5493206977844238,1.2379225492477417,0.5905826091766357,0.0,0.0,0.0,0.0,0.0,0.0,0.0,0.0,0.0,0.0,0.0,78.01000213623047,-338.94000244140625,-67.25,0.0
1780956649728464740,114367,1780956649718339647,base_link,wheel_left_joint,wheel_right_joint,joint1,joint2,joint3,joint4,gripper,0.006135923787951469,0.0,-0.004601942375302315,-1.5508545637130737,1.2379225492477417,0.5905826091766357,0.0,0.0,0.0,0.0,0.0,0.0,0.0,0.0,0.0,0.0,0.0,78.01000213623047,-338.94000244140625,-67.25,0.0
1780956649784460100,114368,1780956649752339647,base_link,wheel_left_joint,wheel_right_joint,joint1,joint2,joint3,joint4,gripper,0.006135923787951469,0.0,-0.004601942375302315,-1.5493206977844238,1.2379225492477417,0.5905826091766357,0.0,0.0,0.0,0.0,0.0,0.0,0.0,0.0,0.0,0.0,0.0,75.31999969482422,-341.6300048828125,-67.25,0.0
1780956649810954865,114369,1780956649795339647,base_link,wheel_left_joint,wheel_right_joint,joint1,joint2,joint3,joint4,gripper,0.006135923787951469,0.0,-0.004601942375302315,-1.5493206977844238,1.2379225492477417,0.5905826091766357,0.0,0.0,0.0,0.0,0.0,0.0,0.0,0.0,0.0,0.0,0.0,75.31999969482422,-338.94000244140625,-67.25,0.0
1780956649867453131,114370,1780956649829339647,base_link,wheel_left_joint,wheel_right_joint,joint1,joint2,joint3,joint4,gripper,0.006135923787951469,0.0,-0.004601942375302315,-1.5493206977844238,1.2379225492477417,0.5905826091766357,0.0,0.0,0.0,0.0,0.0,0.0,0.0,0.0,0.0,0.0,0.0,78.01000213623047,-338.94000244140625,-67.25,0.0
1780956649897023103,114371,1780956649886339647,base_link,wheel_left_joint,wheel_right_joint,joint1,joint2,joint3,joint4,gripper,0.006135923787951469,0.0,-0.004601942375302315,-1.5493206977844238,1.2379225492477417,0.5905826091766357,0.0,0.0,0.0,0.0,0.0,0.0,0.0,0.0,0.0,0.0,0.0,78.01000213623047,-338.94000244140625,-67.25,0.0
1780956649955762822,114372,1780956649920339647,base_link,wheel_left_joint,wheel_right_joint,joint1,joint2,joint3,joint4,gripper,0.006135923787951469,0.0,-0.004601942375302315,-1.5493206977844238,1.2379225492477417,0.5905826091766357,0.0,0.0,0.0,0.0,0.0,0.0,0.0,0.0,0.0,0.0,0.0,80.70000457763672,-338.94000244140625,-72.6300048828125,0.0
1780956649977518693,114373,1780956649969339647,base_link,wheel_left_joint,wheel_right_joint,joint1,joint2,joint3,joint4,gripper,0.006135923787951469,0.0,-0.004601942375302315,-1.5493206977844238,1.2379225492477417,0.5905826091766357,0.0,0.0,0.0,0.0,0.0,0.0,0.0,0.0,0.0,0.0,0.0,75.31999969482422,-338.94000244140625,-67.25,0.0
1780956650038355308,114374,1780956650003339647,base_link,wheel_left_joint,wheel_right_joint,joint1,joint2,joint3,joint4,gripper,0.006135923787951469,0.0,-0.004601942375302315,-1.5493206977844238,1.2379225492477417,0.5905826091766357,0.0,0.0,0.0,0.0,0.0,0.0,0.0,0.0,0.0,0.0,0.0,72.6300048828125,-336.25,-67.25,0.0
1780956650067675697,114375,1780956650055339647,base_link,wheel_left_joint,wheel_right_joint,joint1,joint2,joint3,joint4,gripper,0.006135923787951469,0.0,-0.004601942375302315,-1.5493206977844238,1.2379225492477417,0.5905826091766357,0.0,0.0,0.0,0.0,0.0,0.0,0.0,0.0,0.0,0.0,0.0,78.01000213623047,-338.94000244140625,-67.25,0.0
1780956650126610852,114376,1780956650089339647,base_link,wheel_left_joint,wheel_right_joint,joint1,joint2,joint3,joint4,gripper,0.006135923787951469,0.0,-0.004601942375302315,-1.5493206977844238,1.2379225492477417,0.5905826091766357,0.0,0.0,0.0,0.0,0.0,0.0,0.0,0.0,0.0,0.0,0.0,78.01000213623047,-338.94000244140625,-69.94000244140625,0.0
1780956650146216149,114377,1780956650137339647,base_link,wheel_left_joint,wheel_right_joint,joint1,joint2,joint3,joint4,gripper,0.006135923787951469,0.0,-0.004601942375302315,-1.5493206977844238,1.2379225492477417,0.5905826091766357,0.0,0.0,0.0,0.0,0.0,0.0,0.0,0.0,0.0,0.0,0.0,78.01000213623047,-338.94000244140625,-67.25,0.0
1780956650203585110,114378,1780956650171339647,base_link,wheel_left_joint,wheel_right_joint,joint1,joint2,joint3,joint4,gripper,0.006135923787951469,0.0,-0.004601942375302315,-1.5493206977844238,1.2379225492477417,0.5905826091766357,0.0,0.0,0.0,0.0,0.0,0.0,0.0,0.0,0.0,0.0,0.0,72.6300048828125,-336.25,-67.25,0.0
1780956650236410828,114379,1780956650225339647,base_link,wheel_left_joint,wheel_right_joint,joint1,joint2,joint3,joint4,gripper,0.006135923787951469,0.0,-0.004601942375302315,-1.5493206977844238,1.2379225492477417,0.5905826091766357,0.0,0.0,0.0,0.0,0.0,0.0,0.0,0.0,0.0,0.0,0.0,78.01000213623047,-338.94000244140625,-67.25,0.0
1780956650295449508,114380,1780956650259339647,base_link,wheel_left_joint,wheel_right_joint,joint1,joint2,joint3,joint4,gripper,0.006135923787951469,0.0,-0.004601942375302315,-1.5493206977844238,1.2379225492477417,0.5905826091766357,0.0,0.0,0.0,0.0,0.0,0.0,0.0,0.0,0.0,0.0,0.0,78.01000213623047,-336.25,-67.25,0.0
1780956650316676932,114381,1780956650306339647,base_link,wheel_left_joint,wheel_right_joint,joint1,joint2,joint3,joint4,gripper,0.006135923787951469,0.0,-0.004601942375302315,-1.5493206977844238,1.2379225492477417,0.5905826091766357,0.0,0.0,0.0,0.0,0.0,0.0,0.0,0.0,0.0,0.0,0.0,75.31999969482422,-338.94000244140625,-67.25,0.0
1780956650376455391,114382,1780956650340339647,base_link,wheel_left_joint,wheel_right_joint,joint1,joint2,joint3,joint4,gripper,0.006135923787951469,0.0,-0.004601942375302315,-1.5493206977844238,1.2379225492477417,0.5905826091766357,0.0,0.0,0.0,0.0,0.0,0.0,0.0,0.0,0.0,0.0,0.0,75.31999969482422,-338.94000244140625,-67.25,0.0
1780956650400373643,114383,1780956650392339647,base_link,wheel_left_joint,wheel_right_joint,joint1,joint2,joint3,joint4,gripper,0.006135923787951469,0.0,-0.004601942375302315,-1.5493206977844238,1.2379225492477417,0.5905826091766357,0.0,0.0,0.0,0.0,0.0,0.0,0.0,0.0,0.0,0.0,0.0,75.31999969482422,-336.25,-67.25,0.0
1780956650458715757,114384,1780956650426339647,base_link,wheel_left_joint,wheel_right_joint,joint1,joint2,joint3,joint4,gripper,0.006135923787951469,0.0,-0.004601942375302315,-1.5493206977844238,1.2379225492477417,0.5905826091766357,0.0,0.0,0.0,0.0,0.0,0.0,0.0,0.0,0.0,0.0,0.0,75.31999969482422,-336.25,-67.25,0.0
1780956650487742341,114385,1780956650478339647,base_link,wheel_left_joint,wheel_right_joint,joint1,joint2,joint3,joint4,gripper,0.006135923787951469,0.0,-0.004601942375302315,-1.5493206977844238,1.2379225492477417,0.5905826091766357,0.0,0.0,0.0,0.0,0.0,0.0,0.0,0.0,0.0,0.0,0.0,78.01000213623047,-338.94000244140625,-67.25,0.0
1780956650545345653,114386,1780956650512339647,base_link,wheel_left_joint,wheel_right_joint,joint1,joint2,joint3,joint4,gripper,0.006135923787951469,0.0,-0.004601942375302315,-1.5493206977844238,1.2379225492477417,0.5905826091766357,0.0,0.0,0.0,0.0,0.0,0.0,0.0,0.0,0.0,0.0,0.0,75.31999969482422,-336.25,-67.25,0.0
1780956650570766287,114387,1780956650556339647,base_link,wheel_left_joint,wheel_right_joint,joint1,joint2,joint3,joint4,gripper,0.006135923787951469,0.0,-0.004601942375302315,-1.5493206977844238,1.2379225492477417,0.5905826091766357,0.0,0.0,0.0,0.0,0.0,0.0,0.0,0.0,0.0,0.0,0.0,75.31999969482422,-341.6300048828125,-67.25,0.0
1780956650628343985,114388,1780956650590339647,base_link,wheel_left_joint,wheel_right_joint,joint1,joint2,joint3,joint4,gripper,0.006135923787951469,0.0,-0.004601942375302315,-1.5493206977844238,1.2379225492477417,0.5905826091766357,0.0,0.0,0.0,0.0,0.0,0.0,0.0,0.0,0.0,0.0,0.0,75.31999969482422,-336.25,-69.94000244140625,0.0
1780956650649486701,114389,1780956650641339647,base_link,wheel_left_joint,wheel_right_joint,joint1,joint2,joint3,joint4,gripper,0.006135923787951469,0.0,-0.004601942375302315,-1.5493206977844238,1.2379225492477417,0.5905826091766357,0.0,0.0,0.0,0.0,0.0,0.0,0.0,0.0,0.0,0.0,0.0,78.01000213623047,-336.25,-67.25,0.0
1780956650708397227,114390,1780956650675339647,base_link,wheel_left_joint,wheel_right_joint,joint1,joint2,joint3,joint4,gripper,0.006135923787951469,0.0,-0.004601942375302315,-1.5493206977844238,1.2379225492477417,0.5905826091766357,0.0,0.0,0.0,0.0,0.0,0.0,0.0,0.0,0.0,0.0,0.0,72.6300048828125,-338.94000244140625,-67.25,0.0
1780956650737511765,114391,1780956650725339647,base_link,wheel_left_joint,wheel_right_joint,joint1,joint2,joint3,joint4,gripper,0.006135923787951469,0.0,-0.004601942375302315,-1.5493206977844238,1.2379225492477417,0.5905826091766357,0.0,0.0,0.0,0.0,0.0,0.0,0.0,0.0,0.0,0.0,0.0,75.31999969482422,-338.94000244140625,-75.31999969482422,0.0
1780956650795536237,114392,1780956650759339647,base_link,wheel_left_joint,wheel_right_joint,joint1,joint2,joint3,joint4,gripper,0.006135923787951469,0.0,-0.004601942375302315,-1.5493206977844238,1.2379225492477417,0.5905826091766357,0.0,0.0,0.0,0.0,0.0,0.0,0.0,0.0,0.0,0.0,0.0,75.31999969482422,-338.94000244140625,-67.25,0.0
1780956650816913090,114393,1780956650810339647,base_link,wheel_left_joint,wheel_right_joint,joint1,joint2,joint3,joint4,gripper,0.006135923787951469,0.0,-0.004601942375302315,-1.5493206977844238,1.2379225492477417,0.5905826091766357,0.0,0.0,0.0,0.0,0.0,0.0,0.0,0.0,0.0,0.0,0.0,78.01000213623047,-338.94000244140625,-67.25,0.0
1780956650875626643,114394,1780956650844339647,base_link,wheel_left_joint,wheel_right_joint,joint1,joint2,joint3,joint4,gripper,0.006135923787951469,0.0,-0.004601942375302315,-1.5493206977844238,1.2379225492477417,0.5905826091766357,0.0,0.0,0.0,0.0,0.0,0.0,0.0,0.0,0.0,0.0,0.0,75.31999969482422,-338.94000244140625,-69.94000244140625,0.0
1780956650904621321,114395,1780956650895339647,base_link,wheel_left_joint,wheel_right_joint,joint1,joint2,joint3,joint4,gripper,0.006135923787951469,0.0,-0.004601942375302315,-1.5493206977844238,1.2379225492477417,0.5905826091766357,0.0,0.0,0.0,0.0,0.0,0.0,0.0,0.0,0.0,0.0,0.0,75.31999969482422,-338.94000244140625,-69.94000244140625,0.0
1780956650968906468,114396,1780956650929339647,base_link,wheel_left_joint,wheel_right_joint,joint1,joint2,joint3,joint4,gripper,0.006135923787951469,0.0,-0.004601942375302315,-1.5493206977844238,1.2379225492477417,0.5905826091766357,0.0,0.0,0.0,0.0,0.0,0.0,0.0,0.0,0.0,0.0,0.0,78.01000213623047,-338.94000244140625,-69.94000244140625,0.0
1780956650986975842,114397,1780956650974339647,base_link,wheel_left_joint,wheel_right_joint,joint1,joint2,joint3,joint4,gripper,0.006135923787951469,0.0,-0.004601942375302315,-1.5493206977844238,1.2379225492477417,0.5905826091766357,0.0,0.0,0.0,0.0,0.0,0.0,0.0,0.0,0.0,0.0,0.0,78.01000213623047,-338.94000244140625,-67.25,0.0
1780956651044834173,114398,1780956651008339647,base_link,wheel_left_joint,wheel_right_joint,joint1,joint2,joint3,joint4,gripper,0.006135923787951469,0.0,-0.004601942375302315,-1.5493206977844238,1.2379225492477417,0.5905826091766357,0.0,0.0,0.0,0.0,0.0,0.0,0.0,0.0,0.0,0.0,0.0,78.01000213623047,-336.25,-67.25,0.0
1780956651068150582,114399,1780956651059339647,base_link,wheel_left_joint,wheel_right_joint,joint1,joint2,joint3,joint4,gripper,0.006135923787951469,0.0,-0.004601942375302315,-1.5493206977844238,1.2379225492477417,0.5905826091766357,0.0,0.0,0.0,0.0,0.0,0.0,0.0,0.0,0.0,0.0,0.0,78.01000213623047,-338.94000244140625,-67.25,0.0
1780956651126503091,114400,1780956651093339647,base_link,wheel_left_joint,wheel_right_joint,joint1,joint2,joint3,joint4,gripper,0.006135923787951469,0.0,-0.004601942375302315,-1.5493206977844238,1.2379225492477417,0.5905826091766357,0.0,0.0,0.0,0.0,0.0,0.0,0.0,0.0,0.0,0.0,0.0,78.01000213623047,-338.94000244140625,-67.25,0.0
1780956651147618841,114401,1780956651142339647,base_link,wheel_left_joint,wheel_right_joint,joint1,joint2,joint3,joint4,gripper,0.006135923787951469,0.0,-0.004601942375302315,-1.5493206977844238,1.2379225492477417,0.5905826091766357,0.0,0.0,0.0,0.0,0.0,0.0,0.0,0.0,0.0,0.0,0.0,78.01000213623047,-338.94000244140625,-67.25,0.0
1780956651205379108,114402,1780956651176339647,base_link,wheel_left_joint,wheel_right_joint,joint1,joint2,joint3,joint4,gripper,0.006135923787951469,0.0,-0.004601942375302315,-1.5493206977844238,1.2379225492477417,0.5905826091766357,0.0,0.0,0.0,0.0,0.0,0.0,0.0,0.0,0.0,0.0,0.0,78.01000213623047,-338.94000244140625,-69.94000244140625,0.0
1780956651236844075,114403,1780956651225339647,base_link,wheel_left_joint,wheel_right_joint,joint1,joint2,joint3,joint4,gripper,0.006135923787951469,0.0,-0.004601942375302315,-1.5493206977844238,1.2379225492477417,0.5905826091766357,0.0,0.0,0.0,0.0,0.0,0.0,0.0,0.0,0.0,0.0,0.0,78.01000213623047,-338.94000244140625,-67.25,0.0
1780956651296591596,114404,1780956651259339647,base_link,wheel_left_joint,wheel_right_joint,joint1,joint2,joint3,joint4,gripper,0.006135923787951469,0.0,-0.004601942375302315,-1.5493206977844238,1.2379225492477417,0.5905826091766357,0.0,0.0,0.0,0.0,0.0,0.0,0.0,0.0,0.0,0.0,0.0,75.31999969482422,-338.94000244140625,-67.25,0.0
1780956651318833678,114405,1780956651308339647,base_link,wheel_left_joint,wheel_right_joint,joint1,joint2,joint3,joint4,gripper,0.006135923787951469,0.0,-0.004601942375302315,-1.5493206977844238,1.2379225492477417,0.5905826091766357,0.0,0.0,0.0,0.0,0.0,0.0,0.0,0.0,0.0,0.0,0.0,75.31999969482422,-338.94000244140625,-64.55999755859375,0.0
1780956651377208611,114406,1780956651342339647,base_link,wheel_left_joint,wheel_right_joint,joint1,joint2,joint3,joint4,gripper,0.006135923787951469,0.0,-0.004601942375302315,-1.5493206977844238,1.2379225492477417,0.5905826091766357,0.0,0.0,0.0,0.0,0.0,0.0,0.0,0.0,0.0,0.0,0.0,78.01000213623047,-338.94000244140625,-69.94000244140625,0.0
1780956651406664190,114407,1780956651393339647,base_link,wheel_left_joint,wheel_right_joint,joint1,joint2,joint3,joint4,gripper,0.006135923787951469,0.0,-0.004601942375302315,-1.5493206977844238,1.2379225492477417,0.5905826091766357,0.0,0.0,0.0,0.0,0.0,0.0,0.0,0.0,0.0,0.0,0.0,75.31999969482422,-338.94000244140625,-67.25,0.0
1780956651464834681,114408,1780956651427339647,base_link,wheel_left_joint,wheel_right_joint,joint1,joint2,joint3,joint4,gripper,0.006135923787951469,0.0,-0.004601942375302315,-1.5493206977844238,1.2379225492477417,0.5905826091766357,0.0,0.0,0.0,0.0,0.0,0.0,0.0,0.0,0.0,0.0,0.0,78.01000213623047,-336.25,-67.25,0.0
1780956651485817877,114409,1780956651475339647,base_link,wheel_left_joint,wheel_right_joint,joint1,joint2,joint3,joint4,gripper,0.006135923787951469,0.0,-0.004601942375302315,-1.5493206977844238,1.2379225492477417,0.5905826091766357,0.0,0.0,0.0,0.0,0.0,0.0,0.0,0.0,0.0,0.0,0.0,78.01000213623047,-338.94000244140625,-67.25,0.0
1780956651542704034,114410,1780956651509339647,base_link,wheel_left_joint,wheel_right_joint,joint1,joint2,joint3,joint4,gripper,0.006135923787951469,0.0,-0.004601942375302315,-1.5493206977844238,1.2379225492477417,0.5905826091766357,0.0,0.0,0.0,0.0,0.0,0.0,0.0,0.0,0.0,0.0,0.0,78.01000213623047,-338.94000244140625,-67.25,0.0
1780956651585953164,114411,1780956651560075897,base_link,wheel_left_joint,wheel_right_joint,joint1,joint2,joint3,joint4,gripper,0.006135923787951469,0.0,-0.004601942375302315,-1.5493206977844238,1.2379225492477417,0.5905826091766357,0.0,0.0,0.0,0.0,0.0,0.0,0.0,0.0,0.0,0.0,0.0,75.31999969482422,-338.94000244140625,-67.25,0.0
1780956651677731391,114412,1780956651594075897,base_link,wheel_left_joint,wheel_right_joint,joint1,joint2,joint3,joint4,gripper,0.006135923787951469,0.0,-0.004601942375302315,-1.5493206977844238,1.2379225492477417,0.5905826091766357,0.0,0.0,0.0,0.0,0.0,0.0,0.0,0.0,0.0,0.0,0.0,75.31999969482422,-338.94000244140625,-75.31999969482422,0.0
1780956651740092288,114413,1780956651689075897,base_link,wheel_left_joint,wheel_right_joint,joint1,joint2,joint3,joint4,gripper,0.006135923787951469,0.0,-0.004601942375302315,-1.5493206977844238,1.2379225492477417,0.5905826091766357,0.0,0.0,0.0,0.0,0.0,0.0,0.0,0.0,0.0,0.0,0.0,78.01000213623047,-336.25,-69.94000244140625,0.0
1780956651834622204,114414,1780956651723075897,base_link,wheel_left_joint,wheel_right_joint,joint1,joint2,joint3,joint4,gripper,0.006135923787951469,0.0,-0.004601942375302315,-1.5493206977844238,1.2379225492477417,0.5905826091766357,0.0,0.0,0.0,0.0,0.0,0.0,0.0,0.0,0.0,0.0,0.0,78.01000213623047,-338.94000244140625,-67.25,0.0
1780956651862001048,114415,1780956651806075897,base_link,wheel_left_joint,wheel_right_joint,joint1,joint2,joint3,joint4,gripper,0.006135923787951469,0.0,-0.004601942375302315,-1.5493206977844238,1.2379225492477417,0.5905826091766357,0.0,0.0,0.0,0.0,0.0,0.0,0.0,0.0,0.0,0.0,0.0,78.01000213623047,-338.94000244140625,-67.25,0.0
1780956651958981894,114416,1780956651840075897,base_link,wheel_left_joint,wheel_right_joint,joint1,joint2,joint3,joint4,gripper,0.006135923787951469,0.0,-0.004601942375302315,-1.5493206977844238,1.2379225492477417,0.5905826091766357,0.0,0.0,0.0,0.0,0.0,0.0,0.0,0.0,0.0,0.0,0.0,78.01000213623047,-338.94000244140625,-69.94000244140625,0.0
1780956651983995049,114417,1780956651940075897,base_link,wheel_left_joint,wheel_right_joint,joint1,joint2,joint3,joint4,gripper,0.006135923787951469,0.0,-0.004601942375302315,-1.5493206977844238,1.2379225492477417,0.5905826091766357,0.0,0.0,0.0,0.0,0.0,0.0,0.0,0.0,0.0,0.0,0.0,78.01000213623047,-338.94000244140625,-67.25,0.0
1780956652080037608,114418,1780956651974075897,base_link,wheel_left_joint,wheel_right_joint,joint1,joint2,joint3,joint4,gripper,0.006135923787951469,0.0,-0.004601942375302315,-1.5493206977844238,1.2379225492477417,0.5905826091766357,0.0,0.0,0.0,0.0,0.0,0.0,0.0,0.0,0.0,0.0,0.0,78.01000213623047,-336.25,-69.94000244140625,0.0
1780956652116671040,114419,1780956652073075897,base_link,wheel_left_joint,wheel_right_joint,joint1,joint2,joint3,joint4,gripper,0.006135923787951469,0.0,-0.004601942375302315,-1.5493206977844238,1.2379225492477417,0.5905826091766357,0.0,0.0,0.0,0.0,0.0,0.0,0.0,0.0,0.0,0.0,0.0,78.01000213623047,-336.25,-69.94000244140625,0.0
1780956652208794242,114420,1780956652107075897,base_link,wheel_left_joint,wheel_right_joint,joint1,joint2,joint3,joint4,gripper,0.006135923787951469,0.0,-0.004601942375302315,-1.5493206977844238,1.2379225492477417,0.5905826091766357,0.0,0.0,0.0,0.0,0.0,0.0,0.0,0.0,0.0,0.0,0.0,78.01000213623047,-338.94000244140625,-67.25,0.0
1780956652246352320,114421,1780956652204075897,base_link,wheel_left_joint,wheel_right_joint,joint1,joint2,joint3,joint4,gripper,0.006135923787951469,0.0,-0.004601942375302315,-1.5493206977844238,1.2379225492477417,0.5905826091766357,0.0,0.0,0.0,0.0,0.0,0.0,0.0,0.0,0.0,0.0,0.0,78.01000213623047,-336.25,-67.25,0.0
1780956652343588051,114422,1780956652238075897,base_link,wheel_left_joint,wheel_right_joint,joint1,joint2,joint3,joint4,gripper,0.006135923787951469,0.0,-0.004601942375302315,-1.5493206977844238,1.2379225492477417,0.5905826091766357,0.0,0.0,0.0,0.0,0.0,0.0,0.0,0.0,0.0,0.0,0.0,78.01000213623047,-338.94000244140625,-67.25,0.0
1780956652378670599,114423,1780956652336075897,base_link,wheel_left_joint,wheel_right_joint,joint1,joint2,joint3,joint4,gripper,0.006135923787951469,0.0,-0.004601942375302315,-1.5493206977844238,1.2379225492477417,0.5905826091766357,0.0,0.0,0.0,0.0,0.0,0.0,0.0,0.0,0.0,0.0,0.0,78.01000213623047,-338.94000244140625,-67.25,0.0
1780956652477055641,114424,1780956652370075897,base_link,wheel_left_joint,wheel_right_joint,joint1,joint2,joint3,joint4,gripper,0.006135923787951469,0.0,-0.004601942375302315,-1.5493206977844238,1.2394565343856812,0.5905826091766357,0.0,0.0,0.0,0.0,0.0,0.0,0.0,0.0,0.0,0.0,0.0,75.31999969482422,-338.94000244140625,-67.25,0.0
1780956652512729479,114425,1780956652469075897,base_link,wheel_left_joint,wheel_right_joint,joint1,joint2,joint3,joint4,gripper,0.006135923787951469,0.0,-0.004601942375302315,-1.5493206977844238,1.2379225492477417,0.5905826091766357,0.0,0.0,0.0,0.0,0.0,0.0,0.0,0.0,0.0,0.0,0.0,75.31999969482422,-338.94000244140625,-67.25,0.0
1780956652598940842,114426,1780956652503075897,base_link,wheel_left_joint,wheel_right_joint,joint1,joint2,joint3,joint4,gripper,0.006135923787951469,0.0,-0.004601942375302315,-1.5493206977844238,1.2379225492477417,0.5905826091766357,0.0,0.0,0.0,0.0,0.0,0.0,0.0,0.0,0.0,0.0,0.0,78.01000213623047,-338.94000244140625,-67.25,0.0
1780956652642473826,114427,1780956652601075897,base_link,wheel_left_joint,wheel_right_joint,joint1,joint2,joint3,joint4,gripper,0.006135923787951469,0.0,-0.004601942375302315,-1.5493206977844238,1.2379225492477417,0.5905826091766357,0.0,0.0,0.0,0.0,0.0,0.0,0.0,0.0,0.0,0.0,0.0,78.01000213623047,-338.94000244140625,-67.25,0.0
1780956652736048937,114428,1780956652635075897,base_link,wheel_left_joint,wheel_right_joint,joint1,joint2,joint3,joint4,gripper,0.006135923787951469,0.0,-0.004601942375302315,-1.5493206977844238,1.2379225492477417,0.5905826091766357,0.0,0.0,0.0,0.0,0.0,0.0,0.0,0.0,0.0,0.0,0.0,78.01000213623047,-341.6300048828125,-67.25,0.0
1780956652773789199,114429,1780956652723075897,base_link,wheel_left_joint,wheel_right_joint,joint1,joint2,joint3,joint4,gripper,0.006135923787951469,0.0,-0.004601942375302315,-1.5493206977844238,1.2379225492477417,0.5905826091766357,0.0,0.0,0.0,0.0,0.0,0.0,0.0,0.0,0.0,0.0,0.0,78.01000213623047,-336.25,-67.25,0.0
1780956652861936817,114430,1780956652755075897,base_link,wheel_left_joint,wheel_right_joint,joint1,joint2,joint3,joint4,gripper,0.006135923787951469,0.0,-0.004601942375302315,-1.5493206977844238,1.2379225492477417,0.5905826091766357,0.0,0.0,0.0,0.0,0.0,0.0,0.0,0.0,0.0,0.0,0.0,78.01000213623047,-338.94000244140625,-72.6300048828125,0.0
1780956652896906542,114431,1780956652849075897,base_link,wheel_left_joint,wheel_right_joint,joint1,joint2,joint3,joint4,gripper,0.006135923787951469,0.0,-0.004601942375302315,-1.5477867126464844,1.2379225492477417,0.5905826091766357,0.0,0.0,0.0,0.0,0.0,0.0,0.0,0.0,0.0,0.0,0.0,78.01000213623047,-336.25,-67.25,0.0
1780956652980190282,114432,1780956652883075897,base_link,wheel_left_joint,wheel_right_joint,joint1,joint2,joint3,joint4,gripper,0.006135923787951469,0.0,-0.004601942375302315,-1.5493206977844238,1.2379225492477417,0.5905826091766357,0.0,0.0,0.0,0.0,0.0,0.0,0.0,0.0,0.0,0.0,0.0,75.31999969482422,-336.25,-67.25,0.0
1780956653019889212,114433,1780956652973075897,base_link,wheel_left_joint,wheel_right_joint,joint1,joint2,joint3,joint4,gripper,0.006135923787951469,0.0,-0.004601942375302315,-1.5493206977844238,1.2379225492477417,0.5905826091766357,0.0,0.0,0.0,0.0,0.0,0.0,0.0,0.0,0.0,0.0,0.0,78.01000213623047,-338.94000244140625,-67.25,0.0
1780956653104710144,114434,1780956653007075897,base_link,wheel_left_joint,wheel_right_joint,joint1,joint2,joint3,joint4,gripper,0.006135923787951469,0.0,-0.004601942375302315,-1.5493206977844238,1.2379225492477417,0.5905826091766357,0.0,0.0,0.0,0.0,0.0,0.0,0.0,0.0,0.0,0.0,0.0,78.01000213623047,-341.6300048828125,-67.25,0.0
1780956653148518530,114435,1780956653106075897,base_link,wheel_left_joint,wheel_right_joint,joint1,joint2,joint3,joint4,gripper,0.006135923787951469,0.0,-0.004601942375302315,-1.5493206977844238,1.2379225492477417,0.5905826091766357,0.0,0.0,0.0,0.0,0.0,0.0,0.0,0.0,0.0,0.0,0.0,78.01000213623047,-336.25,-67.25,0.0
1780956653235185622,114436,1780956653140075897,base_link,wheel_left_joint,wheel_right_joint,joint1,joint2,joint3,joint4,gripper,0.006135923787951469,0.0,-0.004601942375302315,-1.5493206977844238,1.2379225492477417,0.5905826091766357,0.0,0.0,0.0,0.0,0.0,0.0,0.0,0.0,0.0,0.0,0.0,78.01000213623047,-338.94000244140625,-67.25,0.0
1780956653278449595,114437,1780956653234075897,base_link,wheel_left_joint,wheel_right_joint,joint1,joint2,joint3,joint4,gripper,0.006135923787951469,0.0,-0.004601942375302315,-1.5493206977844238,1.2379225492477417,0.5905826091766357,0.0,0.0,0.0,0.0,0.0,0.0,0.0,0.0,0.0,0.0,0.0,75.31999969482422,-336.25,-67.25,0.0
1780956653376596293,114438,1780956653268075897,base_link,wheel_left_joint,wheel_right_joint,joint1,joint2,joint3,joint4,gripper,0.006135923787951469,0.0,-0.004601942375302315,-1.5493206977844238,1.2379225492477417,0.5905826091766357,0.0,0.0,0.0,0.0,0.0,0.0,0.0,0.0,0.0,0.0,0.0,75.31999969482422,-338.94000244140625,-67.25,0.0
1780956653405105117,114439,1780956653360075897,base_link,wheel_left_joint,wheel_right_joint,joint1,joint2,joint3,joint4,gripper,0.006135923787951469,0.0,-0.004601942375302315,-1.5493206977844238,1.2379225492477417,0.5905826091766357,0.0,0.0,0.0,0.0,0.0,0.0,0.0,0.0,0.0,0.0,0.0,75.31999969482422,-338.94000244140625,-67.25,0.0
1780956653491555606,114440,1780956653394075897,base_link,wheel_left_joint,wheel_right_joint,joint1,joint2,joint3,joint4,gripper,0.006135923787951469,0.0,-0.004601942375302315,-1.5493206977844238,1.2379225492477417,0.5905826091766357,0.0,0.0,0.0,0.0,0.0,0.0,0.0,0.0,0.0,0.0,0.0,75.31999969482422,-336.25,-67.25,0.0
1780956653538024814,114441,1780956653489075897,base_link,wheel_left_joint,wheel_right_joint,joint1,joint2,joint3,joint4,gripper,0.006135923787951469,0.0,-0.004601942375302315,-1.5493206977844238,1.2379225492477417,0.5905826091766357,0.0,0.0,0.0,0.0,0.0,0.0,0.0,0.0,0.0,0.0,0.0,78.01000213623047,-338.94000244140625,-67.25,0.0
1780956653632337043,114442,1780956653523075897,base_link,wheel_left_joint,wheel_right_joint,joint1,joint2,joint3,joint4,gripper,0.006135923787951469,0.0,-0.004601942375302315,-1.5493206977844238,1.2379225492477417,0.5905826091766357,0.0,0.0,0.0,0.0,0.0,0.0,0.0,0.0,0.0,0.0,0.0,78.01000213623047,-338.94000244140625,-67.25,0.0
1780956653669482847,114443,1780956653621075897,base_link,wheel_left_joint,wheel_right_joint,joint1,joint2,joint3,joint4,gripper,0.006135923787951469,0.0,-0.004601942375302315,-1.5493206977844238,1.2379225492477417,0.5905826091766357,0.0,0.0,0.0,0.0,0.0,0.0,0.0,0.0,0.0,0.0,0.0,75.31999969482422,-338.94000244140625,-67.25,0.0
1780956653749447065,114444,1780956653655075897,base_link,wheel_left_joint,wheel_right_joint,joint1,joint2,joint3,joint4,gripper,0.006135923787951469,0.0,-0.004601942375302315,-1.5493206977844238,1.2379225492477417,0.5905826091766357,0.0,0.0,0.0,0.0,0.0,0.0,0.0,0.0,0.0,0.0,0.0,75.31999969482422,-336.25,-67.25,0.0
1780956653790241405,114445,1780956653744075897,base_link,wheel_left_joint,wheel_right_joint,joint1,joint2,joint3,joint4,gripper,0.007669905200600624,0.0,-0.004601942375302315,-1.5493206977844238,1.2379225492477417,0.5905826091766357,0.0,0.017235741019248962,0.0,0.0,0.0,0.0,0.0,0.0,0.0,0.0,0.0,75.31999969482422,-338.94000244140625,-69.94000244140625,0.0
1780956653880431458,114446,1780956653778075897,base_link,wheel_left_joint,wheel_right_joint,joint1,joint2,joint3,joint4,gripper,0.006135923787951469,0.0,-0.004601942375302315,-1.5493206977844238,1.2379225492477417,0.5905826091766357,0.0,-0.04511708766222,0.0,0.0,0.0,0.0,0.0,0.0,0.0,0.0,0.0,72.6300048828125,-338.94000244140625,-69.94000244140625,0.0
1780956653918025903,114447,1780956653874075897,base_link,wheel_left_joint,wheel_right_joint,joint1,joint2,joint3,joint4,gripper,0.006135923787951469,0.0,-0.004601942375302315,-1.5493206977844238,1.2379225492477417,0.5905826091766357,0.0,0.0,0.0,0.0,0.0,0.0,0.0,0.0,0.0,0.0,0.0,75.31999969482422,-338.94000244140625,-67.25,0.0
1780956654010367730,114448,1780956653908075897,base_link,wheel_left_joint,wheel_right_joint,joint1,joint2,joint3,joint4,gripper,0.006135923787951469,0.0,-0.004601942375302315,-1.5493206977844238,1.2379225492477417,0.5905826091766357,0.0,0.0,0.0,0.0,0.0,0.0,0.0,0.0,0.0,0.0,0.0,78.01000213623047,-338.94000244140625,-67.25,0.0
1780956654055671477,114449,1780956654004075897,base_link,wheel_left_joint,wheel_right_joint,joint1,joint2,joint3,joint4,gripper,0.006135923787951469,0.0,-0.004601942375302315,-1.5493206977844238,1.2379225492477417,0.5905826091766357,0.0,0.0,0.0,0.0,0.0,0.0,0.0,0.0,0.0,0.0,0.0,78.01000213623047,-338.94000244140625,-67.25,0.0
1780956654147634755,114450,1780956654038075897,base_link,wheel_left_joint,wheel_right_joint,joint1,joint2,joint3,joint4,gripper,0.006135923787951469,0.0,-0.004601942375302315,-1.5493206977844238,1.2379225492477417,0.5905826091766357,0.0,0.0,0.0,0.0,0.0,0.0,0.0,0.0,0.0,0.0,0.0,75.31999969482422,-336.25,-67.25,0.0
1780956654185457685,114451,1780956654163369955,base_link,wheel_left_joint,wheel_right_joint,joint1,joint2,joint3,joint4,gripper,0.006135923787951469,0.0,-0.004601942375302315,-1.5493206977844238,1.2379225492477417,0.5905826091766357,0.0,0.0,0.0,0.0,0.0,0.0,0.0,0.0,0.0,0.0,0.0,78.01000213623047,-336.25,-67.25,0.0
1780956654281381125,114452,1780956654197369955,base_link,wheel_left_joint,wheel_right_joint,joint1,joint2,joint3,joint4,gripper,0.006135923787951469,0.0,-0.004601942375302315,-1.5493206977844238,1.2379225492477417,0.5905826091766357,0.0,0.0,0.0,0.0,0.0,0.0,0.0,0.0,0.0,0.0,0.0,78.01000213623047,-338.94000244140625,-67.25,0.0
1780956654315931092,114453,1780956654294369955,base_link,wheel_left_joint,wheel_right_joint,joint1,joint2,joint3,joint4,gripper,0.006135923787951469,0.0,-0.004601942375302315,-1.5493206977844238,1.2379225492477417,0.5905826091766357,0.0,0.0,0.0,0.0,0.0,0.0,0.0,0.0,0.0,0.0,0.0,78.01000213623047,-338.94000244140625,-67.25,0.0
1780956654416788724,114454,1780956654328369955,base_link,wheel_left_joint,wheel_right_joint,joint1,joint2,joint3,joint4,gripper,0.006135923787951469,0.0,-0.004601942375302315,-1.5493206977844238,1.2379225492477417,0.5905826091766357,0.0,0.0,0.0,0.0,0.0,0.0,0.0,0.0,0.0,0.0,0.0,78.01000213623047,-336.25,-69.94000244140625,0.0
1780956654463821011,114455,1780956654431369955,base_link,wheel_left_joint,wheel_right_joint,joint1,joint2,joint3,joint4,gripper,0.006135923787951469,0.0,-0.004601942375302315,-1.5493206977844238,1.2379225492477417,0.5905826091766357,0.0,0.0,0.0,0.0,0.0,0.0,0.0,0.0,0.0,0.0,0.0,78.01000213623047,-338.94000244140625,-67.25,0.0
1780956654559176088,114456,1780956654465369955,base_link,wheel_left_joint,wheel_right_joint,joint1,joint2,joint3,joint4,gripper,0.006135923787951469,0.0,-0.004601942375302315,-1.5493206977844238,1.2394565343856812,0.5905826091766357,0.0,0.0,0.0,0.0,0.0,0.0,0.0,0.0,0.0,0.0,0.0,78.01000213623047,-338.94000244140625,-67.25,0.0
1780956654592869574,114457,1780956654563369955,base_link,wheel_left_joint,wheel_right_joint,joint1,joint2,joint3,joint4,gripper,0.006135923787951469,0.0,-0.004601942375302315,-1.5493206977844238,1.2379225492477417,0.5905826091766357,0.0,0.0,0.0,0.0,0.0,0.0,0.0,0.0,0.0,0.0,0.0,78.01000213623047,-336.25,-67.25,0.0
1780956654682503045,114458,1780956654597369955,base_link,wheel_left_joint,wheel_right_joint,joint1,joint2,joint3,joint4,gripper,0.006135923787951469,0.0,-0.004601942375302315,-1.5493206977844238,1.2379225492477417,0.5905826091766357,0.0,0.0,0.0,0.0,0.0,0.0,0.0,0.0,0.0,0.0,0.0,75.31999969482422,-338.94000244140625,-69.94000244140625,0.0
1780956654724585397,114459,1780956654697369955,base_link,wheel_left_joint,wheel_right_joint,joint1,joint2,joint3,joint4,gripper,0.006135923787951469,0.0,-0.004601942375302315,-1.5493206977844238,1.2379225492477417,0.5905826091766357,0.0,0.0,0.0,0.0,0.0,0.0,0.0,0.0,0.0,0.0,0.0,78.01000213623047,-341.6300048828125,-72.6300048828125,0.0
1780956654811787828,114460,1780956654731369955,base_link,wheel_left_joint,wheel_right_joint,joint1,joint2,joint3,joint4,gripper,0.006135923787951469,0.0,-0.004601942375302315,-1.5493206977844238,1.2379225492477417,0.5905826091766357,0.0,0.0,0.0,0.0,0.0,0.0,0.0,0.0,0.0,0.0,0.0,75.31999969482422,-338.94000244140625,-67.25,0.0
1780956654835092087,114461,1780956654830369955,base_link,wheel_left_joint,wheel_right_joint,joint1,joint2,joint3,joint4,gripper,0.006135923787951469,0.0,-0.004601942375302315,-1.5493206977844238,1.2379225492477417,0.5905826091766357,0.0,0.0,0.0,0.0,0.0,0.0,0.0,0.0,0.0,0.0,0.0,75.31999969482422,-338.94000244140625,-69.94000244140625,0.0
1780956654892714088,114462,1780956654864369955,base_link,wheel_left_joint,wheel_right_joint,joint1,joint2,joint3,joint4,gripper,0.006135923787951469,0.0,-0.004601942375302315,-1.5493206977844238,1.2379225492477417,0.5905826091766357,0.0,0.0,0.0,0.0,0.0,0.0,0.0,0.0,0.0,0.0,0.0,80.70000457763672,-338.94000244140625,-67.25,0.0
1780956654914350416,114463,1780956654924369955,base_link,wheel_left_joint,wheel_right_joint,joint1,joint2,joint3,joint4,gripper,0.006135923787951469,0.0,-0.004601942375302315,-1.5493206977844238,1.2379225492477417,0.5905826091766357,0.0,0.0,0.0,0.0,0.0,0.0,0.0,0.0,0.0,0.0,0.0,75.31999969482422,-336.25,-69.94000244140625,0.0
1780956654973573720,114464,1780956654958369955,base_link,wheel_left_joint,wheel_right_joint,joint1,joint2,joint3,joint4,gripper,0.006135923787951469,0.0,-0.004601942375302315,-1.5493206977844238,1.2379225492477417,0.5905826091766357,0.0,0.0,0.0,0.0,0.0,0.0,0.0,0.0,0.0,0.0,0.0,78.01000213623047,-338.94000244140625,-67.25,0.0
1780956655001286737,114465,1780956655006369955,base_link,wheel_left_joint,wheel_right_joint,joint1,joint2,joint3,joint4,gripper,0.006135923787951469,0.0,-0.004601942375302315,-1.5493206977844238,1.2379225492477417,0.5905826091766357,0.0,0.0,0.0,0.0,0.0,0.0,0.0,0.0,0.0,0.0,0.0,78.01000213623047,-338.94000244140625,-67.25,0.0
1780956655060634065,114466,1780956655040369955,base_link,wheel_left_joint,wheel_right_joint,joint1,joint2,joint3,joint4,gripper,0.006135923787951469,0.0,-0.004601942375302315,-1.5493206977844238,1.2379225492477417,0.5905826091766357,0.0,0.0,0.0,0.0,0.0,0.0,0.0,0.0,0.0,0.0,0.0,75.31999969482422,-336.25,-75.31999969482422,0.0
1780956655082428188,114467,1780956655091369955,base_link,wheel_left_joint,wheel_right_joint,joint1,joint2,joint3,joint4,gripper,0.006135923787951469,0.0,-0.004601942375302315,-1.5493206977844238,1.2379225492477417,0.5905826091766357,0.0,0.0,0.0,0.0,0.0,0.0,0.0,0.0,0.0,0.0,0.0,75.31999969482422,-338.94000244140625,-67.25,0.0
1780956655141229466,114468,1780956655125369955,base_link,wheel_left_joint,wheel_right_joint,joint1,joint2,joint3,joint4,gripper,0.006135923787951469,0.0,-0.004601942375302315,-1.5493206977844238,1.2379225492477417,0.5905826091766357,0.0,0.0,0.0,0.0,0.0,0.0,0.0,0.0,0.0,0.0,0.0,78.01000213623047,-336.25,-67.25,0.0
1780956655170099826,114469,1780956655177369955,base_link,wheel_left_joint,wheel_right_joint,joint1,joint2,joint3,joint4,gripper,0.006135923787951469,0.0,-0.004601942375302315,-1.5493206977844238,1.2379225492477417,0.5905826091766357,0.0,0.0,0.0,0.0,0.0,0.0,0.0,0.0,0.0,0.0,0.0,75.31999969482422,-338.94000244140625,-67.25,0.0
1780956655228748328,114470,1780956655211369955,base_link,wheel_left_joint,wheel_right_joint,joint1,joint2,joint3,joint4,gripper,0.006135923787951469,0.0,-0.004601942375302315,-1.5493206977844238,1.2379225492477417,0.5905826091766357,0.0,0.0,0.0,0.0,0.0,0.0,0.0,0.0,0.0,0.0,0.0,75.31999969482422,-338.94000244140625,-67.25,0.0
1780956655250139702,114471,1780956655259369955,base_link,wheel_left_joint,wheel_right_joint,joint1,joint2,joint3,joint4,gripper,0.006135923787951469,0.0,-0.004601942375302315,-1.5493206977844238,1.2379225492477417,0.5905826091766357,0.0,0.0,0.0,0.0,0.0,0.0,0.0,0.0,0.0,0.0,0.0,75.31999969482422,-336.25,-69.94000244140625,0.0
1780956655308755618,114472,1780956655293369955,base_link,wheel_left_joint,wheel_right_joint,joint1,joint2,joint3,joint4,gripper,0.006135923787951469,0.0,-0.004601942375302315,-1.5493206977844238,1.2379225492477417,0.5905826091766357,0.0,0.0,0.0,0.0,0.0,0.0,0.0,0.0,0.0,0.0,0.0,75.31999969482422,-338.94000244140625,-67.25,0.0
1780956655341771975,114473,1780956655345369955,base_link,wheel_left_joint,wheel_right_joint,joint1,joint2,joint3,joint4,gripper,0.006135923787951469,0.0,-0.004601942375302315,-1.5493206977844238,1.2379225492477417,0.5905826091766357,0.0,0.0,0.0,0.0,0.0,0.0,0.0,0.0,0.0,0.0,0.0,75.31999969482422,-336.25,-72.6300048828125,0.0
1780956655392781935,114474,1780956655379369955,base_link,wheel_left_joint,wheel_right_joint,joint1,joint2,joint3,joint4,gripper,0.006135923787951469,0.0,-0.004601942375302315,-1.5493206977844238,1.2379225492477417,0.5905826091766357,0.0,0.0,0.0,0.0,0.0,0.0,0.0,0.0,0.0,0.0,0.0,83.38999938964844,-338.94000244140625,-67.25,0.0
1780956655414370164,114475,1780956655426369955,base_link,wheel_left_joint,wheel_right_joint,joint1,joint2,joint3,joint4,gripper,0.006135923787951469,0.0,-0.004601942375302315,-1.5493206977844238,1.2379225492477417,0.5905826091766357,0.0,0.0,0.0,0.0,0.0,0.0,0.0,0.0,0.0,0.0,0.0,75.31999969482422,-336.25,-67.25,0.0
1780956655466144947,114476,1780956655460369955,base_link,wheel_left_joint,wheel_right_joint,joint1,joint2,joint3,joint4,gripper,0.006135923787951469,0.0,-0.004601942375302315,-1.5493206977844238,1.2379225492477417,0.5905826091766357,0.0,0.0,0.0,0.0,0.0,0.0,0.0,0.0,0.0,0.0,0.0,78.01000213623047,-336.25,-67.25,0.0
1780956655505916670,114477,1780956655510369955,base_link,wheel_left_joint,wheel_right_joint,joint1,joint2,joint3,joint4,gripper,0.006135923787951469,0.0,-0.004601942375302315,-1.5493206977844238,1.2379225492477417,0.5905826091766357,0.0,0.0,0.0,0.0,0.0,0.0,0.0,0.0,0.0,0.0,0.0,75.31999969482422,-338.94000244140625,-67.25,0.0
1780956655563697599,114478,1780956655544369955,base_link,wheel_left_joint,wheel_right_joint,joint1,joint2,joint3,joint4,gripper,0.006135923787951469,0.0,-0.004601942375302315,-1.5493206977844238,1.2379225492477417,0.5905826091766357,0.0,0.0,0.0,0.0,0.0,0.0,0.0,0.0,0.0,0.0,0.0,75.31999969482422,-338.94000244140625,-72.6300048828125,0.0
1780956655580319533,114479,1780956655592369955,base_link,wheel_left_joint,wheel_right_joint,joint1,joint2,joint3,joint4,gripper,0.006135923787951469,0.0,-0.004601942375302315,-1.5493206977844238,1.2379225492477417,0.5905826091766357,0.0,0.0,0.0,0.0,0.0,0.0,0.0,0.0,0.0,0.0,0.0,78.01000213623047,-338.94000244140625,-67.25,0.0
1780956655633165641,114480,1780956655626369955,base_link,wheel_left_joint,wheel_right_joint,joint1,joint2,joint3,joint4,gripper,0.006135923787951469,0.0,-0.004601942375302315,-1.5493206977844238,1.2379225492477417,0.5905826091766357,0.0,0.0,0.0,0.0,0.0,0.0,0.0,0.0,0.0,0.0,0.0,75.31999969482422,-336.25,-67.25,0.0
1780956655684539275,114481,1780956655689369955,base_link,wheel_left_joint,wheel_right_joint,joint1,joint2,joint3,joint4,gripper,0.006135923787951469,0.0,-0.004601942375302315,-1.5493206977844238,1.2379225492477417,0.5905826091766357,0.0,0.0,0.0,0.0,0.0,0.0,0.0,0.0,0.0,0.0,0.0,78.01000213623047,-338.94000244140625,-67.25,0.0
1780956655737992004,114482,1780956655723369955,base_link,wheel_left_joint,wheel_right_joint,joint1,joint2,joint3,joint4,gripper,0.006135923787951469,0.0,-0.004601942375302315,-1.5493206977844238,1.2379225492477417,0.5905826091766357,0.0,0.0,0.0,0.0,0.0,0.0,0.0,0.0,0.0,0.0,0.0,78.01000213623047,-338.94000244140625,-67.25,0.0
1780956655767032882,114483,1780956655774369955,base_link,wheel_left_joint,wheel_right_joint,joint1,joint2,joint3,joint4,gripper,0.006135923787951469,0.0,-0.004601942375302315,-1.5493206977844238,1.2379225492477417,0.5905826091766357,0.0,0.0,0.0,0.0,0.0,0.0,0.0,0.0,0.0,0.0,0.0,78.01000213623047,-338.94000244140625,-67.25,0.0
1780956655821769301,114484,1780956655808369955,base_link,wheel_left_joint,wheel_right_joint,joint1,joint2,joint3,joint4,gripper,0.006135923787951469,0.0,-0.004601942375302315,-1.5493206977844238,1.2379225492477417,0.5905826091766357,0.0,0.0,0.0,0.0,0.0,0.0,0.0,0.0,0.0,0.0,0.0,78.01000213623047,-338.94000244140625,-67.25,0.0
1780956655848816015,114485,1780956655857369955,base_link,wheel_left_joint,wheel_right_joint,joint1,joint2,joint3,joint4,gripper,0.006135923787951469,0.0,-0.004601942375302315,-1.5493206977844238,1.2379225492477417,0.5905826091766357,0.0,0.0,0.0,0.0,0.0,0.0,0.0,0.0,0.0,0.0,0.0,75.31999969482422,-338.94000244140625,-75.31999969482422,0.0
1780956655903221224,114486,1780956655891369955,base_link,wheel_left_joint,wheel_right_joint,joint1,joint2,joint3,joint4,gripper,0.006135923787951469,0.0,-0.004601942375302315,-1.5493206977844238,1.2379225492477417,0.5905826091766357,0.0,0.0,0.0,0.0,0.0,0.0,0.0,0.0,0.0,0.0,0.0,75.31999969482422,-338.94000244140625,-67.25,0.0
1780956655931888637,114487,1780956655938369955,base_link,wheel_left_joint,wheel_right_joint,joint1,joint2,joint3,joint4,gripper,0.006135923787951469,0.0,-0.004601942375302315,-1.5493206977844238,1.2379225492477417,0.5905826091766357,0.0,0.0,0.0,0.0,0.0,0.0,0.0,0.0,0.0,0.0,0.0,75.31999969482422,-336.25,-67.25,0.0
1780956655982661363,114488,1780956655972369955,base_link,wheel_left_joint,wheel_right_joint,joint1,joint2,joint3,joint4,gripper,0.006135923787951469,0.0,-0.004601942375302315,-1.5493206977844238,1.2379225492477417,0.5905826091766357,0.0,0.0,0.0,0.0,0.0,0.0,0.0,0.0,0.0,0.0,0.0,75.31999969482422,-338.94000244140625,-67.25,0.0
1780956656013747958,114489,1780956656020369955,base_link,wheel_left_joint,wheel_right_joint,joint1,joint2,joint3,joint4,gripper,0.006135923787951469,0.0,-0.004601942375302315,-1.5493206977844238,1.2379225492477417,0.5905826091766357,0.0,0.0,0.0,0.0,0.0,0.0,0.0,0.0,0.0,0.0,0.0,75.31999969482422,-338.94000244140625,-69.94000244140625,0.0
1780956656067280147,114490,1780956656054369955,base_link,wheel_left_joint,wheel_right_joint,joint1,joint2,joint3,joint4,gripper,0.006135923787951469,0.0,-0.004601942375302315,-1.5493206977844238,1.2379225492477417,0.5905826091766357,0.0,0.0,0.0,0.0,0.0,0.0,0.0,0.0,0.0,0.0,0.0,75.31999969482422,-338.94000244140625,-67.25,0.0
1780956656097418903,114491,1780956656100369955,base_link,wheel_left_joint,wheel_right_joint,joint1,joint2,joint3,joint4,gripper,0.006135923787951469,0.0,-0.004601942375302315,-1.5493206977844238,1.2379225492477417,0.5905826091766357,0.0,0.0,0.0,0.0,0.0,0.0,0.0,0.0,0.0,0.0,0.0,75.31999969482422,-338.94000244140625,-67.25,0.0
1780956656173620326,114492,1780956656134369955,base_link,wheel_left_joint,wheel_right_joint,joint1,joint2,joint3,joint4,gripper,0.006135923787951469,0.0,-0.004601942375302315,-1.5493206977844238,1.2379225492477417,0.5905826091766357,0.0,0.0,0.0,0.0,0.0,0.0,0.0,0.0,0.0,0.0,0.0,75.31999969482422,-338.94000244140625,-67.25,0.0
1780956656217633396,114493,1780956656189369955,base_link,wheel_left_joint,wheel_right_joint,joint1,joint2,joint3,joint4,gripper,0.006135923787951469,0.0,-0.004601942375302315,-1.5493206977844238,1.2379225492477417,0.5905826091766357,0.0,0.0,0.0,0.0,0.0,0.0,0.0,0.0,0.0,0.0,0.0,75.31999969482422,-338.94000244140625,-67.25,0.0
1780956656304742589,114494,1780956656223369955,base_link,wheel_left_joint,wheel_right_joint,joint1,joint2,joint3,joint4,gripper,0.006135923787951469,0.0,-0.004601942375302315,-1.5493206977844238,1.2379225492477417,0.5905826091766357,0.0,0.0,0.0,0.0,0.0,0.0,0.0,0.0,0.0,0.0,0.0,78.01000213623047,-338.94000244140625,-67.25,0.0
1780956656340836472,114495,1780956656319369955,base_link,wheel_left_joint,wheel_right_joint,joint1,joint2,joint3,joint4,gripper,0.006135923787951469,0.0,-0.004601942375302315,-1.5493206977844238,1.2379225492477417,0.5905826091766357,0.0,0.0,0.0,0.0,0.0,0.0,0.0,0.0,0.0,0.0,0.0,78.01000213623047,-338.94000244140625,-67.25,0.0
1780956656431455900,114496,1780956656353369955,base_link,wheel_left_joint,wheel_right_joint,joint1,joint2,joint3,joint4,gripper,0.006135923787951469,0.0,-0.004601942375302315,-1.5493206977844238,1.2379225492477417,0.5905826091766357,0.0,0.0,0.0,0.0,0.0,0.0,0.0,0.0,0.0,0.0,0.0,78.01000213623047,-338.94000244140625,-67.25,0.0
1780956656474356893,114497,1780956656455369955,base_link,wheel_left_joint,wheel_right_joint,joint1,joint2,joint3,joint4,gripper,0.006135923787951469,0.0,-0.004601942375302315,-1.5493206977844238,1.2379225492477417,0.5905826091766357,0.0,0.0,0.0,0.0,0.0,0.0,0.0,0.0,0.0,0.0,0.0,75.31999969482422,-338.94000244140625,-69.94000244140625,0.0
1780956656560925292,114498,1780956656489369955,base_link,wheel_left_joint,wheel_right_joint,joint1,joint2,joint3,joint4,gripper,0.006135923787951469,0.0,-0.004601942375302315,-1.5493206977844238,1.2379225492477417,0.5905826091766357,0.0,0.0,0.0,0.0,0.0,0.0,0.0,0.0,0.0,0.0,0.0,75.31999969482422,-338.94000244140625,-67.25,0.0
1780956656609488553,114499,1780956656574369955,base_link,wheel_left_joint,wheel_right_joint,joint1,joint2,joint3,joint4,gripper,0.006135923787951469,0.0,-0.004601942375302315,-1.5493206977844238,1.2379225492477417,0.5905826091766357,0.0,0.0,0.0,0.0,0.0,0.0,0.0,0.0,0.0,0.0,0.0,75.31999969482422,-338.94000244140625,-67.25,0.0
1780956656697013960,114500,1780956656608369955,base_link,wheel_left_joint,wheel_right_joint,joint1,joint2,joint3,joint4,gripper,0.006135923787951469,0.0,-0.004601942375302315,-1.5493206977844238,1.2379225492477417,0.5905826091766357,0.0,0.0,0.0,0.0,0.0,0.0,0.0,0.0,0.0,0.0,0.0,75.31999969482422,-336.25,-67.25,0.0
1780956656733093803,114501,1780956656714545570,base_link,wheel_left_joint,wheel_right_joint,joint1,joint2,joint3,joint4,gripper,0.006135923787951469,0.0,-0.004601942375302315,-1.5493206977844238,1.2394565343856812,0.5905826091766357,0.0,0.0,0.0,0.0,0.0,0.0,0.0,0.0,0.0,0.0,0.0,78.01000213623047,-338.94000244140625,-69.94000244140625,0.0
1780956656818566563,114502,1780956656748545570,base_link,wheel_left_joint,wheel_right_joint,joint1,joint2,joint3,joint4,gripper,0.006135923787951469,0.0,-0.004601942375302315,-1.5493206977844238,1.2379225492477417,0.5905826091766357,0.0,0.0,0.0,0.0,0.0,0.0,0.0,0.0,0.0,0.0,0.0,78.01000213623047,-338.94000244140625,-69.94000244140625,0.0
1780956656864715097,114503,1780956656847545570,base_link,wheel_left_joint,wheel_right_joint,joint1,joint2,joint3,joint4,gripper,0.006135923787951469,0.0,-0.004601942375302315,-1.5493206977844238,1.2379225492477417,0.5905826091766357,0.0,0.0,0.0,0.0,0.0,0.0,0.0,0.0,0.0,0.0,0.0,78.01000213623047,-338.94000244140625,-69.94000244140625,0.0
1780956656946904334,114504,1780956656881545570,base_link,wheel_left_joint,wheel_right_joint,joint1,joint2,joint3,joint4,gripper,0.006135923787951469,0.0,-0.004601942375302315,-1.5493206977844238,1.2394565343856812,0.5905826091766357,0.0,0.0,0.0,0.0,0.0,0.0,0.0,0.0,0.0,0.0,0.0,78.01000213623047,-338.94000244140625,-67.25,0.0
1780956656996405793,114505,1780956656971545570,base_link,wheel_left_joint,wheel_right_joint,joint1,joint2,joint3,joint4,gripper,0.006135923787951469,0.0,-0.004601942375302315,-1.5493206977844238,1.2379225492477417,0.5905826091766357,0.0,0.0,0.0,0.0,0.0,0.0,0.0,0.0,0.0,0.0,0.0,75.31999969482422,-338.94000244140625,-69.94000244140625,0.0
1780956657080751026,114506,1780956657005545570,base_link,wheel_left_joint,wheel_right_joint,joint1,joint2,joint3,joint4,gripper,0.006135923787951469,0.0,-0.004601942375302315,-1.5493206977844238,1.2379225492477417,0.5905826091766357,0.0,0.0,0.0,0.0,0.0,0.0,0.0,0.0,0.0,0.0,0.0,75.31999969482422,-336.25,-69.94000244140625,0.0
1780956657117799236,114507,1780956657103545570,base_link,wheel_left_joint,wheel_right_joint,joint1,joint2,joint3,joint4,gripper,0.006135923787951469,0.0,-0.004601942375302315,-1.5493206977844238,1.2379225492477417,0.5905826091766357,0.0,0.0,0.0,0.0,0.0,0.0,0.0,0.0,0.0,0.0,0.0,78.01000213623047,-338.94000244140625,-67.25,0.0
1780956657204816714,114508,1780956657137545570,base_link,wheel_left_joint,wheel_right_joint,joint1,joint2,joint3,joint4,gripper,0.006135923787951469,0.0,-0.004601942375302315,-1.5493206977844238,1.2379225492477417,0.5905826091766357,0.0,0.0,0.0,0.0,0.0,0.0,0.0,0.0,0.0,0.0,0.0,78.01000213623047,-338.94000244140625,-72.6300048828125,0.0
1780956657251973617,114509,1780956657236545570,base_link,wheel_left_joint,wheel_right_joint,joint1,joint2,joint3,joint4,gripper,0.006135923787951469,0.0,-0.004601942375302315,-1.5493206977844238,1.2379225492477417,0.5905826091766357,0.0,0.0,0.0,0.0,0.0,0.0,0.0,0.0,0.0,0.0,0.0,75.31999969482422,-341.6300048828125,-67.25,0.0
1780956657334670174,114510,1780956657270545570,base_link,wheel_left_joint,wheel_right_joint,joint1,joint2,joint3,joint4,gripper,0.006135923787951469,0.0,-0.004601942375302315,-1.5493206977844238,1.2379225492477417,0.5905826091766357,0.0,0.0,0.0,0.0,0.0,0.0,0.0,0.0,0.0,0.0,0.0,75.31999969482422,-338.94000244140625,-67.25,0.0
1780956657378162906,114511,1780956657363545570,base_link,wheel_left_joint,wheel_right_joint,joint1,joint2,joint3,joint4,gripper,0.006135923787951469,0.0,-0.004601942375302315,-1.5493206977844238,1.2379225492477417,0.5905826091766357,0.0,0.0,0.0,0.0,0.0,0.0,0.0,0.0,0.0,0.0,0.0,75.31999969482422,-338.94000244140625,-69.94000244140625,0.0
1780956657470194203,114512,1780956657397545570,base_link,wheel_left_joint,wheel_right_joint,joint1,joint2,joint3,joint4,gripper,0.006135923787951469,0.0,-0.004601942375302315,-1.5493206977844238,1.2379225492477417,0.5905826091766357,0.0,0.0,0.0,0.0,0.0,0.0,0.0,0.0,0.0,0.0,0.0,78.01000213623047,-338.94000244140625,-67.25,0.0
1780956657506867172,114513,1780956657492545570,base_link,wheel_left_joint,wheel_right_joint,joint1,joint2,joint3,joint4,gripper,0.006135923787951469,0.0,-0.004601942375302315,-1.5493206977844238,1.2379225492477417,0.5905826091766357,0.0,0.0,0.0,0.0,0.0,0.0,0.0,0.0,0.0,0.0,0.0,78.01000213623047,-338.94000244140625,-72.6300048828125,0.0
1780956657594836783,114514,1780956657526545570,base_link,wheel_left_joint,wheel_right_joint,joint1,joint2,joint3,joint4,gripper,0.006135923787951469,0.0,-0.004601942375302315,-1.5493206977844238,1.2379225492477417,0.5905826091766357,0.0,0.0,0.0,0.0,0.0,0.0,0.0,0.0,0.0,0.0,0.0,78.01000213623047,-336.25,-67.25,0.0
1780956657640144567,114515,1780956657624545570,base_link,wheel_left_joint,wheel_right_joint,joint1,joint2,joint3,joint4,gripper,0.006135923787951469,0.0,-0.004601942375302315,-1.5493206977844238,1.2379225492477417,0.5905826091766357,0.0,0.0,0.0,0.0,0.0,0.0,0.0,0.0,0.0,0.0,0.0,78.01000213623047,-336.25,-67.25,0.0
1780956657733960825,114516,1780956657658545570,base_link,wheel_left_joint,wheel_right_joint,joint1,joint2,joint3,joint4,gripper,0.006135923787951469,0.0,-0.004601942375302315,-1.5493206977844238,1.2379225492477417,0.5905826091766357,0.0,0.0,0.0,0.0,0.0,0.0,0.0,0.0,0.0,0.0,0.0,78.01000213623047,-338.94000244140625,-67.25,0.0
1780956657769227252,114517,1780956657748545570,base_link,wheel_left_joint,wheel_right_joint,joint1,joint2,joint3,joint4,gripper,0.006135923787951469,-0.0015339809469878674,-0.004601942375302315,-1.5493206977844238,1.2379225492477417,0.5905826091766357,0.0,0.0,-0.01704423315823078,0.0,0.0,0.0,0.0,0.0,0.0,0.0,0.0,78.01000213623047,-341.6300048828125,-67.25,0.0
1780956657851515183,114518,1780956657782545570,base_link,wheel_left_joint,wheel_right_joint,joint1,joint2,joint3,joint4,gripper,0.006135923787951469,0.0,-0.004601942375302315,-1.5493206977844238,1.2379225492477417,0.5905826091766357,0.0,0.0,0.04511708766222,0.0,0.0,0.0,0.0,0.0,0.0,0.0,0.0,78.01000213623047,-336.25,-69.94000244140625,0.0
1780956657891967425,114519,1780956657874545570,base_link,wheel_left_joint,wheel_right_joint,joint1,joint2,joint3,joint4,gripper,0.006135923787951469,0.0,-0.004601942375302315,-1.5493206977844238,1.2379225492477417,0.5905826091766357,0.0,0.0,0.0,0.0,0.0,0.0,0.0,0.0,0.0,0.0,0.0,75.31999969482422,-338.94000244140625,-72.6300048828125,0.0
1780956657977925895,114520,1780956657908545570,base_link,wheel_left_joint,wheel_right_joint,joint1,joint2,joint3,joint4,gripper,0.006135923787951469,0.0,-0.004601942375302315,-1.5493206977844238,1.2379225492477417,0.5905826091766357,0.0,0.0,0.0,0.0,0.0,0.0,0.0,0.0,0.0,0.0,0.0,75.31999969482422,-338.94000244140625,-75.31999969482422,0.0
1780956658026175425,114521,1780956658008545570,base_link,wheel_left_joint,wheel_right_joint,joint1,joint2,joint3,joint4,gripper,0.006135923787951469,0.0,-0.004601942375302315,-1.5493206977844238,1.2379225492477417,0.5905826091766357,0.0,0.0,0.0,0.0,0.0,0.0,0.0,0.0,0.0,0.0,0.0,78.01000213623047,-338.94000244140625,-67.25,0.0
1780956658108658961,114522,1780956658042545570,base_link,wheel_left_joint,wheel_right_joint,joint1,joint2,joint3,joint4,gripper,0.006135923787951469,0.0,-0.004601942375302315,-1.5493206977844238,1.2379225492477417,0.5905826091766357,0.0,0.0,0.0,0.0,0.0,0.0,0.0,0.0,0.0,0.0,0.0,78.01000213623047,-336.25,-67.25,0.0
1780956658157697474,114523,1780956658134545570,base_link,wheel_left_joint,wheel_right_joint,joint1,joint2,joint3,joint4,gripper,0.006135923787951469,0.0,-0.004601942375302315,-1.5493206977844238,1.2379225492477417,0.5905826091766357,0.0,0.0,0.0,0.0,0.0,0.0,0.0,0.0,0.0,0.0,0.0,78.01000213623047,-338.94000244140625,-67.25,0.0
1780956658240161026,114524,1780956658168545570,base_link,wheel_left_joint,wheel_right_joint,joint1,joint2,joint3,joint4,gripper,0.006135923787951469,0.0,-0.004601942375302315,-1.5493206977844238,1.2379225492477417,0.5905826091766357,0.0,0.0,0.0,0.0,0.0,0.0,0.0,0.0,0.0,0.0,0.0,78.01000213623047,-338.94000244140625,-67.25,0.0
1780956658285817264,114525,1780956658264545570,base_link,wheel_left_joint,wheel_right_joint,joint1,joint2,joint3,joint4,gripper,0.006135923787951469,0.0,-0.004601942375302315,-1.5493206977844238,1.2379225492477417,0.5905826091766357,0.0,0.0,0.0,0.0,0.0,0.0,0.0,0.0,0.0,0.0,0.0,78.01000213623047,-336.25,-69.94000244140625,0.0
1780956658373391579,114526,1780956658298545570,base_link,wheel_left_joint,wheel_right_joint,joint1,joint2,joint3,joint4,gripper,0.006135923787951469,0.0,-0.004601942375302315,-1.5493206977844238,1.2379225492477417,0.5905826091766357,0.0,0.0,0.0,0.0,0.0,0.0,0.0,0.0,0.0,0.0,0.0,78.01000213623047,-338.94000244140625,-72.6300048828125,0.0
1780956658409243771,114527,1780956658394545570,base_link,wheel_left_joint,wheel_right_joint,joint1,joint2,joint3,joint4,gripper,0.006135923787951469,0.0,-0.004601942375302315,-1.5493206977844238,1.2379225492477417,0.5905826091766357,0.0,0.0,0.0,0.0,0.0,0.0,0.0,0.0,0.0,0.0,0.0,78.01000213623047,-338.94000244140625,-69.94000244140625,0.0
1780956658509345869,114528,1780956658428545570,base_link,wheel_left_joint,wheel_right_joint,joint1,joint2,joint3,joint4,gripper,0.006135923787951469,0.0,-0.004601942375302315,-1.5493206977844238,1.2379225492477417,0.5905826091766357,0.0,0.0,0.0,0.0,0.0,0.0,0.0,0.0,0.0,0.0,0.0,72.6300048828125,-338.94000244140625,-67.25,0.0
1780956658546072787,114529,1780956658532545570,base_link,wheel_left_joint,wheel_right_joint,joint1,joint2,joint3,joint4,gripper,0.006135923787951469,0.0,-0.004601942375302315,-1.5493206977844238,1.2379225492477417,0.5905826091766357,0.0,0.0,0.0,0.0,0.0,0.0,0.0,0.0,0.0,0.0,0.0,78.01000213623047,-338.94000244140625,-69.94000244140625,0.0
1780956658641688042,114530,1780956658566545570,base_link,wheel_left_joint,wheel_right_joint,joint1,joint2,joint3,joint4,gripper,0.006135923787951469,0.0,-0.004601942375302315,-1.5493206977844238,1.2379225492477417,0.5905826091766357,0.0,0.0,0.0,0.0,0.0,0.0,0.0,0.0,0.0,0.0,0.0,78.01000213623047,-338.94000244140625,-72.6300048828125,0.0
1780956658677501091,114531,1780956658663545570,base_link,wheel_left_joint,wheel_right_joint,joint1,joint2,joint3,joint4,gripper,0.006135923787951469,0.0,-0.004601942375302315,-1.5493206977844238,1.2379225492477417,0.5905826091766357,0.0,0.0,0.0,0.0,0.0,0.0,0.0,0.0,0.0,0.0,0.0,78.01000213623047,-338.94000244140625,-67.25,0.0
1780956658762669943,114532,1780956658697545570,base_link,wheel_left_joint,wheel_right_joint,joint1,joint2,joint3,joint4,gripper,0.006135923787951469,0.0,-0.004601942375302315,-1.5493206977844238,1.2379225492477417,0.5905826091766357,0.0,0.0,0.0,0.0,0.0,0.0,0.0,0.0,0.0,0.0,0.0,78.01000213623047,-336.25,-67.25,0.0
1780956658808537769,114533,1780956658793545570,base_link,wheel_left_joint,wheel_right_joint,joint1,joint2,joint3,joint4,gripper,0.006135923787951469,0.0,-0.004601942375302315,-1.5493206977844238,1.2379225492477417,0.5905826091766357,0.0,0.0,0.0,0.0,0.0,0.0,0.0,0.0,0.0,0.0,0.0,75.31999969482422,-336.25,-67.25,0.0
1780956658895203639,114534,1780956658827545570,base_link,wheel_left_joint,wheel_right_joint,joint1,joint2,joint3,joint4,gripper,0.006135923787951469,0.0,-0.004601942375302315,-1.5493206977844238,1.2379225492477417,0.5905826091766357,0.0,0.0,0.0,0.0,0.0,0.0,0.0,0.0,0.0,0.0,0.0,75.31999969482422,-338.94000244140625,-67.25,0.0
1780956658940986470,114535,1780956658920545570,base_link,wheel_left_joint,wheel_right_joint,joint1,joint2,joint3,joint4,gripper,0.006135923787951469,0.0,-0.004601942375302315,-1.5493206977844238,1.2379225492477417,0.5905826091766357,0.0,0.0,0.0,0.0,0.0,0.0,0.0,0.0,0.0,0.0,0.0,75.31999969482422,-336.25,-67.25,0.0
1780956659027726537,114536,1780956658954545570,base_link,wheel_left_joint,wheel_right_joint,joint1,joint2,joint3,joint4,gripper,0.006135923787951469,0.0,-0.004601942375302315,-1.5493206977844238,1.2379225492477417,0.5905826091766357,0.0,0.0,0.0,0.0,0.0,0.0,0.0,0.0,0.0,0.0,0.0,75.31999969482422,-338.94000244140625,-67.25,0.0
1780956659073328110,114537,1780956659048545570,base_link,wheel_left_joint,wheel_right_joint,joint1,joint2,joint3,joint4,gripper,0.006135923787951469,0.0,-0.004601942375302315,-1.5493206977844238,1.2379225492477417,0.5905826091766357,0.0,0.0,0.0,0.0,0.0,0.0,0.0,0.0,0.0,0.0,0.0,78.01000213623047,-338.94000244140625,-67.25,0.0
1780956659172411477,114538,1780956659082545570,base_link,wheel_left_joint,wheel_right_joint,joint1,joint2,joint3,joint4,gripper,0.006135923787951469,0.0,-0.004601942375302315,-1.5493206977844238,1.2379225492477417,0.5905826091766357,0.0,0.0,0.0,0.0,0.0,0.0,0.0,0.0,0.0,0.0,0.0,78.01000213623047,-338.94000244140625,-67.25,0.0
1780956659199689741,114539,1780956659178545570,base_link,wheel_left_joint,wheel_right_joint,joint1,joint2,joint3,joint4,gripper,0.006135923787951469,0.0,-0.004601942375302315,-1.5493206977844238,1.2379225492477417,0.5905826091766357,0.0,0.0,0.0,0.0,0.0,0.0,0.0,0.0,0.0,0.0,0.0,78.01000213623047,-336.25,-67.25,0.0
1780956659281670254,114540,1780956659212545570,base_link,wheel_left_joint,wheel_right_joint,joint1,joint2,joint3,joint4,gripper,0.006135923787951469,0.0,-0.004601942375302315,-1.5493206977844238,1.2379225492477417,0.5905826091766357,0.0,0.0,0.0,0.0,0.0,0.0,0.0,0.0,0.0,0.0,0.0,75.31999969482422,-338.94000244140625,-67.25,0.0
1780956659332000492,114541,1780956659375628742,base_link,wheel_left_joint,wheel_right_joint,joint1,joint2,joint3,joint4,gripper,0.006135923787951469,0.0,-0.004601942375302315,-1.5493206977844238,1.2379225492477417,0.5905826091766357,0.0,0.0,0.0,0.0,0.0,0.0,0.0,0.0,0.0,0.0,0.0,78.01000213623047,-338.94000244140625,-67.25,0.0
1780956659403850811,114542,1780956659409628742,base_link,wheel_left_joint,wheel_right_joint,joint1,joint2,joint3,joint4,gripper,0.006135923787951469,0.0,-0.004601942375302315,-1.5493206977844238,1.2379225492477417,0.5905826091766357,0.0,0.0,0.0,0.0,0.0,0.0,0.0,0.0,0.0,0.0,0.0,78.01000213623047,-338.94000244140625,-67.25,0.0
1780956659432057263,114543,1780956659505628742,base_link,wheel_left_joint,wheel_right_joint,joint1,joint2,joint3,joint4,gripper,0.006135923787951469,0.0,-0.004601942375302315,-1.5493206977844238,1.2379225492477417,0.5905826091766357,0.0,0.0,0.0,0.0,0.0,0.0,0.0,0.0,0.0,0.0,0.0,75.31999969482422,-336.25,-72.6300048828125,0.0
1780956659488527929,114544,1780956659539628742,base_link,wheel_left_joint,wheel_right_joint,joint1,joint2,joint3,joint4,gripper,0.006135923787951469,0.0,-0.004601942375302315,-1.5493206977844238,1.2379225492477417,0.5905826091766357,0.0,0.0,0.0,0.0,0.0,0.0,0.0,0.0,0.0,0.0,0.0,75.31999969482422,-336.25,-67.25,0.0
1780956659515250049,114545,1780956659590628742,base_link,wheel_left_joint,wheel_right_joint,joint1,joint2,joint3,joint4,gripper,0.006135923787951469,0.0,-0.004601942375302315,-1.5493206977844238,1.2379225492477417,0.5905826091766357,0.0,0.0,0.0,0.0,0.0,0.0,0.0,0.0,0.0,0.0,0.0,75.31999969482422,-338.94000244140625,-67.25,0.0
1780956659570166009,114546,1780956659623628742,base_link,wheel_left_joint,wheel_right_joint,joint1,joint2,joint3,joint4,gripper,0.006135923787951469,0.0,-0.004601942375302315,-1.5493206977844238,1.2379225492477417,0.5905826091766357,0.0,0.0,0.0,0.0,0.0,0.0,0.0,0.0,0.0,0.0,0.0,75.31999969482422,-338.94000244140625,-72.6300048828125,0.0
1780956659598269824,114547,1780956659675628742,base_link,wheel_left_joint,wheel_right_joint,joint1,joint2,joint3,joint4,gripper,0.006135923787951469,0.0,-0.004601942375302315,-1.5493206977844238,1.2379225492477417,0.5905826091766357,0.0,0.0,0.0,0.0,0.0,0.0,0.0,0.0,0.0,0.0,0.0,75.31999969482422,-336.25,-67.25,0.0
1780956659649399943,114548,1780956659709628742,base_link,wheel_left_joint,wheel_right_joint,joint1,joint2,joint3,joint4,gripper,0.006135923787951469,0.0,-0.004601942375302315,-1.5493206977844238,1.2379225492477417,0.5905826091766357,0.0,0.0,0.0,0.0,0.0,0.0,0.0,0.0,0.0,0.0,0.0,75.31999969482422,-338.94000244140625,-67.25,0.0
1780956659678866081,114549,1780956659757628742,base_link,wheel_left_joint,wheel_right_joint,joint1,joint2,joint3,joint4,gripper,0.006135923787951469,0.0,-0.004601942375302315,-1.5493206977844238,1.2379225492477417,0.5905826091766357,0.0,0.0,0.0,0.0,0.0,0.0,0.0,0.0,0.0,0.0,0.0,78.01000213623047,-338.94000244140625,-67.25,0.0
1780956659731128390,114550,1780956659791628742,base_link,wheel_left_joint,wheel_right_joint,joint1,joint2,joint3,joint4,gripper,0.006135923787951469,0.0,-0.004601942375302315,-1.5493206977844238,1.2379225492477417,0.5905826091766357,0.0,0.0,0.0,0.0,0.0,0.0,0.0,0.0,0.0,0.0,0.0,75.31999969482422,-338.94000244140625,-67.25,0.0
1780956659760193635,114551,1780956659840628742,base_link,wheel_left_joint,wheel_right_joint,joint1,joint2,joint3,joint4,gripper,0.006135923787951469,0.0,-0.004601942375302315,-1.5493206977844238,1.2379225492477417,0.5905826091766357,0.0,0.0,0.0,0.0,0.0,0.0,0.0,0.0,0.0,0.0,0.0,75.31999969482422,-338.94000244140625,-67.25,0.0
1780956659830212474,114552,1780956659874628742,base_link,wheel_left_joint,wheel_right_joint,joint1,joint2,joint3,joint4,gripper,0.006135923787951469,0.0,-0.004601942375302315,-1.5493206977844238,1.2394565343856812,0.5905826091766357,0.0,0.0,0.0,0.0,0.0,0.0,0.0,0.0,0.0,0.0,0.0,78.01000213623047,-336.25,-67.25,0.0
1780956659874274273,114553,1780956659922628742,base_link,wheel_left_joint,wheel_right_joint,joint1,joint2,joint3,joint4,gripper,0.006135923787951469,0.0,-0.004601942375302315,-1.5493206977844238,1.2379225492477417,0.5905826091766357,0.0,0.0,0.0,0.0,0.0,0.0,0.0,0.0,0.0,0.0,0.0,78.01000213623047,-338.94000244140625,-67.25,0.0
1780956659960988375,114554,1780956659956628742,base_link,wheel_left_joint,wheel_right_joint,joint1,joint2,joint3,joint4,gripper,0.006135923787951469,0.0,-0.004601942375302315,-1.5493206977844238,1.2379225492477417,0.5921165943145752,0.0,0.0,0.0,0.0,0.0,0.0,0.0,0.0,0.0,0.0,0.0,78.01000213623047,-338.94000244140625,-72.6300048828125,0.0
1780956660005568361,114555,1780956660047628742,base_link,wheel_left_joint,wheel_right_joint,joint1,joint2,joint3,joint4,gripper,0.006135923787951469,0.0,-0.004601942375302315,-1.5493206977844238,1.2379225492477417,0.5905826091766357,0.0,0.0,0.0,0.0,0.0,0.0,0.0,0.0,0.0,0.0,0.0,75.31999969482422,-338.94000244140625,-69.94000244140625,0.0
1780956660099980494,114556,1780956660081628742,base_link,wheel_left_joint,wheel_right_joint,joint1,joint2,joint3,joint4,gripper,0.006135923787951469,0.0,-0.004601942375302315,-1.5493206977844238,1.2379225492477417,0.5905826091766357,0.0,0.0,0.0,0.0,0.0,0.0,0.0,0.0,0.0,0.0,0.0,75.31999969482422,-338.94000244140625,-69.94000244140625,0.0
1780956660128825206,114557,1780956660176628742,base_link,wheel_left_joint,wheel_right_joint,joint1,joint2,joint3,joint4,gripper,0.006135923787951469,0.0,-0.004601942375302315,-1.5493206977844238,1.2379225492477417,0.5905826091766357,0.0,0.0,0.0,0.0,0.0,0.0,0.0,0.0,0.0,0.0,0.0,75.31999969482422,-336.25,-72.6300048828125,0.0
1780956660211496210,114558,1780956660210628742,base_link,wheel_left_joint,wheel_right_joint,joint1,joint2,joint3,joint4,gripper,0.006135923787951469,0.0,-0.004601942375302315,-1.5493206977844238,1.2379225492477417,0.5905826091766357,0.0,0.0,0.0,0.0,0.0,0.0,0.0,0.0,0.0,0.0,0.0,75.31999969482422,-338.94000244140625,-67.25,0.0
1780956660260137369,114559,1780956660305628742,base_link,wheel_left_joint,wheel_right_joint,joint1,joint2,joint3,joint4,gripper,0.006135923787951469,0.0,-0.004601942375302315,-1.5493206977844238,1.2379225492477417,0.5905826091766357,0.0,0.0,0.0,0.0,0.0,0.0,0.0,0.0,0.0,0.0,0.0,75.31999969482422,-338.94000244140625,-67.25,0.0
1780956660343052705,114560,1780956660338628742,base_link,wheel_left_joint,wheel_right_joint,joint1,joint2,joint3,joint4,gripper,0.006135923787951469,0.0,-0.004601942375302315,-1.5493206977844238,1.2379225492477417,0.5905826091766357,0.0,0.0,0.0,0.0,0.0,0.0,0.0,0.0,0.0,0.0,0.0,75.31999969482422,-338.94000244140625,-67.25,0.0
1780956660393523262,114561,1780956660432628742,base_link,wheel_left_joint,wheel_right_joint,joint1,joint2,joint3,joint4,gripper,0.006135923787951469,0.0,-0.004601942375302315,-1.5493206977844238,1.2379225492477417,0.5905826091766357,0.0,0.0,0.0,0.0,0.0,0.0,0.0,0.0,0.0,0.0,0.0,75.31999969482422,-338.94000244140625,-67.25,0.0
1780956660487381818,114562,1780956660466628742,base_link,wheel_left_joint,wheel_right_joint,joint1,joint2,joint3,joint4,gripper,0.006135923787951469,0.0,-0.004601942375302315,-1.5493206977844238,1.2379225492477417,0.5905826091766357,0.0,0.0,0.0,0.0,0.0,0.0,0.0,0.0,0.0,0.0,0.0,75.31999969482422,-336.25,-67.25,0.0
1780956660514917404,114563,1780956660561628742,base_link,wheel_left_joint,wheel_right_joint,joint1,joint2,joint3,joint4,gripper,0.006135923787951469,0.0,-0.004601942375302315,-1.5493206977844238,1.2394565343856812,0.5905826091766357,0.0,0.0,0.0,0.0,0.0,0.0,0.0,0.0,0.0,0.0,0.0,78.01000213623047,-338.94000244140625,-67.25,0.0
1780956660607967908,114564,1780956660595628742,base_link,wheel_left_joint,wheel_right_joint,joint1,joint2,joint3,joint4,gripper,0.006135923787951469,0.0,-0.004601942375302315,-1.5493206977844238,1.2379225492477417,0.5905826091766357,0.0,0.0,0.0,0.0,0.0,0.0,0.0,0.0,0.0,0.0,0.0,78.01000213623047,-338.94000244140625,-69.94000244140625,0.0
1780956660653256631,114565,1780956660698628742,base_link,wheel_left_joint,wheel_right_joint,joint1,joint2,joint3,joint4,gripper,0.006135923787951469,0.0,-0.004601942375302315,-1.5493206977844238,1.2379225492477417,0.5905826091766357,0.0,0.0,0.0,0.0,0.0,0.0,0.0,0.0,0.0,0.0,0.0,75.31999969482422,-336.25,-67.25,0.0
1780956660739413056,114566,1780956660732628742,base_link,wheel_left_joint,wheel_right_joint,joint1,joint2,joint3,joint4,gripper,0.006135923787951469,0.0,-0.004601942375302315,-1.5493206977844238,1.2379225492477417,0.5905826091766357,0.0,0.0,0.0,0.0,0.0,0.0,0.0,0.0,0.0,0.0,0.0,75.31999969482422,-336.25,-67.25,0.0
1780956660783104093,114567,1780956660828628742,base_link,wheel_left_joint,wheel_right_joint,joint1,joint2,joint3,joint4,gripper,0.006135923787951469,0.0,-0.004601942375302315,-1.5493206977844238,1.2379225492477417,0.5905826091766357,0.0,0.0,0.0,0.0,0.0,0.0,0.0,0.0,0.0,0.0,0.0,75.31999969482422,-336.25,-67.25,0.0
1780956660868598457,114568,1780956660862628742,base_link,wheel_left_joint,wheel_right_joint,joint1,joint2,joint3,joint4,gripper,0.006135923787951469,0.0,-0.004601942375302315,-1.5493206977844238,1.2379225492477417,0.5905826091766357,0.0,0.0,0.0,0.0,0.0,0.0,0.0,0.0,0.0,0.0,0.0,78.01000213623047,-336.25,-67.25,0.0
1780956660905881424,114569,1780956660953628742,base_link,wheel_left_joint,wheel_right_joint,joint1,joint2,joint3,joint4,gripper,0.006135923787951469,0.0,-0.004601942375302315,-1.5493206977844238,1.2394565343856812,0.5905826091766357,0.0,0.0,0.0,0.0,0.0,0.0,0.0,0.0,0.0,0.0,0.0,78.01000213623047,-341.6300048828125,-67.25,0.0
1780956660990600379,114570,1780956660987628742,base_link,wheel_left_joint,wheel_right_joint,joint1,joint2,joint3,joint4,gripper,0.006135923787951469,0.0,-0.004601942375302315,-1.5493206977844238,1.2379225492477417,0.5905826091766357,0.0,0.0,0.0,0.0,0.0,0.0,0.0,0.0,0.0,0.0,0.0,78.01000213623047,-336.25,-67.25,0.0
1780956661033497749,114571,1780956661084628742,base_link,wheel_left_joint,wheel_right_joint,joint1,joint2,joint3,joint4,gripper,0.006135923787951469,0.0,-0.004601942375302315,-1.5493206977844238,1.2379225492477417,0.5905826091766357,0.0,0.0,0.0,0.0,0.0,0.0,0.0,0.0,0.0,0.0,0.0,75.31999969482422,-336.25,-67.25,0.0
1780956661119007330,114572,1780956661118628742,base_link,wheel_left_joint,wheel_right_joint,joint1,joint2,joint3,joint4,gripper,0.006135923787951469,0.0,-0.004601942375302315,-1.5493206977844238,1.2394565343856812,0.5905826091766357,0.0,0.0,0.0,0.0,0.0,0.0,0.0,0.0,0.0,0.0,0.0,75.31999969482422,-336.25,-67.25,0.0
1780956661165043806,114573,1780956661206628742,base_link,wheel_left_joint,wheel_right_joint,joint1,joint2,joint3,joint4,gripper,0.006135923787951469,0.0,-0.004601942375302315,-1.5493206977844238,1.2379225492477417,0.5905826091766357,0.0,0.0,0.0,0.0,0.0,0.0,0.0,0.0,0.0,0.0,0.0,78.01000213623047,-338.94000244140625,-67.25,0.0
1780956661259637334,114574,1780956661240628742,base_link,wheel_left_joint,wheel_right_joint,joint1,joint2,joint3,joint4,gripper,0.006135923787951469,0.0,-0.004601942375302315,-1.5493206977844238,1.2379225492477417,0.5905826091766357,0.0,0.0,0.0,0.0,0.0,0.0,0.0,0.0,0.0,0.0,0.0,75.31999969482422,-336.25,-67.25,0.0
1780956661284292583,114575,1780956661337628742,base_link,wheel_left_joint,wheel_right_joint,joint1,joint2,joint3,joint4,gripper,0.006135923787951469,0.0,-0.004601942375302315,-1.5493206977844238,1.2379225492477417,0.5905826091766357,0.0,0.0,0.0,0.0,0.0,0.0,0.0,0.0,0.0,0.0,0.0,78.01000213623047,-336.25,-64.55999755859375,0.0
1780956661370924350,114576,1780956661371628742,base_link,wheel_left_joint,wheel_right_joint,joint1,joint2,joint3,joint4,gripper,0.006135923787951469,0.0,-0.004601942375302315,-1.5493206977844238,1.2379225492477417,0.5905826091766357,0.0,0.0,0.0,0.0,0.0,0.0,0.0,0.0,0.0,0.0,0.0,78.01000213623047,-338.94000244140625,-67.25,0.0
1780956661432823119,114577,1780956661474628742,base_link,wheel_left_joint,wheel_right_joint,joint1,joint2,joint3,joint4,gripper,0.006135923787951469,0.0,-0.004601942375302315,-1.5493206977844238,1.2379225492477417,0.5905826091766357,0.0,0.0,0.0,0.0,0.0,0.0,0.0,0.0,0.0,0.0,0.0,75.31999969482422,-336.25,-67.25,0.0
1780956661515478717,114578,1780956661508628742,base_link,wheel_left_joint,wheel_right_joint,joint1,joint2,joint3,joint4,gripper,0.006135923787951469,0.0,-0.004601942375302315,-1.5493206977844238,1.2379225492477417,0.5905826091766357,0.0,0.0,0.0,0.0,0.0,0.0,0.0,0.0,0.0,0.0,0.0,75.31999969482422,-338.94000244140625,-67.25,0.0
1780956661558277539,114579,1780956661593628742,base_link,wheel_left_joint,wheel_right_joint,joint1,joint2,joint3,joint4,gripper,0.006135923787951469,0.0,-0.004601942375302315,-1.5493206977844238,1.2379225492477417,0.5905826091766357,0.0,0.0,0.0,0.0,0.0,0.0,0.0,0.0,0.0,0.0,0.0,75.31999969482422,-336.25,-67.25,0.0
1780956661652685055,114580,1780956661627628742,base_link,wheel_left_joint,wheel_right_joint,joint1,joint2,joint3,joint4,gripper,0.006135923787951469,0.0,-0.004601942375302315,-1.5493206977844238,1.2379225492477417,0.5905826091766357,0.0,0.0,0.0,0.0,0.0,0.0,0.0,0.0,0.0,0.0,0.0,75.31999969482422,-341.6300048828125,-67.25,0.0
1780956661683088506,114581,1780956661730628742,base_link,wheel_left_joint,wheel_right_joint,joint1,joint2,joint3,joint4,gripper,0.006135923787951469,0.0,-0.004601942375302315,-1.5493206977844238,1.2379225492477417,0.5905826091766357,0.0,0.0,0.0,0.0,0.0,0.0,0.0,0.0,0.0,0.0,0.0,75.31999969482422,-338.94000244140625,-67.25,0.0
1780956661768009296,114582,1780956661764628742,base_link,wheel_left_joint,wheel_right_joint,joint1,joint2,joint3,joint4,gripper,0.006135923787951469,0.0,-0.004601942375302315,-1.5493206977844238,1.2379225492477417,0.5905826091766357,0.0,0.0,0.0,0.0,0.0,0.0,0.0,0.0,0.0,0.0,0.0,75.31999969482422,-341.6300048828125,-78.01000213623047,0.0
1780956661812227110,114583,1780956661789027317,base_link,wheel_left_joint,wheel_right_joint,joint1,joint2,joint3,joint4,gripper,0.006135923787951469,0.0,-0.004601942375302315,-1.5493206977844238,1.2379225492477417,0.5905826091766357,0.0,0.0,0.0,0.0,0.0,0.0,0.0,0.0,0.0,0.0,0.0,75.31999969482422,-338.94000244140625,-67.25,0.0
1780956661898855392,114584,1780956661823027317,base_link,wheel_left_joint,wheel_right_joint,joint1,joint2,joint3,joint4,gripper,0.006135923787951469,0.0,-0.004601942375302315,-1.5493206977844238,1.2379225492477417,0.5905826091766357,0.0,0.0,0.0,0.0,0.0,0.0,0.0,0.0,0.0,0.0,0.0,75.31999969482422,-336.25,-67.25,0.0
1780956661943202471,114585,1780956661912027317,base_link,wheel_left_joint,wheel_right_joint,joint1,joint2,joint3,joint4,gripper,0.006135923787951469,0.0,-0.004601942375302315,-1.5493206977844238,1.2379225492477417,0.5905826091766357,0.0,0.0,0.0,0.0,0.0,0.0,0.0,0.0,0.0,0.0,0.0,78.01000213623047,-336.25,-67.25,0.0
1780956662029188367,114586,1780956661946027317,base_link,wheel_left_joint,wheel_right_joint,joint1,joint2,joint3,joint4,gripper,0.006135923787951469,0.0,-0.004601942375302315,-1.5493206977844238,1.2379225492477417,0.5905826091766357,0.0,0.0,0.0,0.0,0.0,0.0,0.0,0.0,0.0,0.0,0.0,78.01000213623047,-338.94000244140625,-67.25,0.0
1780956662066948371,114587,1780956662041027317,base_link,wheel_left_joint,wheel_right_joint,joint1,joint2,joint3,joint4,gripper,0.006135923787951469,0.0,-0.004601942375302315,-1.5493206977844238,1.2379225492477417,0.5905826091766357,0.0,0.0,0.0,0.0,0.0,0.0,0.0,0.0,0.0,0.0,0.0,75.31999969482422,-336.25,-67.25,0.0
1780956662152721475,114588,1780956662075027317,base_link,wheel_left_joint,wheel_right_joint,joint1,joint2,joint3,joint4,gripper,0.006135923787951469,0.0,-0.004601942375302315,-1.5493206977844238,1.2379225492477417,0.5905826091766357,0.0,0.0,0.0,0.0,0.0,0.0,0.0,0.0,0.0,0.0,0.0,75.31999969482422,-338.94000244140625,-67.25,0.0
1780956662199498709,114589,1780956662173027317,base_link,wheel_left_joint,wheel_right_joint,joint1,joint2,joint3,joint4,gripper,0.006135923787951469,0.0,-0.004601942375302315,-1.5493206977844238,1.2379225492477417,0.5905826091766357,0.0,0.0,0.0,0.0,0.0,0.0,0.0,0.0,0.0,0.0,0.0,75.31999969482422,-338.94000244140625,-67.25,0.0
1780956662280276129,114590,1780956662207027317,base_link,wheel_left_joint,wheel_right_joint,joint1,joint2,joint3,joint4,gripper,0.006135923787951469,0.0,-0.004601942375302315,-1.5493206977844238,1.2379225492477417,0.5905826091766357,0.0,0.0,0.0,0.0,0.0,0.0,0.0,0.0,0.0,0.0,0.0,75.31999969482422,-338.94000244140625,-69.94000244140625,0.0
1780956662318013055,114591,1780956662295027317,base_link,wheel_left_joint,wheel_right_joint,joint1,joint2,joint3,joint4,gripper,0.006135923787951469,0.0,-0.004601942375302315,-1.5493206977844238,1.2379225492477417,0.5905826091766357,0.0,0.0,0.0,0.0,0.0,0.0,0.0,0.0,0.0,0.0,0.0,75.31999969482422,-338.94000244140625,-69.94000244140625,0.0
1780956662402797548,114592,1780956662329027317,base_link,wheel_left_joint,wheel_right_joint,joint1,joint2,joint3,joint4,gripper,0.006135923787951469,0.0,-0.004601942375302315,-1.5493206977844238,1.2379225492477417,0.5905826091766357,0.0,0.0,0.0,0.0,0.0,0.0,0.0,0.0,0.0,0.0,0.0,75.31999969482422,-338.94000244140625,-67.25,0.0
1780956662446851603,114593,1780956662425027317,base_link,wheel_left_joint,wheel_right_joint,joint1,joint2,joint3,joint4,gripper,0.006135923787951469,0.0,-0.004601942375302315,-1.5493206977844238,1.2379225492477417,0.5905826091766357,0.0,0.0,0.0,0.0,0.0,0.0,0.0,0.0,0.0,0.0,0.0,75.31999969482422,-336.25,-69.94000244140625,0.0
1780956662534934920,114594,1780956662459027317,base_link,wheel_left_joint,wheel_right_joint,joint1,joint2,joint3,joint4,gripper,0.006135923787951469,0.0,-0.004601942375302315,-1.5493206977844238,1.2379225492477417,0.5905826091766357,0.0,0.0,0.0,0.0,0.0,0.0,0.0,0.0,0.0,0.0,0.0,78.01000213623047,-338.94000244140625,-69.94000244140625,0.0
1780956662571853435,114595,1780956662549027317,base_link,wheel_left_joint,wheel_right_joint,joint1,joint2,joint3,joint4,gripper,0.006135923787951469,0.0,-0.004601942375302315,-1.5493206977844238,1.2379225492477417,0.5905826091766357,0.0,0.0,0.0,0.0,0.0,0.0,0.0,0.0,0.0,0.0,0.0,78.01000213623047,-338.94000244140625,-67.25,0.0
1780956662658386075,114596,1780956662583027317,base_link,wheel_left_joint,wheel_right_joint,joint1,joint2,joint3,joint4,gripper,0.006135923787951469,0.0,-0.004601942375302315,-1.5493206977844238,1.2379225492477417,0.5905826091766357,0.0,0.0,0.0,0.0,0.0,0.0,0.0,0.0,0.0,0.0,0.0,78.01000213623047,-338.94000244140625,-67.25,0.0
1780956662704724202,114597,1780956662681027317,base_link,wheel_left_joint,wheel_right_joint,joint1,joint2,joint3,joint4,gripper,0.006135923787951469,0.0,-0.004601942375302315,-1.5493206977844238,1.2379225492477417,0.5905826091766357,0.0,0.0,0.0,0.0,0.0,0.0,0.0,0.0,0.0,0.0,0.0,78.01000213623047,-336.25,-67.25,0.0
1780956662792436781,114598,1780956662715027317,base_link,wheel_left_joint,wheel_right_joint,joint1,joint2,joint3,joint4,gripper,0.006135923787951469,0.0,-0.004601942375302315,-1.5493206977844238,1.2379225492477417,0.5905826091766357,0.0,0.0,0.0,0.0,0.0,0.0,0.0,0.0,0.0,0.0,0.0,69.94000244140625,-338.94000244140625,-69.94000244140625,0.0
1780956662828975374,114599,1780956662801027317,base_link,wheel_left_joint,wheel_right_joint,joint1,joint2,joint3,joint4,gripper,0.006135923787951469,0.0,-0.004601942375302315,-1.5493206977844238,1.2379225492477417,0.5905826091766357,0.0,0.0,0.0,0.0,0.0,0.0,0.0,0.0,0.0,0.0,0.0,78.01000213623047,-338.94000244140625,-67.25,0.0
1780956662911598989,114600,1780956662835027317,base_link,wheel_left_joint,wheel_right_joint,joint1,joint2,joint3,joint4,gripper,0.006135923787951469,0.0,-0.004601942375302315,-1.5493206977844238,1.2379225492477417,0.5905826091766357,0.0,0.0,0.0,0.0,0.0,0.0,0.0,0.0,0.0,0.0,0.0,78.01000213623047,-338.94000244140625,-67.25,0.0
1780956662960708496,114601,1780956662936027317,base_link,wheel_left_joint,wheel_right_joint,joint1,joint2,joint3,joint4,gripper,0.006135923787951469,0.0,-0.004601942375302315,-1.5493206977844238,1.2379225492477417,0.5905826091766357,0.0,0.0,0.0,0.0,0.0,0.0,0.0,0.0,0.0,0.0,0.0,78.01000213623047,-336.25,-67.25,0.0
1780956663041918421,114602,1780956662969027317,base_link,wheel_left_joint,wheel_right_joint,joint1,joint2,joint3,joint4,gripper,0.006135923787951469,0.0,-0.004601942375302315,-1.5493206977844238,1.2379225492477417,0.5905826091766357,0.0,0.0,0.0,0.0,0.0,0.0,0.0,0.0,0.0,0.0,0.0,78.01000213623047,-338.94000244140625,-67.25,0.0
1780956663073196906,114603,1780956663063027317,base_link,wheel_left_joint,wheel_right_joint,joint1,joint2,joint3,joint4,gripper,0.006135923787951469,0.0,-0.004601942375302315,-1.5493206977844238,1.2379225492477417,0.5905826091766357,0.0,0.0,0.0,0.0,0.0,0.0,0.0,0.0,0.0,0.0,0.0,72.6300048828125,-338.94000244140625,-67.25,0.0
1780956663126076509,114604,1780956663096027317,base_link,wheel_left_joint,wheel_right_joint,joint1,joint2,joint3,joint4,gripper,0.006135923787951469,0.0,-0.004601942375302315,-1.5493206977844238,1.2379225492477417,0.5905826091766357,0.0,0.0,0.0,0.0,0.0,0.0,0.0,0.0,0.0,0.0,0.0,78.01000213623047,-336.25,-67.25,0.0
1780956663148624560,114605,1780956663160027317,base_link,wheel_left_joint,wheel_right_joint,joint1,joint2,joint3,joint4,gripper,0.006135923787951469,0.0,-0.004601942375302315,-1.5493206977844238,1.2379225492477417,0.5905826091766357,0.0,0.0,0.0,0.0,0.0,0.0,0.0,0.0,0.0,0.0,0.0,78.01000213623047,-338.94000244140625,-67.25,0.0
1780956663201334829,114606,1780956663193027317,base_link,wheel_left_joint,wheel_right_joint,joint1,joint2,joint3,joint4,gripper,0.006135923787951469,0.0,-0.004601942375302315,-1.5493206977844238,1.2379225492477417,0.5905826091766357,0.0,0.0,0.0,0.0,0.0,0.0,0.0,0.0,0.0,0.0,0.0,78.01000213623047,-338.94000244140625,-67.25,0.0
1780956663253134905,114607,1780956663256027317,base_link,wheel_left_joint,wheel_right_joint,joint1,joint2,joint3,joint4,gripper,0.006135923787951469,-0.0015339809469878674,-0.004601942375302315,-1.5493206977844238,1.2379225492477417,0.5905826091766357,0.0,0.0,-0.024348905310034752,0.0,0.0,0.0,0.0,0.0,0.0,0.0,0.0,78.01000213623047,-338.94000244140625,-67.25,0.0
1780956663304176523,114608,1780956663289027317,base_link,wheel_left_joint,wheel_right_joint,joint1,joint2,joint3,joint4,gripper,0.006135923787951469,0.0,-0.004601942375302315,-1.5493206977844238,1.2379225492477417,0.5905826091766357,0.0,0.0,0.04648427292704582,0.0,0.0,0.0,0.0,0.0,0.0,0.0,0.0,78.01000213623047,-338.94000244140625,-67.25,0.0
1780956663333236778,114609,1780956663341027317,base_link,wheel_left_joint,wheel_right_joint,joint1,joint2,joint3,joint4,gripper,0.006135923787951469,0.0,-0.004601942375302315,-1.5493206977844238,1.2379225492477417,0.5905826091766357,0.0,0.0,0.0,0.0,0.0,0.0,0.0,0.0,0.0,0.0,0.0,75.31999969482422,-338.94000244140625,-67.25,0.0
1780956663389436547,114610,1780956663375027317,base_link,wheel_left_joint,wheel_right_joint,joint1,joint2,joint3,joint4,gripper,0.006135923787951469,0.0,-0.004601942375302315,-1.5493206977844238,1.2379225492477417,0.5905826091766357,0.0,0.0,0.0,0.0,0.0,0.0,0.0,0.0,0.0,0.0,0.0,69.94000244140625,-338.94000244140625,-67.25,0.0
1780956663416134057,114611,1780956663421027317,base_link,wheel_left_joint,wheel_right_joint,joint1,joint2,joint3,joint4,gripper,0.006135923787951469,0.0,-0.004601942375302315,-1.5493206977844238,1.2379225492477417,0.5905826091766357,0.0,0.0,0.0,0.0,0.0,0.0,0.0,0.0,0.0,0.0,0.0,75.31999969482422,-338.94000244140625,-67.25,0.0
1780956663469859638,114612,1780956663454027317,base_link,wheel_left_joint,wheel_right_joint,joint1,joint2,joint3,joint4,gripper,0.006135923787951469,0.0,-0.004601942375302315,-1.5493206977844238,1.2379225492477417,0.5905826091766357,0.0,0.0,0.0,0.0,0.0,0.0,0.0,0.0,0.0,0.0,0.0,75.31999969482422,-338.94000244140625,-67.25,0.0
1780956663500011109,114613,1780956663504027317,base_link,wheel_left_joint,wheel_right_joint,joint1,joint2,joint3,joint4,gripper,0.006135923787951469,0.0,-0.004601942375302315,-1.5493206977844238,1.2379225492477417,0.5905826091766357,0.0,0.0,0.0,0.0,0.0,0.0,0.0,0.0,0.0,0.0,0.0,75.31999969482422,-338.94000244140625,-67.25,0.0
1780956663549608408,114614,1780956663537027317,base_link,wheel_left_joint,wheel_right_joint,joint1,joint2,joint3,joint4,gripper,0.006135923787951469,0.0,-0.004601942375302315,-1.5493206977844238,1.2394565343856812,0.5905826091766357,0.0,0.0,0.0,0.0,0.0,0.0,0.0,0.0,0.0,0.0,0.0,75.31999969482422,-338.94000244140625,-67.25,0.0
1780956663575107968,114615,1780956663586027317,base_link,wheel_left_joint,wheel_right_joint,joint1,joint2,joint3,joint4,gripper,0.006135923787951469,0.0,-0.004601942375302315,-1.5493206977844238,1.2379225492477417,0.5905826091766357,0.0,0.0,0.0,0.0,0.0,0.0,0.0,0.0,0.0,0.0,0.0,75.31999969482422,-338.94000244140625,-67.25,0.0
1780956663629881084,114616,1780956663619027317,base_link,wheel_left_joint,wheel_right_joint,joint1,joint2,joint3,joint4,gripper,0.006135923787951469,0.0,-0.004601942375302315,-1.5493206977844238,1.2379225492477417,0.5905826091766357,0.0,0.0,0.0,0.0,0.0,0.0,0.0,0.0,0.0,0.0,0.0,75.31999969482422,-338.94000244140625,-69.94000244140625,0.0
1780956663681673044,114617,1780956663691027317,base_link,wheel_left_joint,wheel_right_joint,joint1,joint2,joint3,joint4,gripper,0.006135923787951469,0.0,-0.004601942375302315,-1.5477867126464844,1.2379225492477417,0.5905826091766357,0.0,0.0,0.0,0.0,0.0,0.0,0.0,0.0,0.0,0.0,0.0,75.31999969482422,-336.25,-67.25,0.0
1780956663735202062,114618,1780956663724027317,base_link,wheel_left_joint,wheel_right_joint,joint1,joint2,joint3,joint4,gripper,0.006135923787951469,0.0,-0.004601942375302315,-1.5493206977844238,1.2379225492477417,0.5905826091766357,0.0,0.0,0.0,0.0,0.0,0.0,0.0,0.0,0.0,0.0,0.0,78.01000213623047,-338.94000244140625,-67.25,0.0
1780956663775080174,114619,1780956663786027317,base_link,wheel_left_joint,wheel_right_joint,joint1,joint2,joint3,joint4,gripper,0.006135923787951469,0.0,-0.004601942375302315,-1.5493206977844238,1.2379225492477417,0.5905826091766357,0.0,0.0,0.0,0.0,0.0,0.0,0.0,0.0,0.0,0.0,0.0,75.31999969482422,-338.94000244140625,-67.25,0.0
1780956663826604688,114620,1780956663820027317,base_link,wheel_left_joint,wheel_right_joint,joint1,joint2,joint3,joint4,gripper,0.006135923787951469,0.0,-0.004601942375302315,-1.5493206977844238,1.2379225492477417,0.5905826091766357,0.0,0.0,0.0,0.0,0.0,0.0,0.0,0.0,0.0,0.0,0.0,80.70000457763672,-338.94000244140625,-67.25,0.0
1780956663878297069,114621,1780956663853027317,base_link,wheel_left_joint,wheel_right_joint,joint1,joint2,joint3,joint4,gripper,0.006135923787951469,0.0,-0.004601942375302315,-1.5493206977844238,1.2379225492477417,0.5905826091766357,0.0,0.0,0.0,0.0,0.0,0.0,0.0,0.0,0.0,0.0,0.0,78.01000213623047,-338.94000244140625,-67.25,0.0
1780956663901861290,114622,1780956663895027317,base_link,wheel_left_joint,wheel_right_joint,joint1,joint2,joint3,joint4,gripper,0.006135923787951469,0.0,-0.004601942375302315,-1.5493206977844238,1.2379225492477417,0.5905826091766357,0.0,0.0,0.0,0.0,0.0,0.0,0.0,0.0,0.0,0.0,0.0,78.01000213623047,-338.94000244140625,-67.25,0.0
1780956663955320294,114623,1780956663929027317,base_link,wheel_left_joint,wheel_right_joint,joint1,joint2,joint3,joint4,gripper,0.006135923787951469,0.0,-0.004601942375302315,-1.5493206977844238,1.2379225492477417,0.5905826091766357,0.0,0.0,0.0,0.0,0.0,0.0,0.0,0.0,0.0,0.0,0.0,78.01000213623047,-336.25,-69.94000244140625,0.0
1780956663977501412,114624,1780956663981027317,base_link,wheel_left_joint,wheel_right_joint,joint1,joint2,joint3,joint4,gripper,0.006135923787951469,0.0,-0.004601942375302315,-1.5493206977844238,1.2379225492477417,0.5905826091766357,0.0,0.0,0.0,0.0,0.0,0.0,0.0,0.0,0.0,0.0,0.0,78.01000213623047,-336.25,-67.25,0.0
1780956664030826774,114625,1780956664015027317,base_link,wheel_left_joint,wheel_right_joint,joint1,joint2,joint3,joint4,gripper,0.006135923787951469,0.0,-0.004601942375302315,-1.5493206977844238,1.2379225492477417,0.5905826091766357,0.0,0.0,0.0,0.0,0.0,0.0,0.0,0.0,0.0,0.0,0.0,80.70000457763672,-338.94000244140625,-69.94000244140625,0.0
1780956664060215832,114626,1780956664066027317,base_link,wheel_left_joint,wheel_right_joint,joint1,joint2,joint3,joint4,gripper,0.006135923787951469,0.0,-0.004601942375302315,-1.5493206977844238,1.2379225492477417,0.5905826091766357,0.0,0.0,0.0,0.0,0.0,0.0,0.0,0.0,0.0,0.0,0.0,78.01000213623047,-338.94000244140625,-67.25,0.0
1780956664110573678,114627,1780956664100027317,base_link,wheel_left_joint,wheel_right_joint,joint1,joint2,joint3,joint4,gripper,0.006135923787951469,0.0,-0.004601942375302315,-1.5493206977844238,1.2379225492477417,0.5905826091766357,0.0,0.0,0.0,0.0,0.0,0.0,0.0,0.0,0.0,0.0,0.0,75.31999969482422,-336.25,-67.25,0.0
1780956664139910581,114628,1780956664146027317,base_link,wheel_left_joint,wheel_right_joint,joint1,joint2,joint3,joint4,gripper,0.006135923787951469,0.0,-0.004601942375302315,-1.5493206977844238,1.2379225492477417,0.5905826091766357,0.0,0.0,0.0,0.0,0.0,0.0,0.0,0.0,0.0,0.0,0.0,78.01000213623047,-336.25,-67.25,0.0
1780956664194980830,114629,1780956664179027317,base_link,wheel_left_joint,wheel_right_joint,joint1,joint2,joint3,joint4,gripper,0.006135923787951469,0.0,-0.004601942375302315,-1.5493206977844238,1.2379225492477417,0.5905826091766357,0.0,0.0,0.0,0.0,0.0,0.0,0.0,0.0,0.0,0.0,0.0,78.01000213623047,-338.94000244140625,-67.25,0.0
1780956664223761442,114630,1780956664224769327,base_link,wheel_left_joint,wheel_right_joint,joint1,joint2,joint3,joint4,gripper,0.006135923787951469,0.0,-0.004601942375302315,-1.5493206977844238,1.2379225492477417,0.5905826091766357,0.0,0.0,0.0,0.0,0.0,0.0,0.0,0.0,0.0,0.0,0.0,78.01000213623047,-336.25,-67.25,0.0
1780956664275868216,114631,1780956664257769327,base_link,wheel_left_joint,wheel_right_joint,joint1,joint2,joint3,joint4,gripper,0.006135923787951469,0.0,-0.004601942375302315,-1.5493206977844238,1.2379225492477417,0.5905826091766357,0.0,0.0,0.0,0.0,0.0,0.0,0.0,0.0,0.0,0.0,0.0,75.31999969482422,-338.94000244140625,-67.25,0.0
1780956664304519771,114632,1780956664304769327,base_link,wheel_left_joint,wheel_right_joint,joint1,joint2,joint3,joint4,gripper,0.006135923787951469,0.0,-0.004601942375302315,-1.5493206977844238,1.2379225492477417,0.5905826091766357,0.0,0.0,0.0,0.0,0.0,0.0,0.0,0.0,0.0,0.0,0.0,75.31999969482422,-338.94000244140625,-67.25,0.0
1780956664357586348,114633,1780956664337769327,base_link,wheel_left_joint,wheel_right_joint,joint1,joint2,joint3,joint4,gripper,0.006135923787951469,0.0,-0.004601942375302315,-1.5493206977844238,1.2379225492477417,0.5905826091766357,0.0,0.0,0.0,0.0,0.0,0.0,0.0,0.0,0.0,0.0,0.0,78.01000213623047,-338.94000244140625,-67.25,0.0
1780956664384702733,114634,1780956664384769327,base_link,wheel_left_joint,wheel_right_joint,joint1,joint2,joint3,joint4,gripper,0.006135923787951469,0.0,-0.004601942375302315,-1.5493206977844238,1.2379225492477417,0.5905826091766357,0.0,0.0,0.0,0.0,0.0,0.0,0.0,0.0,0.0,0.0,0.0,78.01000213623047,-338.94000244140625,-67.25,0.0
1780956664437746838,114635,1780956664417769327,base_link,wheel_left_joint,wheel_right_joint,joint1,joint2,joint3,joint4,gripper,0.006135923787951469,0.0,-0.004601942375302315,-1.5493206977844238,1.2379225492477417,0.5905826091766357,0.0,0.0,0.0,0.0,0.0,0.0,0.0,0.0,0.0,0.0,0.0,78.01000213623047,-336.25,-67.25,0.0
1780956664466895911,114636,1780956664467769327,base_link,wheel_left_joint,wheel_right_joint,joint1,joint2,joint3,joint4,gripper,0.006135923787951469,0.0,-0.004601942375302315,-1.5493206977844238,1.2379225492477417,0.5905826091766357,0.0,0.0,0.0,0.0,0.0,0.0,0.0,0.0,0.0,0.0,0.0,78.01000213623047,-338.94000244140625,-69.94000244140625,0.0
1780956664518215375,114637,1780956664501769327,base_link,wheel_left_joint,wheel_right_joint,joint1,joint2,joint3,joint4,gripper,0.006135923787951469,0.0,-0.004601942375302315,-1.5493206977844238,1.2379225492477417,0.5905826091766357,0.0,0.0,0.0,0.0,0.0,0.0,0.0,0.0,0.0,0.0,0.0,78.01000213623047,-336.25,-67.25,0.0
1780956664546853019,114638,1780956664550769327,base_link,wheel_left_joint,wheel_right_joint,joint1,joint2,joint3,joint4,gripper,0.006135923787951469,0.0,-0.004601942375302315,-1.5493206977844238,1.2379225492477417,0.5905826091766357,0.0,0.0,0.0,0.0,0.0,0.0,0.0,0.0,0.0,0.0,0.0,78.01000213623047,-338.94000244140625,-72.6300048828125,0.0
1780956664603056683,114639,1780956664584769327,base_link,wheel_left_joint,wheel_right_joint,joint1,joint2,joint3,joint4,gripper,0.006135923787951469,0.0,-0.004601942375302315,-1.5493206977844238,1.2379225492477417,0.5905826091766357,0.0,0.0,0.0,0.0,0.0,0.0,0.0,0.0,0.0,0.0,0.0,78.01000213623047,-338.94000244140625,-72.6300048828125,0.0
1780956664656630265,114640,1780956664651769327,base_link,wheel_left_joint,wheel_right_joint,joint1,joint2,joint3,joint4,gripper,0.006135923787951469,0.0,-0.004601942375302315,-1.5493206977844238,1.2379225492477417,0.5905826091766357,0.0,0.0,0.0,0.0,0.0,0.0,0.0,0.0,0.0,0.0,0.0,78.01000213623047,-336.25,-69.94000244140625,0.0
1780956664708359164,114641,1780956664685769327,base_link,wheel_left_joint,wheel_right_joint,joint1,joint2,joint3,joint4,gripper,0.006135923787951469,0.0,-0.004601942375302315,-1.5493206977844238,1.2379225492477417,0.5905826091766357,0.0,0.0,0.0,0.0,0.0,0.0,0.0,0.0,0.0,0.0,0.0,78.01000213623047,-336.25,-67.25,0.0
1780956664732799278,114642,1780956664733769327,base_link,wheel_left_joint,wheel_right_joint,joint1,joint2,joint3,joint4,gripper,0.006135923787951469,0.0,-0.004601942375302315,-1.5493206977844238,1.2379225492477417,0.5905826091766357,0.0,0.0,0.0,0.0,0.0,0.0,0.0,0.0,0.0,0.0,0.0,78.01000213623047,-338.94000244140625,-67.25,0.0
1780956664783241047,114643,1780956664767769327,base_link,wheel_left_joint,wheel_right_joint,joint1,joint2,joint3,joint4,gripper,0.006135923787951469,0.0,-0.004601942375302315,-1.5493206977844238,1.2379225492477417,0.5905826091766357,0.0,0.0,0.0,0.0,0.0,0.0,0.0,0.0,0.0,0.0,0.0,78.01000213623047,-338.94000244140625,-67.25,0.0
1780956664812249819,114644,1780956664816769327,base_link,wheel_left_joint,wheel_right_joint,joint1,joint2,joint3,joint4,gripper,0.006135923787951469,0.0,-0.004601942375302315,-1.5493206977844238,1.2379225492477417,0.5905826091766357,0.0,0.0,0.0,0.0,0.0,0.0,0.0,0.0,0.0,0.0,0.0,78.01000213623047,-336.25,-67.25,0.0
1780956664865953499,114645,1780956664850769327,base_link,wheel_left_joint,wheel_right_joint,joint1,joint2,joint3,joint4,gripper,0.006135923787951469,0.0,-0.004601942375302315,-1.5493206977844238,1.2379225492477417,0.5905826091766357,0.0,0.0,0.0,0.0,0.0,0.0,0.0,0.0,0.0,0.0,0.0,75.31999969482422,-338.94000244140625,-67.25,0.0
1780956664916513035,114646,1780956664915769327,base_link,wheel_left_joint,wheel_right_joint,joint1,joint2,joint3,joint4,gripper,0.006135923787951469,0.0,-0.004601942375302315,-1.5493206977844238,1.2379225492477417,0.5905826091766357,0.0,0.0,0.0,0.0,0.0,0.0,0.0,0.0,0.0,0.0,0.0,75.31999969482422,-336.25,-67.25,0.0
1780956664969265322,114647,1780956664949769327,base_link,wheel_left_joint,wheel_right_joint,joint1,joint2,joint3,joint4,gripper,0.006135923787951469,0.0,-0.004601942375302315,-1.5493206977844238,1.2379225492477417,0.5905826091766357,0.0,0.0,0.0,0.0,0.0,0.0,0.0,0.0,0.0,0.0,0.0,75.31999969482422,-336.25,-67.25,0.0
1780956664998578084,114648,1780956665000769327,base_link,wheel_left_joint,wheel_right_joint,joint1,joint2,joint3,joint4,gripper,0.006135923787951469,0.0,-0.004601942375302315,-1.5493206977844238,1.2379225492477417,0.5905826091766357,0.0,0.0,0.0,0.0,0.0,0.0,0.0,0.0,0.0,0.0,0.0,75.31999969482422,-336.25,-67.25,0.0
1780956665049321324,114649,1780956665035769327,base_link,wheel_left_joint,wheel_right_joint,joint1,joint2,joint3,joint4,gripper,0.006135923787951469,0.0,-0.004601942375302315,-1.5493206977844238,1.2379225492477417,0.5905826091766357,0.0,0.0,0.0,0.0,0.0,0.0,0.0,0.0,0.0,0.0,0.0,78.01000213623047,-338.94000244140625,-64.55999755859375,0.0
1780956665079305402,114650,1780956665082769327,base_link,wheel_left_joint,wheel_right_joint,joint1,joint2,joint3,joint4,gripper,0.006135923787951469,0.0,-0.004601942375302315,-1.5493206977844238,1.2379225492477417,0.5905826091766357,0.0,0.0,0.0,0.0,0.0,0.0,0.0,0.0,0.0,0.0,0.0,78.01000213623047,-336.25,-67.25,0.0
1780956665134169264,114651,1780956665117769327,base_link,wheel_left_joint,wheel_right_joint,joint1,joint2,joint3,joint4,gripper,0.006135923787951469,0.0,-0.004601942375302315,-1.5493206977844238,1.2379225492477417,0.5905826091766357,0.0,0.0,0.0,0.0,0.0,0.0,0.0,0.0,0.0,0.0,0.0,75.31999969482422,-338.94000244140625,-67.25,0.0
1780956665184250448,114652,1780956665180769327,base_link,wheel_left_joint,wheel_right_joint,joint1,joint2,joint3,joint4,gripper,0.006135923787951469,0.0,-0.004601942375302315,-1.5493206977844238,1.2379225492477417,0.5905826091766357,0.0,0.0,0.0,0.0,0.0,0.0,0.0,0.0,0.0,0.0,0.0,75.31999969482422,-338.94000244140625,-67.25,0.0
1780956665238707318,114653,1780956665215769327,base_link,wheel_left_joint,wheel_right_joint,joint1,joint2,joint3,joint4,gripper,0.006135923787951469,-0.0015339809469878674,-0.004601942375302315,-1.5493206977844238,1.2379225492477417,0.5905826091766357,0.0,0.0,-0.043828029185533524,0.0,0.0,0.0,0.0,0.0,0.0,0.0,0.0,75.31999969482422,-341.6300048828125,-67.25,0.0
1780956665262702064,114654,1780956665263769327,base_link,wheel_left_joint,wheel_right_joint,joint1,joint2,joint3,joint4,gripper,0.006135923787951469,0.0,-0.004601942375302315,-1.5493206977844238,1.2379225492477417,0.5905826091766357,0.0,0.0,0.03195793926715851,0.0,0.0,0.0,0.0,0.0,0.0,0.0,0.0,75.31999969482422,-338.94000244140625,-67.25,0.0
1780956665313455897,114655,1780956665297769327,base_link,wheel_left_joint,wheel_right_joint,joint1,joint2,joint3,joint4,gripper,0.006135923787951469,0.0,-0.004601942375302315,-1.5493206977844238,1.2379225492477417,0.5905826091766357,0.0,0.0,0.0,0.0,0.0,0.0,0.0,0.0,0.0,0.0,0.0,75.31999969482422,-338.94000244140625,-69.94000244140625,0.0
1780956665355839793,114656,1780956665353769327,base_link,wheel_left_joint,wheel_right_joint,joint1,joint2,joint3,joint4,gripper,0.006135923787951469,0.0,-0.004601942375302315,-1.5493206977844238,1.2379225492477417,0.5905826091766357,0.0,0.0,0.0,0.0,0.0,0.0,0.0,0.0,0.0,0.0,0.0,75.31999969482422,-338.94000244140625,-67.25,0.0
1780956665407394393,114657,1780956665386769327,base_link,wheel_left_joint,wheel_right_joint,joint1,joint2,joint3,joint4,gripper,0.006135923787951469,0.0,-0.004601942375302315,-1.5493206977844238,1.2379225492477417,0.5905826091766357,0.0,0.0,0.0,0.0,0.0,0.0,0.0,0.0,0.0,0.0,0.0,75.31999969482422,-338.94000244140625,-69.94000244140625,0.0
1780956665436247070,114658,1780956665437769327,base_link,wheel_left_joint,wheel_right_joint,joint1,joint2,joint3,joint4,gripper,0.006135923787951469,0.0,-0.004601942375302315,-1.5493206977844238,1.2379225492477417,0.5905826091766357,0.0,0.0,0.0,0.0,0.0,0.0,0.0,0.0,0.0,0.0,0.0,75.31999969482422,-338.94000244140625,-69.94000244140625,0.0
1780956665490449103,114659,1780956665471769327,base_link,wheel_left_joint,wheel_right_joint,joint1,joint2,joint3,joint4,gripper,0.006135923787951469,0.0,-0.004601942375302315,-1.5493206977844238,1.2379225492477417,0.5905826091766357,0.0,0.0,0.0,0.0,0.0,0.0,0.0,0.0,0.0,0.0,0.0,75.31999969482422,-338.94000244140625,-67.25,0.0
1780956665517705746,114660,1780956665516769327,base_link,wheel_left_joint,wheel_right_joint,joint1,joint2,joint3,joint4,gripper,0.006135923787951469,0.0,-0.004601942375302315,-1.5493206977844238,1.2379225492477417,0.5905826091766357,0.0,0.0,0.0,0.0,0.0,0.0,0.0,0.0,0.0,0.0,0.0,75.31999969482422,-338.94000244140625,-67.25,0.0
1780956665576009217,114661,1780956665550769327,base_link,wheel_left_joint,wheel_right_joint,joint1,joint2,joint3,joint4,gripper,0.006135923787951469,0.0,-0.004601942375302315,-1.5493206977844238,1.2379225492477417,0.5905826091766357,0.0,0.0,0.0,0.0,0.0,0.0,0.0,0.0,0.0,0.0,0.0,75.31999969482422,-336.25,-67.25,0.0
1780956665599724929,114662,1780956665599769327,base_link,wheel_left_joint,wheel_right_joint,joint1,joint2,joint3,joint4,gripper,0.006135923787951469,0.0,-0.004601942375302315,-1.5493206977844238,1.2379225492477417,0.5905826091766357,0.0,0.0,0.0,0.0,0.0,0.0,0.0,0.0,0.0,0.0,0.0,72.6300048828125,-338.94000244140625,-67.25,0.0
1780956665654282122,114663,1780956665633769327,base_link,wheel_left_joint,wheel_right_joint,joint1,joint2,joint3,joint4,gripper,0.006135923787951469,0.0,-0.004601942375302315,-1.5493206977844238,1.2379225492477417,0.5905826091766357,0.0,0.0,0.0,0.0,0.0,0.0,0.0,0.0,0.0,0.0,0.0,75.31999969482422,-336.25,-69.94000244140625,0.0
1780956665683150562,114664,1780956665686769327,base_link,wheel_left_joint,wheel_right_joint,joint1,joint2,joint3,joint4,gripper,0.006135923787951469,0.0,-0.004601942375302315,-1.5493206977844238,1.2379225492477417,0.5905826091766357,0.0,0.0,0.0,0.0,0.0,0.0,0.0,0.0,0.0,0.0,0.0,78.01000213623047,-336.25,-67.25,0.0
1780956665736400467,114665,1780956665719769327,base_link,wheel_left_joint,wheel_right_joint,joint1,joint2,joint3,joint4,gripper,0.006135923787951469,0.0,-0.003067961661145091,-1.5493206977844238,1.2379225492477417,0.5905826091766357,0.0,0.0,0.0,0.0,0.0,0.0,0.0,0.0,0.0,0.0,0.0,78.01000213623047,-338.94000244140625,-67.25,0.0
1780956665776841396,114666,1780956665782769327,base_link,wheel_left_joint,wheel_right_joint,joint1,joint2,joint3,joint4,gripper,0.006135923787951469,0.0,-0.004601942375302315,-1.5493206977844238,1.2379225492477417,0.5905826091766357,0.0,0.0,0.0,0.0,0.0,0.0,0.0,0.0,0.0,0.0,0.0,75.31999969482422,-336.25,-67.25,0.0
1780956665829378173,114667,1780956665815769327,base_link,wheel_left_joint,wheel_right_joint,joint1,joint2,joint3,joint4,gripper,0.006135923787951469,0.0,-0.004601942375302315,-1.5493206977844238,1.2379225492477417,0.5905826091766357,0.0,0.0,0.0,0.0,0.0,0.0,0.0,0.0,0.0,0.0,0.0,75.31999969482422,-338.94000244140625,-69.94000244140625,0.0
1780956665880701189,114668,1780956665882769327,base_link,wheel_left_joint,wheel_right_joint,joint1,joint2,joint3,joint4,gripper,0.006135923787951469,0.0,-0.004601942375302315,-1.5493206977844238,1.2379225492477417,0.5905826091766357,0.0,0.0,0.0,0.0,0.0,0.0,0.0,0.0,0.0,0.0,0.0,78.01000213623047,-336.25,-67.25,0.0
1780956665932675723,114669,1780956665916769327,base_link,wheel_left_joint,wheel_right_joint,joint1,joint2,joint3,joint4,gripper,0.006135923787951469,0.0,-0.004601942375302315,-1.5493206977844238,1.2379225492477417,0.5905826091766357,0.0,0.0,0.0,0.0,0.0,0.0,0.0,0.0,0.0,0.0,0.0,78.01000213623047,-338.94000244140625,-67.25,0.0
1780956665961647687,114670,1780956665964769327,base_link,wheel_left_joint,wheel_right_joint,joint1,joint2,joint3,joint4,gripper,0.006135923787951469,0.0,-0.004601942375302315,-1.5493206977844238,1.2379225492477417,0.5905826091766357,0.0,0.0,0.0,0.0,0.0,0.0,0.0,0.0,0.0,0.0,0.0,78.01000213623047,-338.94000244140625,-67.25,0.0
1780956666012889893,114671,1780956665997769327,base_link,wheel_left_joint,wheel_right_joint,joint1,joint2,joint3,joint4,gripper,0.006135923787951469,0.0,-0.004601942375302315,-1.5493206977844238,1.2379225492477417,0.5905826091766357,0.0,0.0,0.0,0.0,0.0,0.0,0.0,0.0,0.0,0.0,0.0,78.01000213623047,-338.94000244140625,-67.25,0.0
1780956666042455467,114672,1780956666041769327,base_link,wheel_left_joint,wheel_right_joint,joint1,joint2,joint3,joint4,gripper,0.006135923787951469,0.0,-0.004601942375302315,-1.5493206977844238,1.2379225492477417,0.5905826091766357,0.0,0.0,0.0,0.0,0.0,0.0,0.0,0.0,0.0,0.0,0.0,78.01000213623047,-336.25,-75.31999969482422,0.0
1780956666095747583,114673,1780956666074769327,base_link,wheel_left_joint,wheel_right_joint,joint1,joint2,joint3,joint4,gripper,0.006135923787951469,0.0,-0.004601942375302315,-1.5493206977844238,1.2379225492477417,0.5905826091766357,0.0,0.0,0.0,0.0,0.0,0.0,0.0,0.0,0.0,0.0,0.0,78.01000213623047,-338.94000244140625,-67.25,0.0
1780956666125290530,114674,1780956666126769327,base_link,wheel_left_joint,wheel_right_joint,joint1,joint2,joint3,joint4,gripper,0.006135923787951469,0.0,-0.004601942375302315,-1.5493206977844238,1.2379225492477417,0.5905826091766357,0.0,0.0,0.0,0.0,0.0,0.0,0.0,0.0,0.0,0.0,0.0,78.01000213623047,-338.94000244140625,-67.25,0.0
1780956666176611820,114675,1780956666159769327,base_link,wheel_left_joint,wheel_right_joint,joint1,joint2,joint3,joint4,gripper,0.006135923787951469,0.0,-0.004601942375302315,-1.5493206977844238,1.2379225492477417,0.5905826091766357,0.0,0.0,0.0,0.0,0.0,0.0,0.0,0.0,0.0,0.0,0.0,75.31999969482422,-336.25,-67.25,0.0
1780956666205940325,114676,1780956666210769327,base_link,wheel_left_joint,wheel_right_joint,joint1,joint2,joint3,joint4,gripper,0.006135923787951469,0.0,-0.004601942375302315,-1.5493206977844238,1.2379225492477417,0.5905826091766357,0.0,0.0,0.0,0.0,0.0,0.0,0.0,0.0,0.0,0.0,0.0,75.31999969482422,-338.94000244140625,-69.94000244140625,0.0
1780956666260708485,114677,1780956666243769327,base_link,wheel_left_joint,wheel_right_joint,joint1,joint2,joint3,joint4,gripper,0.006135923787951469,0.0,-0.004601942375302315,-1.5493206977844238,1.2379225492477417,0.5905826091766357,0.0,0.0,0.0,0.0,0.0,0.0,0.0,0.0,0.0,0.0,0.0,75.31999969482422,-336.25,-69.94000244140625,0.0
1780956666300096734,114678,1780956666303769327,base_link,wheel_left_joint,wheel_right_joint,joint1,joint2,joint3,joint4,gripper,0.006135923787951469,0.0,-0.004601942375302315,-1.5493206977844238,1.2379225492477417,0.5905826091766357,0.0,0.0,0.0,0.0,0.0,0.0,0.0,0.0,0.0,0.0,0.0,78.01000213623047,-338.94000244140625,-67.25,0.0
1780956666349604932,114679,1780956666336769327,base_link,wheel_left_joint,wheel_right_joint,joint1,joint2,joint3,joint4,gripper,0.006135923787951469,0.0,-0.004601942375302315,-1.5493206977844238,1.2379225492477417,0.5905826091766357,0.0,0.0,0.0,0.0,0.0,0.0,0.0,0.0,0.0,0.0,0.0,78.01000213623047,-336.25,-67.25,0.0
1780956666391679237,114680,1780956666387769327,base_link,wheel_left_joint,wheel_right_joint,joint1,joint2,joint3,joint4,gripper,0.006135923787951469,0.0,-0.004601942375302315,-1.5493206977844238,1.2379225492477417,0.5905826091766357,0.0,0.0,0.0,0.0,0.0,0.0,0.0,0.0,0.0,0.0,0.0,78.01000213623047,-336.25,-67.25,0.0
1780956666446428233,114681,1780956666421769327,base_link,wheel_left_joint,wheel_right_joint,joint1,joint2,joint3,joint4,gripper,0.006135923787951469,0.0,-0.004601942375302315,-1.5493206977844238,1.2379225492477417,0.5905826091766357,0.0,0.0,0.0,0.0,0.0,0.0,0.0,0.0,0.0,0.0,0.0,78.01000213623047,-338.94000244140625,-67.25,0.0
1780956666471019455,114682,1780956666475769327,base_link,wheel_left_joint,wheel_right_joint,joint1,joint2,joint3,joint4,gripper,0.006135923787951469,0.0,-0.004601942375302315,-1.5493206977844238,1.2379225492477417,0.5905826091766357,0.0,0.0,0.0,0.0,0.0,0.0,0.0,0.0,0.0,0.0,0.0,75.31999969482422,-338.94000244140625,-67.25,0.0
1780956666523230841,114683,1780956666508769327,base_link,wheel_left_joint,wheel_right_joint,joint1,joint2,joint3,joint4,gripper,0.006135923787951469,0.0,-0.004601942375302315,-1.5493206977844238,1.2379225492477417,0.5905826091766357,0.0,0.0,0.0,0.0,0.0,0.0,0.0,0.0,0.0,0.0,0.0,78.01000213623047,-338.94000244140625,-67.25,0.0
1780956666550179894,114684,1780956666555769327,base_link,wheel_left_joint,wheel_right_joint,joint1,joint2,joint3,joint4,gripper,0.006135923787951469,0.0,-0.004601942375302315,-1.5493206977844238,1.2379225492477417,0.5905826091766357,0.0,0.0,0.0,0.0,0.0,0.0,0.0,0.0,0.0,0.0,0.0,78.01000213623047,-336.25,-69.94000244140625,0.0
1780956666603081565,114685,1780956666588769327,base_link,wheel_left_joint,wheel_right_joint,joint1,joint2,joint3,joint4,gripper,0.006135923787951469,0.0,-0.004601942375302315,-1.5493206977844238,1.2379225492477417,0.5905826091766357,0.0,0.0,0.0,0.0,0.0,0.0,0.0,0.0,0.0,0.0,0.0,75.31999969482422,-336.25,-67.25,0.0
1780956666645672194,114686,1780956666650769327,base_link,wheel_left_joint,wheel_right_joint,joint1,joint2,joint3,joint4,gripper,0.006135923787951469,0.0,-0.004601942375302315,-1.5493206977844238,1.2379225492477417,0.5905826091766357,0.0,0.0,0.0,0.0,0.0,0.0,0.0,0.0,0.0,0.0,0.0,78.01000213623047,-338.94000244140625,-67.25,0.0
1780956666700257861,114687,1780956666683769327,base_link,wheel_left_joint,wheel_right_joint,joint1,joint2,joint3,joint4,gripper,0.006135923787951469,0.0,-0.004601942375302315,-1.5493206977844238,1.2379225492477417,0.5905826091766357,0.0,0.0,0.0,0.0,0.0,0.0,0.0,0.0,0.0,0.0,0.0,78.01000213623047,-338.94000244140625,-67.25,0.0
1780956666753040381,114688,1780956666752780937,base_link,wheel_left_joint,wheel_right_joint,joint1,joint2,joint3,joint4,gripper,0.006135923787951469,0.0,-0.004601942375302315,-1.5493206977844238,1.2379225492477417,0.5905826091766357,0.0,0.0,0.0,0.0,0.0,0.0,0.0,0.0,0.0,0.0,0.0,78.01000213623047,-336.25,-69.94000244140625,0.0
1780956666803631752,114689,1780956666785780937,base_link,wheel_left_joint,wheel_right_joint,joint1,joint2,joint3,joint4,gripper,0.006135923787951469,0.0,-0.004601942375302315,-1.5493206977844238,1.2379225492477417,0.5905826091766357,0.0,0.0,0.0,0.0,0.0,0.0,0.0,0.0,0.0,0.0,0.0,78.01000213623047,-338.94000244140625,-67.25,0.0
1780956666838117423,114690,1780956666839780937,base_link,wheel_left_joint,wheel_right_joint,joint1,joint2,joint3,joint4,gripper,0.006135923787951469,0.0,-0.004601942375302315,-1.5493206977844238,1.2379225492477417,0.5905826091766357,0.0,0.0,0.0,0.0,0.0,0.0,0.0,0.0,0.0,0.0,0.0,78.01000213623047,-338.94000244140625,-67.25,0.0
1780956666892553028,114691,1780956666872780937,base_link,wheel_left_joint,wheel_right_joint,joint1,joint2,joint3,joint4,gripper,0.006135923787951469,0.0,-0.004601942375302315,-1.5493206977844238,1.2379225492477417,0.5905826091766357,0.0,0.0,0.0,0.0,0.0,0.0,0.0,0.0,0.0,0.0,0.0,78.01000213623047,-338.94000244140625,-69.94000244140625,0.0
1780956666932725900,114692,1780956666933780937,base_link,wheel_left_joint,wheel_right_joint,joint1,joint2,joint3,joint4,gripper,0.006135923787951469,0.0,-0.004601942375302315,-1.5493206977844238,1.2379225492477417,0.5905826091766357,0.0,0.0,0.0,0.0,0.0,0.0,0.0,0.0,0.0,0.0,0.0,78.01000213623047,-336.25,-67.25,0.0
1780956666982109227,114693,1780956666967780937,base_link,wheel_left_joint,wheel_right_joint,joint1,joint2,joint3,joint4,gripper,0.006135923787951469,0.0,-0.004601942375302315,-1.5493206977844238,1.2379225492477417,0.5905826091766357,0.0,0.0,0.0,0.0,0.0,0.0,0.0,0.0,0.0,0.0,0.0,78.01000213623047,-338.94000244140625,-67.25,0.0
1780956667024774612,114694,1780956667020780937,base_link,wheel_left_joint,wheel_right_joint,joint1,joint2,joint3,joint4,gripper,0.006135923787951469,0.0,-0.004601942375302315,-1.5493206977844238,1.2379225492477417,0.5905826091766357,0.0,0.0,0.0,0.0,0.0,0.0,0.0,0.0,0.0,0.0,0.0,78.01000213623047,-336.25,-67.25,0.0
1780956667075684407,114695,1780956667054780937,base_link,wheel_left_joint,wheel_right_joint,joint1,joint2,joint3,joint4,gripper,0.006135923787951469,0.0,-0.004601942375302315,-1.5493206977844238,1.2379225492477417,0.5905826091766357,0.0,0.0,0.0,0.0,0.0,0.0,0.0,0.0,0.0,0.0,0.0,78.01000213623047,-338.94000244140625,-67.25,0.0
1780956667105769452,114696,1780956667107780937,base_link,wheel_left_joint,wheel_right_joint,joint1,joint2,joint3,joint4,gripper,0.006135923787951469,0.0,-0.004601942375302315,-1.5493206977844238,1.2379225492477417,0.5905826091766357,0.0,0.0,0.0,0.0,0.0,0.0,0.0,0.0,0.0,0.0,0.0,78.01000213623047,-338.94000244140625,-67.25,0.0
1780956667159135086,114697,1780956667141780937,base_link,wheel_left_joint,wheel_right_joint,joint1,joint2,joint3,joint4,gripper,0.006135923787951469,0.0,-0.004601942375302315,-1.5493206977844238,1.2379225492477417,0.5905826091766357,0.0,0.0,0.0,0.0,0.0,0.0,0.0,0.0,0.0,0.0,0.0,78.01000213623047,-336.25,-67.25,0.0
1780956667209486433,114698,1780956667175780937,base_link,wheel_left_joint,wheel_right_joint,joint1,joint2,joint3,joint4,gripper,0.007669905200600624,0.0,-0.004601942375302315,-1.5493206977844238,1.2379225492477417,0.5905826091766357,0.0,0.04511708766222,0.0,0.0,0.0,0.0,0.0,0.0,0.0,0.0,0.0,78.01000213623047,-336.25,-67.25,0.0
1780956667233391347,114699,1780956667216780937,base_link,wheel_left_joint,wheel_right_joint,joint1,joint2,joint3,joint4,gripper,0.006135923787951469,0.0,-0.004601942375302315,-1.5493206977844238,1.2379225492477417,0.5905826091766357,0.0,-0.03741417080163956,0.0,0.0,0.0,0.0,0.0,0.0,0.0,0.0,0.0,78.01000213623047,-336.25,-75.31999969482422,0.0
1780956667286617540,114700,1780956667250780937,base_link,wheel_left_joint,wheel_right_joint,joint1,joint2,joint3,joint4,gripper,0.006135923787951469,0.0,-0.004601942375302315,-1.5493206977844238,1.2379225492477417,0.5905826091766357,0.0,0.0,0.0,0.0,0.0,0.0,0.0,0.0,0.0,0.0,0.0,75.31999969482422,-341.6300048828125,-67.25,0.0
1780956667308506248,114701,1780956667300780937,base_link,wheel_left_joint,wheel_right_joint,joint1,joint2,joint3,joint4,gripper,0.006135923787951469,0.0,-0.004601942375302315,-1.5493206977844238,1.2379225492477417,0.5905826091766357,0.0,0.0,0.0,0.0,0.0,0.0,0.0,0.0,0.0,0.0,0.0,75.31999969482422,-336.25,-67.25,0.0
1780956667369033948,114702,1780956667334780937,base_link,wheel_left_joint,wheel_right_joint,joint1,joint2,joint3,joint4,gripper,0.006135923787951469,0.0,-0.004601942375302315,-1.5493206977844238,1.2379225492477417,0.5905826091766357,0.0,0.0,0.0,0.0,0.0,0.0,0.0,0.0,0.0,0.0,0.0,75.31999969482422,-336.25,-67.25,0.0
1780956667388955593,114703,1780956667387780937,base_link,wheel_left_joint,wheel_right_joint,joint1,joint2,joint3,joint4,gripper,0.006135923787951469,0.0,-0.004601942375302315,-1.5493206977844238,1.2379225492477417,0.5905826091766357,0.0,0.0,0.0,0.0,0.0,0.0,0.0,0.0,0.0,0.0,0.0,78.01000213623047,-338.94000244140625,-67.25,0.0
1780956667441047637,114704,1780956667421780937,base_link,wheel_left_joint,wheel_right_joint,joint1,joint2,joint3,joint4,gripper,0.006135923787951469,0.0,-0.004601942375302315,-1.5493206977844238,1.2379225492477417,0.5905826091766357,0.0,0.0,0.0,0.0,0.0,0.0,0.0,0.0,0.0,0.0,0.0,78.01000213623047,-336.25,-67.25,0.0
1780956667476702075,114705,1780956667483780937,base_link,wheel_left_joint,wheel_right_joint,joint1,joint2,joint3,joint4,gripper,0.006135923787951469,0.0,-0.004601942375302315,-1.5493206977844238,1.2379225492477417,0.5905826091766357,0.0,0.0,0.0,0.0,0.0,0.0,0.0,0.0,0.0,0.0,0.0,78.01000213623047,-336.25,-67.25,0.0
1780956667528540471,114706,1780956667517780937,base_link,wheel_left_joint,wheel_right_joint,joint1,joint2,joint3,joint4,gripper,0.006135923787951469,0.0,-0.004601942375302315,-1.5493206977844238,1.2379225492477417,0.5905826091766357,0.0,0.0,0.0,0.0,0.0,0.0,0.0,0.0,0.0,0.0,0.0,78.01000213623047,-341.6300048828125,-67.25,0.0
1780956667581270337,114707,1780956667551780937,base_link,wheel_left_joint,wheel_right_joint,joint1,joint2,joint3,joint4,gripper,0.006135923787951469,0.0,-0.004601942375302315,-1.5493206977844238,1.2379225492477417,0.5905826091766357,0.0,0.0,0.0,0.0,0.0,0.0,0.0,0.0,0.0,0.0,0.0,78.01000213623047,-336.25,-69.94000244140625,0.0
1780956667605316885,114708,1780956667595780937,base_link,wheel_left_joint,wheel_right_joint,joint1,joint2,joint3,joint4,gripper,0.006135923787951469,0.0,-0.003067961661145091,-1.5493206977844238,1.2379225492477417,0.5905826091766357,0.0,0.0,0.0,0.0,0.0,0.0,0.0,0.0,0.0,0.0,0.0,78.01000213623047,-338.94000244140625,-67.25,0.0
1780956667663587781,114709,1780956667628780937,base_link,wheel_left_joint,wheel_right_joint,joint1,joint2,joint3,joint4,gripper,0.006135923787951469,0.0,-0.004601942375302315,-1.5493206977844238,1.2379225492477417,0.5905826091766357,0.0,0.0,0.0,0.0,0.0,0.0,0.0,0.0,0.0,0.0,0.0,78.01000213623047,-338.94000244140625,-69.94000244140625,0.0
1780956667688290100,114710,1780956667683780937,base_link,wheel_left_joint,wheel_right_joint,joint1,joint2,joint3,joint4,gripper,0.006135923787951469,0.0,-0.004601942375302315,-1.5493206977844238,1.2379225492477417,0.5905826091766357,0.0,0.0,0.0,0.0,0.0,0.0,0.0,0.0,0.0,0.0,0.0,75.31999969482422,-336.25,-67.25,0.0
1780956667739410149,114711,1780956667716780937,base_link,wheel_left_joint,wheel_right_joint,joint1,joint2,joint3,joint4,gripper,0.006135923787951469,0.0,-0.004601942375302315,-1.5493206977844238,1.2379225492477417,0.5905826091766357,0.0,0.0,0.0,0.0,0.0,0.0,0.0,0.0,0.0,0.0,0.0,78.01000213623047,-336.25,-67.25,0.0
1780956667768207751,114712,1780956667769780937,base_link,wheel_left_joint,wheel_right_joint,joint1,joint2,joint3,joint4,gripper,0.006135923787951469,0.0,-0.004601942375302315,-1.5493206977844238,1.2379225492477417,0.5905826091766357,0.0,0.0,0.0,0.0,0.0,0.0,0.0,0.0,0.0,0.0,0.0,75.31999969482422,-336.25,-67.25,0.0
1780956667833050402,114713,1780956667802780937,base_link,wheel_left_joint,wheel_right_joint,joint1,joint2,joint3,joint4,gripper,0.006135923787951469,0.0,-0.004601942375302315,-1.5493206977844238,1.2379225492477417,0.5905826091766357,0.0,0.0,0.0,0.0,0.0,0.0,0.0,0.0,0.0,0.0,0.0,75.31999969482422,-336.25,-67.25,0.0
1780956667877252418,114714,1780956667850780937,base_link,wheel_left_joint,wheel_right_joint,joint1,joint2,joint3,joint4,gripper,0.006135923787951469,0.0,-0.004601942375302315,-1.5493206977844238,1.2379225492477417,0.5905826091766357,0.0,0.0,0.0,0.0,0.0,0.0,0.0,0.0,0.0,0.0,0.0,78.01000213623047,-338.94000244140625,-69.94000244140625,0.0
1780956667962964711,114715,1780956667884780937,base_link,wheel_left_joint,wheel_right_joint,joint1,joint2,joint3,joint4,gripper,0.006135923787951469,0.0,-0.004601942375302315,-1.5493206977844238,1.2379225492477417,0.5905826091766357,0.0,0.0,0.0,0.0,0.0,0.0,0.0,0.0,0.0,0.0,0.0,78.01000213623047,-336.25,-67.25,0.0
1780956668007646221,114716,1780956667968780937,base_link,wheel_left_joint,wheel_right_joint,joint1,joint2,joint3,joint4,gripper,0.006135923787951469,0.0,-0.004601942375302315,-1.5493206977844238,1.2379225492477417,0.5905826091766357,0.0,0.0,0.0,0.0,0.0,0.0,0.0,0.0,0.0,0.0,0.0,78.01000213623047,-336.25,-72.6300048828125,0.0
1780956668096396455,114717,1780956668001780937,base_link,wheel_left_joint,wheel_right_joint,joint1,joint2,joint3,joint4,gripper,0.006135923787951469,0.0,-0.004601942375302315,-1.5493206977844238,1.2379225492477417,0.5905826091766357,0.0,0.0,0.0,0.0,0.0,0.0,0.0,0.0,0.0,0.0,0.0,78.01000213623047,-336.25,-67.25,0.0
1780956668132015214,114718,1780956668099780937,base_link,wheel_left_joint,wheel_right_joint,joint1,joint2,joint3,joint4,gripper,0.006135923787951469,0.0,-0.004601942375302315,-1.5493206977844238,1.2379225492477417,0.5905826091766357,0.0,0.0,0.0,0.0,0.0,0.0,0.0,0.0,0.0,0.0,0.0,78.01000213623047,-336.25,-67.25,0.0
1780956668216686613,114719,1780956668132780937,base_link,wheel_left_joint,wheel_right_joint,joint1,joint2,joint3,joint4,gripper,0.006135923787951469,0.0,-0.004601942375302315,-1.5493206977844238,1.2379225492477417,0.5905826091766357,0.0,0.0,0.0,0.0,0.0,0.0,0.0,0.0,0.0,0.0,0.0,78.01000213623047,-336.25,-67.25,0.0
1780956668263551189,114720,1780956668232780937,base_link,wheel_left_joint,wheel_right_joint,joint1,joint2,joint3,joint4,gripper,0.006135923787951469,0.0,-0.004601942375302315,-1.5493206977844238,1.2379225492477417,0.5905826091766357,0.0,0.0,0.0,0.0,0.0,0.0,0.0,0.0,0.0,0.0,0.0,78.01000213623047,-336.25,-67.25,0.0
1780956668348353781,114721,1780956668265780937,base_link,wheel_left_joint,wheel_right_joint,joint1,joint2,joint3,joint4,gripper,0.006135923787951469,0.0,-0.004601942375302315,-1.5493206977844238,1.2379225492477417,0.5905826091766357,0.0,0.0,0.0,0.0,0.0,0.0,0.0,0.0,0.0,0.0,0.0,78.01000213623047,-338.94000244140625,-67.25,0.0
1780956668396047980,114722,1780956668356780937,base_link,wheel_left_joint,wheel_right_joint,joint1,joint2,joint3,joint4,gripper,0.006135923787951469,0.0,-0.004601942375302315,-1.5493206977844238,1.2379225492477417,0.5905826091766357,0.0,0.0,0.0,0.0,0.0,0.0,0.0,0.0,0.0,0.0,0.0,75.31999969482422,-336.25,-67.25,0.0
1780956668478445554,114723,1780956668390780937,base_link,wheel_left_joint,wheel_right_joint,joint1,joint2,joint3,joint4,gripper,0.006135923787951469,0.0,-0.004601942375302315,-1.5493206977844238,1.2379225492477417,0.5905826091766357,0.0,0.0,0.0,0.0,0.0,0.0,0.0,0.0,0.0,0.0,0.0,75.31999969482422,-341.6300048828125,-69.94000244140625,0.0
1780956668516133378,114724,1780956668487780937,base_link,wheel_left_joint,wheel_right_joint,joint1,joint2,joint3,joint4,gripper,0.006135923787951469,0.0,-0.004601942375302315,-1.5493206977844238,1.2379225492477417,0.5905826091766357,0.0,0.0,0.0,0.0,0.0,0.0,0.0,0.0,0.0,0.0,0.0,80.70000457763672,-336.25,-67.25,0.0
1780956668602796518,114725,1780956668521780937,base_link,wheel_left_joint,wheel_right_joint,joint1,joint2,joint3,joint4,gripper,0.006135923787951469,0.0,-0.004601942375302315,-1.5493206977844238,1.2379225492477417,0.5905826091766357,0.0,0.0,0.0,0.0,0.0,0.0,0.0,0.0,0.0,0.0,0.0,78.01000213623047,-338.94000244140625,-67.25,0.0
1780956668646432670,114726,1780956668617780937,base_link,wheel_left_joint,wheel_right_joint,joint1,joint2,joint3,joint4,gripper,0.006135923787951469,0.0,-0.004601942375302315,-1.5493206977844238,1.2379225492477417,0.5905826091766357,0.0,0.0,0.0,0.0,0.0,0.0,0.0,0.0,0.0,0.0,0.0,75.31999969482422,-336.25,-67.25,0.0
1780956668737489862,114727,1780956668651780937,base_link,wheel_left_joint,wheel_right_joint,joint1,joint2,joint3,joint4,gripper,0.006135923787951469,0.0,-0.004601942375302315,-1.5493206977844238,1.2379225492477417,0.5905826091766357,0.0,0.0,0.0,0.0,0.0,0.0,0.0,0.0,0.0,0.0,0.0,78.01000213623047,-338.94000244140625,-72.6300048828125,0.0
1780956668781755990,114728,1780956668746780937,base_link,wheel_left_joint,wheel_right_joint,joint1,joint2,joint3,joint4,gripper,0.006135923787951469,0.0,-0.004601942375302315,-1.5493206977844238,1.2379225492477417,0.5905826091766357,0.0,0.0,0.0,0.0,0.0,0.0,0.0,0.0,0.0,0.0,0.0,75.31999969482422,-338.94000244140625,-67.25,0.0
1780956668866341056,114729,1780956668780780937,base_link,wheel_left_joint,wheel_right_joint,joint1,joint2,joint3,joint4,gripper,0.006135923787951469,0.0,-0.004601942375302315,-1.5493206977844238,1.2379225492477417,0.5905826091766357,0.0,0.0,0.0,0.0,0.0,0.0,0.0,0.0,0.0,0.0,0.0,75.31999969482422,-338.94000244140625,-67.25,0.0
1780956668902797588,114730,1780956668875780937,base_link,wheel_left_joint,wheel_right_joint,joint1,joint2,joint3,joint4,gripper,0.006135923787951469,0.0,-0.004601942375302315,-1.5493206977844238,1.2379225492477417,0.5905826091766357,0.0,0.0,0.0,0.0,0.0,0.0,0.0,0.0,0.0,0.0,0.0,75.31999969482422,-338.94000244140625,-67.25,0.0
1780956668990398745,114731,1780956668909780937,base_link,wheel_left_joint,wheel_right_joint,joint1,joint2,joint3,joint4,gripper,0.006135923787951469,0.0,-0.004601942375302315,-1.5493206977844238,1.2379225492477417,0.5905826091766357,0.0,0.0,0.0,0.0,0.0,0.0,0.0,0.0,0.0,0.0,0.0,75.31999969482422,-336.25,-75.31999969482422,0.0
1780956669035676768,114732,1780956669000780937,base_link,wheel_left_joint,wheel_right_joint,joint1,joint2,joint3,joint4,gripper,0.006135923787951469,0.0,-0.004601942375302315,-1.5493206977844238,1.2379225492477417,0.5905826091766357,0.0,0.0,0.0,0.0,0.0,0.0,0.0,0.0,0.0,0.0,0.0,75.31999969482422,-338.94000244140625,-67.25,0.0
1780956669121404175,114733,1780956669034780937,base_link,wheel_left_joint,wheel_right_joint,joint1,joint2,joint3,joint4,gripper,0.006135923787951469,0.0,-0.004601942375302315,-1.5493206977844238,1.2379225492477417,0.5905826091766357,0.0,0.0,0.0,0.0,0.0,0.0,0.0,0.0,0.0,0.0,0.0,78.01000213623047,-336.25,-69.94000244140625,0.0
1780956669159121452,114734,1780956669125780937,base_link,wheel_left_joint,wheel_right_joint,joint1,joint2,joint3,joint4,gripper,0.006135923787951469,0.0,-0.004601942375302315,-1.5493206977844238,1.2379225492477417,0.5905826091766357,0.0,0.0,0.0,0.0,0.0,0.0,0.0,0.0,0.0,0.0,0.0,78.01000213623047,-338.94000244140625,-67.25,0.0
1780956669244817128,114735,1780956669159780937,base_link,wheel_left_joint,wheel_right_joint,joint1,joint2,joint3,joint4,gripper,0.006135923787951469,0.0,-0.004601942375302315,-1.5493206977844238,1.2379225492477417,0.5905826091766357,0.0,0.0,0.0,0.0,0.0,0.0,0.0,0.0,0.0,0.0,0.0,78.01000213623047,-336.25,-67.25,0.0
1780956669292376615,114736,1780956669256780937,base_link,wheel_left_joint,wheel_right_joint,joint1,joint2,joint3,joint4,gripper,0.006135923787951469,0.0,-0.004601942375302315,-1.5493206977844238,1.2379225492477417,0.5905826091766357,0.0,0.0,0.0,0.0,0.0,0.0,0.0,0.0,0.0,0.0,0.0,78.01000213623047,-336.25,-64.55999755859375,0.0
1780956669374453291,114737,1780956669348601972,base_link,wheel_left_joint,wheel_right_joint,joint1,joint2,joint3,joint4,gripper,0.006135923787951469,0.0,-0.004601942375302315,-1.5493206977844238,1.2379225492477417,0.5905826091766357,0.0,0.0,0.0,0.0,0.0,0.0,0.0,0.0,0.0,0.0,0.0,78.01000213623047,-336.25,-67.25,0.0
1780956669421633363,114738,1780956669440601972,base_link,wheel_left_joint,wheel_right_joint,joint1,joint2,joint3,joint4,gripper,0.006135923787951469,0.0,-0.004601942375302315,-1.5493206977844238,1.2379225492477417,0.5905826091766357,0.0,0.0,0.0,0.0,0.0,0.0,0.0,0.0,0.0,0.0,0.0,75.31999969482422,-336.25,-67.25,0.0
1780956669503929963,114739,1780956669474601972,base_link,wheel_left_joint,wheel_right_joint,joint1,joint2,joint3,joint4,gripper,0.006135923787951469,0.0,-0.004601942375302315,-1.5493206977844238,1.2379225492477417,0.5905826091766357,0.0,0.0,0.0,0.0,0.0,0.0,0.0,0.0,0.0,0.0,0.0,75.31999969482422,-338.94000244140625,-69.94000244140625,0.0
1780956669540379451,114740,1780956669570601972,base_link,wheel_left_joint,wheel_right_joint,joint1,joint2,joint3,joint4,gripper,0.006135923787951469,-0.0015339809469878674,-0.004601942375302315,-1.5493206977844238,1.2394565343856812,0.5905826091766357,0.0,0.0,-0.015978969633579254,0.0,0.0,0.0,0.0,0.0,0.0,0.0,0.0,75.31999969482422,-336.25,-67.25,0.0
1780956669628903397,114741,1780956669604601972,base_link,wheel_left_joint,wheel_right_joint,joint1,joint2,joint3,joint4,gripper,0.006135923787951469,0.0,-0.004601942375302315,-1.5493206977844238,1.2379225492477417,0.5921165943145752,0.0,0.0,0.04511708766222,0.0,0.0,0.0,0.0,0.0,0.0,0.0,0.0,75.31999969482422,-338.94000244140625,-67.25,0.0
1780956669675136279,114742,1780956669698601972,base_link,wheel_left_joint,wheel_right_joint,joint1,joint2,joint3,joint4,gripper,0.006135923787951469,0.0,-0.004601942375302315,-1.5493206977844238,1.2379225492477417,0.5905826091766357,0.0,0.0,0.0,0.0,0.0,0.0,0.0,0.0,0.0,0.0,0.0,78.01000213623047,-338.94000244140625,-69.94000244140625,0.0
1780956669767791156,114743,1780956669732601972,base_link,wheel_left_joint,wheel_right_joint,joint1,joint2,joint3,joint4,gripper,0.006135923787951469,0.0,-0.004601942375302315,-1.5493206977844238,1.2379225492477417,0.5905826091766357,0.0,0.0,0.0,0.0,0.0,0.0,0.0,0.0,0.0,0.0,0.0,78.01000213623047,-336.25,-67.25,0.0
1780956669805120883,114744,1780956669826601972,base_link,wheel_left_joint,wheel_right_joint,joint1,joint2,joint3,joint4,gripper,0.006135923787951469,0.0,-0.004601942375302315,-1.5493206977844238,1.2379225492477417,0.5905826091766357,0.0,0.0,0.0,0.0,0.0,0.0,0.0,0.0,0.0,0.0,0.0,75.31999969482422,-338.94000244140625,-67.25,0.0
1780956669891580440,114745,1780956669860601972,base_link,wheel_left_joint,wheel_right_joint,joint1,joint2,joint3,joint4,gripper,0.006135923787951469,0.0,-0.004601942375302315,-1.5493206977844238,1.2379225492477417,0.5905826091766357,0.0,0.0,0.0,0.0,0.0,0.0,0.0,0.0,0.0,0.0,0.0,75.31999969482422,-338.94000244140625,-67.25,0.0
1780956669935982159,114746,1780956669957601972,base_link,wheel_left_joint,wheel_right_joint,joint1,joint2,joint3,joint4,gripper,0.006135923787951469,0.0,-0.004601942375302315,-1.5493206977844238,1.2379225492477417,0.5905826091766357,0.0,0.0,0.0,0.0,0.0,0.0,0.0,0.0,0.0,0.0,0.0,78.01000213623047,-336.25,-67.25,0.0
1780956670024987483,114747,1780956669991601972,base_link,wheel_left_joint,wheel_right_joint,joint1,joint2,joint3,joint4,gripper,0.006135923787951469,0.0,-0.004601942375302315,-1.5493206977844238,1.2379225492477417,0.5905826091766357,0.0,0.0,0.0,0.0,0.0,0.0,0.0,0.0,0.0,0.0,0.0,78.01000213623047,-338.94000244140625,-69.94000244140625,0.0
1780956670063512915,114748,1780956670084601972,base_link,wheel_left_joint,wheel_right_joint,joint1,joint2,joint3,joint4,gripper,0.006135923787951469,0.0,-0.004601942375302315,-1.5493206977844238,1.2379225492477417,0.5905826091766357,0.0,0.0,0.0,0.0,0.0,0.0,0.0,0.0,0.0,0.0,0.0,78.01000213623047,-336.25,-67.25,0.0
1780956670146009390,114749,1780956670118601972,base_link,wheel_left_joint,wheel_right_joint,joint1,joint2,joint3,joint4,gripper,0.006135923787951469,0.0,-0.004601942375302315,-1.5493206977844238,1.2379225492477417,0.5905826091766357,0.0,0.0,0.0,0.0,0.0,0.0,0.0,0.0,0.0,0.0,0.0,80.70000457763672,-336.25,-67.25,0.0
1780956670193974895,114750,1780956670215601972,base_link,wheel_left_joint,wheel_right_joint,joint1,joint2,joint3,joint4,gripper,0.006135923787951469,0.0,-0.004601942375302315,-1.5493206977844238,1.2379225492477417,0.5905826091766357,0.0,0.0,0.0,0.0,0.0,0.0,0.0,0.0,0.0,0.0,0.0,75.31999969482422,-338.94000244140625,-67.25,0.0
1780956670276512532,114751,1780956670249601972,base_link,wheel_left_joint,wheel_right_joint,joint1,joint2,joint3,joint4,gripper,0.006135923787951469,0.0,-0.004601942375302315,-1.5493206977844238,1.2379225492477417,0.5905826091766357,0.0,0.0,0.0,0.0,0.0,0.0,0.0,0.0,0.0,0.0,0.0,75.31999969482422,-338.94000244140625,-72.6300048828125,0.0
1780956670313493265,114752,1780956670341601972,base_link,wheel_left_joint,wheel_right_joint,joint1,joint2,joint3,joint4,gripper,0.006135923787951469,-0.0015339809469878674,-0.004601942375302315,-1.5493206977844238,1.2379225492477417,0.5905826091766357,0.0,0.0,-0.016673706471920013,0.0,0.0,0.0,0.0,0.0,0.0,0.0,0.0,80.70000457763672,-336.25,-69.94000244140625,0.0
1780956670398069769,114753,1780956670375601972,base_link,wheel_left_joint,wheel_right_joint,joint1,joint2,joint3,joint4,gripper,0.006135923787951469,0.0,-0.004601942375302315,-1.5493206977844238,1.2394565343856812,0.5905826091766357,0.0,0.0,0.04511708766222,0.0,0.0,0.0,0.0,0.0,0.0,0.0,0.0,78.01000213623047,-338.94000244140625,-67.25,0.0
1780956670441722757,114754,1780956670470601972,base_link,wheel_left_joint,wheel_right_joint,joint1,joint2,joint3,joint4,gripper,0.006135923787951469,0.0,-0.004601942375302315,-1.5493206977844238,1.2379225492477417,0.5905826091766357,0.0,0.0,0.0,0.0,0.0,0.0,0.0,0.0,0.0,0.0,0.0,78.01000213623047,-336.25,-67.25,0.0
1780956670528591932,114755,1780956670504601972,base_link,wheel_left_joint,wheel_right_joint,joint1,joint2,joint3,joint4,gripper,0.006135923787951469,0.0,-0.004601942375302315,-1.5493206977844238,1.2379225492477417,0.5905826091766357,0.0,0.0,0.0,0.0,0.0,0.0,0.0,0.0,0.0,0.0,0.0,78.01000213623047,-336.25,-67.25,0.0
1780956670572620659,114756,1780956670595601972,base_link,wheel_left_joint,wheel_right_joint,joint1,joint2,joint3,joint4,gripper,0.006135923787951469,0.0,-0.004601942375302315,-1.5493206977844238,1.2379225492477417,0.5905826091766357,0.0,0.0,0.0,0.0,0.0,0.0,0.0,0.0,0.0,0.0,0.0,78.01000213623047,-336.25,-67.25,0.0
1780956670660757176,114757,1780956670629601972,base_link,wheel_left_joint,wheel_right_joint,joint1,joint2,joint3,joint4,gripper,0.006135923787951469,-0.0015339809469878674,-0.004601942375302315,-1.5493206977844238,1.2379225492477417,0.5905826091766357,0.0,0.0,-0.04511708766222,0.0,0.0,0.0,0.0,0.0,0.0,0.0,0.0,78.01000213623047,-338.94000244140625,-67.25,0.0
1780956670697254392,114758,1780956670719601972,base_link,wheel_left_joint,wheel_right_joint,joint1,joint2,joint3,joint4,gripper,0.006135923787951469,0.0,-0.004601942375302315,-1.5493206977844238,1.2379225492477417,0.5905826091766357,0.0,0.0,0.01704423315823078,0.0,0.0,0.0,0.0,0.0,0.0,0.0,0.0,78.01000213623047,-338.94000244140625,-67.25,0.0
1780956670789651652,114759,1780956670753601972,base_link,wheel_left_joint,wheel_right_joint,joint1,joint2,joint3,joint4,gripper,0.006135923787951469,0.0,-0.004601942375302315,-1.5493206977844238,1.2379225492477417,0.5905826091766357,0.0,0.0,0.0,0.0,0.0,0.0,0.0,0.0,0.0,0.0,0.0,78.01000213623047,-336.25,-67.25,0.0
1780956670834650159,114760,1780956670856601972,base_link,wheel_left_joint,wheel_right_joint,joint1,joint2,joint3,joint4,gripper,0.006135923787951469,0.0,-0.004601942375302315,-1.5493206977844238,1.2379225492477417,0.5905826091766357,0.0,0.0,0.0,0.0,0.0,0.0,0.0,0.0,0.0,0.0,0.0,78.01000213623047,-338.94000244140625,-69.94000244140625,0.0
1780956670918675388,114761,1780956670890601972,base_link,wheel_left_joint,wheel_right_joint,joint1,joint2,joint3,joint4,gripper,0.006135923787951469,0.0,-0.004601942375302315,-1.5493206977844238,1.2379225492477417,0.5905826091766357,0.0,0.0,0.0,0.0,0.0,0.0,0.0,0.0,0.0,0.0,0.0,78.01000213623047,-336.25,-69.94000244140625,0.0
1780956670965236376,114762,1780956670982601972,base_link,wheel_left_joint,wheel_right_joint,joint1,joint2,joint3,joint4,gripper,0.006135923787951469,0.0,-0.004601942375302315,-1.5493206977844238,1.2379225492477417,0.5905826091766357,0.0,0.0,0.0,0.0,0.0,0.0,0.0,0.0,0.0,0.0,0.0,78.01000213623047,-338.94000244140625,-67.25,0.0
1780956671060325925,114763,1780956671016601972,base_link,wheel_left_joint,wheel_right_joint,joint1,joint2,joint3,joint4,gripper,0.006135923787951469,0.0,-0.003067961661145091,-1.5493206977844238,1.2379225492477417,0.5905826091766357,0.0,0.0,0.0,0.0,0.0,0.0,0.0,0.0,0.0,0.0,0.0,78.01000213623047,-336.25,-67.25,0.0
1780956671086580637,114764,1780956671118601972,base_link,wheel_left_joint,wheel_right_joint,joint1,joint2,joint3,joint4,gripper,0.006135923787951469,0.0,-0.004601942375302315,-1.5493206977844238,1.2379225492477417,0.5905826091766357,0.0,0.0,0.0,0.0,0.0,0.0,0.0,0.0,0.0,0.0,0.0,78.01000213623047,-338.94000244140625,-69.94000244140625,0.0
1780956671141444227,114765,1780956671152601972,base_link,wheel_left_joint,wheel_right_joint,joint1,joint2,joint3,joint4,gripper,0.006135923787951469,0.0,-0.004601942375302315,-1.5493206977844238,1.2379225492477417,0.5905826091766357,0.0,0.0,0.0,0.0,0.0,0.0,0.0,0.0,0.0,0.0,0.0,78.01000213623047,-336.25,-69.94000244140625,0.0
1780956671171094917,114766,1780956671226601972,base_link,wheel_left_joint,wheel_right_joint,joint1,joint2,joint3,joint4,gripper,0.006135923787951469,0.0,-0.004601942375302315,-1.5493206977844238,1.2379225492477417,0.5905826091766357,0.0,0.0,0.0,0.0,0.0,0.0,0.0,0.0,0.0,0.0,0.0,78.01000213623047,-336.25,-67.25,0.0
1780956671224548725,114767,1780956671258601972,base_link,wheel_left_joint,wheel_right_joint,joint1,joint2,joint3,joint4,gripper,0.006135923787951469,0.0,-0.004601942375302315,-1.5493206977844238,1.2379225492477417,0.5905826091766357,0.0,0.0,0.0,0.0,0.0,0.0,0.0,0.0,0.0,0.0,0.0,110.29000091552734,-384.6700134277344,-110.29000091552734,0.0
1780956671252833966,114768,1780956671308601972,base_link,wheel_left_joint,wheel_right_joint,joint1,joint2,joint3,joint4,gripper,0.006135923787951469,0.0,-0.0076699042692780495,-1.5385828018188477,1.2333205938339233,0.5829127430915833,0.0,0.0,0.0,0.0,0.0959232971072197,-0.023980824276804924,-0.07194247096776962,0.0,0.0,0.0,0.0,78.01000213623047,-325.4900207519531,-88.77000427246094,0.0
1780956671330187973,114769,1780956671342601972,base_link,wheel_left_joint,wheel_right_joint,joint1,joint2,joint3,joint4,gripper,0.006135923787951469,0.0,-0.0076699042692780495,-1.5278449058532715,1.225650668144226,0.5767768025398254,0.0,0.0,0.0,-0.023980824276804924,0.21582742035388947,-0.11990412324666977,-0.14388494193553925,0.0,0.0,0.0,2.690000057220459,45.72999954223633,-306.6600036621094,-86.08000183105469,0.0
1780956671375473506,114770,1780956671399601972,base_link,wheel_left_joint,wheel_right_joint,joint1,joint2,joint3,joint4,gripper,0.006135923787951469,0.0,-0.010737866163253784,-1.509437084197998,1.2133787870407104,0.5660389065742493,0.0,0.0,0.0,-0.023980824276804924,0.2877698838710785,-0.21582742035388947,-0.16786576807498932,0.0,0.0,0.0,0.0,59.18000030517578,-266.30999755859375,-83.38999938964844,0.0
1780956671462079759,114771,1780956671433601972,base_link,wheel_left_joint,wheel_right_joint,joint1,joint2,joint3,joint4,gripper,0.006135923787951469,0.0,-0.010737866163253784,-1.4986993074417114,1.2087769508361816,0.5583690404891968,0.0,0.0,0.0,-0.023980824276804924,0.2877698838710785,-0.1918465942144394,-0.1918465942144394,0.0,0.0,0.0,0.0,40.35000228881836,-306.6600036621094,-80.70000457763672,0.0
1780956671505964235,114772,1780956671524601972,base_link,wheel_left_joint,wheel_right_joint,joint1,joint2,joint3,joint4,gripper,0.006135923787951469,0.0,-0.013805827125906944,-1.4710875749588013,1.196505069732666,0.5414952039718628,0.0,0.0,0.0,-0.023980824276804924,0.2877698838710785,-0.11990412324666977,-0.1918465942144394,0.0,0.0,0.0,5.380000114440918,59.18000030517578,-314.7300109863281,-80.70000457763672,0.0
1780956671592252335,114773,1780956671558601972,base_link,wheel_left_joint,wheel_right_joint,joint1,joint2,joint3,joint4,gripper,0.006135923787951469,0.0,-0.015339808538556099,-1.4603497982025146,1.1919031143188477,0.5353593230247498,0.0,0.0,0.0,-0.023980824276804924,0.2877698838710785,-0.11990412324666977,-0.1918465942144394,0.0,0.0,0.0,2.690000057220459,37.65999984741211,-312.0400085449219,-88.77000427246094,0.0
1780956671631081685,114774,1780956671653601972,base_link,wheel_left_joint,wheel_right_joint,joint1,joint2,joint3,joint4,gripper,0.006135923787951469,0.0,-0.019941750913858414,-1.431204080581665,1.1750292778015137,0.5154175758361816,0.0,0.0,0.0,-0.023980824276804924,0.2877698838710785,-0.16786576807498932,-0.1918465942144394,0.0,0.0,0.0,0.0,37.65999984741211,-312.0400085449219,-88.77000427246094,0.0
1780956671715772148,114775,1780956671687601972,base_link,wheel_left_joint,wheel_right_joint,joint1,joint2,joint3,joint4,gripper,0.006135923787951469,0.0,-0.019941750913858414,-1.4204663038253784,1.1704273223876953,0.5092816352844238,0.0,0.0,0.0,-0.023980824276804924,0.2877698838710785,-0.14388494193553925,-0.1918465942144394,0.0,0.0,0.0,2.690000057220459,29.59000015258789,-301.2799987792969,-83.38999938964844,0.0
1780956671767369900,114776,1780956671786601972,base_link,wheel_left_joint,wheel_right_joint,joint1,joint2,joint3,joint4,gripper,0.006135923787951469,0.0,-0.023009711876511574,-1.3897866010665894,1.1566215753555298,0.4893398880958557,0.0,0.0,0.0,-0.023980824276804924,0.2877698838710785,-0.11990412324666977,-0.1918465942144394,0.0,0.0,0.0,0.0,24.21000099182129,-312.0400085449219,-75.31999969482422,0.0
1780956671858643834,114777,1780956671820601972,base_link,wheel_left_joint,wheel_right_joint,joint1,joint2,joint3,joint4,gripper,0.006135923787951469,0.0,-0.02454369328916073,-1.3790488243103027,1.1520196199417114,0.4832039475440979,0.0,0.0,0.0,-0.023980824276804924,0.2877698838710785,-0.14388494193553925,-0.1918465942144394,0.0,0.0,0.0,0.0,34.970001220703125,-303.9700012207031,-83.38999938964844,0.0
1780956671896819830,114778,1780956671872021684,base_link,wheel_left_joint,wheel_right_joint,joint1,joint2,joint3,joint4,gripper,0.006135923787951469,0.0,-0.029145635664463043,-1.3499031066894531,1.1351457834243774,0.4632622003555298,0.0,0.0,0.0,-0.023980824276804924,0.2877698838710785,-0.14388494193553925,-0.1918465942144394,0.0,0.0,0.0,0.0,24.21000099182129,-312.0400085449219,-72.6300048828125,0.0
1780956671976567606,114779,1780956671906021684,base_link,wheel_left_joint,wheel_right_joint,joint1,joint2,joint3,joint4,gripper,0.006135923787951469,0.0,-0.029145635664463043,-1.3376312255859375,1.1290098428726196,0.45712628960609436,0.0,0.0,0.0,-0.023980824276804924,0.2877698838710785,-0.14388494193553925,-0.1918465942144394,0.0,0.0,0.0,2.690000057220459,13.450000762939453,-320.1100158691406,-83.38999938964844,0.0
1780956672024824965,114780,1780956672004021684,base_link,wheel_left_joint,wheel_right_joint,joint1,joint2,joint3,joint4,gripper,0.006135923787951469,-0.0015339809469878674,-0.03374757990241051,-1.3084856271743774,1.1167380809783936,0.43718454241752625,0.0,0.0,-0.015652867034077644,-0.023980824276804924,0.31175071001052856,-0.11990412324666977,-0.1918465942144394,0.0,0.0,0.0,5.380000114440918,21.520000457763672,-341.6300048828125,-83.38999938964844,0.0
1780956672108467281,114781,1780956672038021684,base_link,wheel_left_joint,wheel_right_joint,joint1,joint2,joint3,joint4,gripper,0.006135923787951469,0.0,-0.03528155758976936,-1.2977477312088013,1.1121361255645752,0.42951464653015137,0.0,0.0,0.04511708766222,-0.023980824276804924,0.31175071001052856,-0.11990412324666977,-0.1918465942144394,0.0,0.0,0.0,0.0,24.21000099182129,-368.5299987792969,-86.08000183105469,0.0
1780956672158808868,114782,1780956672132021684,base_link,wheel_left_joint,wheel_right_joint,joint1,joint2,joint3,joint4,gripper,0.006135923787951469,0.0,-0.03834952041506767,-1.2686021327972412,1.0937283039093018,0.4111068546772003,0.0,0.0,0.0,-0.023980824276804924,0.2877698838710785,-0.16786576807498932,-0.1918465942144394,0.0,0.0,0.0,5.380000114440918,8.069999694824219,-328.17999267578125,-83.38999938964844,0.0
1780956672243171894,114783,1780956672166021684,base_link,wheel_left_joint,wheel_right_joint,joint1,joint2,joint3,joint4,gripper,0.006135923787951469,0.0,-0.03988350182771683,-1.257864236831665,1.087592363357544,0.4049709439277649,0.0,0.0,0.0,-0.023980824276804924,0.31175071001052856,-0.16786576807498932,-0.1918465942144394,0.0,0.0,0.0,-2.690000057220459,8.069999694824219,-301.2799987792969,-86.08000183105469,0.0
1780956672277358141,114784,1780956672257021684,base_link,wheel_left_joint,wheel_right_joint,joint1,joint2,joint3,joint4,gripper,0.006135923787951469,0.0,-0.04295146465301514,-1.2302526235580444,1.0737866163253784,0.38656318187713623,0.0,0.0,0.0,-0.023980824276804924,0.2877698838710785,-0.14388494193553925,-0.16786576807498932,0.0,0.0,0.0,0.0,0.0,-295.8999938964844,-94.1500015258789,0.0
1780956672363555758,114785,1780956672291021684,base_link,wheel_left_joint,wheel_right_joint,joint1,joint2,joint3,joint4,gripper,0.006135923787951469,0.0,-0.04295146465301514,-1.2210487127304077,1.0707186460494995,0.3804272413253784,0.0,0.0,0.0,-0.023980824276804924,0.31175071001052856,-0.14388494193553925,-0.1918465942144394,0.0,0.0,0.0,0.0,2.690000057220459,-338.94000244140625,-78.01000213623047,0.0
1780956672408727196,114786,1780956672388021684,base_link,wheel_left_joint,wheel_right_joint,joint1,joint2,joint3,joint4,gripper,0.006135923787951469,0.0,-0.0475534051656723,-1.1903691291809082,1.0538448095321655,0.3604854941368103,0.0,0.0,0.0,-0.023980824276804924,0.31175071001052856,-0.16786576807498932,-0.1918465942144394,0.0,0.0,0.0,2.690000057220459,0.0,-317.4200134277344,-88.77000427246094,0.0
1780956672494511927,114787,1780956672422021684,base_link,wheel_left_joint,wheel_right_joint,joint1,joint2,joint3,joint4,gripper,0.006135923787951469,0.0,-0.0475534051656723,-1.179631233215332,1.0477088689804077,0.3543495833873749,0.0,0.0,0.0,-0.023980824276804924,0.2877698838710785,-0.14388494193553925,-0.1918465942144394,0.0,0.0,0.0,0.0,0.0,-293.2099914550781,-78.01000213623047,0.0
1780956672540729595,114788,1780956672510021684,base_link,wheel_left_joint,wheel_right_joint,joint1,joint2,joint3,joint4,gripper,0.006135923787951469,0.0,-0.05368933081626892,-1.1489516496658325,1.036971092224121,0.3374757766723633,0.0,0.0,0.0,-0.023980824276804924,0.33573153614997864,-0.11990412324666977,-0.1918465942144394,0.0,0.0,0.0,0.0,0.0,-360.46002197265625,-72.6300048828125,0.0
1780956672629747625,114789,1780956672544021684,base_link,wheel_left_joint,wheel_right_joint,joint1,joint2,joint3,joint4,gripper,0.006135923787951469,0.0,-0.05522330850362778,-1.1397477388381958,1.0323691368103027,0.3298058807849884,0.0,0.0,0.0,-0.023980824276804924,0.31175071001052856,-0.11990412324666977,-0.1918465942144394,0.0,0.0,0.0,0.0,-2.690000057220459,-344.32000732421875,-86.08000183105469,0.0
1780956672666210784,114790,1780956672642021684,base_link,wheel_left_joint,wheel_right_joint,joint1,joint2,joint3,joint4,gripper,0.006135923787951469,0.0,-0.058291271328926086,-1.1106021404266357,1.0139613151550293,0.31139811873435974,0.0,0.0,0.0,-0.023980824276804924,0.2637890577316284,-0.16786576807498932,-0.1918465942144394,0.0,0.0,0.0,0.0,-13.450000762939453,-295.8999938964844,-75.31999969482422,0.0
1780956672748099284,114791,1780956672676021684,base_link,wheel_left_joint,wheel_right_joint,joint1,joint2,joint3,joint4,gripper,0.006135923787951469,0.0,-0.058291271328926086,-1.1075341701507568,1.0078253746032715,0.30833014845848083,0.0,0.0,0.0,-0.023980824276804924,0.23980824649333954,-0.16786576807498932,-0.14388494193553925,0.0,0.0,0.0,2.690000057220459,-26.900001525878906,-312.0400085449219,-69.94000244140625,0.0
1780956672797952534,114792,1780956672775021684,base_link,wheel_left_joint,wheel_right_joint,joint1,joint2,joint3,joint4,gripper,0.006135923787951469,0.0,-0.06289321184158325,-1.104466199874878,1.0078253746032715,0.3067961633205414,0.0,0.0,0.0,-0.023980824276804924,0.0,0.0,0.0,0.0,0.0,0.0,0.0,0.0,-330.8699951171875,-78.01000213623047,0.0
1780956672890175749,114793,1780956672809021684,base_link,wheel_left_joint,wheel_right_joint,joint1,joint2,joint3,joint4,gripper,0.006135923787951469,0.0,-0.0644271969795227,-1.104466199874878,1.0078253746032715,0.30833014845848083,0.0,0.0,0.0,-0.023980824276804924,0.0,0.0,0.0,0.0,0.0,0.0,0.0,0.0,-333.55999755859375,-67.25,0.0
1780956672927316244,114794,1780956672902021684,base_link,wheel_left_joint,wheel_right_joint,joint1,joint2,joint3,joint4,gripper,0.006135923787951469,0.0,-0.0644271969795227,-1.104466199874878,1.0078253746032715,0.3067961633205414,0.0,0.0,0.0,0.0,0.0,0.0,0.0,0.0,0.0,0.0,0.0,0.0,-333.55999755859375,-72.6300048828125,0.0
1780956673010020295,114795,1780956672936021684,base_link,wheel_left_joint,wheel_right_joint,joint1,joint2,joint3,joint4,gripper,0.006135923787951469,0.0,-0.0644271969795227,-1.104466199874878,1.0078253746032715,0.3067961633205414,0.0,0.0,0.0,0.0,0.0,0.0,0.0,0.0,0.0,0.0,0.0,0.0,-333.55999755859375,-67.25,0.0
1780956673058143085,114796,1780956673035021684,base_link,wheel_left_joint,wheel_right_joint,joint1,joint2,joint3,joint4,gripper,0.006135923787951469,0.0,-0.06289321184158325,-1.104466199874878,1.0078253746032715,0.30833014845848083,0.0,0.0,0.0,0.0,0.0,0.0,0.0,0.0,0.0,0.0,-2.690000057220459,0.0,-333.55999755859375,-78.01000213623047,0.0
1780956673144991973,114797,1780956673069021684,base_link,wheel_left_joint,wheel_right_joint,joint1,joint2,joint3,joint4,gripper,0.006135923787951469,0.0,-0.06289321184158325,-1.104466199874878,1.0078253746032715,0.3067961633205414,0.0,0.0,0.0,0.0,0.0,0.0,0.0,0.0,0.0,0.0,0.0,0.0,-333.55999755859375,-75.31999969482422,0.0
1780956673191516253,114798,1780956673167021684,base_link,wheel_left_joint,wheel_right_joint,joint1,joint2,joint3,joint4,gripper,0.006135923787951469,0.0,-0.0644271969795227,-1.1029322147369385,1.0078253746032715,0.3067961633205414,0.0,0.0,0.0,0.0,0.0,0.0,0.0,0.0,0.0,0.0,-2.690000057220459,0.0,-333.55999755859375,-69.94000244140625,0.0
1780956673275166128,114799,1780956673202021684,base_link,wheel_left_joint,wheel_right_joint,joint1,joint2,joint3,joint4,gripper,0.006135923787951469,0.0,-0.0644271969795227,-1.1029322147369385,1.0078253746032715,0.3067961633205414,0.0,0.0,0.0,0.0,0.0,0.0,0.0,0.0,0.0,0.0,0.0,0.0,-363.1499938964844,-107.60000610351562,0.0
1780956673320112081,114800,1780956673293021684,base_link,wheel_left_joint,wheel_right_joint,joint1,joint2,joint3,joint4,gripper,0.006135923787951469,0.0,-0.06596117466688156,-1.0921943187713623,1.0032234191894531,0.2991262674331665,0.0,0.0,0.0,0.0,0.0959232971072197,-0.023980824276804924,-0.07194247096776962,0.0,0.0,0.0,0.0,0.0,-381.9800109863281,-91.45999908447266,0.0
1780956673405704205,114801,1780956673327021684,base_link,wheel_left_joint,wheel_right_joint,joint1,joint2,joint3,joint4,gripper,0.006135923787951469,0.0,-0.06749515980482101,-1.0860583782196045,1.0001554489135742,0.2960582971572876,0.0,0.0,0.0,0.0,0.14388494193553925,-0.07194247096776962,-0.07194247096776962,0.0,0.0,0.0,0.0,-13.450000762939453,-341.6300048828125,-83.38999938964844,0.0
1780956673441585767,114802,1780956673424021684,base_link,wheel_left_joint,wheel_right_joint,joint1,joint2,joint3,joint4,gripper,0.006135923787951469,0.0,-0.06902913749217987,-1.072252631187439,0.9894176125526428,0.28685441613197327,0.0,0.0,0.0,0.0,0.14388494193553925,-0.0959232971072197,-0.0959232971072197,0.0,0.0,0.0,0.0,-16.139999389648438,-338.94000244140625,-86.08000183105469,0.0
1780956673524729714,114803,1780956673458021684,base_link,wheel_left_joint,wheel_right_joint,joint1,joint2,joint3,joint4,gripper,0.006135923787951469,0.0,-0.06902913749217987,-1.0661166906356812,0.9878836274147034,0.28378644585609436,0.0,0.0,0.0,0.0,0.14388494193553925,-0.07194247096776962,-0.0959232971072197,0.0,0.0,0.0,2.690000057220459,-2.690000057220459,-360.46002197265625,-80.70000457763672,0.0
1780956673569904020,114804,1780956673550021684,base_link,wheel_left_joint,wheel_right_joint,joint1,joint2,joint3,joint4,gripper,0.006135923787951469,0.0,-0.07056311517953873,-1.052310824394226,0.9863497018814087,0.27458256483078003,0.0,0.0,0.0,0.0,0.14388494193553925,0.0,-0.0959232971072197,0.0,0.0,0.0,0.0,-2.690000057220459,-451.9200134277344,-91.45999908447266,0.0
1780956673657973167,114805,1780956673584021684,base_link,wheel_left_joint,wheel_right_joint,joint1,joint2,joint3,joint4,gripper,0.006135923787951469,0.0,-0.07209710031747818,-1.0477088689804077,0.9832817316055298,0.2715145945549011,0.0,0.0,0.0,0.0,0.14388494193553925,0.0,-0.07194247096776962,0.0,0.0,0.0,0.0,-18.829999923706055,-365.8399963378906,-104.91000366210938,0.0
1780956673702570719,114806,1780956673675021684,base_link,wheel_left_joint,wheel_right_joint,joint1,joint2,joint3,joint4,gripper,0.006135923787951469,0.0,-0.07363107800483704,-1.0323691368103027,0.9648739695549011,0.26384469866752625,0.0,0.0,0.0,0.0,0.14388494193553925,-0.1918465942144394,-0.0959232971072197,0.0,0.0,0.0,0.0,5.380000114440918,-274.3800048828125,-86.08000183105469,0.0
1780956673783505412,114807,1780956673709021684,base_link,wheel_left_joint,wheel_right_joint,joint1,joint2,joint3,joint4,gripper,0.006135923787951469,0.0,-0.07363107800483704,-1.0277671813964844,0.9602720141410828,0.2592427730560303,0.0,0.0,0.0,0.0,0.11990412324666977,-0.16786576807498932,-0.0959232971072197,0.0,0.0,0.0,0.0,-8.069999694824219,-295.8999938964844,-80.70000457763672,0.0
1780956673831125305,114808,1780956673803021684,base_link,wheel_left_joint,wheel_right_joint,joint1,joint2,joint3,joint4,gripper,0.006135923787951469,0.0,-0.07516506314277649,-1.0124273300170898,0.9572040438652039,0.251572847366333,0.0,0.0,0.0,0.0,0.14388494193553925,-0.023980824276804924,-0.07194247096776962,0.0,0.0,0.0,0.0,-13.450000762939453,-338.94000244140625,-86.08000183105469,0.0
1780956673918866548,114809,1780956673837021684,base_link,wheel_left_joint,wheel_right_joint,joint1,joint2,joint3,joint4,gripper,0.006135923787951469,0.0,-0.07669904083013535,-1.0078253746032715,0.9526020884513855,0.24697090685367584,0.0,0.0,0.0,0.0,0.14388494193553925,-0.04796164855360985,-0.07194247096776962,0.0,0.0,0.0,0.0,-18.829999923706055,-320.1100158691406,-83.38999938964844,0.0
1780956673958323970,114810,1780956673934021684,base_link,wheel_left_joint,wheel_right_joint,joint1,joint2,joint3,joint4,gripper,0.006135923787951469,-0.0015339809469878674,-0.0782330259680748,-0.9924855828285217,0.9418642520904541,0.23623304069042206,0.0,0.0,-0.01581423729658127,0.0,0.14388494193553925,-0.0959232971072197,-0.07194247096776962,0.0,0.0,0.0,0.0,-16.139999389648438,-333.55999755859375,-88.77000427246094,0.0
1780956674041927499,114811,1780956673968021684,base_link,wheel_left_joint,wheel_right_joint,joint1,joint2,joint3,joint4,gripper,0.006135923787951469,-0.0015339809469878674,-0.0782330259680748,-0.9863497018814087,0.9387962818145752,0.23316508531570435,0.0,0.0,0.0,0.0,0.14388494193553925,-0.0959232971072197,-0.07194247096776962,0.0,0.0,0.0,0.0,-16.139999389648438,-320.1100158691406,-91.45999908447266,0.0
1780956674090428842,114812,1780956674066021684,base_link,wheel_left_joint,wheel_right_joint,joint1,joint2,joint3,joint4,gripper,0.006135923787951469,0.0,-0.07976700365543365,-0.9725438356399536,0.928058385848999,0.22396120429039001,0.0,0.0,0.015652867034077644,0.0,0.14388494193553925,-0.0959232971072197,-0.07194247096776962,0.0,0.0,0.0,0.0,-18.829999923706055,-293.2099914550781,-88.77000427246094,0.0
1780956674176351956,114813,1780956674100021684,base_link,wheel_left_joint,wheel_right_joint,joint1,joint2,joint3,joint4,gripper,0.006135923787951469,0.0,-0.08130098134279251,-0.9664078950881958,0.9265244007110596,0.2208932340145111,0.0,0.0,0.0,0.0,0.14388494193553925,-0.0959232971072197,-0.0959232971072197,0.0,0.0,0.0,0.0,-10.760000228881836,-317.4200134277344,-86.08000183105469,0.0
1780956674227053571,114814,1780956674192021684,base_link,wheel_left_joint,wheel_right_joint,joint1,joint2,joint3,joint4,gripper,0.006135923787951469,0.0,-0.08283496648073196,-0.9526020884513855,0.9203885197639465,0.21168935298919678,0.0,0.0,0.0,0.0,0.14388494193553925,-0.07194247096776962,-0.0959232971072197,0.0,0.0,0.0,0.0,-16.139999389648438,-376.6000061035156,-86.08000183105469,0.0
1780956674315923492,114815,1780956674226021684,base_link,wheel_left_joint,wheel_right_joint,joint1,joint2,joint3,joint4,gripper,0.006135923787951469,0.0,-0.08283496648073196,-0.9464661478996277,0.9188545346260071,0.20862139761447906,0.0,0.0,0.0,0.0,0.14388494193553925,-0.04796164855360985,-0.0959232971072197,0.0,0.0,0.0,0.0,-10.760000228881836,-373.9100036621094,-78.01000213623047,0.0
1780956674348571065,114816,1780956674326021684,base_link,wheel_left_joint,wheel_right_joint,joint1,joint2,joint3,joint4,gripper,0.006135923787951469,0.0,-0.08590292930603027,-0.9295923709869385,0.9081166386604309,0.19788353145122528,0.0,0.0,0.0,0.0,0.14388494193553925,-0.0959232971072197,-0.0959232971072197,0.0,0.0,0.0,0.0,-18.829999923706055,-333.55999755859375,-78.01000213623047,0.0
1780956674439616940,114817,1780956674360021684,base_link,wheel_left_joint,wheel_right_joint,joint1,joint2,joint3,joint4,gripper,0.006135923787951469,0.0,-0.08590292930603027,-0.9249904155731201,0.905048668384552,0.19481556117534637,0.0,0.0,0.0,0.0,0.14388494193553925,-0.11990412324666977,-0.0959232971072197,0.0,0.0,0.0,0.0,-18.829999923706055,-322.8000183105469,-75.31999969482422,0.0
1780956674476799852,114818,1780956674454171428,base_link,wheel_left_joint,wheel_right_joint,joint1,joint2,joint3,joint4,gripper,0.006135923787951469,0.0,-0.08743690699338913,-0.9096506237983704,0.8943108320236206,0.18561168015003204,0.0,0.0,0.0,0.0,0.14388494193553925,-0.07194247096776962,-0.07194247096776962,0.0,0.0,0.0,-2.690000057220459,-24.21000099182129,-349.70001220703125,-78.01000213623047,0.0
1780956674551603751,114819,1780956674488171428,base_link,wheel_left_joint,wheel_right_joint,joint1,joint2,joint3,joint4,gripper,0.006135923787951469,0.0,-0.08743690699338913,-0.9035146832466125,0.8927768468856812,0.18254372477531433,0.0,0.0,0.0,0.0,0.14388494193553925,-0.07194247096776962,-0.07194247096776962,0.0,0.0,0.0,0.0,-18.829999923706055,-312.0400085449219,-80.70000457763672,0.0
1780956674575862963,114820,1780956674582171428,base_link,wheel_left_joint,wheel_right_joint,joint1,joint2,joint3,joint4,gripper,0.006135923787951469,0.0,-0.08897088468074799,-0.8897088766098022,0.8835729360580444,0.17487381398677826,0.0,0.0,0.0,0.0,0.14388494193553925,-0.0959232971072197,-0.07194247096776962,0.0,0.0,0.0,0.0,-21.520000457763672,-328.17999267578125,-83.38999938964844,0.0
1780956674636563302,114821,1780956674616171428,base_link,wheel_left_joint,wheel_right_joint,joint1,joint2,joint3,joint4,gripper,0.006135923787951469,0.0,-0.09050486981868744,-0.8835729360580444,0.8805050253868103,0.1702718734741211,0.0,0.0,0.0,0.0,0.14388494193553925,-0.07194247096776962,-0.07194247096776962,0.0,0.0,0.0,-2.690000057220459,-59.18000030517578,-333.55999755859375,-80.70000457763672,0.0
1780956674666210839,114822,1780956674670171428,base_link,wheel_left_joint,wheel_right_joint,joint1,joint2,joint3,joint4,gripper,0.006135923787951469,0.0,-0.0920388475060463,-0.8805050253868103,0.8789710402488708,0.16566993296146393,0.0,0.0,0.0,0.0,0.0959232971072197,-0.04796164855360985,-0.0959232971072197,0.0,0.0,0.0,0.0,-34.970001220703125,-349.70001220703125,-78.01000213623047,0.0
1780956674724778790,114823,1780956674704171428,base_link,wheel_left_joint,wheel_right_joint,joint1,joint2,joint3,joint4,gripper,0.006135923787951469,0.0,-0.09050486981868744,-0.8789710402488708,0.8789710402488708,0.16413594782352448,0.0,0.0,0.0,0.0,0.04796164855360985,0.0,-0.07194247096776962,0.0,0.0,0.0,-2.690000057220459,-16.139999389648438,-349.70001220703125,-75.31999969482422,0.0
1780956674746259765,114824,1780956674753171428,base_link,wheel_left_joint,wheel_right_joint,joint1,joint2,joint3,joint4,gripper,0.006135923787951469,0.0,-0.0920388475060463,-0.8789710402488708,0.8789710402488708,0.16260196268558502,0.0,0.0,0.0,0.0,0.0,0.0,-0.023980824276804924,0.0,0.0,0.0,2.690000057220459,-13.450000762939453,-349.70001220703125,-64.55999755859375,0.0
1780956674805140199,114825,1780956674787171428,base_link,wheel_left_joint,wheel_right_joint,joint1,joint2,joint3,joint4,gripper,0.006135923787951469,0.0,-0.09357283264398575,-0.8789710402488708,0.8789710402488708,0.16260196268558502,0.0,0.0,0.0,0.0,0.0,0.0,-0.023980824276804924,0.0,0.0,0.0,-2.690000057220459,-16.139999389648438,-349.70001220703125,-69.94000244140625,0.0
1780956674837433656,114826,1780956674838171428,base_link,wheel_left_joint,wheel_right_joint,joint1,joint2,joint3,joint4,gripper,0.006135923787951469,0.0,-0.09357283264398575,-0.8789710402488708,0.8789710402488708,0.16260196268558502,0.0,0.0,0.0,0.0,0.0,0.0,0.0,0.0,0.0,0.0,0.0,-18.829999923706055,-349.70001220703125,-69.94000244140625,0.0
1780956674890970057,114827,1780956674872171428,base_link,wheel_left_joint,wheel_right_joint,joint1,joint2,joint3,joint4,gripper,0.006135923787951469,0.0,-0.09357283264398575,-0.8789710402488708,0.8789710402488708,0.16260196268558502,0.0,0.0,0.0,0.0,0.0,0.0,0.0,0.0,0.0,0.0,0.0,-18.829999923706055,-349.70001220703125,-67.25,0.0
1780956674918549317,114828,1780956674921171428,base_link,wheel_left_joint,wheel_right_joint,joint1,joint2,joint3,joint4,gripper,0.006135923787951469,0.0,-0.09357283264398575,-0.8789710402488708,0.8789710402488708,0.16260196268558502,0.0,0.0,0.0,0.0,0.0,0.0,0.0,0.0,0.0,0.0,0.0,-16.139999389648438,-349.70001220703125,-67.25,0.0
1780956674972193487,114829,1780956674955171428,base_link,wheel_left_joint,wheel_right_joint,joint1,joint2,joint3,joint4,gripper,0.006135923787951469,0.0,-0.0920388475060463,-0.8789710402488708,0.8789710402488708,0.16260196268558502,0.0,0.0,0.0,0.0,0.0,0.0,0.0,0.0,0.0,0.0,0.0,-16.139999389648438,-349.70001220703125,-67.25,0.0
1780956675001760387,114830,1780956675000171428,base_link,wheel_left_joint,wheel_right_joint,joint1,joint2,joint3,joint4,gripper,0.006135923787951469,-0.0015339809469878674,-0.09357283264398575,-0.8789710402488708,0.8789710402488708,0.16260196268558502,0.0,0.0,-0.03408846631646156,0.0,0.0,0.0,0.0,0.0,0.0,0.0,-2.690000057220459,-18.829999923706055,-349.70001220703125,-67.25,0.0
1780956675053823329,114831,1780956675034171428,base_link,wheel_left_joint,wheel_right_joint,joint1,joint2,joint3,joint4,gripper,0.006135923787951469,0.0,-0.09357283264398575,-0.8789710402488708,0.8789710402488708,0.16260196268558502,0.0,0.0,0.04511708766222,0.0,0.0,0.0,0.0,0.0,0.0,0.0,0.0,-18.829999923706055,-349.70001220703125,-67.25,0.0
1780956675076621782,114832,1780956675083171428,base_link,wheel_left_joint,wheel_right_joint,joint1,joint2,joint3,joint4,gripper,0.006135923787951469,0.0,-0.09357283264398575,-0.8789710402488708,0.8789710402488708,0.16260196268558502,0.0,0.0,0.0,0.0,0.0,0.0,0.0,0.0,0.0,0.0,0.0,-16.139999389648438,-349.70001220703125,-67.25,0.0
1780956675131364543,114833,1780956675118171428,base_link,wheel_left_joint,wheel_right_joint,joint1,joint2,joint3,joint4,gripper,0.006135923787951469,0.0,-0.09357283264398575,-0.8789710402488708,0.8789710402488708,0.16260196268558502,0.0,0.0,0.0,0.0,0.0,0.0,0.0,0.0,0.0,0.0,0.0,-18.829999923706055,-365.8399963378906,-94.1500015258789,0.0
1780956675171788419,114834,1780956675171171428,base_link,wheel_left_joint,wheel_right_joint,joint1,joint2,joint3,joint4,gripper,0.006135923787951469,0.0,-0.09357283264398575,-0.8743690848350525,0.8774370551109314,0.15800002217292786,0.0,0.0,0.0,0.0,0.023980824276804924,0.0,-0.023980824276804924,0.0,0.0,0.0,0.0,-10.760000228881836,-392.7400207519531,-83.38999938964844,0.0
1780956675224874986,114835,1780956675205171428,base_link,wheel_left_joint,wheel_right_joint,joint1,joint2,joint3,joint4,gripper,0.006135923787951469,-0.0015339809469878674,-0.09664079546928406,-0.8682331442832947,0.872835099697113,0.15493206679821014,0.0,0.0,-0.04511708766222,0.0,0.0959232971072197,-0.04796164855360985,-0.07194247096776962,0.0,0.0,0.0,0.0,-26.900001525878906,-349.70001220703125,-88.77000427246094,0.0
1780956675252335080,114836,1780956675254171428,base_link,wheel_left_joint,wheel_right_joint,joint1,joint2,joint3,joint4,gripper,0.006135923787951469,0.0,-0.09817477315664291,-0.8559613227844238,0.8636311888694763,0.14726215600967407,0.0,0.0,0.03130573406815529,-0.023980824276804924,0.21582742035388947,-0.14388494193553925,-0.11990412324666977,0.0,0.0,0.0,0.0,-34.970001220703125,-352.3900146484375,-86.08000183105469,0.0
1780956675304574158,114837,1780956675288171428,base_link,wheel_left_joint,wheel_right_joint,joint1,joint2,joint3,joint4,gripper,0.006135923787951469,0.0,-0.09817477315664291,-0.8482913970947266,0.8590292930603027,0.1426602154970169,0.0,0.0,0.0,-0.023980824276804924,0.21582742035388947,-0.14388494193553925,-0.11990412324666977,0.0,0.0,0.0,0.0,-24.21000099182129,-325.4900207519531,-64.55999755859375,0.0
1780956675333092340,114838,1780956675339171428,base_link,wheel_left_joint,wheel_right_joint,joint1,joint2,joint3,joint4,gripper,0.006135923787951469,0.0,-0.09970875084400177,-0.8360195755958557,0.8513593673706055,0.13499031960964203,0.0,0.0,0.0,-0.023980824276804924,0.21582742035388947,-0.14388494193553925,-0.14388494193553925,0.0,0.0,0.0,2.690000057220459,-43.040000915527344,-306.6600036621094,-67.25,0.0
1780956675386239346,114839,1780956675373171428,base_link,wheel_left_joint,wheel_right_joint,joint1,joint2,joint3,joint4,gripper,0.006135923787951469,-0.0015339809469878674,-0.10124273598194122,-0.826815664768219,0.8467574119567871,0.13038836419582367,0.0,0.0,-0.04511708766222,-0.023980824276804924,0.21582742035388947,-0.14388494193553925,-0.14388494193553925,0.0,0.0,0.0,0.0,-37.65999984741211,-336.25,-86.08000183105469,0.0
1780956675415218288,114840,1780956675417171428,base_link,wheel_left_joint,wheel_right_joint,joint1,joint2,joint3,joint4,gripper,0.006135923787951469,0.0,-0.10277671366930008,-0.8160778284072876,0.8406214714050293,0.12271846830844879,0.0,0.0,0.03486320376396179,-0.023980824276804924,0.21582742035388947,-0.11990412324666977,-0.14388494193553925,0.0,0.0,0.0,0.0,-24.21000099182129,-330.8699951171875,-91.45999908447266,0.0
1780956675467620568,114841,1780956675451171428,base_link,wheel_left_joint,wheel_right_joint,joint1,joint2,joint3,joint4,gripper,0.006135923787951469,0.0,-0.10277671366930008,-0.8084079027175903,0.8344855904579163,0.11811652034521103,0.0,0.0,0.0,-0.023980824276804924,0.21582742035388947,-0.11990412324666977,-0.14388494193553925,0.0,0.0,0.0,0.0,-37.65999984741211,-330.8699951171875,-64.55999755859375,0.0
1780956675496371853,114842,1780956675500171428,base_link,wheel_left_joint,wheel_right_joint,joint1,joint2,joint3,joint4,gripper,0.006135923787951469,0.0,-0.10431069880723953,-0.7961360216140747,0.8283496499061584,0.11044661700725555,0.0,0.0,0.0,-0.023980824276804924,0.21582742035388947,-0.11990412324666977,-0.14388494193553925,0.0,0.0,0.0,0.0,-40.35000228881836,-312.0400085449219,-78.01000213623047,0.0
1780956675547271927,114843,1780956675534171428,base_link,wheel_left_joint,wheel_right_joint,joint1,joint2,joint3,joint4,gripper,0.006135923787951469,0.0,-0.10584467649459839,-0.7884661555290222,0.8237476944923401,0.10584467649459839,0.0,0.0,0.0,-0.023980824276804924,0.21582742035388947,-0.11990412324666977,-0.14388494193553925,0.0,0.0,0.0,0.0,-37.65999984741211,-325.4900207519531,-69.94000244140625,0.0
1780956675575458627,114844,1780956675581171428,base_link,wheel_left_joint,wheel_right_joint,joint1,joint2,joint3,joint4,gripper,0.006135923787951469,0.0,-0.10737866163253784,-0.777728259563446,0.8176117539405823,0.09970875084400177,0.0,0.0,0.0,-0.023980824276804924,0.21582742035388947,-0.11990412324666977,-0.14388494193553925,0.0,0.0,0.0,0.0,-45.72999954223633,-314.7300109863281,-86.08000183105469,0.0
1780956675628749713,114845,1780956675615171428,base_link,wheel_left_joint,wheel_right_joint,joint1,joint2,joint3,joint4,gripper,0.006135923787951469,0.0,-0.1089126393198967,-0.7700583934783936,0.8130098581314087,0.09357283264398575,0.0,0.0,0.0,-0.023980824276804924,0.21582742035388947,-0.14388494193553925,-0.14388494193553925,0.0,0.0,0.0,0.0,-43.040000915527344,-290.52001953125,-75.31999969482422,0.0
1780956675659211892,114846,1780956675658171428,base_link,wheel_left_joint,wheel_right_joint,joint1,joint2,joint3,joint4,gripper,0.006135923787951469,0.0,-0.1089126393198967,-0.7593204975128174,0.803805947303772,0.08743690699338913,0.0,0.0,0.0,-0.023980824276804924,0.23980824649333954,-0.14388494193553925,-0.14388494193553925,0.0,0.0,0.0,0.0,-48.42000198364258,-293.2099914550781,-80.70000457763672,0.0
1780956675710703265,114847,1780956675692171428,base_link,wheel_left_joint,wheel_right_joint,joint1,joint2,joint3,joint4,gripper,0.006135923787951469,0.0,-0.11044661700725555,-0.7516506314277649,0.7992039918899536,0.08283496648073196,0.0,0.0,0.0,-0.023980824276804924,0.21582742035388947,-0.14388494193553925,-0.14388494193553925,0.0,0.0,0.0,2.690000057220459,-53.80000305175781,-295.8999938964844,-88.77000427246094,0.0
1780956675740585065,114848,1780956675740171428,base_link,wheel_left_joint,wheel_right_joint,joint1,joint2,joint3,joint4,gripper,0.006135923787951469,0.0,-0.11198060214519501,-0.7409127354621887,0.7930681109428406,0.07516506314277649,0.0,0.0,0.0,-0.023980824276804924,0.23980824649333954,-0.14388494193553925,-0.14388494193553925,0.0,0.0,0.0,0.0,-43.040000915527344,-298.5899963378906,-80.70000457763672,0.0
1780956675799109689,114849,1780956675774171428,base_link,wheel_left_joint,wheel_right_joint,joint1,joint2,joint3,joint4,gripper,0.006135923787951469,0.0,-0.11351457983255386,-0.7317088842391968,0.7900001406669617,0.06902913749217987,0.0,0.0,0.0,-0.023980824276804924,0.21582742035388947,-0.11990412324666977,-0.14388494193553925,0.0,0.0,0.0,0.0,-43.040000915527344,-336.25,-83.38999938964844,0.0
1780956675823249589,114850,1780956675823171428,base_link,wheel_left_joint,wheel_right_joint,joint1,joint2,joint3,joint4,gripper,0.006135923787951469,-0.0015339809469878674,-0.11351457983255386,-0.7209709882736206,0.7838642001152039,0.06289321184158325,0.0,0.0,-0.03130573406815529,-0.023980824276804924,0.21582742035388947,-0.0959232971072197,-0.14388494193553925,0.0,0.0,0.0,0.0,-59.18000030517578,-320.1100158691406,-91.45999908447266,0.0
1780956675881439481,114851,1780956675857171428,base_link,wheel_left_joint,wheel_right_joint,joint1,joint2,joint3,joint4,gripper,0.006135923787951469,0.0,-0.11504856497049332,-0.7117670774459839,0.7792622447013855,0.05675728991627693,0.0,0.0,0.04511708766222,-0.023980824276804924,0.21582742035388947,-0.0959232971072197,-0.14388494193553925,0.0,0.0,0.0,0.0,-56.4900016784668,-314.7300109863281,-78.01000213623047,0.0
1780956675907278585,114852,1780956675913171428,base_link,wheel_left_joint,wheel_right_joint,joint1,joint2,joint3,joint4,gripper,0.006135923787951469,0.0,-0.11658254265785217,-0.699495255947113,0.771592378616333,0.04908738657832146,0.0,0.0,0.0,-0.023980824276804924,0.21582742035388947,-0.11990412324666977,-0.14388494193553925,0.0,0.0,0.0,0.0,-43.040000915527344,-325.4900207519531,-69.94000244140625,0.0
1780956675959480232,114853,1780956675948171428,base_link,wheel_left_joint,wheel_right_joint,joint1,joint2,joint3,joint4,gripper,0.006135923787951469,0.0,-0.11811652034521103,-0.6918253302574158,0.7654564380645752,0.04295146465301514,0.0,0.0,0.0,-0.023980824276804924,0.21582742035388947,-0.11990412324666977,-0.14388494193553925,0.0,0.0,0.0,0.0,-48.42000198364258,-312.0400085449219,-83.38999938964844,0.0
1780956676009388202,114854,1780956676018171428,base_link,wheel_left_joint,wheel_right_joint,joint1,joint2,joint3,joint4,gripper,0.006135923787951469,0.0,-0.12118448317050934,-0.6749515533447266,0.754718542098999,0.030679617077112198,0.0,0.0,0.0,-0.023980824276804924,0.21582742035388947,-0.16786576807498932,-0.14388494193553925,0.0,0.0,0.0,0.0,-48.42000198364258,-301.2799987792969,-80.70000457763672,0.0
1780956676061156657,114855,1780956676052171428,base_link,wheel_left_joint,wheel_right_joint,joint1,joint2,joint3,joint4,gripper,0.006135923787951469,0.0,-0.12118448317050934,-0.6642137169837952,0.748582661151886,0.026077674701809883,0.0,0.0,0.0,-0.023980824276804924,0.23980824649333954,-0.16786576807498932,-0.16786576807498932,0.0,0.0,0.0,0.0,-45.72999954223633,-312.0400085449219,-80.70000457763672,0.0
1780956676113543693,114856,1780956676086171428,base_link,wheel_left_joint,wheel_right_joint,joint1,joint2,joint3,joint4,gripper,0.006135923787951469,0.0,-0.12425244599580765,-0.647339940071106,0.7393787503242493,0.013805827125906944,0.0,0.0,0.0,-0.023980824276804924,0.2637890577316284,-0.11990412324666977,-0.16786576807498932,0.0,0.0,0.0,2.690000057220459,-53.80000305175781,-336.25,-86.08000183105469,0.0
1780956676138330208,114857,1780956676124171428,base_link,wheel_left_joint,wheel_right_joint,joint1,joint2,joint3,joint4,gripper,0.006135923787951469,0.0,-0.12425244599580765,-0.644271969795227,0.7393787503242493,0.012271846644580364,0.0,0.0,0.0,-0.023980824276804924,0.2637890577316284,-0.11990412324666977,-0.16786576807498932,0.0,0.0,0.0,0.0,-61.87000274658203,-322.8000183105469,-78.01000213623047,0.0
1780956676193307816,114858,1780956676158171428,base_link,wheel_left_joint,wheel_right_joint,joint1,joint2,joint3,joint4,gripper,0.006135923787951469,0.0,-0.12732040882110596,-0.6227962374687195,0.7271069288253784,0.0,0.0,0.0,0.0,-0.023980824276804924,0.2637890577316284,-0.14388494193553925,-0.16786576807498932,0.0,0.0,0.0,2.690000057220459,-64.55999755859375,-306.6600036621094,-80.70000457763672,0.0
1780956676214503138,114859,1780956676210171428,base_link,wheel_left_joint,wheel_right_joint,joint1,joint2,joint3,joint4,gripper,0.006135923787951469,0.0,-0.12732040882110596,-0.62126225233078,0.725572943687439,-0.0015339808305725455,0.0,0.0,0.0,-0.023980824276804924,0.2637890577316284,-0.14388494193553925,-0.16786576807498932,0.0,0.0,0.0,0.0,-67.25,-325.4900207519531,-86.08000183105469,0.0
1780956676268483745,114860,1780956676245171428,base_link,wheel_left_joint,wheel_right_joint,joint1,joint2,joint3,joint4,gripper,0.006135923787951469,-0.0015339809469878674,-0.1288543939590454,-0.6105243563652039,0.7194370031356812,-0.00920388475060463,0.0,0.0,-0.043828029185533524,-0.023980824276804924,0.2637890577316284,-0.14388494193553925,-0.16786576807498932,0.0,0.0,0.0,0.0,-69.94000244140625,-309.3500061035156,-78.01000213623047,0.0
1780956676297437465,114861,1780956676300171428,base_link,wheel_left_joint,wheel_right_joint,joint1,joint2,joint3,joint4,gripper,0.006135923787951469,0.0,-0.13038836419582367,-0.5951845645904541,0.7117670774459839,-0.019941750913858414,0.0,0.0,0.027890563011169434,-0.023980824276804924,0.2637890577316284,-0.14388494193553925,-0.16786576807498932,0.0,0.0,0.0,0.0,-69.94000244140625,-309.3500061035156,-83.38999938964844,0.0
1780956676346626866,114862,1780956676334171428,base_link,wheel_left_joint,wheel_right_joint,joint1,joint2,joint3,joint4,gripper,0.006135923787951469,0.0,-0.13192234933376312,-0.5875146389007568,0.7056311964988708,-0.02454369328916073,0.0,0.0,0.0,-0.023980824276804924,0.2637890577316284,-0.14388494193553925,-0.16786576807498932,0.0,0.0,0.0,5.380000114440918,-80.70000457763672,-328.17999267578125,-72.6300048828125,0.0
1780956676376100389,114863,1780956676381171428,base_link,wheel_left_joint,wheel_right_joint,joint1,joint2,joint3,joint4,gripper,0.006135923787951469,0.0,-0.13345633447170258,-0.5737088322639465,0.699495255947113,-0.03221359848976135,0.0,0.0,0.0,-0.023980824276804924,0.2637890577316284,-0.11990412324666977,-0.16786576807498932,0.0,0.0,0.0,0.0,-69.94000244140625,-341.6300048828125,-88.77000427246094,0.0
1780956676430970544,114864,1780956676415171428,base_link,wheel_left_joint,wheel_right_joint,joint1,joint2,joint3,joint4,gripper,0.006135923787951469,0.0,-0.13499031960964203,-0.5660389065742493,0.6948933005332947,-0.03988350182771683,0.0,0.0,0.0,-0.023980824276804924,0.23980824649333954,-0.11990412324666977,-0.16786576807498932,0.0,0.0,0.0,0.0,-67.25,-312.0400085449219,-83.38999938964844,0.0
1780956676458656438,114865,1780956676461171428,base_link,wheel_left_joint,wheel_right_joint,joint1,joint2,joint3,joint4,gripper,0.006135923787951469,0.0,-0.1365242898464203,-0.5537670850753784,0.6872234344482422,-0.0475534051656723,0.0,0.0,0.0,-0.023980824276804924,0.23980824649333954,-0.14388494193553925,-0.16786576807498932,0.0,0.0,0.0,5.380000114440918,-72.6300048828125,-314.7300109863281,-75.31999969482422,0.0
1780956676510169346,114866,1780956676495171428,base_link,wheel_left_joint,wheel_right_joint,joint1,joint2,joint3,joint4,gripper,0.006135923787951469,0.0,-0.13805827498435974,-0.5445631742477417,0.6795535087585449,-0.052155349403619766,0.0,0.0,0.0,-0.023980824276804924,0.23980824649333954,-0.16786576807498932,-0.16786576807498932,0.0,0.0,0.0,0.0,-75.31999969482422,-279.760009765625,-83.38999938964844,0.0
1780956676538865569,114867,1780956676539171428,base_link,wheel_left_joint,wheel_right_joint,joint1,joint2,joint3,joint4,gripper,0.006135923787951469,0.0,-0.1395922601222992,-0.5322913527488708,0.6718835830688477,-0.05982525274157524,0.0,0.0,0.0,-0.023980824276804924,0.2637890577316284,-0.16786576807498932,-0.16786576807498932,0.0,0.0,0.0,2.690000057220459,-67.25,-301.2799987792969,-78.01000213623047,0.0
1780956676592726641,114868,1780956676573171428,base_link,wheel_left_joint,wheel_right_joint,joint1,joint2,joint3,joint4,gripper,0.006135923787951469,0.0,-0.14112623035907745,-0.5230874419212341,0.6672816872596741,-0.06596117466688156,0.0,0.0,0.0,-0.023980824276804924,0.2637890577316284,-0.16786576807498932,-0.16786576807498932,0.0,0.0,0.0,0.0,-72.6300048828125,-306.6600036621094,-80.70000457763672,0.0
1780956676622538704,114869,1780956676625171428,base_link,wheel_left_joint,wheel_right_joint,joint1,joint2,joint3,joint4,gripper,0.006135923787951469,0.0,-0.1426602154970169,-0.5092816352844238,0.6580777764320374,-0.07516506314277649,0.0,0.0,0.0,-0.023980824276804924,0.2637890577316284,-0.14388494193553925,-0.16786576807498932,0.0,0.0,0.0,0.0,-86.08000183105469,-309.3500061035156,-83.38999938964844,0.0
1780956676674232268,114870,1780956676659171428,base_link,wheel_left_joint,wheel_right_joint,joint1,joint2,joint3,joint4,gripper,0.006135923787951469,0.0,-0.1426602154970169,-0.5000777244567871,0.653475821018219,-0.08130098134279251,0.0,0.0,0.0,-0.023980824276804924,0.2637890577316284,-0.14388494193553925,-0.16786576807498932,0.0,0.0,0.0,0.0,-86.08000183105469,-285.1400146484375,-75.31999969482422,0.0
1780956676703171117,114871,1780956676708171428,base_link,wheel_left_joint,wheel_right_joint,joint1,joint2,joint3,joint4,gripper,0.006135923787951469,0.0,-0.1457281857728958,-0.48780590295791626,0.6458059549331665,-0.09050486981868744,0.0,0.0,0.0,-0.023980824276804924,0.2637890577316284,-0.14388494193553925,-0.16786576807498932,0.0,0.0,0.0,0.0,-83.38999938964844,-298.5899963378906,-83.38999938964844,0.0
1780956676756069467,114872,1780956676742171428,base_link,wheel_left_joint,wheel_right_joint,joint1,joint2,joint3,joint4,gripper,0.006135923787951469,0.0,-0.1457281857728958,-0.47860202193260193,0.6412039995193481,-0.09664079546928406,0.0,0.0,0.0,-0.023980824276804924,0.2637890577316284,-0.14388494193553925,-0.16786576807498932,0.0,0.0,0.0,0.0,-83.38999938964844,-317.4200134277344,-80.70000457763672,0.0
1780956676783424389,114873,1780956676788171428,base_link,wheel_left_joint,wheel_right_joint,joint1,joint2,joint3,joint4,gripper,0.006135923787951469,0.0,-0.14879614114761353,-0.46479618549346924,0.6335340738296509,-0.10584467649459839,0.0,0.0,0.0,-0.023980824276804924,0.2637890577316284,-0.14388494193553925,-0.16786576807498932,0.0,0.0,0.0,0.0,-115.67000579833984,-303.9700012207031,-83.38999938964844,0.0
1780956676840969366,114874,1780956676823171428,base_link,wheel_left_joint,wheel_right_joint,joint1,joint2,joint3,joint4,gripper,0.006135923787951469,0.0,-0.15033012628555298,-0.4555923044681549,0.6289321184158325,-0.11044661700725555,0.0,0.0,0.0,-0.023980824276804924,0.2637890577316284,-0.14388494193553925,-0.16786576807498932,0.0,0.0,0.0,5.380000114440918,-96.84000396728516,-293.2099914550781,-75.31999969482422,0.0
1780956676873223516,114875,1780956676870171428,base_link,wheel_left_joint,wheel_right_joint,joint1,joint2,joint3,joint4,gripper,0.006135923787951469,0.0,-0.15186409652233124,-0.4448544383049011,0.62126225233078,-0.11965050548315048,0.0,0.0,0.0,-0.023980824276804924,0.23980824649333954,-0.14388494193553925,-0.16786576807498932,0.0,0.0,0.0,0.0,-86.08000183105469,-298.5899963378906,-75.31999969482422,0.0
1780956676925127245,114876,1780956676905213649,base_link,wheel_left_joint,wheel_right_joint,joint1,joint2,joint3,joint4,gripper,0.006135923787951469,0.0,-0.1533980816602707,-0.4356505572795868,0.6166602969169617,-0.1257864236831665,0.0,0.0,0.0,-0.023980824276804924,0.23980824649333954,-0.14388494193553925,-0.16786576807498932,0.0,0.0,0.0,0.0,-80.70000457763672,-325.4900207519531,-80.70000457763672,0.0
1780956676946793461,114877,1780956676956213649,base_link,wheel_left_joint,wheel_right_joint,joint1,joint2,joint3,joint4,gripper,0.006135923787951469,0.0,-0.1533980816602707,-0.4218447208404541,0.6089903712272644,-0.13499031960964203,0.0,0.0,0.0,-0.023980824276804924,0.23980824649333954,-0.11990412324666977,-0.16786576807498932,0.0,0.0,0.0,0.0,-88.77000427246094,-333.55999755859375,-88.77000427246094,0.0
1780956676998086265,114878,1780956676990213649,base_link,wheel_left_joint,wheel_right_joint,joint1,joint2,joint3,joint4,gripper,0.006135923787951469,0.0,-0.15493206679821014,-0.4141748249530792,0.6043884754180908,-0.1395922601222992,0.0,0.0,0.0,-0.023980824276804924,0.23980824649333954,-0.11990412324666977,-0.16786576807498932,0.0,0.0,0.0,0.0,-96.84000396728516,-312.0400085449219,-78.01000213623047,0.0
1780956677049488382,114879,1780956677058213649,base_link,wheel_left_joint,wheel_right_joint,joint1,joint2,joint3,joint4,gripper,0.006135923787951469,0.0,-0.1564660519361496,-0.39576706290245056,0.5936505794525146,-0.15033012628555298,0.0,0.0,0.0,-0.023980824276804924,0.23980824649333954,-0.14388494193553925,-0.14388494193553925,0.0,0.0,0.0,0.0,-112.9800033569336,-320.1100158691406,-86.08000183105469,0.0
1780956677101590135,114880,1780956677092213649,base_link,wheel_left_joint,wheel_right_joint,joint1,joint2,joint3,joint4,gripper,0.006135923787951469,0.0,-0.15800002217292786,-0.3880971372127533,0.5890486240386963,-0.15493206679821014,0.0,0.0,0.0,-0.023980824276804924,0.23980824649333954,-0.14388494193553925,-0.14388494193553925,0.0,0.0,0.0,0.0,-94.1500015258789,-309.3500061035156,-78.01000213623047,0.0
1780956677158103105,114881,1780956677158213649,base_link,wheel_left_joint,wheel_right_joint,joint1,joint2,joint3,joint4,gripper,0.006135923787951469,0.0,-0.1595340073108673,-0.3712233603000641,0.5798447728157043,-0.1672039031982422,0.0,0.0,0.0,-0.023980824276804924,0.23980824649333954,-0.14388494193553925,-0.14388494193553925,0.0,0.0,0.0,0.0,-88.77000427246094,-303.9700012207031,-69.94000244140625,0.0
1780956677208429772,114882,1780956677192213649,base_link,wheel_left_joint,wheel_right_joint,joint1,joint2,joint3,joint4,gripper,0.006135923787951469,0.0,-0.16106799244880676,-0.36201947927474976,0.575242817401886,-0.1733398288488388,0.0,0.0,0.0,-0.023980824276804924,0.23980824649333954,-0.11990412324666977,-0.14388494193553925,0.0,0.0,0.0,0.0,-83.38999938964844,-336.25,-86.08000183105469,0.0
1780956677238001859,114883,1780956677245213649,base_link,wheel_left_joint,wheel_right_joint,joint1,joint2,joint3,joint4,gripper,0.006135923787951469,0.0,-0.16260196268558502,-0.34821364283561707,0.5675728917121887,-0.18100973963737488,0.0,0.0,0.0,-0.023980824276804924,0.23980824649333954,-0.11990412324666977,-0.14388494193553925,0.0,0.0,0.0,0.0,-110.29000091552734,-333.55999755859375,-88.77000427246094,0.0
1780956677292426033,114884,1780956677279213649,base_link,wheel_left_joint,wheel_right_joint,joint1,joint2,joint3,joint4,gripper,0.006135923787951469,0.0,-0.16260196268558502,-0.3405437469482422,0.5614370107650757,-0.18561168015003204,0.0,0.0,0.0,-0.023980824276804924,0.23980824649333954,-0.11990412324666977,-0.14388494193553925,0.0,0.0,0.0,0.0,-118.36000061035156,-322.8000183105469,-86.08000183105469,0.0
1780956677322109761,114885,1780956677325213649,base_link,wheel_left_joint,wheel_right_joint,joint1,joint2,joint3,joint4,gripper,0.006135923787951469,0.0,-0.16566993296146393,-0.32827189564704895,0.5537670850753784,-0.19328159093856812,0.0,0.0,0.0,-0.023980824276804924,0.23980824649333954,-0.14388494193553925,-0.14388494193553925,0.0,0.0,0.0,-2.690000057220459,-126.43000030517578,-285.1400146484375,-80.70000457763672,0.0
1780956677374333611,114886,1780956677359213649,base_link,wheel_left_joint,wheel_right_joint,joint1,joint2,joint3,joint4,gripper,0.006135923787951469,0.0,-0.16566993296146393,-0.3190680146217346,0.5476311445236206,-0.19941750168800354,0.0,0.0,0.0,-0.023980824276804924,0.23980824649333954,-0.16786576807498932,-0.14388494193553925,0.0,0.0,0.0,0.0,-112.9800033569336,-293.2099914550781,-75.31999969482422,0.0
1780956677403615620,114887,1780956677409213649,base_link,wheel_left_joint,wheel_right_joint,joint1,joint2,joint3,joint4,gripper,0.006135923787951469,0.0,-0.1672039031982422,-0.3067961633205414,0.5399612784385681,-0.2070874124765396,0.0,0.0,0.0,-0.023980824276804924,0.23980824649333954,-0.14388494193553925,-0.14388494193553925,0.0,0.0,0.0,0.0,-83.38999938964844,-301.2799987792969,-78.01000213623047,0.0
1780956677456375680,114888,1780956677443213649,base_link,wheel_left_joint,wheel_right_joint,joint1,joint2,joint3,joint4,gripper,0.006135923787951469,0.0,-0.16873788833618164,-0.2991262674331665,0.5353593230247498,-0.21322333812713623,0.0,0.0,0.0,-0.023980824276804924,0.23980824649333954,-0.14388494193553925,-0.14388494193553925,0.0,0.0,0.0,0.0,-104.91000366210938,-303.9700012207031,-64.55999755859375,0.0
1780956677483261313,114889,1780956677490213649,base_link,wheel_left_joint,wheel_right_joint,joint1,joint2,joint3,joint4,gripper,0.006135923787951469,0.0,-0.16873788833618164,-0.28685441613197327,0.5276893973350525,-0.2208932340145111,0.0,0.0,0.0,-0.023980824276804924,0.23980824649333954,-0.14388494193553925,-0.14388494193553925,0.0,0.0,0.0,0.0,-115.67000579833984,-317.4200134277344,-72.6300048828125,0.0
1780956677536348801,114890,1780956677524213649,base_link,wheel_left_joint,wheel_right_joint,joint1,joint2,joint3,joint4,gripper,0.006135923787951469,0.0,-0.17180585861206055,-0.27765053510665894,0.5246214270591736,-0.22549518942832947,0.0,0.0,0.0,-0.023980824276804924,0.23980824649333954,-0.11990412324666977,-0.14388494193553925,0.0,0.0,0.0,0.0,-115.67000579833984,-328.17999267578125,-91.45999908447266,0.0
1780956677589230965,114891,1780956677588213649,base_link,wheel_left_joint,wheel_right_joint,joint1,joint2,joint3,joint4,gripper,0.006135923787951469,0.0,-0.1733398288488388,-0.26077672839164734,0.5138835906982422,-0.23623304069042206,0.0,0.0,0.0,-0.023980824276804924,0.23980824649333954,-0.14388494193553925,-0.14388494193553925,0.0,0.0,0.0,0.0,-126.43000030517578,-269.0,-75.31999969482422,0.0
1780956677647400949,114892,1780956677622213649,base_link,wheel_left_joint,wheel_right_joint,joint1,joint2,joint3,joint4,gripper,0.006135923787951469,0.0,-0.1733398288488388,-0.25310683250427246,0.5077476501464844,-0.24083499610424042,0.0,0.0,0.0,-0.023980824276804924,0.23980824649333954,-0.16786576807498932,-0.14388494193553925,0.0,0.0,0.0,0.0,-96.84000396728516,-298.5899963378906,-80.70000457763672,0.0
1780956677666607211,114893,1780956677670213649,base_link,wheel_left_joint,wheel_right_joint,joint1,joint2,joint3,joint4,gripper,0.006135923787951469,0.0,-0.17487381398677826,-0.24083499610424042,0.5000777244567871,-0.2485048919916153,0.0,0.0,0.0,-0.023980824276804924,0.23980824649333954,-0.14388494193553925,-0.14388494193553925,0.0,0.0,0.0,0.0,-96.84000396728516,-298.5899963378906,-78.01000213623047,0.0
1780956677725319967,114894,1780956677705213649,base_link,wheel_left_joint,wheel_right_joint,joint1,joint2,joint3,joint4,gripper,0.006135923787951469,0.0,-0.1764077991247177,-0.2316311001777649,0.4939418137073517,-0.25617480278015137,0.0,0.0,0.0,-0.023980824276804924,0.23980824649333954,-0.14388494193553925,-0.14388494193553925,0.0,0.0,0.0,0.0,-121.05000305175781,-314.7300109863281,-75.31999969482422,0.0
1780956677747202654,114895,1780956677755213649,base_link,wheel_left_joint,wheel_right_joint,joint1,joint2,joint3,joint4,gripper,0.006135923787951469,0.0,-0.17794176936149597,-0.2178252786397934,0.48780590295791626,-0.26384469866752625,0.0,0.0,0.0,-0.023980824276804924,0.23980824649333954,-0.11990412324666977,-0.14388494193553925,0.0,0.0,0.0,0.0,-123.74000549316406,-298.5899963378906,-75.31999969482422,0.0
1780956677833612440,114896,1780956677789213649,base_link,wheel_left_joint,wheel_right_joint,joint1,joint2,joint3,joint4,gripper,0.006135923787951469,0.0,-0.18100973963737488,-0.20862139761447906,0.48166999220848083,-0.2684466540813446,0.0,0.0,0.0,-0.023980824276804924,0.23980824649333954,-0.14388494193553925,-0.14388494193553925,0.0,0.0,0.0,0.0,-123.74000549316406,-317.4200134277344,-86.08000183105469,0.0
1780956677877927370,114897,1780956677846213649,base_link,wheel_left_joint,wheel_right_joint,joint1,joint2,joint3,joint4,gripper,0.006135923787951469,0.0,-0.18254372477531433,-0.19328159093856812,0.47400006651878357,-0.27765053510665894,0.0,0.0,0.0,-0.023980824276804924,0.23980824649333954,-0.14388494193553925,-0.14388494193553925,0.0,0.0,0.0,0.0,-126.43000030517578,-290.52001953125,-88.77000427246094,0.0
1780956677978986242,114898,1780956677880213649,base_link,wheel_left_joint,wheel_right_joint,joint1,joint2,joint3,joint4,gripper,0.006135923787951469,0.0,-0.18254372477531433,-0.1840776950120926,0.4693981409072876,-0.28378644585609436,0.0,0.0,0.0,-0.023980824276804924,0.23980824649333954,-0.14388494193553925,-0.14388494193553925,0.0,0.0,0.0,0.0,-126.43000030517578,-303.9700012207031,-80.70000457763672,0.0
1780956678007133700,114899,1780956677980213649,base_link,wheel_left_joint,wheel_right_joint,joint1,joint2,joint3,joint4,gripper,0.006135923787951469,-0.0015339809469878674,-0.1871456652879715,-0.1595340073108673,0.45405831933021545,-0.30066025257110596,0.0,0.0,-0.015339810401201248,-0.023980824276804924,0.23980824649333954,-0.11990412324666977,-0.16786576807498932,0.0,0.0,0.0,0.0,-126.43000030517578,-325.4900207519531,-80.70000457763672,0.0
1780956678102298638,114900,1780956678014213649,base_link,wheel_left_joint,wheel_right_joint,joint1,joint2,joint3,joint4,gripper,0.006135923787951469,0.0,-0.18867963552474976,-0.15186409652233124,0.45099037885665894,-0.3067961633205414,0.0,0.0,0.04511708766222,-0.023980824276804924,0.23980824649333954,-0.11990412324666977,-0.16786576807498932,0.0,0.0,0.0,0.0,-115.67000579833984,-333.55999755859375,-86.08000183105469,0.0
1780956678139011057,114901,1780956678113213649,base_link,wheel_left_joint,wheel_right_joint,joint1,joint2,joint3,joint4,gripper,0.006135923787951469,0.0,-0.19174760580062866,-0.1288543939590454,0.43718454241752625,-0.323669970035553,0.0,0.0,0.0,-0.023980824276804924,0.23980824649333954,-0.11990412324666977,-0.14388494193553925,0.0,0.0,0.0,0.0,-129.1199951171875,-314.7300109863281,-99.52999877929688,0.0
1780956678235915535,114902,1780956678147213649,base_link,wheel_left_joint,wheel_right_joint,joint1,joint2,joint3,joint4,gripper,0.006135923787951469,0.0,-0.19328159093856812,-0.11811652034521103,0.43104860186576843,-0.32827189564704895,0.0,0.0,0.0,-0.023980824276804924,0.23980824649333954,-0.11990412324666977,-0.14388494193553925,0.0,0.0,0.0,0.0,-137.19000244140625,-293.2099914550781,-72.6300048828125,0.0
1780956678271810939,114903,1780956678246213649,base_link,wheel_left_joint,wheel_right_joint,joint1,joint2,joint3,joint4,gripper,0.006135923787951469,0.0,-0.19634954631328583,-0.09357283264398575,0.4157088100910187,-0.3436117172241211,0.0,0.0,0.0,-0.023980824276804924,0.23980824649333954,-0.14388494193553925,-0.16786576807498932,0.0,0.0,0.0,-2.690000057220459,-139.8800048828125,-279.760009765625,-75.31999969482422,0.0
1780956678364584823,114904,1780956678280213649,base_link,wheel_left_joint,wheel_right_joint,joint1,joint2,joint3,joint4,gripper,0.006135923787951469,0.0,-0.19788353145122528,-0.08283496648073196,0.4111068546772003,-0.35128161311149597,0.0,0.0,0.0,-0.023980824276804924,0.23980824649333954,-0.14388494193553925,-0.16786576807498932,0.0,0.0,0.0,0.0,-147.9499969482422,-298.5899963378906,-80.70000457763672,0.0
1780956678408154654,114905,1780956678377213649,base_link,wheel_left_joint,wheel_right_joint,joint1,joint2,joint3,joint4,gripper,0.006135923787951469,0.0,-0.200951486825943,-0.058291271328926086,0.39730104804039,-0.3666214048862457,0.0,0.0,0.0,-0.023980824276804924,0.23980824649333954,-0.14388494193553925,-0.14388494193553925,0.0,0.0,0.0,0.0,-142.57000732421875,-314.7300109863281,-91.45999908447266,0.0
1780956678503265065,114906,1780956678411213649,base_link,wheel_left_joint,wheel_right_joint,joint1,joint2,joint3,joint4,gripper,0.006135923787951469,0.0,-0.20555342733860016,-0.02761165425181389,0.37889325618743896,-0.38656318187713623,0.0,0.0,0.0,-0.023980824276804924,0.23980824649333954,-0.14388494193553925,-0.16786576807498932,0.0,0.0,0.0,0.0,-126.43000030517578,-285.1400146484375,-80.70000457763672,0.0
1780956678532466854,114907,1780956678499213649,base_link,wheel_left_joint,wheel_right_joint,joint1,joint2,joint3,joint4,gripper,0.006135923787951469,0.0,-0.20555342733860016,-0.026077674701809883,0.3773592710494995,-0.38656318187713623,0.0,0.0,0.0,-0.023980824276804924,0.23980824649333954,-0.14388494193553925,-0.16786576807498932,0.0,0.0,0.0,0.0,-123.74000549316406,-287.83001708984375,-86.08000183105469,0.0
1780956678628501552,114908,1780956678533213649,base_link,wheel_left_joint,wheel_right_joint,joint1,joint2,joint3,joint4,gripper,0.006135923787951469,0.0,-0.2070874124765396,-0.01840776950120926,0.374291330575943,-0.39269909262657166,0.0,0.0,0.0,-0.023980824276804924,0.21582742035388947,-0.14388494193553925,-0.14388494193553925,0.0,0.0,0.0,0.0,-134.5,-290.52001953125,-78.01000213623047,0.0
1780956678657531626,114909,1780956678629213649,base_link,wheel_left_joint,wheel_right_joint,joint1,joint2,joint3,joint4,gripper,0.006135923787951469,0.0,-0.21015536785125732,0.0076699042692780495,0.3604854941368103,-0.4080389142036438,0.0,0.0,0.0,-0.023980824276804924,0.23980824649333954,-0.11990412324666977,-0.14388494193553925,0.0,0.0,0.0,-2.690000057220459,-142.57000732421875,-309.3500061035156,-78.01000213623047,0.0
1780956678757515053,114910,1780956678663213649,base_link,wheel_left_joint,wheel_right_joint,joint1,joint2,joint3,joint4,gripper,0.006135923787951469,0.0,-0.21015536785125732,0.013805827125906944,0.3574175238609314,-0.4111068546772003,0.0,0.0,0.0,-0.023980824276804924,0.23980824649333954,-0.11990412324666977,-0.14388494193553925,0.0,0.0,0.0,0.0,-131.80999755859375,-301.2799987792969,-88.77000427246094,0.0
1780956678795333788,114911,1780956678763213649,base_link,wheel_left_joint,wheel_right_joint,joint1,joint2,joint3,joint4,gripper,0.006135923787951469,0.0,-0.21015536785125732,0.016873789951205254,0.35588353872299194,-0.4157088100910187,0.0,0.0,0.0,0.0,0.023980824276804924,0.0,-0.023980824276804924,0.0,0.0,0.0,-8.069999694824219,-121.05000305175781,-322.8000183105469,-75.31999969482422,0.0
1780956678891220041,114912,1780956678797213649,base_link,wheel_left_joint,wheel_right_joint,joint1,joint2,joint3,joint4,gripper,0.006135923787951469,0.0,-0.21015536785125732,0.016873789951205254,0.35588353872299194,-0.4157088100910187,0.0,0.0,0.0,0.0,0.0,0.0,0.0,0.0,0.0,0.0,-8.069999694824219,-126.43000030517578,-322.8000183105469,-67.25,0.0
1780956678928322122,114913,1780956678900213649,base_link,wheel_left_joint,wheel_right_joint,joint1,joint2,joint3,joint4,gripper,0.006135923787951469,0.0,-0.21015536785125732,0.01840776950120926,0.3574175238609314,-0.4157088100910187,0.0,0.0,0.0,0.0,0.0,0.0,0.0,0.0,0.0,0.0,-5.380000114440918,-121.05000305175781,-320.1100158691406,-67.25,0.0
1780956679024904210,114914,1780956678934213649,base_link,wheel_left_joint,wheel_right_joint,joint1,joint2,joint3,joint4,gripper,0.006135923787951469,0.0,-0.21168935298919678,0.016873789951205254,0.35588353872299194,-0.4157088100910187,0.0,0.0,0.0,0.0,0.0,0.0,0.0,0.0,0.0,0.0,-8.069999694824219,-123.74000549316406,-322.8000183105469,-80.70000457763672,0.0
1780956679064787475,114915,1780956679035213649,base_link,wheel_left_joint,wheel_right_joint,joint1,joint2,joint3,joint4,gripper,0.006135923787951469,-0.0015339809469878674,-0.21168935298919678,0.016873789951205254,0.35588353872299194,-0.4157088100910187,0.0,0.0,-0.015187930315732956,0.0,0.0,0.0,0.0,0.0,0.0,0.0,-2.690000057220459,-118.36000061035156,-322.8000183105469,-67.25,0.0
1780956679160039842,114916,1780956679070213649,base_link,wheel_left_joint,wheel_right_joint,joint1,joint2,joint3,joint4,gripper,0.006135923787951469,0.0,-0.21015536785125732,0.01840776950120926,0.3574175238609314,-0.4157088100910187,0.0,0.0,0.043828029185533524,0.0,0.0,0.0,0.0,0.0,0.0,0.0,-8.069999694824219,-121.05000305175781,-330.8699951171875,-91.45999908447266,0.0
1780956679198027948,114917,1780956679168213649,base_link,wheel_left_joint,wheel_right_joint,joint1,joint2,joint3,joint4,gripper,0.006135923787951469,0.0,-0.21322333812713623,0.03221359848976135,0.3436117172241211,-0.424912691116333,0.0,0.0,0.0,0.0,0.14388494193553925,-0.0959232971072197,-0.0959232971072197,0.0,0.0,0.0,0.0,-134.5,-252.86000061035156,-67.25,0.0
1780956679293709987,114918,1780956679202213649,base_link,wheel_left_joint,wheel_right_joint,joint1,joint2,joint3,joint4,gripper,0.006135923787951469,0.0,-0.21475732326507568,0.04141748324036598,0.33900976181030273,-0.42951464653015137,0.0,0.0,0.0,-0.023980824276804924,0.23980824649333954,-0.16786576807498932,-0.11990412324666977,0.0,0.0,0.0,0.0,-156.02000427246094,-285.1400146484375,-102.22000122070312,0.0
1780956679329328459,114919,1780956679302213649,base_link,wheel_left_joint,wheel_right_joint,joint1,joint2,joint3,joint4,gripper,0.006135923787951469,0.0,-0.21629129350185394,0.06596117466688156,0.3267379105091095,-0.4448544383049011,0.0,0.0,0.0,-0.023980824276804924,0.21582742035388947,-0.0959232971072197,-0.11990412324666977,0.0,0.0,0.0,0.0,-147.9499969482422,-303.9700012207031,-83.38999938964844,0.0
1780956679428681682,114920,1780956679336213649,base_link,wheel_left_joint,wheel_right_joint,joint1,joint2,joint3,joint4,gripper,0.006135923787951469,0.0,-0.21935926377773285,0.07363107800483704,0.3221359848976135,-0.4494563937187195,0.0,0.0,0.0,-0.023980824276804924,0.21582742035388947,-0.11990412324666977,-0.14388494193553925,0.0,0.0,0.0,0.0,-142.57000732421875,-285.1400146484375,-91.45999908447266,0.0
1780956679466418792,114921,1780956679486780965,base_link,wheel_left_joint,wheel_right_joint,joint1,joint2,joint3,joint4,gripper,0.006135923787951469,-0.0015339809469878674,-0.2208932340145111,0.09817477315664291,0.3098641335964203,-0.46479618549346924,0.0,0.0,-0.015187930315732956,-0.023980824276804924,0.23980824649333954,-0.11990412324666977,-0.14388494193553925,0.0,0.0,0.0,0.0,-145.260009765625,-312.0400085449219,-80.70000457763672,0.0
1780956679558118386,114922,1780956679520780965,base_link,wheel_left_joint,wheel_right_joint,joint1,joint2,joint3,joint4,gripper,0.006135923787951469,0.0,-0.22242721915245056,0.10737866163253784,0.30526217818260193,-0.47093212604522705,0.0,0.0,0.04511708766222,-0.023980824276804924,0.21582742035388947,-0.11990412324666977,-0.14388494193553925,0.0,0.0,0.0,-5.380000114440918,-145.260009765625,-301.2799987792969,-78.01000213623047,0.0
1780956679596729698,114923,1780956679618780965,base_link,wheel_left_joint,wheel_right_joint,joint1,joint2,joint3,joint4,gripper,0.006135923787951469,0.0,-0.22549518942832947,0.1288543939590454,0.2883884012699127,-0.48473793268203735,0.0,0.0,0.0,-0.023980824276804924,0.21582742035388947,-0.14388494193553925,-0.14388494193553925,0.0,0.0,0.0,0.0,-118.36000061035156,-279.760009765625,-83.38999938964844,0.0
1780956679694209491,114924,1780956679652780965,base_link,wheel_left_joint,wheel_right_joint,joint1,joint2,joint3,joint4,gripper,0.006135923787951469,0.0,-0.22702915966510773,0.13805827498435974,0.28378644585609436,-0.49087387323379517,0.0,0.0,0.0,-0.023980824276804924,0.23980824649333954,-0.14388494193553925,-0.14388494193553925,0.0,0.0,0.0,0.0,-131.80999755859375,-287.83001708984375,-86.08000183105469,0.0
1780956679730810367,114925,1780956679749780965,base_link,wheel_left_joint,wheel_right_joint,joint1,joint2,joint3,joint4,gripper,0.006135923787951469,-0.0015339809469878674,-0.22856314480304718,0.16106799244880676,0.2730485796928406,-0.5046796798706055,0.0,0.0,-0.01581423729658127,-0.023980824276804924,0.23980824649333954,-0.11990412324666977,-0.14388494193553925,0.0,0.0,0.0,0.0,-139.8800048828125,-301.2799987792969,-72.6300048828125,0.0
1780956679826811457,114926,1780956679783780965,base_link,wheel_left_joint,wheel_right_joint,joint1,joint2,joint3,joint4,gripper,0.006135923787951469,0.0,-0.23009712994098663,0.1702718734741211,0.26691266894340515,-0.5092816352844238,0.0,0.0,0.04511708766222,-0.023980824276804924,0.23980824649333954,-0.11990412324666977,-0.14388494193553925,0.0,0.0,0.0,-8.069999694824219,-142.57000732421875,-269.0,-86.08000183105469,0.0
1780956679862706854,114927,1780956679883780965,base_link,wheel_left_joint,wheel_right_joint,joint1,joint2,joint3,joint4,gripper,0.006135923787951469,0.0,-0.23316508531570435,0.19328159093856812,0.251572847366333,-0.5246214270591736,0.0,0.0,0.0,-0.023980824276804924,0.21582742035388947,-0.14388494193553925,-0.14388494193553925,0.0,0.0,0.0,-5.380000114440918,-142.57000732421875,-285.1400146484375,-72.6300048828125,0.0
1780956679957467871,114928,1780956679917780965,base_link,wheel_left_joint,wheel_right_joint,joint1,joint2,joint3,joint4,gripper,0.006135923787951469,0.0,-0.2346990704536438,0.20248547196388245,0.24697090685367584,-0.5292233824729919,0.0,0.0,0.0,-0.023980824276804924,0.21582742035388947,-0.11990412324666977,-0.14388494193553925,0.0,0.0,0.0,0.0,-134.5,-260.92999267578125,-91.45999908447266,0.0
1780956679983321988,114929,1780956680007780965,base_link,wheel_left_joint,wheel_right_joint,joint1,joint2,joint3,joint4,gripper,0.006135923787951469,-0.0015339809469878674,-0.2377670258283615,0.22549518942832947,0.23623304069042206,-0.5430291891098022,0.0,0.0,-0.01704423315823078,-0.023980824276804924,0.23980824649333954,-0.11990412324666977,-0.14388494193553925,0.0,0.0,0.0,0.0,-166.77999877929688,-293.2099914550781,-80.70000457763672,0.0
1780956680084914666,114930,1780956680041780965,base_link,wheel_left_joint,wheel_right_joint,joint1,joint2,joint3,joint4,gripper,0.006135923787951469,0.0,-0.2377670258283615,0.23316508531570435,0.23316508531570435,-0.5476311445236206,0.0,0.0,0.04511708766222,-0.023980824276804924,0.23980824649333954,-0.0959232971072197,-0.14388494193553925,0.0,0.0,0.0,-2.690000057220459,-180.23001098632812,-303.9700012207031,-88.77000427246094,0.0
1780956680126814032,114931,1780956680145780965,base_link,wheel_left_joint,wheel_right_joint,joint1,joint2,joint3,joint4,gripper,0.007669905200600624,0.0,-0.23930101096630096,0.24236896634101868,0.22396120429039001,-0.5583690404891968,0.0,0.014749817550182343,0.0,0.0,0.07194247096776962,-0.07194247096776962,-0.0959232971072197,0.0,0.0,0.0,-8.069999694824219,-156.02000427246094,-306.6600036621094,-80.70000457763672,0.0
1780956680222191276,114932,1780956680179780965,base_link,wheel_left_joint,wheel_right_joint,joint1,joint2,joint3,joint4,gripper,0.006135923787951469,0.0,-0.23930101096630096,0.24236896634101868,0.22396120429039001,-0.5583690404891968,0.0,-0.04511708766222,0.0,0.0,0.0,-0.023980824276804924,-0.04796164855360985,0.0,0.0,0.0,-8.069999694824219,-156.02000427246094,-309.3500061035156,-80.70000457763672,0.0
1780956680258602889,114933,1780956680280780965,base_link,wheel_left_joint,wheel_right_joint,joint1,joint2,joint3,joint4,gripper,0.006135923787951469,0.0,-0.24083499610424042,0.24236896634101868,0.22396120429039001,-0.5599030256271362,0.0,0.0,0.0,0.0,0.0,0.0,0.0,0.0,0.0,0.0,-8.069999694824219,-156.02000427246094,-306.6600036621094,-72.6300048828125,0.0
1780956680349875968,114934,1780956680314780965,base_link,wheel_left_joint,wheel_right_joint,joint1,joint2,joint3,joint4,gripper,0.006135923787951469,0.0,-0.24083499610424042,0.24236896634101868,0.22396120429039001,-0.5599030256271362,0.0,0.0,0.0,0.0,0.0,0.0,0.0,0.0,0.0,0.0,-5.380000114440918,-150.63999938964844,-306.6600036621094,-67.25,0.0
1780956680387291497,114935,1780956680412780965,base_link,wheel_left_joint,wheel_right_joint,joint1,joint2,joint3,joint4,gripper,0.006135923787951469,0.0,-0.23930101096630096,0.24236896634101868,0.22396120429039001,-0.5599030256271362,0.0,0.0,0.0,0.0,0.0,0.0,0.0,0.0,0.0,0.0,-5.380000114440918,-153.3300018310547,-306.6600036621094,-78.01000213623047,0.0
1780956680478135835,114936,1780956680446780965,base_link,wheel_left_joint,wheel_right_joint,joint1,joint2,joint3,joint4,gripper,0.006135923787951469,-0.0015339809469878674,-0.23930101096630096,0.24236896634101868,0.22549518942832947,-0.5583690404891968,0.0,0.0,-0.04511708766222,0.0,0.0,0.0,0.0,0.0,0.0,0.0,-8.069999694824219,-153.3300018310547,-306.6600036621094,-69.94000244140625,0.0
1780956680515594085,114937,1780956680542780965,base_link,wheel_left_joint,wheel_right_joint,joint1,joint2,joint3,joint4,gripper,0.006135923787951469,0.0,-0.23930101096630096,0.24236896634101868,0.22396120429039001,-0.5583690404891968,0.0,0.0,0.015978969633579254,0.0,0.0,0.0,0.0,0.0,0.0,0.0,-5.380000114440918,-158.7100067138672,-306.6600036621094,-72.6300048828125,0.0
1780956680610150127,114938,1780956680577780965,base_link,wheel_left_joint,wheel_right_joint,joint1,joint2,joint3,joint4,gripper,0.006135923787951469,-0.0015339809469878674,-0.24083499610424042,0.24236896634101868,0.22549518942832947,-0.5599030256271362,0.0,0.0,-0.043828029185533524,0.0,0.0,0.0,0.0,0.0,0.0,0.0,-8.069999694824219,-115.67000579833984,-336.25,-112.9800033569336,0.0
1780956680657170032,114939,1780956680672780965,base_link,wheel_left_joint,wheel_right_joint,joint1,joint2,joint3,joint4,gripper,0.006135923787951469,0.0,-0.24236896634101868,0.2592427730560303,0.21015536785125732,-0.5706408619880676,0.0,0.0,0.01614716835319996,0.0,0.16786576807498932,-0.14388494193553925,-0.11990412324666977,0.0,0.0,0.0,0.0,-156.02000427246094,-252.86000061035156,-86.08000183105469,0.0
1780956680754370273,114940,1780956680706780965,base_link,wheel_left_joint,wheel_right_joint,joint1,joint2,joint3,joint4,gripper,0.006135923787951469,0.0,-0.24390295147895813,0.26691266894340515,0.20555342733860016,-0.5767768025398254,0.0,0.0,0.0,-0.023980824276804924,0.21582742035388947,-0.16786576807498932,-0.14388494193553925,0.0,0.0,0.0,0.0,-137.19000244140625,-279.760009765625,-91.45999908447266,0.0
1780956680782016900,114941,1780956680806780965,base_link,wheel_left_joint,wheel_right_joint,joint1,joint2,joint3,joint4,gripper,0.006135923787951469,-0.0015339809469878674,-0.24697090685367584,0.2914563715457916,0.19328159093856812,-0.5921165943145752,0.0,0.0,-0.015339810401201248,-0.023980824276804924,0.21582742035388947,-0.0959232971072197,-0.14388494193553925,0.0,0.0,0.0,-5.380000114440918,-158.7100067138672,-293.2099914550781,-80.70000457763672,0.0
1780956680875530560,114942,1780956680840780965,base_link,wheel_left_joint,wheel_right_joint,joint1,joint2,joint3,joint4,gripper,0.006135923787951469,-0.0015339809469878674,-0.2485048919916153,0.30066025257110596,0.18867963552474976,-0.598252534866333,0.0,0.0,0.0,-0.023980824276804924,0.23980824649333954,-0.11990412324666977,-0.14388494193553925,0.0,0.0,0.0,0.0,-190.99000549316406,-293.2099914550781,-72.6300048828125,0.0
1780956680911493883,114943,1780956680938780965,base_link,wheel_left_joint,wheel_right_joint,joint1,joint2,joint3,joint4,gripper,0.006135923787951469,0.0,-0.25003886222839355,0.323669970035553,0.17487381398677826,-0.6135923266410828,0.0,0.0,0.015652867034077644,-0.023980824276804924,0.21582742035388947,-0.14388494193553925,-0.14388494193553925,0.0,0.0,0.0,-2.690000057220459,-185.61000061035156,-269.0,-69.94000244140625,0.0
1780956681005127076,114944,1780956680972780965,base_link,wheel_left_joint,wheel_right_joint,joint1,joint2,joint3,joint4,gripper,0.006135923787951469,-0.0015339809469878674,-0.251572847366333,0.33133986592292786,0.1702718734741211,-0.6181942820549011,0.0,0.0,-0.04511708766222,-0.023980824276804924,0.21582742035388947,-0.14388494193553925,-0.14388494193553925,0.0,0.0,0.0,0.0,-199.05999755859375,-282.45001220703125,-80.70000457763672,0.0
1780956681041258004,114945,1780956681068780965,base_link,wheel_left_joint,wheel_right_joint,joint1,joint2,joint3,joint4,gripper,0.006135923787951469,0.0,-0.2546408176422119,0.35588353872299194,0.15800002217292786,-0.6335340738296509,0.0,0.0,0.015978969633579254,-0.023980824276804924,0.21582742035388947,-0.11990412324666977,-0.14388494193553925,0.0,0.0,0.0,0.0,-199.05999755859375,-290.52001953125,-83.38999938964844,0.0
1780956681096409518,114946,1780956681102780965,base_link,wheel_left_joint,wheel_right_joint,joint1,joint2,joint3,joint4,gripper,0.006135923787951469,0.0,-0.2546408176422119,0.36508744955062866,0.1533980816602707,-0.6396700143814087,0.0,0.0,0.0,-0.023980824276804924,0.21582742035388947,-0.11990412324666977,-0.14388494193553925,0.0,0.0,0.0,-8.069999694824219,-190.99000549316406,-303.9700012207031,-67.25,0.0
1780956681121970961,114947,1780956681176780965,base_link,wheel_left_joint,wheel_right_joint,joint1,joint2,joint3,joint4,gripper,0.006135923787951469,0.0,-0.2577087879180908,0.38196122646331787,0.1426602154970169,-0.6504078507423401,0.0,0.0,0.0,-0.023980824276804924,0.21582742035388947,-0.11990412324666977,-0.14388494193553925,0.0,0.0,0.0,0.0,-207.1300048828125,-279.760009765625,-86.08000183105469,0.0
1780956681178761255,114948,1780956681210780965,base_link,wheel_left_joint,wheel_right_joint,joint1,joint2,joint3,joint4,gripper,0.006135923787951469,0.0,-0.2592427730560303,0.38963112235069275,0.1365242898464203,-0.6550098061561584,0.0,0.0,0.0,-0.023980824276804924,0.21582742035388947,-0.14388494193553925,-0.14388494193553925,0.0,0.0,0.0,-2.690000057220459,-193.6800079345703,-266.30999755859375,-88.77000427246094,0.0
1780956681207254245,114949,1780956681258780965,base_link,wheel_left_joint,wheel_right_joint,joint1,joint2,joint3,joint4,gripper,0.006135923787951469,0.0,-0.26077672839164734,0.40036898851394653,0.13038836419582367,-0.6626797318458557,0.0,0.0,0.0,-0.023980824276804924,0.21582742035388947,-0.14388494193553925,-0.14388494193553925,0.0,0.0,0.0,-5.380000114440918,-177.54000854492188,-287.83001708984375,-86.08000183105469,0.0
1780956681267020733,114950,1780956681292780965,base_link,wheel_left_joint,wheel_right_joint,joint1,joint2,joint3,joint4,gripper,0.006135923787951469,0.0,-0.26077672839164734,0.4080389142036438,0.12425244599580765,-0.6688156127929688,0.0,0.0,0.0,-0.023980824276804924,0.1918465942144394,-0.14388494193553925,-0.14388494193553925,0.0,0.0,0.0,0.0,-150.63999938964844,-266.30999755859375,-69.94000244140625,0.0
1780956681291475678,114951,1780956681340780965,base_link,wheel_left_joint,wheel_right_joint,joint1,joint2,joint3,joint4,gripper,0.006135923787951469,-0.0015339809469878674,-0.2623107135295868,0.4187767803668976,0.11811652034521103,-0.676485538482666,0.0,0.0,-0.03195793926715851,-0.023980824276804924,0.21582742035388947,-0.11990412324666977,-0.14388494193553925,0.0,0.0,0.0,0.0,-188.3000030517578,-277.07000732421875,-67.25,0.0
1780956681346841870,114952,1780956681374780965,base_link,wheel_left_joint,wheel_right_joint,joint1,joint2,joint3,joint4,gripper,0.006135923787951469,-0.0015339809469878674,-0.26384469866752625,0.42644667625427246,0.11351457983255386,-0.6810874938964844,0.0,0.0,0.0,-0.023980824276804924,0.21582742035388947,-0.11990412324666977,-0.14388494193553925,0.0,0.0,0.0,-2.690000057220459,-201.75,-277.07000732421875,-88.77000427246094,0.0
1780956681370898025,114953,1780956681428780965,base_link,wheel_left_joint,wheel_right_joint,joint1,joint2,joint3,joint4,gripper,0.006135923787951469,0.0,-0.2653786838054657,0.44025251269340515,0.10737866163253784,-0.6887574195861816,0.0,0.0,0.028407055884599686,-0.023980824276804924,0.23980824649333954,-0.11990412324666977,-0.14388494193553925,0.0,0.0,0.0,-13.450000762939453,-190.99000549316406,-298.5899963378906,-83.38999938964844,0.0
1780956681428993182,114954,1780956681462780965,base_link,wheel_left_joint,wheel_right_joint,joint1,joint2,joint3,joint4,gripper,0.006135923787951469,0.0,-0.2653786838054657,0.4494563937187195,0.10277671366930008,-0.6948933005332947,0.0,0.0,0.0,-0.023980824276804924,0.21582742035388947,-0.11990412324666977,-0.14388494193553925,0.0,0.0,0.0,-5.380000114440918,-207.1300048828125,-285.1400146484375,-94.1500015258789,0.0
1780956681458189456,114955,1780956681511780965,base_link,wheel_left_joint,wheel_right_joint,joint1,joint2,joint3,joint4,gripper,0.006135923787951469,0.0,-0.2684466540813446,0.46019425988197327,0.0951068103313446,-0.7010292410850525,0.0,0.0,0.0,0.0,0.21582742035388947,-0.14388494193553925,-0.14388494193553925,0.0,0.0,0.0,0.0,-209.82000732421875,-250.1699981689453,-78.01000213623047,0.0
1780956681514531234,114956,1780956681545780965,base_link,wheel_left_joint,wheel_right_joint,joint1,joint2,joint3,joint4,gripper,0.006135923787951469,0.0,-0.2684466540813446,0.4663301706314087,0.09050486981868744,-0.7040972113609314,0.0,0.0,0.0,-0.023980824276804924,0.21582742035388947,-0.14388494193553925,-0.11990412324666977,0.0,0.0,0.0,0.0,-234.02999877929688,-252.86000061035156,-86.08000183105469,0.0
1780956681542063679,114957,1780956681597780965,base_link,wheel_left_joint,wheel_right_joint,joint1,joint2,joint3,joint4,gripper,0.006135923787951469,0.0,-0.2684466540813446,0.4693981409072876,0.09050486981868744,-0.7056311964988708,0.0,0.0,0.0,0.0,0.0959232971072197,-0.04796164855360985,-0.023980824276804924,0.0,0.0,0.0,-8.069999694824219,-212.510009765625,-274.3800048828125,-75.31999969482422,0.0
1780956681634954657,114958,1780956681631780965,base_link,wheel_left_joint,wheel_right_joint,joint1,joint2,joint3,joint4,gripper,0.006135923787951469,0.0,-0.2684466540813446,0.4693981409072876,0.09050486981868744,-0.7040972113609314,0.0,0.0,0.0,0.0,0.023980824276804924,0.0,0.0,0.0,0.0,0.0,-8.069999694824219,-199.05999755859375,-277.07000732421875,-80.70000457763672,0.0
1780956681680694813,114959,1780956681703780965,base_link,wheel_left_joint,wheel_right_joint,joint1,joint2,joint3,joint4,gripper,0.006135923787951469,0.0,-0.26998063921928406,0.4724660813808441,0.08743690699338913,-0.7102331519126892,0.0,0.0,0.0,0.0,0.023980824276804924,-0.023980824276804924,-0.023980824276804924,0.0,0.0,0.0,0.0,-182.9199981689453,-263.6199951171875,-88.77000427246094,0.0
1780956681777816362,114960,1780956681737780965,base_link,wheel_left_joint,wheel_right_joint,joint1,joint2,joint3,joint4,gripper,0.006135923787951469,0.0,-0.2715145945549011,0.4801360070705414,0.08130098134279251,-0.7148350477218628,0.0,0.0,0.0,0.0,0.0959232971072197,-0.0959232971072197,-0.0959232971072197,0.0,0.0,0.0,-2.690000057220459,-180.23001098632812,-242.10000610351562,-61.87000274658203,0.0
1780956681814047909,114961,1780956681830780965,base_link,wheel_left_joint,wheel_right_joint,joint1,joint2,joint3,joint4,gripper,0.006135923787951469,-0.0015339809469878674,-0.2730485796928406,0.5046796798706055,0.07056311517953873,-0.7286409139633179,0.0,0.0,-0.016494419425725937,-0.023980824276804924,0.23980824649333954,-0.11990412324666977,-0.14388494193553925,0.0,0.0,0.0,-10.760000228881836,-212.510009765625,-293.2099914550781,-88.77000427246094,0.0
1780956681907751544,114962,1780956681864780965,base_link,wheel_left_joint,wheel_right_joint,joint1,joint2,joint3,joint4,gripper,0.006135923787951469,0.0,-0.27458256483078003,0.5123496055603027,0.06596117466688156,-0.7347767949104309,0.0,0.0,0.04511708766222,-0.023980824276804924,0.2637890577316284,-0.0959232971072197,-0.14388494193553925,0.0,0.0,0.0,0.0,-244.79000854492188,-295.8999938964844,-88.77000427246094,0.0
1780956681948303697,114963,1780956681961780965,base_link,wheel_left_joint,wheel_right_joint,joint1,joint2,joint3,joint4,gripper,0.006135923787951469,-0.0015339809469878674,-0.27765053510665894,0.5338253378868103,0.05368933081626892,-0.748582661151886,0.0,0.0,-0.01581423729658127,0.0,0.21582742035388947,-0.11990412324666977,-0.14388494193553925,0.0,0.0,0.0,-2.690000057220459,-193.6800079345703,-269.0,-83.38999938964844,0.0
1780956682043227473,114964,1780956681995780965,base_link,wheel_left_joint,wheel_right_joint,joint1,joint2,joint3,joint4,gripper,0.006135923787951469,-0.0015339809469878674,-0.2791845202445984,0.5430291891098022,0.0475534051656723,-0.7531846165657043,0.0,0.0,0.0,-0.023980824276804924,0.21582742035388947,-0.14388494193553925,-0.14388494193553925,0.0,0.0,0.0,-5.380000114440918,-180.23001098632812,-255.5500030517578,-61.87000274658203,0.0
1780956682072997339,114965,1780956682057546365,base_link,wheel_left_joint,wheel_right_joint,joint1,joint2,joint3,joint4,gripper,0.006135923787951469,-0.0015339809469878674,-0.2822524607181549,0.5675728917121887,0.03374757990241051,-0.7685244083404541,0.0,0.0,0.0,-0.023980824276804924,0.23980824649333954,-0.11990412324666977,-0.14388494193553925,0.0,0.0,0.0,-10.760000228881836,-196.37001037597656,-266.30999755859375,-91.45999908447266,0.0
1780956682173006577,114966,1780956682091546365,base_link,wheel_left_joint,wheel_right_joint,joint1,joint2,joint3,joint4,gripper,0.006135923787951469,0.0,-0.28378644585609436,0.575242817401886,0.029145635664463043,-0.7746603488922119,0.0,0.0,0.04511708766222,-0.023980824276804924,0.23980824649333954,-0.11990412324666977,-0.14388494193553925,0.0,0.0,0.0,-2.690000057220459,-199.05999755859375,-293.2099914550781,-78.01000213623047,0.0
1780956682217515931,114967,1780956682193546365,base_link,wheel_left_joint,wheel_right_joint,joint1,joint2,joint3,joint4,gripper,0.006135923787951469,0.0,-0.2853204309940338,0.5997865200042725,0.015339808538556099,-0.7900001406669617,0.0,0.0,0.0,-0.023980824276804924,0.23980824649333954,-0.11990412324666977,-0.14388494193553925,0.0,0.0,0.0,0.0,-209.82000732421875,-271.69000244140625,-80.70000457763672,0.0
1780956682311905993,114968,1780956682227546365,base_link,wheel_left_joint,wheel_right_joint,joint1,joint2,joint3,joint4,gripper,0.006135923787951469,0.0,-0.28685441613197327,0.6089903712272644,0.00920388475060463,-0.7961360216140747,0.0,0.0,0.0,-0.023980824276804924,0.23980824649333954,-0.14388494193553925,-0.14388494193553925,0.0,0.0,0.0,0.0,-223.27000427246094,-247.48001098632812,-75.31999969482422,0.0
1780956682341868719,114969,1780956682325546365,base_link,wheel_left_joint,wheel_right_joint,joint1,joint2,joint3,joint4,gripper,0.006135923787951469,-0.0015339809469878674,-0.2899223864078522,0.6335340738296509,-0.004601942375302315,-0.8099418878555298,0.0,0.0,-0.015652867034077644,-0.023980824276804924,0.23980824649333954,-0.14388494193553925,-0.14388494193553925,0.0,0.0,0.0,0.0,-215.20001220703125,-239.41000366210938,-88.77000427246094,0.0
1780956682436094605,114970,1780956682359546365,base_link,wheel_left_joint,wheel_right_joint,joint1,joint2,joint3,joint4,gripper,0.006135923787951469,-0.0015339809469878674,-0.2914563715457916,0.6396700143814087,-0.010737866163253784,-0.8160778284072876,0.0,0.0,0.0,-0.023980824276804924,0.23980824649333954,-0.14388494193553925,-0.14388494193553925,0.0,0.0,0.0,-5.380000114440918,-225.9600067138672,-258.239990234375,-72.6300048828125,0.0
1780956682473752260,114971,1780956682459546365,base_link,wheel_left_joint,wheel_right_joint,joint1,joint2,joint3,joint4,gripper,0.006135923787951469,-0.0015339809469878674,-0.2929903268814087,0.6626797318458557,-0.023009711876511574,-0.8314176201820374,0.0,0.0,0.0,-0.023980824276804924,0.21582742035388947,-0.11990412324666977,-0.14388494193553925,0.0,0.0,0.0,-8.069999694824219,-217.88999938964844,-266.30999755859375,-91.45999908447266,0.0
1780956682568490076,114972,1780956682493546365,base_link,wheel_left_joint,wheel_right_joint,joint1,joint2,joint3,joint4,gripper,0.006135923787951469,-0.0015339809469878674,-0.29452431201934814,0.6703495979309082,-0.02761165425181389,-0.8360195755958557,0.0,0.0,0.0,0.0,0.21582742035388947,-0.11990412324666977,-0.14388494193553925,0.0,0.0,0.0,-2.690000057220459,-207.1300048828125,-252.86000061035156,-83.38999938964844,0.0
1780956682614465993,114973,1780956682591546365,base_link,wheel_left_joint,wheel_right_joint,joint1,joint2,joint3,joint4,gripper,0.006135923787951469,0.0,-0.29759228229522705,0.6887574195861816,-0.04141748324036598,-0.8482913970947266,0.0,0.0,0.015652867034077644,-0.023980824276804924,0.1918465942144394,-0.14388494193553925,-0.11990412324666977,0.0,0.0,0.0,0.0,-209.82000732421875,-266.30999755859375,-88.77000427246094,0.0
1780956682710989759,114974,1780956682625546365,base_link,wheel_left_joint,wheel_right_joint,joint1,joint2,joint3,joint4,gripper,0.006135923787951469,-0.0015339809469878674,-0.29759228229522705,0.6902913451194763,-0.04141748324036598,-0.8482913970947266,0.0,0.0,-0.04511708766222,-0.023980824276804924,0.0959232971072197,-0.07194247096776962,-0.04796164855360985,0.0,0.0,0.0,-13.450000762939453,-223.27000427246094,-269.0,-99.52999877929688,0.0
1780956682740149030,114975,1780956682723546365,base_link,wheel_left_joint,wheel_right_joint,joint1,joint2,joint3,joint4,gripper,0.006135923787951469,-0.0015339809469878674,-0.2991262674331665,0.6902913451194763,-0.04141748324036598,-0.849825382232666,0.0,0.0,0.0,0.0,0.0,0.0,0.0,0.0,0.0,0.0,-5.380000114440918,-220.5800018310547,-263.6199951171875,-78.01000213623047,0.0
1780956682834806974,114976,1780956682757546365,base_link,wheel_left_joint,wheel_right_joint,joint1,joint2,joint3,joint4,gripper,0.006135923787951469,-0.0015339809469878674,-0.2991262674331665,0.6902913451194763,-0.04141748324036598,-0.849825382232666,0.0,0.0,0.0,0.0,0.0,0.0,0.0,0.0,0.0,0.0,-5.380000114440918,-223.27000427246094,-269.0,-86.08000183105469,0.0
1780956682871358835,114977,1780956682855546365,base_link,wheel_left_joint,wheel_right_joint,joint1,joint2,joint3,joint4,gripper,0.006135923787951469,-0.0015339809469878674,-0.2991262674331665,0.6902913451194763,-0.04141748324036598,-0.849825382232666,0.0,0.0,0.0,0.0,0.0,0.0,0.0,0.0,0.0,0.0,-8.069999694824219,-217.88999938964844,-269.0,-69.94000244140625,0.0
1780956682966836334,114978,1780956682889546365,base_link,wheel_left_joint,wheel_right_joint,joint1,joint2,joint3,joint4,gripper,0.006135923787951469,-0.0015339809469878674,-0.2991262674331665,0.6902913451194763,-0.04141748324036598,-0.849825382232666,0.0,0.0,0.0,0.0,0.0,0.0,0.0,0.0,0.0,0.0,-8.069999694824219,-223.27000427246094,-269.0,-69.94000244140625,0.0
1780956683003398913,114979,1780956682984546365,base_link,wheel_left_joint,wheel_right_joint,joint1,joint2,joint3,joint4,gripper,0.006135923787951469,0.0,-0.2991262674331665,0.6902913451194763,-0.04141748324036598,-0.8482913970947266,0.0,0.0,0.01614716835319996,0.0,0.0,0.0,0.0,0.0,0.0,0.0,-10.760000228881836,-223.27000427246094,-269.0,-69.94000244140625,0.0
1780956683097095143,114980,1780956683018546365,base_link,wheel_left_joint,wheel_right_joint,joint1,joint2,joint3,joint4,gripper,0.006135923787951469,-0.0015339809469878674,-0.2991262674331665,0.6902913451194763,-0.04141748324036598,-0.849825382232666,0.0,0.0,-0.04511708766222,0.0,0.0,0.0,0.0,0.0,0.0,0.0,-8.069999694824219,-223.27000427246094,-271.69000244140625,-75.31999969482422,0.0
1780956683133858044,114981,1780956683110546365,base_link,wheel_left_joint,wheel_right_joint,joint1,joint2,joint3,joint4,gripper,0.006135923787951469,0.0,-0.2991262674331665,0.6902913451194763,-0.04141748324036598,-0.849825382232666,0.0,0.0,0.016673706471920013,0.0,0.0,0.0,0.0,0.0,0.0,0.0,-8.069999694824219,-223.27000427246094,-271.69000244140625,-72.6300048828125,0.0
1780956683233876309,114982,1780956683145546365,base_link,wheel_left_joint,wheel_right_joint,joint1,joint2,joint3,joint4,gripper,0.006135923787951469,-0.0015339809469878674,-0.30066025257110596,0.6902913451194763,-0.04141748324036598,-0.849825382232666,0.0,0.0,-0.043828029185533524,0.0,0.0,0.0,0.0,0.0,0.0,0.0,-8.069999694824219,-156.02000427246094,-312.0400085449219,-107.60000610351562,0.0
1780956683264798252,114983,1780956683242546365,base_link,wheel_left_joint,wheel_right_joint,joint1,joint2,joint3,joint4,gripper,0.006135923787951469,-0.0015339809469878674,-0.3037281930446625,0.7102331519126892,-0.05522330850362778,-0.8620972037315369,0.0,0.0,0.0,0.0,0.1918465942144394,-0.14388494193553925,-0.11990412324666977,0.0,0.0,0.0,0.0,-209.82000732421875,-244.79000854492188,-94.1500015258789,0.0
1780956683358741432,114984,1780956683276546365,base_link,wheel_left_joint,wheel_right_joint,joint1,joint2,joint3,joint4,gripper,0.006135923787951469,-0.0015339809469878674,-0.3037281930446625,0.7194370031356812,-0.058291271328926086,-0.8682331442832947,0.0,0.0,0.0,-0.023980824276804924,0.21582742035388947,-0.14388494193553925,-0.11990412324666977,0.0,0.0,0.0,0.0,-239.41000366210938,-263.6199951171875,-94.1500015258789,0.0
1780956683396673203,114985,1780956683378546365,base_link,wheel_left_joint,wheel_right_joint,joint1,joint2,joint3,joint4,gripper,0.006135923787951469,0.0,-0.3067961633205414,0.7470486760139465,-0.06902913749217987,-0.8835729360580444,0.0,0.0,0.015039029531180859,0.0,0.23980824649333954,-0.0959232971072197,-0.11990412324666977,0.0,0.0,0.0,-10.760000228881836,-239.41000366210938,-260.92999267578125,-86.08000183105469,0.0
1780956683491956918,114986,1780956683412546365,base_link,wheel_left_joint,wheel_right_joint,joint1,joint2,joint3,joint4,gripper,0.006135923787951469,-0.0015339809469878674,-0.3067961633205414,0.754718542098999,-0.07669904083013535,-0.8881748914718628,0.0,0.0,-0.04511708766222,0.0,0.21582742035388947,-0.14388494193553925,-0.14388494193553925,0.0,0.0,0.0,-5.380000114440918,-244.79000854492188,-244.79000854492188,-72.6300048828125,0.0
1780956683529171721,114987,1780956683510546365,base_link,wheel_left_joint,wheel_right_joint,joint1,joint2,joint3,joint4,gripper,0.006135923787951469,0.0,-0.31139811873435974,0.7761942744255066,-0.0920388475060463,-0.9035146832466125,0.0,0.0,0.015652867034077644,-0.023980824276804924,0.21582742035388947,-0.14388494193553925,-0.14388494193553925,0.0,0.0,0.0,0.0,-231.3400115966797,-250.1699981689453,-83.38999938964844,0.0
1780956683624384183,114988,1780956683544546365,base_link,wheel_left_joint,wheel_right_joint,joint1,joint2,joint3,joint4,gripper,0.006135923787951469,-0.0015339809469878674,-0.31139811873435974,0.7853981852531433,-0.0951068103313446,-0.9081166386604309,0.0,0.0,-0.04511708766222,-0.023980824276804924,0.21582742035388947,-0.11990412324666977,-0.14388494193553925,0.0,0.0,0.0,0.0,-244.79000854492188,-282.45001220703125,-72.6300048828125,0.0
1780956683669970623,114989,1780956683643546365,base_link,wheel_left_joint,wheel_right_joint,joint1,joint2,joint3,joint4,gripper,0.006135923787951469,0.0,-0.31446605920791626,0.8068739175796509,-0.10737866163253784,-0.921922504901886,0.0,0.0,0.01549475733190775,-0.023980824276804924,0.21582742035388947,-0.0959232971072197,-0.11990412324666977,0.0,0.0,0.0,-5.380000114440918,-215.20001220703125,-266.30999755859375,-80.70000457763672,0.0
1780956683763326412,114990,1780956683677546365,base_link,wheel_left_joint,wheel_right_joint,joint1,joint2,joint3,joint4,gripper,0.006135923787951469,0.0,-0.3160000443458557,0.8145438432693481,-0.11351457983255386,-0.928058385848999,0.0,0.0,0.0,-0.023980824276804924,0.21582742035388947,-0.11990412324666977,-0.14388494193553925,0.0,0.0,0.0,-5.380000114440918,-204.44000244140625,-250.1699981689453,-64.55999755859375,0.0
1780956683792703289,114991,1780956683774546365,base_link,wheel_left_joint,wheel_right_joint,joint1,joint2,joint3,joint4,gripper,0.006135923787951469,0.0,-0.3190680146217346,0.8360195755958557,-0.1288543939590454,-0.9433982372283936,0.0,0.0,0.0,-0.023980824276804924,0.21582742035388947,-0.14388494193553925,-0.14388494193553925,0.0,0.0,0.0,-10.760000228881836,-207.1300048828125,-228.65000915527344,-88.77000427246094,0.0
1780956683884589068,114992,1780956683808546365,base_link,wheel_left_joint,wheel_right_joint,joint1,joint2,joint3,joint4,gripper,0.006135923787951469,-0.0015339809469878674,-0.3190680146217346,0.8452234268188477,-0.13345633447170258,-0.9464661478996277,0.0,0.0,-0.04511708766222,-0.023980824276804924,0.21582742035388947,-0.14388494193553925,-0.14388494193553925,0.0,0.0,0.0,-5.380000114440918,-234.02999877929688,-250.1699981689453,-83.38999938964844,0.0
1780956683926014673,114993,1780956683905546365,base_link,wheel_left_joint,wheel_right_joint,joint1,joint2,joint3,joint4,gripper,0.006135923787951469,0.0,-0.3221359848976135,0.8697671294212341,-0.14419420063495636,-0.9618059992790222,0.0,0.0,0.01581423729658127,-0.023980824276804924,0.21582742035388947,-0.11990412324666977,-0.14388494193553925,0.0,0.0,0.0,-8.069999694824219,-231.3400115966797,-269.0,-88.77000427246094,0.0
1780956684016362491,114994,1780956683939546365,base_link,wheel_left_joint,wheel_right_joint,joint1,joint2,joint3,joint4,gripper,0.006135923787951469,-0.0015339809469878674,-0.3221359848976135,0.8774370551109314,-0.14879614114761353,-0.9664078950881958,0.0,0.0,-0.04511708766222,-0.023980824276804924,0.21582742035388947,-0.0959232971072197,-0.14388494193553925,0.0,0.0,0.0,-2.690000057220459,-252.86000061035156,-269.0,-83.38999938964844,0.0
1780956684058397479,114995,1780956684039546365,base_link,wheel_left_joint,wheel_right_joint,joint1,joint2,joint3,joint4,gripper,0.006135923787951469,-0.0015339809469878674,-0.32520392537117004,0.9004467725753784,-0.16566993296146393,-0.9817477464675903,0.0,0.0,0.0,-0.023980824276804924,0.23980824649333954,-0.14388494193553925,-0.14388494193553925,0.0,0.0,0.0,-13.450000762939453,-244.79000854492188,-234.02999877929688,-107.60000610351562,0.0
1780956684148696066,114996,1780956684073546365,base_link,wheel_left_joint,wheel_right_joint,joint1,joint2,joint3,joint4,gripper,0.006135923787951469,-0.0015339809469878674,-0.32827189564704895,0.9096506237983704,-0.1702718734741211,-0.9863497018814087,0.0,0.0,0.0,-0.023980824276804924,0.21582742035388947,-0.11990412324666977,-0.11990412324666977,0.0,0.0,0.0,-10.760000228881836,-269.0,-250.1699981689453,-88.77000427246094,0.0
1780956684188723931,114997,1780956684172546365,base_link,wheel_left_joint,wheel_right_joint,joint1,joint2,joint3,joint4,gripper,0.006135923787951469,0.0,-0.32827189564704895,0.9142525792121887,-0.17180585861206055,-0.9909515976905823,0.0,0.0,0.01549475733190775,0.0,0.023980824276804924,0.0,-0.023980824276804924,0.0,0.0,0.0,-10.760000228881836,-239.41000366210938,-250.1699981689453,-112.9800033569336,0.0
1780956684286974472,114998,1780956684206546365,base_link,wheel_left_joint,wheel_right_joint,joint1,joint2,joint3,joint4,gripper,0.006135923787951469,0.0,-0.32827189564704895,0.9142525792121887,-0.17180585861206055,-0.9909515976905823,0.0,0.0,0.0,0.0,0.0,0.0,0.0,0.0,0.0,0.0,-10.760000228881836,-236.72000122070312,-250.1699981689453,-110.29000091552734,0.0
1780956684325031147,114999,1780956684307546365,base_link,wheel_left_joint,wheel_right_joint,joint1,joint2,joint3,joint4,gripper,0.006135923787951469,0.0,-0.32827189564704895,0.9142525792121887,-0.17180585861206055,-0.9909515976905823,0.0,0.0,0.0,0.0,0.0,0.0,0.0,0.0,0.0,0.0,-10.760000228881836,-236.72000122070312,-250.1699981689453,-102.22000122070312,0.0
1780956684415566755,115000,1780956684341546365,base_link,wheel_left_joint,wheel_right_joint,joint1,joint2,joint3,joint4,gripper,0.006135923787951469,-0.0015339809469878674,-0.32827189564704895,0.9142525792121887,-0.17180585861206055,-0.9924855828285217,0.0,0.0,-0.04511708766222,0.0,0.0,0.0,0.0,0.0,0.0,0.0,-10.760000228881836,-234.02999877929688,-250.1699981689453,-102.22000122070312,0.0
1780956684461021475,115001,1780956684438546365,base_link,wheel_left_joint,wheel_right_joint,joint1,joint2,joint3,joint4,gripper,0.006135923787951469,0.0,-0.32827189564704895,0.9142525792121887,-0.1733398288488388,-0.9924855828285217,0.0,0.0,0.01581423729658127,0.0,0.0,0.0,0.0,0.0,0.0,0.0,-10.760000228881836,-239.41000366210938,-252.86000061035156,-102.22000122070312,0.0
1780956684559102479,115002,1780956684472546365,base_link,wheel_left_joint,wheel_right_joint,joint1,joint2,joint3,joint4,gripper,0.006135923787951469,-0.0015339809469878674,-0.32827189564704895,0.9142525792121887,-0.17180585861206055,-0.9924855828285217,0.0,0.0,-0.04511708766222,0.0,0.0,0.0,0.0,0.0,0.0,0.0,-10.760000228881836,-239.41000366210938,-252.86000061035156,-104.91000366210938,0.0
1780956684596426707,115003,1780956684567084062,base_link,wheel_left_joint,wheel_right_joint,joint1,joint2,joint3,joint4,gripper,0.006135923787951469,-0.0015339809469878674,-0.32827189564704895,0.9142525792121887,-0.17180585861206055,-0.9924855828285217,0.0,0.0,0.0,0.0,0.0,0.0,0.0,0.0,0.0,0.0,-8.069999694824219,-239.41000366210938,-247.48001098632812,-99.52999877929688,0.0
1780956684694769104,115004,1780956684602084062,base_link,wheel_left_joint,wheel_right_joint,joint1,joint2,joint3,joint4,gripper,0.006135923787951469,-0.0015339809469878674,-0.32827189564704895,0.9142525792121887,-0.1733398288488388,-0.9924855828285217,0.0,0.0,0.0,0.0,0.0,0.0,0.0,0.0,0.0,0.0,-10.760000228881836,-260.92999267578125,-247.48001098632812,-99.52999877929688,0.0
1780956684730015084,115005,1780956684703084062,base_link,wheel_left_joint,wheel_right_joint,joint1,joint2,joint3,joint4,gripper,0.006135923787951469,-0.0015339809469878674,-0.32827189564704895,0.9142525792121887,-0.17180585861206055,-0.9924855828285217,0.0,0.0,0.0,0.0,0.0,0.0,0.0,0.0,0.0,0.0,-10.760000228881836,-320.1100158691406,-234.02999877929688,-67.25,0.0
1780956684810850005,115006,1780956684737084062,base_link,wheel_left_joint,wheel_right_joint,joint1,joint2,joint3,joint4,gripper,0.006135923787951469,-0.0015339809469878674,-0.3298058807849884,0.9142525792121887,-0.17180585861206055,-0.9924855828285217,0.0,0.0,0.0,0.0,0.0,0.0,0.0,0.0,0.0,0.0,-8.069999694824219,-330.8699951171875,-220.5800018310547,-72.6300048828125,0.0
1780956684834658902,115007,1780956684836084062,base_link,wheel_left_joint,wheel_right_joint,joint1,joint2,joint3,joint4,gripper,0.006135923787951469,-0.0015339809469878674,-0.32827189564704895,0.9142525792121887,-0.1733398288488388,-0.9924855828285217,0.0,0.0,0.0,0.0,0.0,0.0,0.0,0.0,0.0,0.0,-10.760000228881836,-384.6700134277344,-207.1300048828125,-26.900001525878906,0.0
1780956684893300571,115008,1780956684870084062,base_link,wheel_left_joint,wheel_right_joint,joint1,joint2,joint3,joint4,gripper,0.006135923787951469,-0.0015339809469878674,-0.32827189564704895,0.9142525792121887,-0.1733398288488388,-0.9909515976905823,0.0,0.0,0.0,0.0,0.0,0.0,0.0,0.0,0.0,0.0,-2.690000057220459,-403.5,-188.3000030517578,-13.450000762939453,0.0
1780956684914333748,115009,1780956684924084062,base_link,wheel_left_joint,wheel_right_joint,joint1,joint2,joint3,joint4,gripper,0.006135923787951469,-0.0015339809469878674,-0.32827189564704895,0.9142525792121887,-0.1733398288488388,-0.9909515976905823,0.0,0.0,0.0,0.0,0.0,0.0,0.0,0.0,0.0,0.0,-2.690000057220459,-441.1600036621094,-180.23001098632812,-16.139999389648438,0.0
1780956684973071430,115010,1780956684958084062,base_link,wheel_left_joint,wheel_right_joint,joint1,joint2,joint3,joint4,gripper,0.006135923787951469,0.0,-0.32827189564704895,0.9142525792121887,-0.17180585861206055,-0.9894176125526428,0.0,0.0,0.04511708766222,0.0,0.0,0.0,0.0,0.0,0.0,0.0,-2.690000057220459,-459.9900207519531,-177.54000854492188,-13.450000762939453,0.0
1780956685002595311,115011,1780956685009084062,base_link,wheel_left_joint,wheel_right_joint,joint1,joint2,joint3,joint4,gripper,0.006135923787951469,-0.0015339809469878674,-0.32827189564704895,0.9142525792121887,-0.17180585861206055,-0.9894176125526428,0.0,0.0,-0.030078059062361717,0.0,0.0,0.0,0.0,0.0,0.0,0.0,-2.690000057220459,-478.82000732421875,-156.02000427246094,-26.900001525878906,0.0
1780956685059528274,115012,1780956685043084062,base_link,wheel_left_joint,wheel_right_joint,joint1,joint2,joint3,joint4,gripper,0.006135923787951469,-0.0015339809469878674,-0.32827189564704895,0.9142525792121887,-0.17180585861206055,-0.9878836274147034,0.0,0.0,0.0,0.0,0.0,0.0,0.023980824276804924,0.0,0.0,0.0,-2.690000057220459,-500.3399963378906,-139.8800048828125,-5.380000114440918,0.0
1780956685081731955,115013,1780956685090084062,base_link,wheel_left_joint,wheel_right_joint,joint1,joint2,joint3,joint4,gripper,0.006135923787951469,-0.0015339809469878674,-0.32827189564704895,0.9142525792121887,-0.17180585861206055,-0.9878836274147034,0.0,0.0,0.0,0.0,0.0,0.0,0.023980824276804924,0.0,0.0,0.0,-2.690000057220459,-443.8500061035156,-137.19000244140625,-16.139999389648438,0.0
1780956685140335852,115014,1780956685124084062,base_link,wheel_left_joint,wheel_right_joint,joint1,joint2,joint3,joint4,gripper,0.006135923787951469,-0.0015339809469878674,-0.32827189564704895,0.9142525792121887,-0.17180585861206055,-0.9863497018814087,0.0,0.0,0.0,0.0,0.0,0.0,0.023980824276804924,0.0,0.0,0.0,-2.690000057220459,-462.6800231933594,-126.43000030517578,-16.139999389648438,0.0
1780956685168552026,115015,1780956685172084062,base_link,wheel_left_joint,wheel_right_joint,joint1,joint2,joint3,joint4,gripper,0.006135923787951469,0.0,-0.32827189564704895,0.9142525792121887,-0.17180585861206055,-0.9848157167434692,0.0,0.0,0.03195793926715851,0.0,0.0,0.0,0.023980824276804924,0.0,0.0,0.0,0.0,-476.1300048828125,-104.91000366210938,-8.069999694824219,0.0
1780956685231432194,115016,1780956685206084062,base_link,wheel_left_joint,wheel_right_joint,joint1,joint2,joint3,joint4,gripper,0.006135923787951469,-0.0015339809469878674,-0.32827189564704895,0.9142525792121887,-0.17180585861206055,-0.9832817316055298,0.0,0.0,-0.04511708766222,0.0,0.0,0.0,0.0,0.0,0.0,0.0,0.0,-492.27001953125,-102.22000122070312,-16.139999389648438,0.0
1780956685255568315,115017,1780956685258084062,base_link,wheel_left_joint,wheel_right_joint,joint1,joint2,joint3,joint4,gripper,0.006135923787951469,0.0,-0.32827189564704895,0.9142525792121887,-0.17180585861206055,-0.9832817316055298,0.0,0.0,0.029499635100364685,0.0,0.0,0.0,0.0,0.0,0.0,0.0,0.0,-524.5499877929688,-94.1500015258789,-18.829999923706055,0.0
1780956685323618071,115018,1780956685292084062,base_link,wheel_left_joint,wheel_right_joint,joint1,joint2,joint3,joint4,gripper,0.006135923787951469,-0.0015339809469878674,-0.32827189564704895,0.9142525792121887,-0.17180585861206055,-0.9817477464675903,0.0,0.0,-0.04511708766222,0.0,0.0,0.0,0.0,0.0,0.0,0.0,0.0,-540.6900024414062,-94.1500015258789,-8.069999694824219,0.0
1780956685362280568,115019,1780956685344084062,base_link,wheel_left_joint,wheel_right_joint,joint1,joint2,joint3,joint4,gripper,0.006135923787951469,-0.0015339809469878674,-0.32827189564704895,0.9127185940742493,-0.1702718734741211,-0.9817477464675903,0.0,0.0,0.0,0.0,0.0,0.0,0.0,0.0,0.0,0.0,0.0,-529.9299926757812,-72.6300048828125,-16.139999389648438,0.0
1780956685457342788,115020,1780956685378084062,base_link,wheel_left_joint,wheel_right_joint,joint1,joint2,joint3,joint4,gripper,0.006135923787951469,-0.0015339809469878674,-0.32827189564704895,0.9127185940742493,-0.1702718734741211,-0.9786797761917114,0.0,0.0,0.0,0.0,0.0,0.0,0.0,0.0,0.0,0.0,0.0,-562.2100219726562,-64.55999755859375,-24.21000099182129,0.0
1780956685503046636,115021,1780956685469084062,base_link,wheel_left_joint,wheel_right_joint,joint1,joint2,joint3,joint4,gripper,0.006135923787951469,-0.0015339809469878674,-0.32827189564704895,0.9127185940742493,-0.1672039031982422,-0.9786797761917114,0.0,0.0,0.0,0.0,0.0,0.023980824276804924,0.0,0.0,0.0,0.0,2.690000057220459,-602.5599975585938,-102.22000122070312,-13.450000762939453,0.0
1780956685601626050,115022,1780956685503084062,base_link,wheel_left_joint,wheel_right_joint,joint1,joint2,joint3,joint4,gripper,0.006135923787951469,-0.0015339809469878674,-0.3267379105091095,0.9127185940742493,-0.1672039031982422,-0.977145791053772,0.0,0.0,0.0,0.0,0.0,0.023980824276804924,0.0,0.0,0.0,0.0,8.069999694824219,-610.6300048828125,-78.01000213623047,-16.139999389648438,0.0
1780956685639019126,115023,1780956685604084062,base_link,wheel_left_joint,wheel_right_joint,joint1,joint2,joint3,joint4,gripper,0.006135923787951469,-0.0015339809469878674,-0.3267379105091095,0.9096506237983704,-0.16566993296146393,-0.9740778207778931,0.0,0.0,0.0,0.0,-0.023980824276804924,0.0,0.0,0.0,0.0,0.0,0.0,-591.7999877929688,-72.6300048828125,-5.380000114440918,0.0
1780956685736202737,115024,1780956685638084062,base_link,wheel_left_joint,wheel_right_joint,joint1,joint2,joint3,joint4,gripper,0.006135923787951469,0.0,-0.3267379105091095,0.9096506237983704,-0.16413594782352448,-0.9740778207778931,0.0,0.0,0.04511708766222,0.0,-0.023980824276804924,0.023980824276804924,0.0,0.0,0.0,0.0,10.760000228881836,-642.9100341796875,-78.01000213623047,-16.139999389648438,0.0
1780956685764985045,115025,1780956685737084062,base_link,wheel_left_joint,wheel_right_joint,joint1,joint2,joint3,joint4,gripper,0.006135923787951469,0.0,-0.32520392537117004,0.9035146832466125,-0.16106799244880676,-0.9710098505020142,0.0,0.0,0.0,0.0,-0.07194247096776962,0.023980824276804924,0.023980824276804924,0.0,0.0,0.0,2.690000057220459,-605.25,-99.52999877929688,-13.450000762939453,0.0
1780956685860274058,115026,1780956685771084062,base_link,wheel_left_joint,wheel_right_joint,joint1,joint2,joint3,joint4,gripper,0.006135923787951469,-0.0015339809469878674,-0.32520392537117004,0.898912787437439,-0.16106799244880676,-0.9710098505020142,0.0,0.0,-0.04511708766222,0.0,-0.04796164855360985,0.023980824276804924,0.0,0.0,0.0,0.0,0.0,-546.0700073242188,-69.94000244140625,-13.450000762939453,0.0
1780956685896874827,115027,1780956685871084062,base_link,wheel_left_joint,wheel_right_joint,joint1,joint2,joint3,joint4,gripper,0.006135923787951469,-0.0015339809469878674,-0.32520392537117004,0.8943108320236206,-0.16106799244880676,-0.9679418802261353,0.0,0.0,0.0,0.0,-0.04796164855360985,0.0,0.023980824276804924,0.0,0.0,0.0,24.21000099182129,-586.4199829101562,-56.4900016784668,-8.069999694824219,0.0
1780956685992444096,115028,1780956685905084062,base_link,wheel_left_joint,wheel_right_joint,joint1,joint2,joint3,joint4,gripper,0.006135923787951469,-0.0015339809469878674,-0.32520392537117004,0.8912428617477417,-0.1595340073108673,-0.9679418802261353,0.0,0.0,0.0,0.0,-0.023980824276804924,0.0,0.0,0.0,0.0,0.0,37.65999984741211,-524.5499877929688,-56.4900016784668,-21.520000457763672,0.0
1780956686030419169,115029,1780956686004084062,base_link,wheel_left_joint,wheel_right_joint,joint1,joint2,joint3,joint4,gripper,0.006135923787951469,-0.0015339809469878674,-0.323669970035553,0.8866409063339233,-0.1564660519361496,-0.9648739695549011,0.0,0.0,0.0,0.0,-0.04796164855360985,0.023980824276804924,0.0,0.0,0.0,0.0,2.690000057220459,-529.9299926757812,-67.25,-8.069999694824219,0.0
1780956686127675342,115030,1780956686038084062,base_link,wheel_left_joint,wheel_right_joint,joint1,joint2,joint3,joint4,gripper,0.006135923787951469,-0.0015339809469878674,-0.323669970035553,0.8851069211959839,-0.1533980816602707,-0.9633399844169617,0.0,0.0,0.0,0.0,-0.04796164855360985,0.023980824276804924,0.0,0.0,0.0,0.0,0.0,-554.1400146484375,-75.31999969482422,-13.450000762939453,0.0
1780956686164664020,115031,1780956686137084062,base_link,wheel_left_joint,wheel_right_joint,joint1,joint2,joint3,joint4,gripper,0.006135923787951469,-0.0015339809469878674,-0.323669970035553,0.8835729360580444,-0.1533980816602707,-0.9618059992790222,0.0,0.0,0.0,0.0,0.0,0.0,0.023980824276804924,0.0,0.0,0.0,16.139999389648438,-589.1099853515625,-86.08000183105469,-10.760000228881836,0.0
1780956686261647997,115032,1780956686171084062,base_link,wheel_left_joint,wheel_right_joint,joint1,joint2,joint3,joint4,gripper,0.006135923787951469,-0.0015339809469878674,-0.323669970035553,0.882038950920105,-0.15186409652233124,-0.9602720141410828,0.0,0.0,0.0,0.0,0.0,0.023980824276804924,0.023980824276804924,0.0,0.0,0.0,18.829999923706055,-562.2100219726562,-78.01000213623047,-8.069999694824219,0.0
1780956686302684363,115033,1780956686274084062,base_link,wheel_left_joint,wheel_right_joint,joint1,joint2,joint3,joint4,gripper,0.006135923787951469,-0.0015339809469878674,-0.3221359848976135,0.8789710402488708,-0.15033012628555298,-0.9587380290031433,0.0,0.0,0.0,0.0,0.0,0.0,0.0,0.0,0.0,0.0,10.760000228881836,-613.3200073242188,-51.11000061035156,-10.760000228881836,0.0
1780956686397508467,115034,1780956686308084062,base_link,wheel_left_joint,wheel_right_joint,joint1,joint2,joint3,joint4,gripper,0.006135923787951469,-0.0015339809469878674,-0.3221359848976135,0.8789710402488708,-0.15033012628555298,-0.9572040438652039,0.0,0.0,0.0,0.0,0.0,0.0,0.0,0.0,0.0,0.0,0.0,-618.7000122070312,-67.25,-13.450000762939453,0.0
1780956686434108786,115035,1780956686408084062,base_link,wheel_left_joint,wheel_right_joint,joint1,joint2,joint3,joint4,gripper,0.006135923787951469,-0.0015339809469878674,-0.3221359848976135,0.8774370551109314,-0.14726215600967407,-0.9556700587272644,0.0,0.0,0.0,0.0,0.0,0.023980824276804924,0.0,0.0,0.0,0.0,40.35000228881836,-578.3500366210938,-72.6300048828125,-13.450000762939453,0.0
1780956686528464309,115036,1780956686442084062,base_link,wheel_left_joint,wheel_right_joint,joint1,joint2,joint3,joint4,gripper,0.006135923787951469,-0.0015339809469878674,-0.3221359848976135,0.8743690848350525,-0.1457281857728958,-0.9556700587272644,0.0,0.0,0.0,0.0,-0.04796164855360985,0.023980824276804924,0.0,0.0,0.0,0.0,13.450000762939453,-567.5900268554688,-78.01000213623047,-8.069999694824219,0.0
1780956686564886646,115037,1780956686533084062,base_link,wheel_left_joint,wheel_right_joint,joint1,joint2,joint3,joint4,gripper,0.006135923787951469,-0.0015339809469878674,-0.3206019997596741,0.8666991591453552,-0.14419420063495636,-0.9526020884513855,0.0,0.0,0.0,0.0,-0.07194247096776962,0.0,0.023980824276804924,0.0,0.0,0.0,0.0,-519.1699829101562,-61.87000274658203,-13.450000762939453,0.0
1780956686647794498,115038,1780956686567084062,base_link,wheel_left_joint,wheel_right_joint,joint1,joint2,joint3,joint4,gripper,0.006135923787951469,-0.0015339809469878674,-0.3206019997596741,0.8636311888694763,-0.1426602154970169,-0.9526020884513855,0.0,0.0,0.0,0.0,-0.07194247096776962,0.0,0.0,0.0,0.0,0.0,0.0,-567.5900268554688,-75.31999969482422,-2.690000057220459,0.0
1780956686691072186,115039,1780956686663084062,base_link,wheel_left_joint,wheel_right_joint,joint1,joint2,joint3,joint4,gripper,0.006135923787951469,-0.0015339809469878674,-0.3206019997596741,0.8636311888694763,-0.14112623035907745,-0.9495341181755066,0.0,0.0,0.0,0.0,0.0,0.0,0.0,0.0,0.0,0.0,13.450000762939453,-605.25,-78.01000213623047,-16.139999389648438,0.0
1780956686783386302,115040,1780956686697084062,base_link,wheel_left_joint,wheel_right_joint,joint1,joint2,joint3,joint4,gripper,0.006135923787951469,-0.0015339809469878674,-0.3206019997596741,0.8636311888694763,-0.1395922601222992,-0.9495341181755066,0.0,0.0,0.0,0.0,0.0,0.023980824276804924,0.0,0.0,0.0,0.0,16.139999389648438,-621.3900146484375,-61.87000274658203,-13.450000762939453,0.0
1780956686832179680,115041,1780956686800084062,base_link,wheel_left_joint,wheel_right_joint,joint1,joint2,joint3,joint4,gripper,0.006135923787951469,-0.0015339809469878674,-0.3190680146217346,0.8620972037315369,-0.13805827498435974,-0.9464661478996277,0.0,0.0,0.0,0.0,0.0,0.0,0.0,0.0,0.0,0.0,0.0,-599.8699951171875,-69.94000244140625,-10.760000228881836,0.0
1780956686927404700,115042,1780956686834084062,base_link,wheel_left_joint,wheel_right_joint,joint1,joint2,joint3,joint4,gripper,0.006135923787951469,-0.0015339809469878674,-0.3190680146217346,0.8590292930603027,-0.1365242898464203,-0.9464661478996277,0.0,0.0,0.0,0.0,-0.023980824276804924,0.0,0.0,0.0,0.0,0.0,2.690000057220459,-583.7300415039062,-69.94000244140625,-2.690000057220459,0.0
1780956686968836026,115043,1780956686932084062,base_link,wheel_left_joint,wheel_right_joint,joint1,joint2,joint3,joint4,gripper,0.006135923787951469,-0.0015339809469878674,-0.3190680146217346,0.8482913970947266,-0.13499031960964203,-0.9418642520904541,0.0,0.0,0.0,0.0,-0.0959232971072197,0.0,0.023980824276804924,0.0,0.0,0.0,37.65999984741211,-497.6500244140625,-59.18000030517578,-26.900001525878906,0.0
1780956687064946918,115044,1780956686966084062,base_link,wheel_left_joint,wheel_right_joint,joint1,joint2,joint3,joint4,gripper,0.006135923787951469,-0.0015339809469878674,-0.3190680146217346,0.8452234268188477,-0.13499031960964203,-0.9418642520904541,0.0,0.0,0.0,0.0,-0.0959232971072197,0.0,0.023980824276804924,0.0,0.0,0.0,8.069999694824219,-543.3800048828125,-40.35000228881836,-8.069999694824219,0.0
1780956687094788400,115045,1780956687075672853,base_link,wheel_left_joint,wheel_right_joint,joint1,joint2,joint3,joint4,gripper,0.006135923787951469,-0.0015339809469878674,-0.31753402948379517,0.8406214714050293,-0.13192234933376312,-0.9387962818145752,0.0,0.0,0.0,0.0,-0.04796164855360985,0.0,0.0,0.0,0.0,0.0,16.139999389648438,-538.0,-83.38999938964844,-13.450000762939453,0.0
1780956687186424929,115046,1780956687109672853,base_link,wheel_left_joint,wheel_right_joint,joint1,joint2,joint3,joint4,gripper,0.006135923787951469,-0.0015339809469878674,-0.31753402948379517,0.8406214714050293,-0.13038836419582367,-0.9387962818145752,0.0,0.0,0.0,0.0,-0.023980824276804924,0.023980824276804924,0.023980824276804924,0.0,0.0,0.0,0.0,-551.4500122070312,-72.6300048828125,-8.069999694824219,0.0
1780956687227106601,115047,1780956687208672853,base_link,wheel_left_joint,wheel_right_joint,joint1,joint2,joint3,joint4,gripper,0.006135923787951469,-0.0015339809469878674,-0.31753402948379517,0.8390874862670898,-0.12732040882110596,-0.9357283115386963,0.0,0.0,0.0,0.0,0.0,0.023980824276804924,0.023980824276804924,0.0,0.0,0.0,18.829999923706055,-583.7300415039062,-64.55999755859375,-16.139999389648438,0.0
1780956687326867086,115048,1780956687242672853,base_link,wheel_left_joint,wheel_right_joint,joint1,joint2,joint3,joint4,gripper,0.006135923787951469,-0.0015339809469878674,-0.3160000443458557,0.8390874862670898,-0.12732040882110596,-0.9357283115386963,0.0,0.0,0.0,0.0,0.0,0.023980824276804924,0.023980824276804924,0.0,0.0,0.0,0.0,-594.489990234375,-64.55999755859375,-13.450000762939453,0.0
1780956687365160203,115049,1780956687341672853,base_link,wheel_left_joint,wheel_right_joint,joint1,joint2,joint3,joint4,gripper,0.006135923787951469,-0.0015339809469878674,-0.3160000443458557,0.8375535607337952,-0.1257864236831665,-0.9341943264007568,0.0,0.0,0.0,0.0,0.0,0.0,0.023980824276804924,0.0,0.0,0.0,0.0,-626.77001953125,-61.87000274658203,-13.450000762939453,0.0
1780956687458874648,115050,1780956687375672853,base_link,wheel_left_joint,wheel_right_joint,joint1,joint2,joint3,joint4,gripper,0.006135923787951469,-0.0015339809469878674,-0.31753402948379517,0.8360195755958557,-0.1257864236831665,-0.9326603412628174,0.0,0.0,0.0,0.0,0.0,0.0,0.0,0.0,0.0,0.0,0.0,-589.1099853515625,-80.70000457763672,-16.139999389648438,0.0
1780956687484637733,115051,1780956687470672853,base_link,wheel_left_joint,wheel_right_joint,joint1,joint2,joint3,joint4,gripper,0.006135923787951469,-0.0015339809469878674,-0.3160000443458557,0.8298836350440979,-0.12118448317050934,-0.9295923709869385,0.0,0.0,0.0,0.0,-0.04796164855360985,0.023980824276804924,0.0,0.0,0.0,0.0,18.829999923706055,-556.8300170898438,-64.55999755859375,-16.139999389648438,0.0
1780956687579791975,115052,1780956687504672853,base_link,wheel_left_joint,wheel_right_joint,joint1,joint2,joint3,joint4,gripper,0.006135923787951469,-0.0015339809469878674,-0.31446605920791626,0.826815664768219,-0.12118448317050934,-0.9295923709869385,0.0,0.0,0.0,0.0,-0.04796164855360985,0.023980824276804924,0.0,0.0,0.0,0.0,8.069999694824219,-578.3500366210938,-86.08000183105469,-16.139999389648438,0.0
1780956687615650329,115053,1780956687600672853,base_link,wheel_left_joint,wheel_right_joint,joint1,joint2,joint3,joint4,gripper,0.006135923787951469,-0.0015339809469878674,-0.31446605920791626,0.826815664768219,-0.11811652034521103,-0.9265244007110596,0.0,0.0,0.0,0.0,0.0,0.023980824276804924,0.0,0.0,0.0,0.0,2.690000057220459,-629.4600219726562,-80.70000457763672,-10.760000228881836,0.0
1780956687715690185,115054,1780956687634672853,base_link,wheel_left_joint,wheel_right_joint,joint1,joint2,joint3,joint4,gripper,0.006135923787951469,-0.0015339809469878674,-0.31446605920791626,0.826815664768219,-0.11811652034521103,-0.9249904155731201,0.0,0.0,0.0,0.0,0.0,0.023980824276804924,0.023980824276804924,0.0,0.0,0.0,0.0,-642.9100341796875,-64.55999755859375,-26.900001525878906,0.0
1780956687754180048,115055,1780956687736672853,base_link,wheel_left_joint,wheel_right_joint,joint1,joint2,joint3,joint4,gripper,0.006135923787951469,-0.0015339809469878674,-0.3129321038722992,0.8237476944923401,-0.11658254265785217,-0.9234564304351807,0.0,0.0,0.0,0.0,-0.023980824276804924,0.0,0.0,0.0,0.0,0.0,0.0,-567.5900268554688,-43.040000915527344,-5.380000114440918,0.0
1780956687854830246,115056,1780956687770672853,base_link,wheel_left_joint,wheel_right_joint,joint1,joint2,joint3,joint4,gripper,0.006135923787951469,-0.0015339809469878674,-0.3129321038722992,0.8191457390785217,-0.11351457983255386,-0.921922504901886,0.0,0.0,0.0,0.0,-0.07194247096776962,0.023980824276804924,0.023980824276804924,0.0,0.0,0.0,0.0,-607.9400024414062,-91.45999908447266,-21.520000457763672,0.0
1780956687895475733,115057,1780956687872672853,base_link,wheel_left_joint,wheel_right_joint,joint1,joint2,joint3,joint4,gripper,0.006135923787951469,-0.0015339809469878674,-0.3129321038722992,0.8099418878555298,-0.11351457983255386,-0.9203885197639465,0.0,0.0,0.0,0.0,-0.0959232971072197,0.0,0.0,0.0,0.0,0.0,0.0,-513.7900390625,-69.94000244140625,-10.760000228881836,0.0
1780956687993786588,115058,1780956687906672853,base_link,wheel_left_joint,wheel_right_joint,joint1,joint2,joint3,joint4,gripper,0.006135923787951469,-0.0015339809469878674,-0.3129321038722992,0.8053399324417114,-0.11044661700725555,-0.9188545346260071,0.0,0.0,0.0,0.0,-0.0959232971072197,0.0,0.0,0.0,0.0,0.0,0.0,-486.8900146484375,-78.01000213623047,-18.829999923706055,0.0
1780956688031490138,115059,1780956688010672853,base_link,wheel_left_joint,wheel_right_joint,joint1,joint2,joint3,joint4,gripper,0.006135923787951469,-0.0015339809469878674,-0.3129321038722992,0.8053399324417114,-0.11044661700725555,-0.9173205494880676,0.0,0.0,0.0,0.0,0.0,0.0,0.0,0.0,0.0,0.0,0.0,-581.0400390625,-56.4900016784668,-13.450000762939453,0.0
1780956688127133984,115060,1780956688044672853,base_link,wheel_left_joint,wheel_right_joint,joint1,joint2,joint3,joint4,gripper,0.006135923787951469,-0.0015339809469878674,-0.31139811873435974,0.8053399324417114,-0.1089126393198967,-0.9157865643501282,0.0,0.0,0.0,0.0,0.0,0.0,0.023980824276804924,0.0,0.0,0.0,0.0,-594.489990234375,-72.6300048828125,-13.450000762939453,0.0
1780956688163034077,115061,1780956688144672853,base_link,wheel_left_joint,wheel_right_joint,joint1,joint2,joint3,joint4,gripper,0.006135923787951469,-0.0015339809469878674,-0.31139811873435974,0.8022719621658325,-0.10584467649459839,-0.9142525792121887,0.0,0.0,0.0,0.0,0.0,0.0,0.023980824276804924,0.0,0.0,0.0,0.0,-559.52001953125,-69.94000244140625,-18.829999923706055,0.0
1780956688261168330,115062,1780956688178672853,base_link,wheel_left_joint,wheel_right_joint,joint1,joint2,joint3,joint4,gripper,0.006135923787951469,-0.0015339809469878674,-0.31139811873435974,0.7992039918899536,-0.10584467649459839,-0.9127185940742493,0.0,0.0,0.0,0.0,-0.04796164855360985,0.0,0.023980824276804924,0.0,0.0,0.0,0.0,-529.9299926757812,-75.31999969482422,-16.139999389648438,0.0
1780956688296842405,115063,1780956688278672853,base_link,wheel_left_joint,wheel_right_joint,joint1,joint2,joint3,joint4,gripper,0.006135923787951469,-0.0015339809469878674,-0.3098641335964203,0.7900001406669617,-0.10431069880723953,-0.9096506237983704,0.0,0.0,0.0,0.0,-0.07194247096776962,0.023980824276804924,0.0,0.0,0.0,0.0,8.069999694824219,-500.3399963378906,-56.4900016784668,-16.139999389648438,0.0
1780956688397325568,115064,1780956688312672853,base_link,wheel_left_joint,wheel_right_joint,joint1,joint2,joint3,joint4,gripper,0.006135923787951469,-0.0015339809469878674,-0.3098641335964203,0.7900001406669617,-0.10277671366930008,-0.9096506237983704,0.0,0.0,0.0,0.0,-0.04796164855360985,0.0,0.0,0.0,0.0,0.0,0.0,-551.4500122070312,-21.520000457763672,-2.690000057220459,0.0
1780956688433113533,115065,1780956688415672853,base_link,wheel_left_joint,wheel_right_joint,joint1,joint2,joint3,joint4,gripper,0.006135923787951469,-0.0015339809469878674,-0.31139811873435974,0.7900001406669617,-0.09970875084400177,-0.9065826535224915,0.0,0.0,0.0,0.0,0.0,0.023980824276804924,0.023980824276804924,0.0,0.0,0.0,0.0,-599.8699951171875,-72.6300048828125,-18.829999923706055,0.0
1780956688529229651,115066,1780956688449672853,base_link,wheel_left_joint,wheel_right_joint,joint1,joint2,joint3,joint4,gripper,0.006135923787951469,-0.0015339809469878674,-0.3098641335964203,0.7900001406669617,-0.09970875084400177,-0.9065826535224915,0.0,0.0,0.0,0.0,0.0,0.0,0.023980824276804924,0.0,0.0,0.0,18.829999923706055,-613.3200073242188,-45.72999954223633,-10.760000228881836,0.0
1780956688562522021,115067,1780956688547672853,base_link,wheel_left_joint,wheel_right_joint,joint1,joint2,joint3,joint4,gripper,0.006135923787951469,-0.0015339809469878674,-0.3098641335964203,0.7869321703910828,-0.09664079546928406,-0.9035146832466125,0.0,0.0,0.0,0.0,-0.023980824276804924,0.0,0.0,0.0,0.0,0.0,0.0,-610.6300048828125,-80.70000457763672,-16.139999389648438,0.0
1780956688622452679,115068,1780956688581672853,base_link,wheel_left_joint,wheel_right_joint,joint1,joint2,joint3,joint4,gripper,0.006135923787951469,-0.0015339809469878674,-0.30833014845848083,0.7838642001152039,-0.0951068103313446,-0.9035146832466125,0.0,0.0,0.0,0.0,-0.023980824276804924,0.023980824276804924,0.0,0.0,0.0,0.0,0.0,-532.6199951171875,-72.6300048828125,-13.450000762939453,0.0
1780956688643753693,115069,1780956688660672853,base_link,wheel_left_joint,wheel_right_joint,joint1,joint2,joint3,joint4,gripper,0.006135923787951469,-0.0015339809469878674,-0.30833014845848083,0.7792622447013855,-0.09357283264398575,-0.9019807577133179,0.0,0.0,0.0,0.0,-0.04796164855360985,0.023980824276804924,0.0,0.0,0.0,0.0,0.0,-559.52001953125,-59.18000030517578,-13.450000762939453,0.0
1780956688703626570,115070,1780956688694672853,base_link,wheel_left_joint,wheel_right_joint,joint1,joint2,joint3,joint4,gripper,0.006135923787951469,-0.0015339809469878674,-0.30833014845848083,0.7761942744255066,-0.09357283264398575,-0.9004467725753784,0.0,0.0,0.0,0.0,-0.04796164855360985,0.0,0.0,0.0,0.0,0.0,24.21000099182129,-562.2100219726562,-51.11000061035156,-10.760000228881836,0.0
1780956688733442085,115071,1780956688747672853,base_link,wheel_left_joint,wheel_right_joint,joint1,joint2,joint3,joint4,gripper,0.006135923787951469,-0.0015339809469878674,-0.3067961633205414,0.7731263637542725,-0.0920388475060463,-0.9004467725753784,0.0,0.0,0.0,0.0,-0.04796164855360985,0.0,0.023980824276804924,0.0,0.0,0.0,16.139999389648438,-559.52001953125,-69.94000244140625,-13.450000762939453,0.0
1780956688794090353,115072,1780956688781672853,base_link,wheel_left_joint,wheel_right_joint,joint1,joint2,joint3,joint4,gripper,0.006135923787951469,-0.0015339809469878674,-0.3067961633205414,0.771592378616333,-0.09050486981868744,-0.898912787437439,0.0,0.0,0.0,0.0,-0.04796164855360985,0.0,0.023980824276804924,0.0,0.0,0.0,-2.690000057220459,-529.9299926757812,-69.94000244140625,-13.450000762939453,0.0
1780956688815598530,115073,1780956688827672853,base_link,wheel_left_joint,wheel_right_joint,joint1,joint2,joint3,joint4,gripper,0.006135923787951469,-0.0015339809469878674,-0.3067961633205414,0.7685244083404541,-0.09050486981868744,-0.8973788022994995,0.0,0.0,0.0,0.0,-0.04796164855360985,0.0,0.023980824276804924,0.0,0.0,0.0,0.0,-540.6900024414062,-53.80000305175781,-5.380000114440918,0.0
1780956688875070960,115074,1780956688861672853,base_link,wheel_left_joint,wheel_right_joint,joint1,joint2,joint3,joint4,gripper,0.006135923787951469,-0.0015339809469878674,-0.3067961633205414,0.7669904232025146,-0.08897088468074799,-0.8973788022994995,0.0,0.0,0.0,0.0,-0.04796164855360985,0.023980824276804924,0.023980824276804924,0.0,0.0,0.0,2.690000057220459,-516.47998046875,-80.70000457763672,-13.450000762939453,0.0
1780956688899093259,115075,1780956688913672853,base_link,wheel_left_joint,wheel_right_joint,joint1,joint2,joint3,joint4,gripper,0.006135923787951469,-0.0015339809469878674,-0.3067961633205414,0.7654564380645752,-0.08743690699338913,-0.8958448171615601,0.0,0.0,0.0,0.0,-0.04796164855360985,0.023980824276804924,0.0,0.0,0.0,0.0,0.0,-548.760009765625,-83.38999938964844,-16.139999389648438,0.0
1780956688957645055,115076,1780956688947672853,base_link,wheel_left_joint,wheel_right_joint,joint1,joint2,joint3,joint4,gripper,0.006135923787951469,-0.0015339809469878674,-0.3067961633205414,0.7639224529266357,-0.08590292930603027,-0.8943108320236206,0.0,0.0,0.0,0.0,-0.023980824276804924,0.023980824276804924,0.023980824276804924,0.0,0.0,0.0,0.0,-532.6199951171875,-75.31999969482422,-10.760000228881836,0.0
1780956688985879698,115077,1780956688997672853,base_link,wheel_left_joint,wheel_right_joint,joint1,joint2,joint3,joint4,gripper,0.006135923787951469,-0.0015339809469878674,-0.3067961633205414,0.7639224529266357,-0.08590292930603027,-0.8927768468856812,0.0,0.0,0.0,0.0,0.0,0.0,0.0,0.0,0.0,0.0,24.21000099182129,-578.3500366210938,-61.87000274658203,-24.21000099182129,0.0
1780956689045539247,115078,1780956689031672853,base_link,wheel_left_joint,wheel_right_joint,joint1,joint2,joint3,joint4,gripper,0.006135923787951469,-0.0015339809469878674,-0.30526217818260193,0.7639224529266357,-0.08590292930603027,-0.8927768468856812,0.0,0.0,0.0,0.0,0.0,0.0,0.0,0.0,0.0,0.0,0.0,-591.7999877929688,-64.55999755859375,-16.139999389648438,0.0
1780956689069905922,115079,1780956689079672853,base_link,wheel_left_joint,wheel_right_joint,joint1,joint2,joint3,joint4,gripper,0.006135923787951469,-0.0015339809469878674,-0.30526217818260193,0.7593204975128174,-0.08283496648073196,-0.8912428617477417,0.0,0.0,0.0,0.0,-0.04796164855360985,0.0,0.0,0.0,0.0,0.0,0.0,-497.6500244140625,-72.6300048828125,-5.380000114440918,0.0
1780956689128655782,115080,1780956689113672853,base_link,wheel_left_joint,wheel_right_joint,joint1,joint2,joint3,joint4,gripper,0.006135923787951469,-0.0015339809469878674,-0.30526217818260193,0.7562525272369385,-0.08130098134279251,-0.8912428617477417,0.0,0.0,0.0,0.0,-0.07194247096776962,0.023980824276804924,0.0,0.0,0.0,0.0,0.0,-521.8599853515625,-78.01000213623047,-24.21000099182129,0.0
1780956689151639856,115081,1780956689167672853,base_link,wheel_left_joint,wheel_right_joint,joint1,joint2,joint3,joint4,gripper,0.006135923787951469,-0.0015339809469878674,-0.30526217818260193,0.7516506314277649,-0.08130098134279251,-0.8897088766098022,0.0,0.0,0.0,0.0,-0.04796164855360985,0.023980824276804924,0.023980824276804924,0.0,0.0,0.0,0.0,-470.75,-69.94000244140625,-13.450000762939453,0.0
1780956689210449115,115082,1780956689201672853,base_link,wheel_left_joint,wheel_right_joint,joint1,joint2,joint3,joint4,gripper,0.006135923787951469,-0.0015339809469878674,-0.30526217818260193,0.7501166462898254,-0.07976700365543365,-0.8881748914718628,0.0,0.0,0.0,0.0,-0.07194247096776962,0.023980824276804924,0.0,0.0,0.0,0.0,8.069999694824219,-500.3399963378906,-78.01000213623047,-8.069999694824219,0.0
1780956689238518608,115083,1780956689253672853,base_link,wheel_left_joint,wheel_right_joint,joint1,joint2,joint3,joint4,gripper,0.006135923787951469,-0.0015339809469878674,-0.30526217818260193,0.7501166462898254,-0.0782330259680748,-0.8866409063339233,0.0,0.0,0.0,0.0,0.0,0.0,0.0,0.0,0.0,0.0,5.380000114440918,-538.0,-88.77000427246094,-16.139999389648438,0.0
1780956689301580476,115084,1780956689287672853,base_link,wheel_left_joint,wheel_right_joint,joint1,joint2,joint3,joint4,gripper,0.006135923787951469,-0.0015339809469878674,-0.3037281930446625,0.7501166462898254,-0.07669904083013535,-0.8866409063339233,0.0,0.0,0.0,0.0,0.0,0.023980824276804924,0.0,0.0,0.0,0.0,0.0,-551.4500122070312,-72.6300048828125,-13.450000762939453,0.0
1780956689325132901,115085,1780956689334672853,base_link,wheel_left_joint,wheel_right_joint,joint1,joint2,joint3,joint4,gripper,0.006135923787951469,-0.0015339809469878674,-0.3037281930446625,0.748582661151886,-0.07516506314277649,-0.8866409063339233,0.0,0.0,0.0,0.0,0.0,0.023980824276804924,0.0,0.0,0.0,0.0,0.0,-572.9700317382812,-75.31999969482422,-13.450000762939453,0.0
1780956689376594434,115086,1780956689368672853,base_link,wheel_left_joint,wheel_right_joint,joint1,joint2,joint3,joint4,gripper,0.006135923787951469,-0.0015339809469878674,-0.3037281930446625,0.7501166462898254,-0.07516506314277649,-0.8835729360580444,0.0,0.0,0.0,0.0,0.0,0.0,0.0,0.0,0.0,0.0,0.0,-586.4199829101562,-59.18000030517578,-16.139999389648438,0.0
1780956689407016095,115087,1780956689423672853,base_link,wheel_left_joint,wheel_right_joint,joint1,joint2,joint3,joint4,gripper,0.006135923787951469,-0.0015339809469878674,-0.3037281930446625,0.7470486760139465,-0.07516506314277649,-0.8835729360580444,0.0,0.0,0.0,0.0,-0.023980824276804924,0.0,0.0,0.0,0.0,0.0,0.0,-551.4500122070312,-61.87000274658203,-18.829999923706055,0.0
1780956689467568860,115088,1780956689457672853,base_link,wheel_left_joint,wheel_right_joint,joint1,joint2,joint3,joint4,gripper,0.006135923787951469,-0.0015339809469878674,-0.3037281930446625,0.7455146908760071,-0.07516506314277649,-0.882038950920105,0.0,0.0,0.0,0.0,-0.023980824276804924,0.0,0.0,0.0,0.0,0.0,5.380000114440918,-586.4199829101562,-78.01000213623047,-5.380000114440918,0.0
1780956689492097339,115089,1780956689494209398,base_link,wheel_left_joint,wheel_right_joint,joint1,joint2,joint3,joint4,gripper,0.006135923787951469,-0.0015339809469878674,-0.3037281930446625,0.7424467206001282,-0.07363107800483704,-0.8805050253868103,0.0,0.0,0.0,0.0,-0.04796164855360985,0.0,0.023980824276804924,0.0,0.0,0.0,18.829999923706055,-519.1699829101562,-91.45999908447266,-16.139999389648438,0.0
1780956689548458535,115090,1780956689528209398,base_link,wheel_left_joint,wheel_right_joint,joint1,joint2,joint3,joint4,gripper,0.006135923787951469,-0.0015339809469878674,-0.3021942377090454,0.7409127354621887,-0.07056311517953873,-0.8805050253868103,0.0,0.0,0.0,0.0,-0.04796164855360985,0.023980824276804924,0.023980824276804924,0.0,0.0,0.0,2.690000057220459,-572.9700317382812,-86.08000183105469,-10.760000228881836,0.0
1780956689578336716,115091,1780956689581209398,base_link,wheel_left_joint,wheel_right_joint,joint1,joint2,joint3,joint4,gripper,0.006135923787951469,-0.0015339809469878674,-0.3021942377090454,0.7393787503242493,-0.07056311517953873,-0.8789710402488708,0.0,0.0,0.0,0.0,-0.023980824276804924,0.023980824276804924,0.023980824276804924,0.0,0.0,0.0,0.0,-581.0400390625,-69.94000244140625,-5.380000114440918,0.0
1780956689637592987,115092,1780956689615209398,base_link,wheel_left_joint,wheel_right_joint,joint1,joint2,joint3,joint4,gripper,0.006135923787951469,-0.0015339809469878674,-0.3021942377090454,0.7393787503242493,-0.06902913749217987,-0.8789710402488708,0.0,0.0,0.0,0.0,-0.023980824276804924,0.023980824276804924,0.023980824276804924,0.0,0.0,0.0,5.380000114440918,-591.7999877929688,-75.31999969482422,-26.900001525878906,0.0
1780956689661714933,115093,1780956689662209398,base_link,wheel_left_joint,wheel_right_joint,joint1,joint2,joint3,joint4,gripper,0.006135923787951469,-0.0015339809469878674,-0.3021942377090454,0.7393787503242493,-0.06902913749217987,-0.8774370551109314,0.0,0.0,0.0,0.0,0.0,0.0,0.023980824276804924,0.0,0.0,0.0,0.0,-610.6300048828125,-78.01000213623047,-13.450000762939453,0.0
1780956689720252665,115094,1780956689696209398,base_link,wheel_left_joint,wheel_right_joint,joint1,joint2,joint3,joint4,gripper,0.006135923787951469,-0.0015339809469878674,-0.3021942377090454,0.7393787503242493,-0.06749515980482101,-0.8759030699729919,0.0,0.0,0.0,0.0,0.0,0.0,0.023980824276804924,0.0,0.0,0.0,0.0,-626.77001953125,-72.6300048828125,-18.829999923706055,0.0
1780956689748706365,115095,1780956689751209398,base_link,wheel_left_joint,wheel_right_joint,joint1,joint2,joint3,joint4,gripper,0.006135923787951469,-0.0015339809469878674,-0.3021942377090454,0.7393787503242493,-0.06749515980482101,-0.8759030699729919,0.0,0.0,0.0,0.0,0.0,0.0,0.0,0.0,0.0,0.0,0.0,-629.4600219726562,-80.70000457763672,-16.139999389648438,0.0
1780956689809064747,115096,1780956689785209398,base_link,wheel_left_joint,wheel_right_joint,joint1,joint2,joint3,joint4,gripper,0.006135923787951469,-0.0015339809469878674,-0.3021942377090454,0.7332428097724915,-0.06749515980482101,-0.8743690848350525,0.0,0.0,0.0,0.0,-0.023980824276804924,0.0,0.0,0.0,0.0,0.0,0.0,-562.2100219726562,-53.80000305175781,-16.139999389648438,0.0
1780956689833074964,115097,1780956689837209398,base_link,wheel_left_joint,wheel_right_joint,joint1,joint2,joint3,joint4,gripper,0.006135923787951469,-0.0015339809469878674,-0.3021942377090454,0.7286409139633179,-0.06596117466688156,-0.8743690848350525,0.0,0.0,0.0,0.0,-0.0959232971072197,0.0,0.023980824276804924,0.0,0.0,0.0,0.0,-546.0700073242188,-43.040000915527344,-5.380000114440918,0.0
1780956689892474527,115098,1780956689871209398,base_link,wheel_left_joint,wheel_right_joint,joint1,joint2,joint3,joint4,gripper,0.006135923787951469,-0.0015339809469878674,-0.3021942377090454,0.7240389585494995,-0.0644271969795227,-0.872835099697113,0.0,0.0,0.0,0.0,-0.0959232971072197,0.023980824276804924,0.0,0.0,0.0,0.0,0.0,-462.6800231933594,-64.55999755859375,-13.450000762939453,0.0
1780956689922853356,115099,1780956689921209398,base_link,wheel_left_joint,wheel_right_joint,joint1,joint2,joint3,joint4,gripper,0.006135923787951469,-0.0015339809469878674,-0.3021942377090454,0.7209709882736206,-0.0644271969795227,-0.8713011145591736,0.0,0.0,0.0,0.0,-0.0959232971072197,0.0,0.0,0.0,0.0,0.0,0.0,-516.47998046875,-61.87000274658203,-10.760000228881836,0.0
1780956689980058040,115100,1780956689955209398,base_link,wheel_left_joint,wheel_right_joint,joint1,joint2,joint3,joint4,gripper,0.006135923787951469,-0.0015339809469878674,-0.3021942377090454,0.7209709882736206,-0.06289321184158325,-0.8697671294212341,0.0,0.0,0.0,0.0,-0.023980824276804924,0.0,0.023980824276804924,0.0,0.0,0.0,0.0,-505.7200012207031,-86.08000183105469,-18.829999923706055,0.0
1780956690003813630,115101,1780956690003209398,base_link,wheel_left_joint,wheel_right_joint,joint1,joint2,joint3,joint4,gripper,0.006135923787951469,-0.0015339809469878674,-0.3021942377090454,0.7209709882736206,-0.05982525274157524,-0.8682331442832947,0.0,0.0,0.0,0.0,0.0,0.023980824276804924,0.023980824276804924,0.0,0.0,0.0,0.0,-513.7900390625,-78.01000213623047,-26.900001525878906,0.0
1780956690062798507,115102,1780956690037209398,base_link,wheel_left_joint,wheel_right_joint,joint1,joint2,joint3,joint4,gripper,0.006135923787951469,-0.0015339809469878674,-0.3021942377090454,0.7209709882736206,-0.058291271328926086,-0.8682331442832947,0.0,0.0,0.0,0.0,0.0,0.023980824276804924,0.023980824276804924,0.0,0.0,0.0,0.0,-513.7900390625,-64.55999755859375,-10.760000228881836,0.0
1780956690079284904,115103,1780956690086209398,base_link,wheel_left_joint,wheel_right_joint,joint1,joint2,joint3,joint4,gripper,0.006135923787951469,-0.0015339809469878674,-0.3021942377090454,0.7209709882736206,-0.058291271328926086,-0.8682331442832947,0.0,0.0,0.0,0.0,0.0,0.0,0.023980824276804924,0.0,0.0,0.0,0.0,-513.7900390625,-78.01000213623047,-10.760000228881836,0.0
1780956690138344084,115104,1780956690120209398,base_link,wheel_left_joint,wheel_right_joint,joint1,joint2,joint3,joint4,gripper,0.006135923787951469,-0.0015339809469878674,-0.3021942377090454,0.7209709882736206,-0.05982525274157524,-0.8666991591453552,0.0,0.0,0.0,0.0,0.0,0.0,0.023980824276804924,0.0,0.0,0.0,0.0,-513.7900390625,-80.70000457763672,-16.139999389648438,0.0
1780956690178611419,115105,1780956690182209398,base_link,wheel_left_joint,wheel_right_joint,joint1,joint2,joint3,joint4,gripper,0.006135923787951469,-0.0015339809469878674,-0.3021942377090454,0.7209709882736206,-0.05982525274157524,-0.8651651740074158,0.0,0.0,0.0,0.0,0.0,0.0,0.0,0.0,0.0,0.0,0.0,-513.7900390625,-80.70000457763672,-8.069999694824219,0.0
1780956690237517089,115106,1780956690216209398,base_link,wheel_left_joint,wheel_right_joint,joint1,joint2,joint3,joint4,gripper,0.006135923787951469,-0.0015339809469878674,-0.3021942377090454,0.7209709882736206,-0.058291271328926086,-0.8636311888694763,0.0,0.0,0.0,0.0,0.0,0.0,0.0,0.0,0.0,0.0,0.0,-513.7900390625,-80.70000457763672,-18.829999923706055,0.0
1780956690267328616,115107,1780956690269209398,base_link,wheel_left_joint,wheel_right_joint,joint1,joint2,joint3,joint4,gripper,0.006135923787951469,-0.0015339809469878674,-0.3021942377090454,0.7209709882736206,-0.05982525274157524,-0.8620972037315369,0.0,0.0,0.0,0.0,0.0,0.0,0.023980824276804924,0.0,0.0,0.0,0.0,-513.7900390625,-80.70000457763672,-8.069999694824219,0.0
1780956690331066903,115108,1780956690303209398,base_link,wheel_left_joint,wheel_right_joint,joint1,joint2,joint3,joint4,gripper,0.006135923787951469,-0.0015339809469878674,-0.3021942377090454,0.7209709882736206,-0.058291271328926086,-0.8620972037315369,0.0,0.0,0.0,0.0,0.0,0.0,0.0,0.0,0.0,0.0,0.0,-513.7900390625,-80.70000457763672,-8.069999694824219,0.0
1780956690355913097,115109,1780956690355209398,base_link,wheel_left_joint,wheel_right_joint,joint1,joint2,joint3,joint4,gripper,0.006135923787951469,-0.0015339809469878674,-0.3021942377090454,0.7209709882736206,-0.058291271328926086,-0.8605632185935974,0.0,0.0,0.0,0.0,0.0,0.0,0.0,0.0,0.0,0.0,0.0,-513.7900390625,-59.18000030517578,-8.069999694824219,0.0
1780956690411658178,115110,1780956690389209398,base_link,wheel_left_joint,wheel_right_joint,joint1,joint2,joint3,joint4,gripper,0.006135923787951469,-0.0015339809469878674,-0.3021942377090454,0.7209709882736206,-0.058291271328926086,-0.8605632185935974,0.0,0.0,0.0,0.0,0.0,0.0,0.0,0.0,0.0,0.0,0.0,-513.7900390625,-59.18000030517578,-16.139999389648438,0.0
1780956690436194407,115111,1780956690440209398,base_link,wheel_left_joint,wheel_right_joint,joint1,joint2,joint3,joint4,gripper,0.006135923787951469,-0.0015339809469878674,-0.3021942377090454,0.7209709882736206,-0.058291271328926086,-0.8590292930603027,0.0,0.0,0.0,0.0,0.0,0.0,0.023980824276804924,0.0,0.0,0.0,0.0,-513.7900390625,-59.18000030517578,-16.139999389648438,0.0
1780956690495642159,115112,1780956690474209398,base_link,wheel_left_joint,wheel_right_joint,joint1,joint2,joint3,joint4,gripper,0.006135923787951469,-0.0015339809469878674,-0.3021942377090454,0.7209709882736206,-0.058291271328926086,-0.8574953079223633,0.0,0.0,0.0,0.0,0.0,0.0,0.0,0.0,0.0,0.0,0.0,-513.7900390625,-59.18000030517578,-16.139999389648438,0.0
1780956690517976276,115113,1780956690524209398,base_link,wheel_left_joint,wheel_right_joint,joint1,joint2,joint3,joint4,gripper,0.006135923787951469,-0.0015339809469878674,-0.3021942377090454,0.7209709882736206,-0.058291271328926086,-0.8574953079223633,0.0,0.0,0.0,0.0,0.0,0.0,0.0,0.0,0.0,0.0,0.0,-513.7900390625,-56.4900016784668,-13.450000762939453,0.0
1780956690576904840,115114,1780956690558209398,base_link,wheel_left_joint,wheel_right_joint,joint1,joint2,joint3,joint4,gripper,0.006135923787951469,-0.0015339809469878674,-0.3021942377090454,0.7209709882736206,-0.058291271328926086,-0.8559613227844238,0.0,0.0,0.0,0.0,0.0,0.0,0.0,0.0,0.0,0.0,0.0,-513.7900390625,-59.18000030517578,-13.450000762939453,0.0
1780956690608847812,115115,1780956690614209398,base_link,wheel_left_joint,wheel_right_joint,joint1,joint2,joint3,joint4,gripper,0.006135923787951469,-0.0015339809469878674,-0.3021942377090454,0.7209709882736206,-0.058291271328926086,-0.8544273376464844,0.0,0.0,0.0,0.0,0.0,0.0,0.023980824276804924,0.0,0.0,0.0,0.0,-513.7900390625,-59.18000030517578,-5.380000114440918,0.0
1780956690667764944,115116,1780956690648209398,base_link,wheel_left_joint,wheel_right_joint,joint1,joint2,joint3,joint4,gripper,0.006135923787951469,-0.0015339809469878674,-0.3021942377090454,0.7209709882736206,-0.05982525274157524,-0.8528933525085449,0.0,0.0,0.0,0.0,0.0,0.0,0.0,0.0,0.0,0.0,0.0,-513.7900390625,-59.18000030517578,-24.21000099182129,0.0
1780956690696707067,115117,1780956690696209398,base_link,wheel_left_joint,wheel_right_joint,joint1,joint2,joint3,joint4,gripper,0.006135923787951469,-0.0015339809469878674,-0.3021942377090454,0.7209709882736206,-0.058291271328926086,-0.8528933525085449,0.0,0.0,0.0,0.0,0.0,0.0,0.0,0.0,0.0,0.0,0.0,-513.7900390625,-59.18000030517578,-18.829999923706055,0.0
1780956690792146475,115118,1780956690730209398,base_link,wheel_left_joint,wheel_right_joint,joint1,joint2,joint3,joint4,gripper,0.006135923787951469,-0.0015339809469878674,-0.3021942377090454,0.7209709882736206,-0.05982525274157524,-0.8528933525085449,0.0,0.0,0.0,0.0,0.0,0.0,0.0,0.0,0.0,0.0,0.0,-513.7900390625,-56.4900016784668,-10.760000228881836,0.0
1780956690830003446,115119,1780956690804209398,base_link,wheel_left_joint,wheel_right_joint,joint1,joint2,joint3,joint4,gripper,0.006135923787951469,-0.0015339809469878674,-0.3021942377090454,0.7209709882736206,-0.05982525274157524,-0.8528933525085449,0.0,0.0,0.0,0.0,0.0,0.0,0.0,0.0,0.0,0.0,0.0,-513.7900390625,-56.4900016784668,-18.829999923706055,0.0
1780956690924596755,115120,1780956690838209398,base_link,wheel_left_joint,wheel_right_joint,joint1,joint2,joint3,joint4,gripper,0.006135923787951469,-0.0015339809469878674,-0.3021942377090454,0.7209709882736206,-0.05982525274157524,-0.8528933525085449,0.0,0.0,0.0,0.0,0.0,0.0,0.0,0.0,0.0,0.0,0.0,-513.7900390625,-59.18000030517578,-18.829999923706055,0.0
1780956690963402277,115121,1780956690932209398,base_link,wheel_left_joint,wheel_right_joint,joint1,joint2,joint3,joint4,gripper,0.006135923787951469,-0.0015339809469878674,-0.3021942377090454,0.7209709882736206,-0.05982525274157524,-0.8528933525085449,0.0,0.0,0.0,0.0,0.0,0.0,0.0,0.0,0.0,0.0,0.0,-513.7900390625,-56.4900016784668,-16.139999389648438,0.0
1780956691058416578,115122,1780956690966209398,base_link,wheel_left_joint,wheel_right_joint,joint1,joint2,joint3,joint4,gripper,0.006135923787951469,-0.0015339809469878674,-0.3021942377090454,0.7209709882736206,-0.05982525274157524,-0.8528933525085449,0.0,0.0,0.0,0.0,0.0,0.0,0.0,0.0,0.0,0.0,0.0,-513.7900390625,-56.4900016784668,-16.139999389648438,0.0
1780956691095697619,115123,1780956691066209398,base_link,wheel_left_joint,wheel_right_joint,joint1,joint2,joint3,joint4,gripper,0.006135923787951469,-0.0015339809469878674,-0.3021942377090454,0.7209709882736206,-0.05982525274157524,-0.8528933525085449,0.0,0.0,0.0,0.0,0.0,0.0,0.0,0.0,0.0,0.0,0.0,-513.7900390625,-59.18000030517578,-16.139999389648438,0.0
1780956691191602315,115124,1780956691100209398,base_link,wheel_left_joint,wheel_right_joint,joint1,joint2,joint3,joint4,gripper,0.006135923787951469,-0.0015339809469878674,-0.3021942377090454,0.7209709882736206,-0.058291271328926086,-0.8528933525085449,0.0,0.0,0.0,0.0,0.0,0.0,0.0,0.0,0.0,0.0,0.0,-513.7900390625,-56.4900016784668,-18.829999923706055,0.0
1780956691229140662,115125,1780956691200209398,base_link,wheel_left_joint,wheel_right_joint,joint1,joint2,joint3,joint4,gripper,0.006135923787951469,-0.0015339809469878674,-0.3021942377090454,0.7209709882736206,-0.058291271328926086,-0.8528933525085449,0.0,0.0,0.0,0.0,0.0,0.0,0.0,0.0,0.0,0.0,0.0,-513.7900390625,-59.18000030517578,-18.829999923706055,0.0
1780956691326357577,115126,1780956691234209398,base_link,wheel_left_joint,wheel_right_joint,joint1,joint2,joint3,joint4,gripper,0.006135923787951469,-0.0015339809469878674,-0.3021942377090454,0.7209709882736206,-0.058291271328926086,-0.8528933525085449,0.0,0.0,0.0,0.0,0.0,0.0,0.0,0.0,0.0,0.0,0.0,-513.7900390625,-59.18000030517578,-18.829999923706055,0.0
1780956691363212179,115127,1780956691332209398,base_link,wheel_left_joint,wheel_right_joint,joint1,joint2,joint3,joint4,gripper,0.006135923787951469,-0.0015339809469878674,-0.3021942377090454,0.7209709882736206,-0.05982525274157524,-0.8528933525085449,0.0,0.0,0.0,0.0,0.0,0.0,0.0,0.0,0.0,0.0,0.0,-513.7900390625,-59.18000030517578,-18.829999923706055,0.0
1780956691463006324,115128,1780956691366209398,base_link,wheel_left_joint,wheel_right_joint,joint1,joint2,joint3,joint4,gripper,0.006135923787951469,-0.0015339809469878674,-0.3021942377090454,0.7209709882736206,-0.05982525274157524,-0.8528933525085449,0.0,0.0,0.0,0.0,0.0,0.0,0.0,0.0,0.0,0.0,0.0,-511.1000061035156,-59.18000030517578,-21.520000457763672,0.0
1780956691499378675,115129,1780956691467209398,base_link,wheel_left_joint,wheel_right_joint,joint1,joint2,joint3,joint4,gripper,0.006135923787951469,-0.0015339809469878674,-0.3021942377090454,0.7209709882736206,-0.05982525274157524,-0.8528933525085449,0.0,0.0,0.0,0.0,0.0,0.0,0.0,0.0,0.0,0.0,0.0,-511.1000061035156,-59.18000030517578,-18.829999923706055,0.0
1780956691594286955,115130,1780956691501209398,base_link,wheel_left_joint,wheel_right_joint,joint1,joint2,joint3,joint4,gripper,0.006135923787951469,-0.0015339809469878674,-0.3021942377090454,0.7209709882736206,-0.05982525274157524,-0.8528933525085449,0.0,0.0,0.0,0.0,0.0,0.0,0.0,0.0,0.0,0.0,0.0,-511.1000061035156,-59.18000030517578,-16.139999389648438,0.0
1780956691624943374,115131,1780956691595209398,base_link,wheel_left_joint,wheel_right_joint,joint1,joint2,joint3,joint4,gripper,0.006135923787951469,-0.0015339809469878674,-0.3021942377090454,0.7209709882736206,-0.058291271328926086,-0.8528933525085449,0.0,0.0,0.0,0.0,0.0,0.0,0.0,0.0,0.0,0.0,0.0,-511.1000061035156,-61.87000274658203,-21.520000457763672,0.0
1780956691724341853,115132,1780956691629209398,base_link,wheel_left_joint,wheel_right_joint,joint1,joint2,joint3,joint4,gripper,0.006135923787951469,-0.0015339809469878674,-0.3021942377090454,0.7209709882736206,-0.05982525274157524,-0.8528933525085449,0.0,0.0,0.0,0.0,0.0,0.0,0.0,0.0,0.0,0.0,0.0,-511.1000061035156,-59.18000030517578,-18.829999923706055,0.0
1780956691761057634,115133,1780956691729209398,base_link,wheel_left_joint,wheel_right_joint,joint1,joint2,joint3,joint4,gripper,0.006135923787951469,-0.0015339809469878674,-0.3021942377090454,0.7209709882736206,-0.05982525274157524,-0.8528933525085449,0.0,0.0,0.0,0.0,0.0,0.0,0.0,0.0,0.0,0.0,0.0,-511.1000061035156,-59.18000030517578,-16.139999389648438,0.0
1780956691852861520,115134,1780956691763209398,base_link,wheel_left_joint,wheel_right_joint,joint1,joint2,joint3,joint4,gripper,0.006135923787951469,-0.0015339809469878674,-0.3021942377090454,0.7209709882736206,-0.058291271328926086,-0.8528933525085449,0.0,0.0,0.0,0.0,0.0,0.0,0.0,0.0,0.0,0.0,0.0,-511.1000061035156,-59.18000030517578,-18.829999923706055,0.0
1780956691893078183,115135,1780956691864209398,base_link,wheel_left_joint,wheel_right_joint,joint1,joint2,joint3,joint4,gripper,0.006135923787951469,-0.0015339809469878674,-0.3021942377090454,0.7209709882736206,-0.05982525274157524,-0.8528933525085449,0.0,0.0,0.0,0.0,0.0,0.0,0.0,0.0,0.0,0.0,0.0,-511.1000061035156,-59.18000030517578,-13.450000762939453,0.0
1780956691984256556,115136,1780956691898209398,base_link,wheel_left_joint,wheel_right_joint,joint1,joint2,joint3,joint4,gripper,0.006135923787951469,-0.0015339809469878674,-0.3021942377090454,0.7209709882736206,-0.058291271328926086,-0.8544273376464844,0.0,0.0,0.0,0.0,0.0,0.0,0.0,0.0,0.0,0.0,0.0,-511.1000061035156,-59.18000030517578,-18.829999923706055,0.0
1780956692029160668,115137,1780956691996209398,base_link,wheel_left_joint,wheel_right_joint,joint1,joint2,joint3,joint4,gripper,0.006135923787951469,-0.0015339809469878674,-0.3021942377090454,0.7209709882736206,-0.05982525274157524,-0.8528933525085449,0.0,0.0,0.0,0.0,0.0,0.0,0.0,0.0,0.0,0.0,0.0,-511.1000061035156,-59.18000030517578,-18.829999923706055,0.0
1780956692127430363,115138,1780956692030209398,base_link,wheel_left_joint,wheel_right_joint,joint1,joint2,joint3,joint4,gripper,0.006135923787951469,-0.0015339809469878674,-0.3021942377090454,0.7209709882736206,-0.05982525274157524,-0.8528933525085449,0.0,0.0,0.0,0.0,0.0,0.0,0.0,0.0,0.0,0.0,0.0,-511.1000061035156,-59.18000030517578,-16.139999389648438,0.0
1780956692164292946,115139,1780956692136971296,base_link,wheel_left_joint,wheel_right_joint,joint1,joint2,joint3,joint4,gripper,0.006135923787951469,-0.0015339809469878674,-0.3021942377090454,0.7209709882736206,-0.058291271328926086,-0.8528933525085449,0.0,0.0,0.0,0.0,0.0,0.0,0.0,0.0,0.0,0.0,0.0,-511.1000061035156,-59.18000030517578,-13.450000762939453,0.0
1780956692262601064,115140,1780956692170971296,base_link,wheel_left_joint,wheel_right_joint,joint1,joint2,joint3,joint4,gripper,0.006135923787951469,-0.0015339809469878674,-0.3021942377090454,0.7209709882736206,-0.058291271328926086,-0.8528933525085449,0.0,0.0,0.0,0.0,0.0,0.0,0.0,0.0,0.0,0.0,0.0,-511.1000061035156,-59.18000030517578,-13.450000762939453,0.0
1780956692298479285,115141,1780956692271971296,base_link,wheel_left_joint,wheel_right_joint,joint1,joint2,joint3,joint4,gripper,0.006135923787951469,-0.0015339809469878674,-0.3021942377090454,0.7209709882736206,-0.058291271328926086,-0.8528933525085449,0.0,0.0,0.0,0.0,0.0,0.0,0.0,0.0,0.0,0.0,0.0,-511.1000061035156,-59.18000030517578,-18.829999923706055,0.0
1780956692395381959,115142,1780956692305971296,base_link,wheel_left_joint,wheel_right_joint,joint1,joint2,joint3,joint4,gripper,0.006135923787951469,-0.0015339809469878674,-0.3021942377090454,0.7209709882736206,-0.058291271328926086,-0.8528933525085449,0.0,0.0,0.0,0.0,0.0,0.0,0.0,0.0,0.0,0.0,0.0,-511.1000061035156,-59.18000030517578,-18.829999923706055,0.0
1780956692432706476,115143,1780956692399971296,base_link,wheel_left_joint,wheel_right_joint,joint1,joint2,joint3,joint4,gripper,0.006135923787951469,-0.0015339809469878674,-0.3021942377090454,0.7209709882736206,-0.058291271328926086,-0.8528933525085449,0.0,0.0,0.0,0.0,0.0,0.0,0.0,0.0,0.0,0.0,0.0,-511.1000061035156,-59.18000030517578,-21.520000457763672,0.0
1780956692531925408,115144,1780956692433971296,base_link,wheel_left_joint,wheel_right_joint,joint1,joint2,joint3,joint4,gripper,0.006135923787951469,-0.0015339809469878674,-0.3021942377090454,0.7209709882736206,-0.058291271328926086,-0.8528933525085449,0.0,0.0,0.0,0.0,0.0,0.0,0.0,0.0,0.0,0.0,0.0,-511.1000061035156,-59.18000030517578,-21.520000457763672,0.0
1780956692562275673,115145,1780956692537971296,base_link,wheel_left_joint,wheel_right_joint,joint1,joint2,joint3,joint4,gripper,0.006135923787951469,-0.0015339809469878674,-0.3021942377090454,0.7209709882736206,-0.058291271328926086,-0.8528933525085449,0.0,0.0,0.0,0.0,0.0,0.0,0.0,0.0,0.0,0.0,0.0,-511.1000061035156,-59.18000030517578,-16.139999389648438,0.0
1780956692656931008,115146,1780956692571971296,base_link,wheel_left_joint,wheel_right_joint,joint1,joint2,joint3,joint4,gripper,0.006135923787951469,-0.0015339809469878674,-0.3021942377090454,0.7209709882736206,-0.05982525274157524,-0.8528933525085449,0.0,0.0,0.0,0.0,0.0,0.0,0.0,0.0,0.0,0.0,0.0,-511.1000061035156,-59.18000030517578,-21.520000457763672,0.0
1780956692695759938,115147,1780956692670971296,base_link,wheel_left_joint,wheel_right_joint,joint1,joint2,joint3,joint4,gripper,0.006135923787951469,-0.0015339809469878674,-0.3021942377090454,0.7209709882736206,-0.05982525274157524,-0.8544273376464844,0.0,0.0,0.0,0.0,0.0,0.0,0.0,0.0,0.0,0.0,0.0,-511.1000061035156,-59.18000030517578,-21.520000457763672,0.0
1780956692791614460,115148,1780956692704971296,base_link,wheel_left_joint,wheel_right_joint,joint1,joint2,joint3,joint4,gripper,0.006135923787951469,-0.0015339809469878674,-0.3021942377090454,0.7209709882736206,-0.05982525274157524,-0.8528933525085449,0.0,0.0,0.0,0.0,0.0,0.0,0.0,0.0,0.0,0.0,0.0,-511.1000061035156,-59.18000030517578,-21.520000457763672,0.0
1780956692831721804,115149,1780956692804971296,base_link,wheel_left_joint,wheel_right_joint,joint1,joint2,joint3,joint4,gripper,0.006135923787951469,-0.0015339809469878674,-0.3021942377090454,0.7209709882736206,-0.05982525274157524,-0.8528933525085449,0.0,0.0,0.0,0.0,0.0,0.0,0.0,0.0,0.0,0.0,0.0,-511.1000061035156,-59.18000030517578,-21.520000457763672,0.0
1780956692925430505,115150,1780956692838971296,base_link,wheel_left_joint,wheel_right_joint,joint1,joint2,joint3,joint4,gripper,0.006135923787951469,-0.0015339809469878674,-0.3021942377090454,0.7209709882736206,-0.058291271328926086,-0.8528933525085449,0.0,0.0,0.0,0.0,0.0,0.0,0.0,0.0,0.0,0.0,0.0,-511.1000061035156,-59.18000030517578,-13.450000762939453,0.0
1780956692964557041,115151,1780956692938971296,base_link,wheel_left_joint,wheel_right_joint,joint1,joint2,joint3,joint4,gripper,0.006135923787951469,-0.0015339809469878674,-0.3021942377090454,0.7209709882736206,-0.05982525274157524,-0.8528933525085449,0.0,0.0,0.0,0.0,0.0,0.0,0.0,0.0,0.0,0.0,0.0,-511.1000061035156,-59.18000030517578,-21.520000457763672,0.0
1780956693060695562,115152,1780956692972971296,base_link,wheel_left_joint,wheel_right_joint,joint1,joint2,joint3,joint4,gripper,0.006135923787951469,-0.0015339809469878674,-0.3021942377090454,0.7209709882736206,-0.05982525274157524,-0.8528933525085449,0.0,0.0,0.0,0.0,0.0,0.0,0.0,0.0,0.0,0.0,0.0,-511.1000061035156,-61.87000274658203,-16.139999389648438,0.0
1780956693097838078,115153,1780956693070971296,base_link,wheel_left_joint,wheel_right_joint,joint1,joint2,joint3,joint4,gripper,0.006135923787951469,-0.0015339809469878674,-0.3021942377090454,0.7209709882736206,-0.058291271328926086,-0.8528933525085449,0.0,0.0,0.0,0.0,0.0,0.0,0.0,0.0,0.0,0.0,0.0,-511.1000061035156,-61.87000274658203,-21.520000457763672,0.0
1780956693192477416,115154,1780956693104971296,base_link,wheel_left_joint,wheel_right_joint,joint1,joint2,joint3,joint4,gripper,0.006135923787951469,-0.0015339809469878674,-0.3021942377090454,0.7209709882736206,-0.05982525274157524,-0.8528933525085449,0.0,0.0,0.0,0.0,0.0,0.0,0.0,0.0,0.0,0.0,0.0,-511.1000061035156,-61.87000274658203,-16.139999389648438,0.0
1780956693231172750,115155,1780956693205971296,base_link,wheel_left_joint,wheel_right_joint,joint1,joint2,joint3,joint4,gripper,0.006135923787951469,-0.0015339809469878674,-0.3021942377090454,0.7209709882736206,-0.05982525274157524,-0.8528933525085449,0.0,0.0,0.0,0.0,0.0,0.0,0.0,0.0,0.0,0.0,0.0,-511.1000061035156,-59.18000030517578,-18.829999923706055,0.0
1780956693326502921,115156,1780956693239971296,base_link,wheel_left_joint,wheel_right_joint,joint1,joint2,joint3,joint4,gripper,0.006135923787951469,-0.0015339809469878674,-0.3021942377090454,0.7209709882736206,-0.05982525274157524,-0.8528933525085449,0.0,0.0,0.0,0.0,0.0,0.0,0.0,0.0,0.0,0.0,0.0,-511.1000061035156,-61.87000274658203,-21.520000457763672,0.0
1780956693363430305,115157,1780956693338971296,base_link,wheel_left_joint,wheel_right_joint,joint1,joint2,joint3,joint4,gripper,0.006135923787951469,-0.0015339809469878674,-0.3021942377090454,0.7209709882736206,-0.05982525274157524,-0.8528933525085449,0.0,0.0,0.0,0.0,0.0,0.0,0.0,0.0,0.0,0.0,0.0,-511.1000061035156,-59.18000030517578,-18.829999923706055,0.0
1780956693458388976,115158,1780956693372971296,base_link,wheel_left_joint,wheel_right_joint,joint1,joint2,joint3,joint4,gripper,0.006135923787951469,-0.0015339809469878674,-0.3021942377090454,0.7209709882736206,-0.05982525274157524,-0.8528933525085449,0.0,0.0,0.0,0.0,0.0,0.0,0.0,0.0,0.0,0.0,0.0,-511.1000061035156,-61.87000274658203,-21.520000457763672,0.0
1780956693495581871,115159,1780956693470971296,base_link,wheel_left_joint,wheel_right_joint,joint1,joint2,joint3,joint4,gripper,0.006135923787951469,-0.0015339809469878674,-0.3021942377090454,0.7209709882736206,-0.058291271328926086,-0.8528933525085449,0.0,0.0,0.0,0.0,0.0,0.0,0.0,0.0,0.0,0.0,0.0,-511.1000061035156,-59.18000030517578,-18.829999923706055,0.0
1780956693597838415,115160,1780956693504971296,base_link,wheel_left_joint,wheel_right_joint,joint1,joint2,joint3,joint4,gripper,0.006135923787951469,-0.0015339809469878674,-0.3021942377090454,0.7209709882736206,-0.058291271328926086,-0.8528933525085449,0.0,0.0,0.0,0.0,0.0,0.0,0.0,0.0,0.0,0.0,0.0,-511.1000061035156,-59.18000030517578,-18.829999923706055,0.0
1780956693637148317,115161,1780956693607971296,base_link,wheel_left_joint,wheel_right_joint,joint1,joint2,joint3,joint4,gripper,0.006135923787951469,-0.0015339809469878674,-0.3021942377090454,0.7209709882736206,-0.058291271328926086,-0.8528933525085449,0.0,0.0,0.0,0.0,0.0,0.0,0.0,0.0,0.0,0.0,0.0,-511.1000061035156,-59.18000030517578,-21.520000457763672,0.0
1780956693733737063,115162,1780956693641971296,base_link,wheel_left_joint,wheel_right_joint,joint1,joint2,joint3,joint4,gripper,0.006135923787951469,-0.0015339809469878674,-0.3021942377090454,0.7209709882736206,-0.05982525274157524,-0.8528933525085449,0.0,0.0,0.0,0.0,0.0,0.0,0.0,0.0,0.0,0.0,0.0,-511.1000061035156,-59.18000030517578,-18.829999923706055,0.0
1780956693763084952,115163,1780956693736971296,base_link,wheel_left_joint,wheel_right_joint,joint1,joint2,joint3,joint4,gripper,0.006135923787951469,-0.0015339809469878674,-0.3021942377090454,0.7209709882736206,-0.05982525274157524,-0.8528933525085449,0.0,0.0,0.0,0.0,0.0,0.0,0.0,0.0,0.0,0.0,0.0,-511.1000061035156,-61.87000274658203,-13.450000762939453,0.0
1780956693859779080,115164,1780956693770971296,base_link,wheel_left_joint,wheel_right_joint,joint1,joint2,joint3,joint4,gripper,0.006135923787951469,-0.0015339809469878674,-0.3021942377090454,0.7209709882736206,-0.058291271328926086,-0.8528933525085449,0.0,0.0,0.0,0.0,0.0,0.0,0.0,0.0,0.0,0.0,0.0,-511.1000061035156,-59.18000030517578,-21.520000457763672,0.0
1780956693896856936,115165,1780956693872971296,base_link,wheel_left_joint,wheel_right_joint,joint1,joint2,joint3,joint4,gripper,0.006135923787951469,-0.0015339809469878674,-0.3021942377090454,0.7209709882736206,-0.05982525274157524,-0.8528933525085449,0.0,0.0,0.0,0.0,0.0,0.0,0.0,0.0,0.0,0.0,0.0,-508.4100036621094,-61.87000274658203,-16.139999389648438,0.0
1780956693972503076,115166,1780956693906971296,base_link,wheel_left_joint,wheel_right_joint,joint1,joint2,joint3,joint4,gripper,0.006135923787951469,-0.0015339809469878674,-0.3021942377090454,0.7209709882736206,-0.058291271328926086,-0.8528933525085449,0.0,0.0,0.0,0.0,0.0,0.0,0.0,0.0,0.0,0.0,0.0,-508.4100036621094,-61.87000274658203,-16.139999389648438,0.0
1780956693995317938,115167,1780956694003971296,base_link,wheel_left_joint,wheel_right_joint,joint1,joint2,joint3,joint4,gripper,0.006135923787951469,-0.0015339809469878674,-0.3021942377090454,0.7209709882736206,-0.058291271328926086,-0.8528933525085449,0.0,0.0,0.0,0.0,0.0,0.0,0.0,0.0,0.0,0.0,0.0,-511.1000061035156,-59.18000030517578,-21.520000457763672,0.0
1780956694056210952,115168,1780956694037971296,base_link,wheel_left_joint,wheel_right_joint,joint1,joint2,joint3,joint4,gripper,0.006135923787951469,-0.0015339809469878674,-0.3021942377090454,0.7209709882736206,-0.058291271328926086,-0.8528933525085449,0.0,0.0,0.0,0.0,0.0,0.0,0.0,0.0,0.0,0.0,0.0,-511.1000061035156,-59.18000030517578,-18.829999923706055,0.0
1780956694082518390,115169,1780956694088971296,base_link,wheel_left_joint,wheel_right_joint,joint1,joint2,joint3,joint4,gripper,0.006135923787951469,-0.0015339809469878674,-0.3021942377090454,0.7209709882736206,-0.05982525274157524,-0.8528933525085449,0.0,0.0,0.0,0.0,0.0,0.0,0.0,0.0,0.0,0.0,0.0,-511.1000061035156,-61.87000274658203,-16.139999389648438,0.0
1780956694143527079,115170,1780956694122971296,base_link,wheel_left_joint,wheel_right_joint,joint1,joint2,joint3,joint4,gripper,0.006135923787951469,-0.0015339809469878674,-0.3021942377090454,0.7209709882736206,-0.058291271328926086,-0.8528933525085449,0.0,0.0,0.0,0.0,0.0,0.0,0.0,0.0,0.0,0.0,0.0,-511.1000061035156,-61.87000274658203,-16.139999389648438,0.0
1780956694167514993,115171,1780956694171971296,base_link,wheel_left_joint,wheel_right_joint,joint1,joint2,joint3,joint4,gripper,0.006135923787951469,-0.0015339809469878674,-0.3021942377090454,0.7209709882736206,-0.058291271328926086,-0.8528933525085449,0.0,0.0,0.0,0.0,0.0,0.0,0.0,0.0,0.0,0.0,0.0,-511.1000061035156,-61.87000274658203,-18.829999923706055,0.0
1780956694226630670,115172,1780956694205971296,base_link,wheel_left_joint,wheel_right_joint,joint1,joint2,joint3,joint4,gripper,0.006135923787951469,-0.0015339809469878674,-0.3021942377090454,0.7209709882736206,-0.05982525274157524,-0.8528933525085449,0.0,0.0,0.0,0.0,0.0,0.0,0.0,0.0,0.0,0.0,0.0,-511.1000061035156,-61.87000274658203,-18.829999923706055,0.0
1780956694248301102,115173,1780956694259971296,base_link,wheel_left_joint,wheel_right_joint,joint1,joint2,joint3,joint4,gripper,0.006135923787951469,-0.0015339809469878674,-0.3021942377090454,0.7209709882736206,-0.058291271328926086,-0.8528933525085449,0.0,0.0,0.0,0.0,0.0,0.0,0.0,0.0,0.0,0.0,0.0,-511.1000061035156,-61.87000274658203,-18.829999923706055,0.0
1780956694308530724,115174,1780956694293971296,base_link,wheel_left_joint,wheel_right_joint,joint1,joint2,joint3,joint4,gripper,0.006135923787951469,-0.0015339809469878674,-0.3021942377090454,0.7209709882736206,-0.058291271328926086,-0.8528933525085449,0.0,0.0,0.0,0.0,0.0,0.0,0.0,0.0,0.0,0.0,0.0,-511.1000061035156,-61.87000274658203,-18.829999923706055,0.0
1780956694337300477,115175,1780956694343971296,base_link,wheel_left_joint,wheel_right_joint,joint1,joint2,joint3,joint4,gripper,0.006135923787951469,-0.0015339809469878674,-0.3021942377090454,0.7209709882736206,-0.058291271328926086,-0.8528933525085449,0.0,0.0,0.0,0.0,0.0,0.0,0.0,0.0,0.0,0.0,0.0,-511.1000061035156,-61.87000274658203,-21.520000457763672,0.0
1780956694395921846,115176,1780956694377971296,base_link,wheel_left_joint,wheel_right_joint,joint1,joint2,joint3,joint4,gripper,0.006135923787951469,-0.0015339809469878674,-0.3021942377090454,0.7209709882736206,-0.058291271328926086,-0.8528933525085449,0.0,0.0,0.0,0.0,0.0,0.0,0.0,0.0,0.0,0.0,0.0,-508.4100036621094,-61.87000274658203,-18.829999923706055,0.0
1780956694418045342,115177,1780956694425971296,base_link,wheel_left_joint,wheel_right_joint,joint1,joint2,joint3,joint4,gripper,0.006135923787951469,-0.0015339809469878674,-0.3021942377090454,0.7209709882736206,-0.058291271328926086,-0.8528933525085449,0.0,0.0,0.0,0.0,0.0,0.0,0.0,0.0,0.0,0.0,0.0,-508.4100036621094,-61.87000274658203,-18.829999923706055,0.0
1780956694477766372,115178,1780956694459971296,base_link,wheel_left_joint,wheel_right_joint,joint1,joint2,joint3,joint4,gripper,0.006135923787951469,-0.0015339809469878674,-0.3021942377090454,0.7209709882736206,-0.058291271328926086,-0.8528933525085449,0.0,0.0,0.0,0.0,0.0,0.0,0.0,0.0,0.0,0.0,0.0,-508.4100036621094,-59.18000030517578,-18.829999923706055,0.0
1780956694504359474,115179,1780956694510971296,base_link,wheel_left_joint,wheel_right_joint,joint1,joint2,joint3,joint4,gripper,0.006135923787951469,-0.0015339809469878674,-0.3021942377090454,0.7209709882736206,-0.05982525274157524,-0.8528933525085449,0.0,0.0,0.0,0.0,0.0,0.0,0.0,0.0,0.0,0.0,0.0,-508.4100036621094,-59.18000030517578,-18.829999923706055,0.0
1780956694565665516,115180,1780956694544971296,base_link,wheel_left_joint,wheel_right_joint,joint1,joint2,joint3,joint4,gripper,0.006135923787951469,-0.0015339809469878674,-0.3021942377090454,0.7209709882736206,-0.058291271328926086,-0.8528933525085449,0.0,0.0,0.0,0.0,0.0,0.0,0.0,0.0,0.0,0.0,0.0,-508.4100036621094,-61.87000274658203,-21.520000457763672,0.0
1780956694590987463,115181,1780956694577310958,base_link,wheel_left_joint,wheel_right_joint,joint1,joint2,joint3,joint4,gripper,0.006135923787951469,-0.0015339809469878674,-0.3021942377090454,0.7209709882736206,-0.058291271328926086,-0.8528933525085449,0.0,0.0,0.0,0.0,0.0,0.0,0.0,0.0,0.0,0.0,0.0,-508.4100036621094,-61.87000274658203,-21.520000457763672,0.0
1780956694647082329,115182,1780956694611310958,base_link,wheel_left_joint,wheel_right_joint,joint1,joint2,joint3,joint4,gripper,0.006135923787951469,-0.0015339809469878674,-0.3021942377090454,0.7209709882736206,-0.058291271328926086,-0.8528933525085449,0.0,0.0,0.0,0.0,0.0,0.0,0.0,0.0,0.0,0.0,0.0,-508.4100036621094,-61.87000274658203,-18.829999923706055,0.0
1780956694677510949,115183,1780956694667310958,base_link,wheel_left_joint,wheel_right_joint,joint1,joint2,joint3,joint4,gripper,0.006135923787951469,-0.0015339809469878674,-0.3021942377090454,0.7209709882736206,-0.058291271328926086,-0.8528933525085449,0.0,0.0,0.0,0.0,0.0,0.0,0.0,0.0,0.0,0.0,0.0,-508.4100036621094,-61.87000274658203,-18.829999923706055,0.0
1780956694736721488,115184,1780956694701310958,base_link,wheel_left_joint,wheel_right_joint,joint1,joint2,joint3,joint4,gripper,0.006135923787951469,-0.0015339809469878674,-0.3021942377090454,0.7209709882736206,-0.05982525274157524,-0.8528933525085449,0.0,0.0,0.0,0.0,0.0,0.0,0.0,0.0,0.0,0.0,0.0,-508.4100036621094,-59.18000030517578,-21.520000457763672,0.0
1780956694777936142,115185,1780956694761310958,base_link,wheel_left_joint,wheel_right_joint,joint1,joint2,joint3,joint4,gripper,0.006135923787951469,-0.0015339809469878674,-0.3021942377090454,0.7209709882736206,-0.058291271328926086,-0.8528933525085449,0.0,0.0,0.0,0.0,0.0,0.0,0.0,0.0,0.0,0.0,0.0,-508.4100036621094,-61.87000274658203,-21.520000457763672,0.0
1780956694837156557,115186,1780956694795310958,base_link,wheel_left_joint,wheel_right_joint,joint1,joint2,joint3,joint4,gripper,0.006135923787951469,-0.0015339809469878674,-0.3021942377090454,0.7209709882736206,-0.05982525274157524,-0.8528933525085449,0.0,0.0,0.0,0.0,0.0,0.0,0.0,0.0,0.0,0.0,0.0,-508.4100036621094,-61.87000274658203,-18.829999923706055,0.0
1780956694864724469,115187,1780956694849310958,base_link,wheel_left_joint,wheel_right_joint,joint1,joint2,joint3,joint4,gripper,0.006135923787951469,-0.0015339809469878674,-0.3021942377090454,0.7209709882736206,-0.058291271328926086,-0.8528933525085449,0.0,0.0,0.0,0.0,0.0,0.0,0.0,0.0,0.0,0.0,0.0,-508.4100036621094,-61.87000274658203,-21.520000457763672,0.0
1780956694919286973,115188,1780956694883310958,base_link,wheel_left_joint,wheel_right_joint,joint1,joint2,joint3,joint4,gripper,0.006135923787951469,-0.0015339809469878674,-0.3021942377090454,0.7209709882736206,-0.058291271328926086,-0.8528933525085449,0.0,0.0,0.0,0.0,0.0,0.0,0.0,0.0,0.0,0.0,0.0,-508.4100036621094,-61.87000274658203,-18.829999923706055,0.0
1780956694948185375,115189,1780956694933310958,base_link,wheel_left_joint,wheel_right_joint,joint1,joint2,joint3,joint4,gripper,0.006135923787951469,-0.0015339809469878674,-0.3021942377090454,0.7209709882736206,-0.058291271328926086,-0.8528933525085449,0.0,0.0,0.0,0.0,0.0,0.0,0.0,0.0,0.0,0.0,0.0,-508.4100036621094,-61.87000274658203,-21.520000457763672,0.0
1780956695007011511,115190,1780956694967310958,base_link,wheel_left_joint,wheel_right_joint,joint1,joint2,joint3,joint4,gripper,0.006135923787951469,-0.0015339809469878674,-0.3021942377090454,0.7209709882736206,-0.058291271328926086,-0.8528933525085449,0.0,0.0,0.0,0.0,0.0,0.0,0.0,0.0,0.0,0.0,0.0,-508.4100036621094,-61.87000274658203,-13.450000762939453,0.0
1780956695026068685,115191,1780956695014310958,base_link,wheel_left_joint,wheel_right_joint,joint1,joint2,joint3,joint4,gripper,0.006135923787951469,-0.0015339809469878674,-0.3021942377090454,0.7209709882736206,-0.05982525274157524,-0.8528933525085449,0.0,0.0,0.0,0.0,0.0,0.0,0.0,0.0,0.0,0.0,0.0,-508.4100036621094,-61.87000274658203,-18.829999923706055,0.0
1780956695082198924,115192,1780956695048310958,base_link,wheel_left_joint,wheel_right_joint,joint1,joint2,joint3,joint4,gripper,0.006135923787951469,-0.0015339809469878674,-0.3021942377090454,0.7209709882736206,-0.05982525274157524,-0.8528933525085449,0.0,0.0,0.0,0.0,0.0,0.0,0.0,0.0,0.0,0.0,0.0,-508.4100036621094,-59.18000030517578,-21.520000457763672,0.0
1780956695112927289,115193,1780956695102310958,base_link,wheel_left_joint,wheel_right_joint,joint1,joint2,joint3,joint4,gripper,0.006135923787951469,-0.0015339809469878674,-0.3021942377090454,0.7209709882736206,-0.05982525274157524,-0.8528933525085449,0.0,0.0,0.0,0.0,0.0,0.0,0.0,0.0,0.0,0.0,0.0,-508.4100036621094,-61.87000274658203,-18.829999923706055,0.0
1780956695171756919,115194,1780956695136310958,base_link,wheel_left_joint,wheel_right_joint,joint1,joint2,joint3,joint4,gripper,0.006135923787951469,-0.0015339809469878674,-0.3021942377090454,0.7209709882736206,-0.058291271328926086,-0.8528933525085449,0.0,0.0,0.0,0.0,0.0,0.0,0.0,0.0,0.0,0.0,0.0,-511.1000061035156,-61.87000274658203,-18.829999923706055,0.0
1780956695219441803,115195,1780956695205310958,base_link,wheel_left_joint,wheel_right_joint,joint1,joint2,joint3,joint4,gripper,0.006135923787951469,-0.0015339809469878674,-0.3021942377090454,0.7209709882736206,-0.058291271328926086,-0.8528933525085449,0.0,0.0,0.0,0.0,0.0,0.0,0.0,0.0,0.0,0.0,0.0,-511.1000061035156,-61.87000274658203,-18.829999923706055,0.0
1780956695277462911,115196,1780956695239310958,base_link,wheel_left_joint,wheel_right_joint,joint1,joint2,joint3,joint4,gripper,0.006135923787951469,-0.0015339809469878674,-0.3021942377090454,0.7209709882736206,-0.05982525274157524,-0.8528933525085449,0.0,0.0,0.0,0.0,0.0,0.0,0.0,0.0,0.0,0.0,0.0,-511.1000061035156,-61.87000274658203,-21.520000457763672,0.0
1780956695302130835,115197,1780956695289310958,base_link,wheel_left_joint,wheel_right_joint,joint1,joint2,joint3,joint4,gripper,0.006135923787951469,-0.0015339809469878674,-0.3021942377090454,0.7209709882736206,-0.05982525274157524,-0.8528933525085449,0.0,0.0,0.0,0.0,0.0,0.0,0.0,0.0,0.0,0.0,0.0,-511.1000061035156,-61.87000274658203,-18.829999923706055,0.0
1780956695362294831,115198,1780956695323310958,base_link,wheel_left_joint,wheel_right_joint,joint1,joint2,joint3,joint4,gripper,0.006135923787951469,-0.0015339809469878674,-0.3021942377090454,0.7209709882736206,-0.058291271328926086,-0.8528933525085449,0.0,0.0,0.0,0.0,0.0,0.0,0.0,0.0,0.0,0.0,0.0,-511.1000061035156,-59.18000030517578,-18.829999923706055,0.0
1780956695392551746,115199,1780956695377310958,base_link,wheel_left_joint,wheel_right_joint,joint1,joint2,joint3,joint4,gripper,0.006135923787951469,-0.0015339809469878674,-0.3021942377090454,0.7209709882736206,-0.058291271328926086,-0.8528933525085449,0.0,0.0,0.0,0.0,0.0,0.0,0.0,0.0,0.0,0.0,0.0,-511.1000061035156,-61.87000274658203,-18.829999923706055,0.0
1780956695449010128,115200,1780956695411310958,base_link,wheel_left_joint,wheel_right_joint,joint1,joint2,joint3,joint4,gripper,0.006135923787951469,-0.0015339809469878674,-0.3021942377090454,0.7209709882736206,-0.058291271328926086,-0.8528933525085449,0.0,0.0,0.0,0.0,0.0,0.0,0.0,0.0,0.0,0.0,0.0,-511.1000061035156,-61.87000274658203,-16.139999389648438,0.0
1780956695473620166,115201,1780956695462310958,base_link,wheel_left_joint,wheel_right_joint,joint1,joint2,joint3,joint4,gripper,0.006135923787951469,-0.0015339809469878674,-0.3021942377090454,0.7209709882736206,-0.05982525274157524,-0.8528933525085449,0.0,0.0,0.0,0.0,0.0,0.0,0.0,0.0,0.0,0.0,0.0,-508.4100036621094,-59.18000030517578,-18.829999923706055,0.0
1780956695535799398,115202,1780956695496310958,base_link,wheel_left_joint,wheel_right_joint,joint1,joint2,joint3,joint4,gripper,0.006135923787951469,-0.0015339809469878674,-0.3021942377090454,0.7209709882736206,-0.05982525274157524,-0.8528933525085449,0.0,0.0,0.0,0.0,0.0,0.0,0.0,0.0,0.0,0.0,0.0,-508.4100036621094,-61.87000274658203,-18.829999923706055,0.0
1780956695564435877,115203,1780956695548310958,base_link,wheel_left_joint,wheel_right_joint,joint1,joint2,joint3,joint4,gripper,0.006135923787951469,-0.0015339809469878674,-0.3021942377090454,0.7209709882736206,-0.058291271328926086,-0.8528933525085449,0.0,0.0,0.0,0.0,0.0,0.0,0.0,0.0,0.0,0.0,0.0,-508.4100036621094,-61.87000274658203,-18.829999923706055,0.0
1780956695623827352,115204,1780956695582310958,base_link,wheel_left_joint,wheel_right_joint,joint1,joint2,joint3,joint4,gripper,0.006135923787951469,-0.0015339809469878674,-0.3021942377090454,0.7209709882736206,-0.05982525274157524,-0.8528933525085449,0.0,0.0,0.0,0.0,0.0,0.0,0.0,0.0,0.0,0.0,0.0,-508.4100036621094,-64.55999755859375,-18.829999923706055,0.0
1780956695645613815,115205,1780956695630310958,base_link,wheel_left_joint,wheel_right_joint,joint1,joint2,joint3,joint4,gripper,0.006135923787951469,-0.0015339809469878674,-0.3021942377090454,0.7209709882736206,-0.058291271328926086,-0.8528933525085449,0.0,0.0,0.0,0.0,0.0,0.0,0.0,0.0,0.0,0.0,0.0,-508.4100036621094,-59.18000030517578,-21.520000457763672,0.0
1780956695704351305,115206,1780956695664310958,base_link,wheel_left_joint,wheel_right_joint,joint1,joint2,joint3,joint4,gripper,0.006135923787951469,-0.0015339809469878674,-0.3021942377090454,0.7209709882736206,-0.05982525274157524,-0.8528933525085449,0.0,0.0,0.0,0.0,0.0,0.0,0.0,0.0,0.0,0.0,0.0,-508.4100036621094,-61.87000274658203,-21.520000457763672,0.0
1780956695729017093,115207,1780956695716310958,base_link,wheel_left_joint,wheel_right_joint,joint1,joint2,joint3,joint4,gripper,0.006135923787951469,-0.0015339809469878674,-0.3021942377090454,0.7209709882736206,-0.058291271328926086,-0.8528933525085449,0.0,0.0,0.0,0.0,0.0,0.0,0.0,0.0,0.0,0.0,0.0,-508.4100036621094,-61.87000274658203,-18.829999923706055,0.0
1780956695788901380,115208,1780956695750310958,base_link,wheel_left_joint,wheel_right_joint,joint1,joint2,joint3,joint4,gripper,0.006135923787951469,-0.0015339809469878674,-0.3021942377090454,0.7209709882736206,-0.058291271328926086,-0.8528933525085449,0.0,0.0,0.0,0.0,0.0,0.0,0.0,0.0,0.0,0.0,0.0,-508.4100036621094,-61.87000274658203,-18.829999923706055,0.0
1780956695810744917,115209,1780956695801310958,base_link,wheel_left_joint,wheel_right_joint,joint1,joint2,joint3,joint4,gripper,0.006135923787951469,-0.0015339809469878674,-0.3021942377090454,0.7209709882736206,-0.058291271328926086,-0.8528933525085449,0.0,0.0,0.0,0.0,0.0,0.0,0.0,0.0,0.0,0.0,0.0,-508.4100036621094,-64.55999755859375,-18.829999923706055,0.0
1780956695869672752,115210,1780956695835310958,base_link,wheel_left_joint,wheel_right_joint,joint1,joint2,joint3,joint4,gripper,0.006135923787951469,-0.0015339809469878674,-0.3021942377090454,0.7209709882736206,-0.058291271328926086,-0.8528933525085449,0.0,0.0,0.0,0.0,0.0,0.0,0.0,0.0,0.0,0.0,0.0,-508.4100036621094,-64.55999755859375,-18.829999923706055,0.0
1780956695898909122,115211,1780956695885310958,base_link,wheel_left_joint,wheel_right_joint,joint1,joint2,joint3,joint4,gripper,0.006135923787951469,-0.0015339809469878674,-0.3021942377090454,0.7209709882736206,-0.05982525274157524,-0.8528933525085449,0.0,0.0,0.0,0.0,0.0,0.0,0.0,0.0,0.0,0.0,0.0,-508.4100036621094,-59.18000030517578,-21.520000457763672,0.0
1780956695958662447,115212,1780956695919310958,base_link,wheel_left_joint,wheel_right_joint,joint1,joint2,joint3,joint4,gripper,0.006135923787951469,-0.0015339809469878674,-0.3021942377090454,0.7209709882736206,-0.05982525274157524,-0.8528933525085449,0.0,0.0,0.0,0.0,0.0,0.0,0.0,0.0,0.0,0.0,0.0,-508.4100036621094,-61.87000274658203,-18.829999923706055,0.0
1780956695980682832,115213,1780956695965310958,base_link,wheel_left_joint,wheel_right_joint,joint1,joint2,joint3,joint4,gripper,0.006135923787951469,-0.0015339809469878674,-0.3021942377090454,0.7209709882736206,-0.058291271328926086,-0.8528933525085449,0.0,0.0,0.0,0.0,0.0,0.0,0.0,0.0,0.0,0.0,0.0,-508.4100036621094,-61.87000274658203,-18.829999923706055,0.0
1780956696039733559,115214,1780956695999310958,base_link,wheel_left_joint,wheel_right_joint,joint1,joint2,joint3,joint4,gripper,0.006135923787951469,-0.0015339809469878674,-0.3021942377090454,0.7209709882736206,-0.058291271328926086,-0.8528933525085449,0.0,0.0,0.0,0.0,0.0,0.0,0.0,0.0,0.0,0.0,0.0,-508.4100036621094,-61.87000274658203,-18.829999923706055,0.0
1780956696069179022,115215,1780956696054310958,base_link,wheel_left_joint,wheel_right_joint,joint1,joint2,joint3,joint4,gripper,0.006135923787951469,-0.0015339809469878674,-0.3021942377090454,0.7209709882736206,-0.058291271328926086,-0.8528933525085449,0.0,0.0,0.0,0.0,0.0,0.0,0.0,0.0,0.0,0.0,0.0,-508.4100036621094,-61.87000274658203,-21.520000457763672,0.0
1780956696128686151,115216,1780956696088310958,base_link,wheel_left_joint,wheel_right_joint,joint1,joint2,joint3,joint4,gripper,0.006135923787951469,-0.0015339809469878674,-0.3021942377090454,0.7209709882736206,-0.058291271328926086,-0.8528933525085449,0.0,0.0,0.0,0.0,0.0,0.0,0.0,0.0,0.0,0.0,0.0,-508.4100036621094,-61.87000274658203,-18.829999923706055,0.0
1780956696150143740,115217,1780956696138310958,base_link,wheel_left_joint,wheel_right_joint,joint1,joint2,joint3,joint4,gripper,0.006135923787951469,-0.0015339809469878674,-0.3021942377090454,0.7209709882736206,-0.05982525274157524,-0.8528933525085449,0.0,0.0,0.0,0.0,0.0,0.0,0.0,0.0,0.0,0.0,0.0,-508.4100036621094,-64.55999755859375,-18.829999923706055,0.0
1780956696209203287,115218,1780956696172310958,base_link,wheel_left_joint,wheel_right_joint,joint1,joint2,joint3,joint4,gripper,0.006135923787951469,-0.0015339809469878674,-0.3021942377090454,0.7209709882736206,-0.05982525274157524,-0.8528933525085449,0.0,0.0,0.0,0.0,0.0,0.0,0.0,0.0,0.0,0.0,0.0,-508.4100036621094,-64.55999755859375,-18.829999923706055,0.0
1780956696239143346,115219,1780956696222310958,base_link,wheel_left_joint,wheel_right_joint,joint1,joint2,joint3,joint4,gripper,0.006135923787951469,-0.0015339809469878674,-0.3021942377090454,0.7209709882736206,-0.058291271328926086,-0.8528933525085449,0.0,0.0,0.0,0.0,0.0,0.0,0.0,0.0,0.0,0.0,0.0,-508.4100036621094,-61.87000274658203,-21.520000457763672,0.0
1780956696297641616,115220,1780956696256310958,base_link,wheel_left_joint,wheel_right_joint,joint1,joint2,joint3,joint4,gripper,0.006135923787951469,-0.0015339809469878674,-0.3021942377090454,0.7209709882736206,-0.058291271328926086,-0.8528933525085449,0.0,0.0,0.0,0.0,0.0,0.0,0.0,0.0,0.0,0.0,0.0,-508.4100036621094,-61.87000274658203,-21.520000457763672,0.0
1780956696322448843,115221,1780956696308310958,base_link,wheel_left_joint,wheel_right_joint,joint1,joint2,joint3,joint4,gripper,0.006135923787951469,-0.0015339809469878674,-0.3021942377090454,0.7209709882736206,-0.05982525274157524,-0.8528933525085449,0.0,0.0,0.0,0.0,0.0,0.0,0.0,0.0,0.0,0.0,0.0,-508.4100036621094,-64.55999755859375,-16.139999389648438,0.0
1780956696379108943,115222,1780956696342310958,base_link,wheel_left_joint,wheel_right_joint,joint1,joint2,joint3,joint4,gripper,0.006135923787951469,-0.0015339809469878674,-0.3021942377090454,0.7209709882736206,-0.058291271328926086,-0.8528933525085449,0.0,0.0,0.0,0.0,0.0,0.0,0.0,0.0,0.0,0.0,0.0,-508.4100036621094,-61.87000274658203,-18.829999923706055,0.0
1780956696408461064,115223,1780956696397310958,base_link,wheel_left_joint,wheel_right_joint,joint1,joint2,joint3,joint4,gripper,0.006135923787951469,-0.0015339809469878674,-0.3021942377090454,0.7209709882736206,-0.05982525274157524,-0.8528933525085449,0.0,0.0,0.0,0.0,0.0,0.0,0.0,0.0,0.0,0.0,0.0,-508.4100036621094,-61.87000274658203,-18.829999923706055,0.0
1780956696469607315,115224,1780956696431310958,base_link,wheel_left_joint,wheel_right_joint,joint1,joint2,joint3,joint4,gripper,0.006135923787951469,-0.0015339809469878674,-0.3021942377090454,0.7209709882736206,-0.058291271328926086,-0.8528933525085449,0.0,0.0,0.0,0.0,0.0,0.0,0.0,0.0,0.0,0.0,0.0,-508.4100036621094,-59.18000030517578,-18.829999923706055,0.0
1780956696508783213,115225,1780956696501310958,base_link,wheel_left_joint,wheel_right_joint,joint1,joint2,joint3,joint4,gripper,0.006135923787951469,-0.0015339809469878674,-0.3021942377090454,0.7209709882736206,-0.05982525274157524,-0.8528933525085449,0.0,0.0,0.0,0.0,0.0,0.0,0.0,0.0,0.0,0.0,0.0,-508.4100036621094,-67.25,-13.450000762939453,0.0
1780956696571294659,115226,1780956696535310958,base_link,wheel_left_joint,wheel_right_joint,joint1,joint2,joint3,joint4,gripper,0.006135923787951469,-0.0015339809469878674,-0.3021942377090454,0.7209709882736206,-0.05982525274157524,-0.8528933525085449,0.0,0.0,0.0,0.0,0.0,0.0,0.0,0.0,0.0,0.0,0.0,-508.4100036621094,-61.87000274658203,-21.520000457763672,0.0
1780956696616881060,115227,1780956696603310958,base_link,wheel_left_joint,wheel_right_joint,joint1,joint2,joint3,joint4,gripper,0.006135923787951469,-0.0015339809469878674,-0.3021942377090454,0.7209709882736206,-0.05982525274157524,-0.8528933525085449,0.0,0.0,0.0,0.0,0.0,0.0,0.0,0.0,0.0,0.0,0.0,-508.4100036621094,-61.87000274658203,-21.520000457763672,0.0
1780956696676318367,115228,1780956696637310958,base_link,wheel_left_joint,wheel_right_joint,joint1,joint2,joint3,joint4,gripper,0.006135923787951469,-0.0015339809469878674,-0.3021942377090454,0.7209709882736206,-0.05982525274157524,-0.8528933525085449,0.0,0.0,0.0,0.0,0.0,0.0,0.0,0.0,0.0,0.0,0.0,-508.4100036621094,-61.87000274658203,-18.829999923706055,0.0
1780956696706228180,115229,1780956696689310958,base_link,wheel_left_joint,wheel_right_joint,joint1,joint2,joint3,joint4,gripper,0.006135923787951469,-0.0015339809469878674,-0.3021942377090454,0.7209709882736206,-0.05982525274157524,-0.8528933525085449,0.0,0.0,0.0,0.0,0.0,0.0,0.0,0.0,0.0,0.0,0.0,-508.4100036621094,-64.55999755859375,-21.520000457763672,0.0
1780956696767174395,115230,1780956696723310958,base_link,wheel_left_joint,wheel_right_joint,joint1,joint2,joint3,joint4,gripper,0.006135923787951469,-0.0015339809469878674,-0.3021942377090454,0.7209709882736206,-0.058291271328926086,-0.8528933525085449,0.0,0.0,0.0,0.0,0.0,0.0,0.0,0.0,0.0,0.0,0.0,-508.4100036621094,-61.87000274658203,-18.829999923706055,0.0
1780956696792356999,115231,1780956696775310958,base_link,wheel_left_joint,wheel_right_joint,joint1,joint2,joint3,joint4,gripper,0.006135923787951469,-0.0015339809469878674,-0.3021942377090454,0.7209709882736206,-0.058291271328926086,-0.8528933525085449,0.0,0.0,0.0,0.0,0.0,0.0,0.0,0.0,0.0,0.0,0.0,-508.4100036621094,-61.87000274658203,-21.520000457763672,0.0
1780956696848694637,115232,1780956696809310958,base_link,wheel_left_joint,wheel_right_joint,joint1,joint2,joint3,joint4,gripper,0.006135923787951469,-0.0015339809469878674,-0.3021942377090454,0.7209709882736206,-0.058291271328926086,-0.8528933525085449,0.0,0.0,0.0,0.0,0.0,0.0,0.0,0.0,0.0,0.0,0.0,-508.4100036621094,-67.25,-21.520000457763672,0.0
1780956696878379522,115233,1780956696867310958,base_link,wheel_left_joint,wheel_right_joint,joint1,joint2,joint3,joint4,gripper,0.006135923787951469,-0.0015339809469878674,-0.3021942377090454,0.7209709882736206,-0.05982525274157524,-0.8528933525085449,0.0,0.0,0.0,0.0,0.0,0.0,0.0,0.0,0.0,0.0,0.0,-508.4100036621094,-61.87000274658203,-18.829999923706055,0.0
1780956696938472414,115234,1780956696901310958,base_link,wheel_left_joint,wheel_right_joint,joint1,joint2,joint3,joint4,gripper,0.006135923787951469,-0.0015339809469878674,-0.3021942377090454,0.7209709882736206,-0.058291271328926086,-0.8528933525085449,0.0,0.0,0.0,0.0,0.0,0.0,0.0,0.0,0.0,0.0,0.0,-508.4100036621094,-67.25,-21.520000457763672,0.0
1780956696962430306,115235,1780956696945310958,base_link,wheel_left_joint,wheel_right_joint,joint1,joint2,joint3,joint4,gripper,0.006135923787951469,-0.0015339809469878674,-0.3021942377090454,0.7209709882736206,-0.058291271328926086,-0.8528933525085449,0.0,0.0,0.0,0.0,0.0,0.0,0.0,0.0,0.0,0.0,0.0,-508.4100036621094,-64.55999755859375,-18.829999923706055,0.0
1780956697019776374,115236,1780956696979310958,base_link,wheel_left_joint,wheel_right_joint,joint1,joint2,joint3,joint4,gripper,0.006135923787951469,-0.0015339809469878674,-0.3021942377090454,0.7209709882736206,-0.05982525274157524,-0.8528933525085449,0.0,0.0,0.0,0.0,0.0,0.0,0.0,0.0,0.0,0.0,0.0,-508.4100036621094,-61.87000274658203,-18.829999923706055,0.0
1780956697045291011,115237,1780956697032310958,base_link,wheel_left_joint,wheel_right_joint,joint1,joint2,joint3,joint4,gripper,0.006135923787951469,-0.0015339809469878674,-0.3021942377090454,0.7209709882736206,-0.058291271328926086,-0.8528933525085449,0.0,0.0,0.0,0.0,0.0,0.0,0.0,0.0,0.0,0.0,0.0,-508.4100036621094,-61.87000274658203,-21.520000457763672,0.0
1780956697104923211,115238,1780956697066310958,base_link,wheel_left_joint,wheel_right_joint,joint1,joint2,joint3,joint4,gripper,0.006135923787951469,-0.0015339809469878674,-0.3021942377090454,0.7209709882736206,-0.058291271328926086,-0.8528933525085449,0.0,0.0,0.0,0.0,0.0,0.0,0.0,0.0,0.0,0.0,0.0,-508.4100036621094,-61.87000274658203,-24.21000099182129,0.0
1780956697133575050,115239,1780956697114821136,base_link,wheel_left_joint,wheel_right_joint,joint1,joint2,joint3,joint4,gripper,0.006135923787951469,-0.0015339809469878674,-0.3021942377090454,0.7209709882736206,-0.058291271328926086,-0.8528933525085449,0.0,0.0,0.0,0.0,0.0,0.0,0.0,0.0,0.0,0.0,0.0,-508.4100036621094,-61.87000274658203,-21.520000457763672,0.0
1780956697192443330,115240,1780956697148821136,base_link,wheel_left_joint,wheel_right_joint,joint1,joint2,joint3,joint4,gripper,0.006135923787951469,-0.0015339809469878674,-0.3021942377090454,0.7209709882736206,-0.05982525274157524,-0.8528933525085449,0.0,0.0,0.0,0.0,0.0,0.0,0.0,0.0,0.0,0.0,0.0,-508.4100036621094,-64.55999755859375,-18.829999923706055,0.0
1780956697213605185,115241,1780956697197821136,base_link,wheel_left_joint,wheel_right_joint,joint1,joint2,joint3,joint4,gripper,0.006135923787951469,-0.0015339809469878674,-0.3021942377090454,0.7209709882736206,-0.058291271328926086,-0.8544273376464844,0.0,0.0,0.0,0.0,0.0,0.0,0.0,0.0,0.0,0.0,0.0,-508.4100036621094,-61.87000274658203,-18.829999923706055,0.0
1780956697275546333,115242,1780956697231821136,base_link,wheel_left_joint,wheel_right_joint,joint1,joint2,joint3,joint4,gripper,0.006135923787951469,-0.0015339809469878674,-0.3021942377090454,0.7209709882736206,-0.05982525274157524,-0.8528933525085449,0.0,0.0,0.0,0.0,0.0,0.0,0.0,0.0,0.0,0.0,0.0,-508.4100036621094,-61.87000274658203,-21.520000457763672,0.0
1780956697299993105,115243,1780956697282821136,base_link,wheel_left_joint,wheel_right_joint,joint1,joint2,joint3,joint4,gripper,0.006135923787951469,-0.0015339809469878674,-0.3021942377090454,0.7209709882736206,-0.05982525274157524,-0.8528933525085449,0.0,0.0,0.0,0.0,0.0,0.0,0.0,0.0,0.0,0.0,0.0,-508.4100036621094,-64.55999755859375,-24.21000099182129,0.0
1780956697360007040,115244,1780956697316821136,base_link,wheel_left_joint,wheel_right_joint,joint1,joint2,joint3,joint4,gripper,0.006135923787951469,-0.0015339809469878674,-0.3021942377090454,0.7209709882736206,-0.058291271328926086,-0.8528933525085449,0.0,0.0,0.0,0.0,0.0,0.0,0.0,0.0,0.0,0.0,0.0,-508.4100036621094,-61.87000274658203,-24.21000099182129,0.0
1780956697387771024,115245,1780956697369821136,base_link,wheel_left_joint,wheel_right_joint,joint1,joint2,joint3,joint4,gripper,0.006135923787951469,-0.0015339809469878674,-0.3021942377090454,0.7209709882736206,-0.058291271328926086,-0.8528933525085449,0.0,0.0,0.0,0.0,0.0,0.0,0.0,0.0,0.0,0.0,0.0,-508.4100036621094,-61.87000274658203,-21.520000457763672,0.0
1780956697446542685,115246,1780956697403821136,base_link,wheel_left_joint,wheel_right_joint,joint1,joint2,joint3,joint4,gripper,0.006135923787951469,-0.0015339809469878674,-0.3021942377090454,0.7209709882736206,-0.058291271328926086,-0.8528933525085449,0.0,0.0,0.0,0.0,0.0,0.0,0.0,0.0,0.0,0.0,0.0,-508.4100036621094,-61.87000274658203,-21.520000457763672,0.0
1780956697470110019,115247,1780956697452821136,base_link,wheel_left_joint,wheel_right_joint,joint1,joint2,joint3,joint4,gripper,0.006135923787951469,-0.0015339809469878674,-0.3021942377090454,0.7209709882736206,-0.05982525274157524,-0.8528933525085449,0.0,0.0,0.0,0.0,0.0,0.0,0.0,0.0,0.0,0.0,0.0,-508.4100036621094,-61.87000274658203,-21.520000457763672,0.0
1780956697529011639,115248,1780956697486821136,base_link,wheel_left_joint,wheel_right_joint,joint1,joint2,joint3,joint4,gripper,0.006135923787951469,-0.0015339809469878674,-0.3021942377090454,0.7209709882736206,-0.058291271328926086,-0.8528933525085449,0.0,0.0,0.0,0.0,0.0,0.0,0.0,0.0,0.0,0.0,0.0,-508.4100036621094,-61.87000274658203,-21.520000457763672,0.0
1780956697554011744,115249,1780956697537821136,base_link,wheel_left_joint,wheel_right_joint,joint1,joint2,joint3,joint4,gripper,0.006135923787951469,-0.0015339809469878674,-0.3021942377090454,0.7209709882736206,-0.05982525274157524,-0.8528933525085449,0.0,0.0,0.0,0.0,0.0,0.0,0.0,0.0,0.0,0.0,0.0,-508.4100036621094,-61.87000274658203,-18.829999923706055,0.0
1780956697613688234,115250,1780956697571821136,base_link,wheel_left_joint,wheel_right_joint,joint1,joint2,joint3,joint4,gripper,0.006135923787951469,-0.0015339809469878674,-0.3021942377090454,0.7209709882736206,-0.058291271328926086,-0.8528933525085449,0.0,0.0,0.0,0.0,0.0,0.0,0.0,0.0,0.0,0.0,0.0,-508.4100036621094,-59.18000030517578,-21.520000457763672,0.0
1780956697644522985,115251,1780956697629821136,base_link,wheel_left_joint,wheel_right_joint,joint1,joint2,joint3,joint4,gripper,0.006135923787951469,-0.0015339809469878674,-0.3021942377090454,0.7209709882736206,-0.05982525274157524,-0.8528933525085449,0.0,0.0,0.0,0.0,0.0,0.0,0.0,0.0,0.0,0.0,0.0,-505.7200012207031,-59.18000030517578,-18.829999923706055,0.0
1780956697704171933,115252,1780956697663821136,base_link,wheel_left_joint,wheel_right_joint,joint1,joint2,joint3,joint4,gripper,0.006135923787951469,-0.0015339809469878674,-0.3021942377090454,0.7209709882736206,-0.058291271328926086,-0.8528933525085449,0.0,0.0,0.0,0.0,0.0,0.0,0.0,0.0,0.0,0.0,0.0,-505.7200012207031,-64.55999755859375,-18.829999923706055,0.0
1780956697748891497,115253,1780956697734821136,base_link,wheel_left_joint,wheel_right_joint,joint1,joint2,joint3,joint4,gripper,0.006135923787951469,-0.0015339809469878674,-0.3021942377090454,0.7209709882736206,-0.05982525274157524,-0.8528933525085449,0.0,0.0,0.0,0.0,0.0,0.0,0.0,0.0,0.0,0.0,0.0,-505.7200012207031,-64.55999755859375,-18.829999923706055,0.0
1780956697809057019,115254,1780956697768821136,base_link,wheel_left_joint,wheel_right_joint,joint1,joint2,joint3,joint4,gripper,0.006135923787951469,-0.0015339809469878674,-0.3021942377090454,0.7209709882736206,-0.058291271328926086,-0.8528933525085449,0.0,0.0,0.0,0.0,0.0,0.0,0.0,0.0,0.0,0.0,0.0,-505.7200012207031,-64.55999755859375,-18.829999923706055,0.0
1780956697834173348,115255,1780956697817821136,base_link,wheel_left_joint,wheel_right_joint,joint1,joint2,joint3,joint4,gripper,0.006135923787951469,-0.0015339809469878674,-0.3021942377090454,0.7209709882736206,-0.05982525274157524,-0.8528933525085449,0.0,0.0,0.0,0.0,0.0,0.0,0.0,0.0,0.0,0.0,0.0,-505.7200012207031,-67.25,-24.21000099182129,0.0
1780956697892413921,115256,1780956697851821136,base_link,wheel_left_joint,wheel_right_joint,joint1,joint2,joint3,joint4,gripper,0.006135923787951469,-0.0015339809469878674,-0.3021942377090454,0.7209709882736206,-0.05982525274157524,-0.8528933525085449,0.0,0.0,0.0,0.0,0.0,0.0,0.0,0.0,0.0,0.0,0.0,-505.7200012207031,-64.55999755859375,-24.21000099182129,0.0
1780956697913810822,115257,1780956697902821136,base_link,wheel_left_joint,wheel_right_joint,joint1,joint2,joint3,joint4,gripper,0.006135923787951469,-0.0015339809469878674,-0.3021942377090454,0.7209709882736206,-0.058291271328926086,-0.8528933525085449,0.0,0.0,0.0,0.0,0.0,0.0,0.0,0.0,0.0,0.0,0.0,-505.7200012207031,-64.55999755859375,-18.829999923706055,0.0
1780956697972928808,115258,1780956697936821136,base_link,wheel_left_joint,wheel_right_joint,joint1,joint2,joint3,joint4,gripper,0.006135923787951469,-0.0015339809469878674,-0.3021942377090454,0.7209709882736206,-0.058291271328926086,-0.8528933525085449,0.0,0.0,0.0,0.0,0.0,0.0,0.0,0.0,0.0,0.0,0.0,-505.7200012207031,-61.87000274658203,-18.829999923706055,0.0
1780956698002901701,115259,1780956697988821136,base_link,wheel_left_joint,wheel_right_joint,joint1,joint2,joint3,joint4,gripper,0.006135923787951469,-0.0015339809469878674,-0.3021942377090454,0.7209709882736206,-0.058291271328926086,-0.8528933525085449,0.0,0.0,0.0,0.0,0.0,0.0,0.0,0.0,0.0,0.0,0.0,-505.7200012207031,-61.87000274658203,-21.520000457763672,0.0
1780956698062043410,115260,1780956698022821136,base_link,wheel_left_joint,wheel_right_joint,joint1,joint2,joint3,joint4,gripper,0.006135923787951469,-0.0015339809469878674,-0.3021942377090454,0.7209709882736206,-0.058291271328926086,-0.8528933525085449,0.0,0.0,0.0,0.0,0.0,0.0,0.0,0.0,0.0,0.0,0.0,-508.4100036621094,-64.55999755859375,-21.520000457763672,0.0
1780956698084358165,115261,1780956698068821136,base_link,wheel_left_joint,wheel_right_joint,joint1,joint2,joint3,joint4,gripper,0.006135923787951469,-0.0015339809469878674,-0.3021942377090454,0.7209709882736206,-0.05982525274157524,-0.8528933525085449,0.0,0.0,0.0,0.0,0.0,0.0,0.0,0.0,0.0,0.0,0.0,-508.4100036621094,-64.55999755859375,-18.829999923706055,0.0
1780956698142837800,115262,1780956698102821136,base_link,wheel_left_joint,wheel_right_joint,joint1,joint2,joint3,joint4,gripper,0.006135923787951469,-0.0015339809469878674,-0.3021942377090454,0.7209709882736206,-0.058291271328926086,-0.8528933525085449,0.0,0.0,0.0,0.0,0.0,0.0,0.0,0.0,0.0,0.0,0.0,-508.4100036621094,-61.87000274658203,-18.829999923706055,0.0
1780956698171803639,115263,1780956698152821136,base_link,wheel_left_joint,wheel_right_joint,joint1,joint2,joint3,joint4,gripper,0.006135923787951469,-0.0015339809469878674,-0.3021942377090454,0.7209709882736206,-0.058291271328926086,-0.8528933525085449,0.0,0.0,0.0,0.0,0.0,0.0,0.0,0.0,0.0,0.0,0.0,-508.4100036621094,-61.87000274658203,-18.829999923706055,0.0
1780956698231970649,115264,1780956698186821136,base_link,wheel_left_joint,wheel_right_joint,joint1,joint2,joint3,joint4,gripper,0.006135923787951469,-0.0015339809469878674,-0.3021942377090454,0.7209709882736206,-0.05982525274157524,-0.8528933525085449,0.0,0.0,0.0,0.0,0.0,0.0,0.0,0.0,0.0,0.0,0.0,-508.4100036621094,-61.87000274658203,-18.829999923706055,0.0
1780956698257574512,115265,1780956698238821136,base_link,wheel_left_joint,wheel_right_joint,joint1,joint2,joint3,joint4,gripper,0.006135923787951469,-0.0015339809469878674,-0.3021942377090454,0.7209709882736206,-0.058291271328926086,-0.8528933525085449,0.0,0.0,0.0,0.0,0.0,0.0,0.0,0.0,0.0,0.0,0.0,-508.4100036621094,-64.55999755859375,-21.520000457763672,0.0
1780956698314242564,115266,1780956698272821136,base_link,wheel_left_joint,wheel_right_joint,joint1,joint2,joint3,joint4,gripper,0.006135923787951469,-0.0015339809469878674,-0.3021942377090454,0.7209709882736206,-0.05982525274157524,-0.8528933525085449,0.0,0.0,0.0,0.0,0.0,0.0,0.0,0.0,0.0,0.0,0.0,-508.4100036621094,-61.87000274658203,-21.520000457763672,0.0
1780956698343442678,115267,1780956698326821136,base_link,wheel_left_joint,wheel_right_joint,joint1,joint2,joint3,joint4,gripper,0.006135923787951469,-0.0015339809469878674,-0.3021942377090454,0.7209709882736206,-0.058291271328926086,-0.8528933525085449,0.0,0.0,0.0,0.0,0.0,0.0,0.0,0.0,0.0,0.0,0.0,-508.4100036621094,-64.55999755859375,-16.139999389648438,0.0
1780956698403394227,115268,1780956698360821136,base_link,wheel_left_joint,wheel_right_joint,joint1,joint2,joint3,joint4,gripper,0.006135923787951469,-0.0015339809469878674,-0.3021942377090454,0.7209709882736206,-0.058291271328926086,-0.8528933525085449,0.0,0.0,0.0,0.0,0.0,0.0,0.0,0.0,0.0,0.0,0.0,-508.4100036621094,-61.87000274658203,-24.21000099182129,0.0
1780956698427755689,115269,1780956698408821136,base_link,wheel_left_joint,wheel_right_joint,joint1,joint2,joint3,joint4,gripper,0.006135923787951469,-0.0015339809469878674,-0.3021942377090454,0.7209709882736206,-0.058291271328926086,-0.8528933525085449,0.0,0.0,0.0,0.0,0.0,0.0,0.0,0.0,0.0,0.0,0.0,-508.4100036621094,-64.55999755859375,-18.829999923706055,0.0
1780956698485841556,115270,1780956698442821136,base_link,wheel_left_joint,wheel_right_joint,joint1,joint2,joint3,joint4,gripper,0.006135923787951469,-0.0015339809469878674,-0.3021942377090454,0.7209709882736206,-0.05982525274157524,-0.8528933525085449,0.0,0.0,0.0,0.0,0.0,0.0,0.0,0.0,0.0,0.0,0.0,-508.4100036621094,-61.87000274658203,-18.829999923706055,0.0
1780956698508680172,115271,1780956698496821136,base_link,wheel_left_joint,wheel_right_joint,joint1,joint2,joint3,joint4,gripper,0.006135923787951469,-0.0015339809469878674,-0.3021942377090454,0.7209709882736206,-0.058291271328926086,-0.8528933525085449,0.0,0.0,0.0,0.0,0.0,0.0,0.0,0.0,0.0,0.0,0.0,-508.4100036621094,-64.55999755859375,-18.829999923706055,0.0
1780956698568122836,115272,1780956698530821136,base_link,wheel_left_joint,wheel_right_joint,joint1,joint2,joint3,joint4,gripper,0.006135923787951469,-0.0015339809469878674,-0.3021942377090454,0.7209709882736206,-0.05982525274157524,-0.8528933525085449,0.0,0.0,0.0,0.0,0.0,0.0,0.0,0.0,0.0,0.0,0.0,-508.4100036621094,-61.87000274658203,-21.520000457763672,0.0
1780956698600554170,115273,1780956698582821136,base_link,wheel_left_joint,wheel_right_joint,joint1,joint2,joint3,joint4,gripper,0.006135923787951469,-0.0015339809469878674,-0.3021942377090454,0.7209709882736206,-0.05982525274157524,-0.8528933525085449,0.0,0.0,0.0,0.0,0.0,0.0,0.0,0.0,0.0,0.0,0.0,-508.4100036621094,-64.55999755859375,-13.450000762939453,0.0
1780956698659650931,115274,1780956698616821136,base_link,wheel_left_joint,wheel_right_joint,joint1,joint2,joint3,joint4,gripper,0.006135923787951469,-0.0015339809469878674,-0.3021942377090454,0.7209709882736206,-0.058291271328926086,-0.8528933525085449,0.0,0.0,0.0,0.0,0.0,0.0,0.0,0.0,0.0,0.0,0.0,-508.4100036621094,-67.25,-18.829999923706055,0.0
1780956698677054770,115275,1780956698663821136,base_link,wheel_left_joint,wheel_right_joint,joint1,joint2,joint3,joint4,gripper,0.006135923787951469,-0.0015339809469878674,-0.3021942377090454,0.7209709882736206,-0.05982525274157524,-0.8528933525085449,0.0,0.0,0.0,0.0,0.0,0.0,0.0,0.0,0.0,0.0,0.0,-505.7200012207031,-64.55999755859375,-21.520000457763672,0.0
1780956698737055458,115276,1780956698697821136,base_link,wheel_left_joint,wheel_right_joint,joint1,joint2,joint3,joint4,gripper,0.006135923787951469,-0.0015339809469878674,-0.3021942377090454,0.7209709882736206,-0.05982525274157524,-0.8528933525085449,0.0,0.0,0.0,0.0,0.0,0.0,0.0,0.0,0.0,0.0,0.0,-505.7200012207031,-59.18000030517578,-21.520000457763672,0.0
1780956698778908264,115277,1780956698755821136,base_link,wheel_left_joint,wheel_right_joint,joint1,joint2,joint3,joint4,gripper,0.006135923787951469,-0.0015339809469878674,-0.3021942377090454,0.7209709882736206,-0.058291271328926086,-0.8528933525085449,0.0,0.0,0.0,0.0,0.0,0.0,0.0,0.0,0.0,0.0,0.0,-505.7200012207031,-67.25,-21.520000457763672,0.0
1780956698838382508,115278,1780956698789821136,base_link,wheel_left_joint,wheel_right_joint,joint1,joint2,joint3,joint4,gripper,0.006135923787951469,-0.0015339809469878674,-0.3021942377090454,0.7209709882736206,-0.058291271328926086,-0.8528933525085449,0.0,0.0,0.0,0.0,0.0,0.0,0.0,0.0,0.0,0.0,0.0,-505.7200012207031,-64.55999755859375,-21.520000457763672,0.0
1780956698857604981,115279,1780956698838821136,base_link,wheel_left_joint,wheel_right_joint,joint1,joint2,joint3,joint4,gripper,0.006135923787951469,-0.0015339809469878674,-0.3021942377090454,0.7209709882736206,-0.05982525274157524,-0.8528933525085449,0.0,0.0,0.0,0.0,0.0,0.0,0.0,0.0,0.0,0.0,0.0,-505.7200012207031,-64.55999755859375,-21.520000457763672,0.0
1780956698909014188,115280,1780956698872821136,base_link,wheel_left_joint,wheel_right_joint,joint1,joint2,joint3,joint4,gripper,0.006135923787951469,-0.0015339809469878674,-0.3021942377090454,0.7209709882736206,-0.058291271328926086,-0.8528933525085449,0.0,0.0,0.0,0.0,0.0,0.0,0.0,0.0,0.0,0.0,0.0,-505.7200012207031,-67.25,-16.139999389648438,0.0
1780956698938549651,115281,1780956698925821136,base_link,wheel_left_joint,wheel_right_joint,joint1,joint2,joint3,joint4,gripper,0.006135923787951469,-0.0015339809469878674,-0.3021942377090454,0.7209709882736206,-0.05982525274157524,-0.8528933525085449,0.0,0.0,0.0,0.0,0.0,0.0,0.0,0.0,0.0,0.0,0.0,-505.7200012207031,-61.87000274658203,-18.829999923706055,0.0
1780956698997951108,115282,1780956698959821136,base_link,wheel_left_joint,wheel_right_joint,joint1,joint2,joint3,joint4,gripper,0.006135923787951469,-0.0015339809469878674,-0.3021942377090454,0.7209709882736206,-0.058291271328926086,-0.8528933525085449,0.0,0.0,0.0,0.0,0.0,0.0,0.0,0.0,0.0,0.0,0.0,-505.7200012207031,-64.55999755859375,-18.829999923706055,0.0
1780956699042940382,115283,1780956699028821136,base_link,wheel_left_joint,wheel_right_joint,joint1,joint2,joint3,joint4,gripper,0.006135923787951469,-0.0015339809469878674,-0.3021942377090454,0.7209709882736206,-0.05982525274157524,-0.8528933525085449,0.0,0.0,0.0,0.0,0.0,0.0,0.0,0.0,0.0,0.0,0.0,-505.7200012207031,-59.18000030517578,-21.520000457763672,0.0
1780956699103030848,115284,1780956699062821136,base_link,wheel_left_joint,wheel_right_joint,joint1,joint2,joint3,joint4,gripper,0.006135923787951469,-0.0015339809469878674,-0.3021942377090454,0.7209709882736206,-0.05982525274157524,-0.8528933525085449,0.0,0.0,0.0,0.0,0.0,0.0,0.0,0.0,0.0,0.0,0.0,-505.7200012207031,-61.87000274658203,-24.21000099182129,0.0
1780956699127062499,115285,1780956699111821136,base_link,wheel_left_joint,wheel_right_joint,joint1,joint2,joint3,joint4,gripper,0.006135923787951469,-0.0015339809469878674,-0.3021942377090454,0.7209709882736206,-0.058291271328926086,-0.8528933525085449,0.0,0.0,0.0,0.0,0.0,0.0,0.0,0.0,0.0,0.0,0.0,-505.7200012207031,-61.87000274658203,-21.520000457763672,0.0
1780956699184141166,115286,1780956699145821136,base_link,wheel_left_joint,wheel_right_joint,joint1,joint2,joint3,joint4,gripper,0.006135923787951469,-0.0015339809469878674,-0.3021942377090454,0.7209709882736206,-0.05982525274157524,-0.8528933525085449,0.0,0.0,0.0,0.0,0.0,0.0,0.0,0.0,0.0,0.0,0.0,-505.7200012207031,-64.55999755859375,-21.520000457763672,0.0
1780956699213815104,115287,1780956699198821136,base_link,wheel_left_joint,wheel_right_joint,joint1,joint2,joint3,joint4,gripper,0.006135923787951469,-0.0015339809469878674,-0.3021942377090454,0.7209709882736206,-0.05982525274157524,-0.8528933525085449,0.0,0.0,0.0,0.0,0.0,0.0,0.0,0.0,0.0,0.0,0.0,-505.7200012207031,-64.55999755859375,-21.520000457763672,0.0
1780956699274262383,115288,1780956699232821136,base_link,wheel_left_joint,wheel_right_joint,joint1,joint2,joint3,joint4,gripper,0.006135923787951469,-0.0015339809469878674,-0.3021942377090454,0.7209709882736206,-0.058291271328926086,-0.8528933525085449,0.0,0.0,0.0,0.0,0.0,0.0,0.0,0.0,0.0,0.0,0.0,-505.7200012207031,-61.87000274658203,-21.520000457763672,0.0
1780956699298552673,115289,1780956699277821136,base_link,wheel_left_joint,wheel_right_joint,joint1,joint2,joint3,joint4,gripper,0.006135923787951469,-0.0015339809469878674,-0.3021942377090454,0.7209709882736206,-0.058291271328926086,-0.8528933525085449,0.0,0.0,0.0,0.0,0.0,0.0,0.0,0.0,0.0,0.0,0.0,-505.7200012207031,-61.87000274658203,-21.520000457763672,0.0
1780956699357641009,115290,1780956699311821136,base_link,wheel_left_joint,wheel_right_joint,joint1,joint2,joint3,joint4,gripper,0.006135923787951469,-0.0015339809469878674,-0.3021942377090454,0.7209709882736206,-0.05982525274157524,-0.8528933525085449,0.0,0.0,0.0,0.0,0.0,0.0,0.0,0.0,0.0,0.0,0.0,-505.7200012207031,-69.94000244140625,-18.829999923706055,0.0
1780956699374793100,115291,1780956699361821136,base_link,wheel_left_joint,wheel_right_joint,joint1,joint2,joint3,joint4,gripper,0.006135923787951469,-0.0015339809469878674,-0.3021942377090454,0.7209709882736206,-0.058291271328926086,-0.8528933525085449,0.0,0.0,0.0,0.0,0.0,0.0,0.0,0.0,0.0,0.0,0.0,-505.7200012207031,-59.18000030517578,-18.829999923706055,0.0
1780956699434859927,115292,1780956699395821136,base_link,wheel_left_joint,wheel_right_joint,joint1,joint2,joint3,joint4,gripper,0.006135923787951469,-0.0015339809469878674,-0.3021942377090454,0.7209709882736206,-0.05982525274157524,-0.8528933525085449,0.0,0.0,0.0,0.0,0.0,0.0,0.0,0.0,0.0,0.0,0.0,-505.7200012207031,-64.55999755859375,-18.829999923706055,0.0
1780956699475002887,115293,1780956699455821136,base_link,wheel_left_joint,wheel_right_joint,joint1,joint2,joint3,joint4,gripper,0.006135923787951469,-0.0015339809469878674,-0.3021942377090454,0.7209709882736206,-0.05982525274157524,-0.8528933525085449,0.0,0.0,0.0,0.0,0.0,0.0,0.0,0.0,0.0,0.0,0.0,-505.7200012207031,-64.55999755859375,-18.829999923706055,0.0
1780956699534210687,115294,1780956699489821136,base_link,wheel_left_joint,wheel_right_joint,joint1,joint2,joint3,joint4,gripper,0.006135923787951469,-0.0015339809469878674,-0.3021942377090454,0.7209709882736206,-0.058291271328926086,-0.8528933525085449,0.0,0.0,0.0,0.0,0.0,0.0,0.0,0.0,0.0,0.0,0.0,-505.7200012207031,-64.55999755859375,-21.520000457763672,0.0
1780956699561217830,115295,1780956699539821136,base_link,wheel_left_joint,wheel_right_joint,joint1,joint2,joint3,joint4,gripper,0.006135923787951469,-0.0015339809469878674,-0.3021942377090454,0.7209709882736206,-0.058291271328926086,-0.8528933525085449,0.0,0.0,0.0,0.0,0.0,0.0,0.0,0.0,0.0,0.0,0.0,-505.7200012207031,-61.87000274658203,-21.520000457763672,0.0
1780956699625874019,115296,1780956699573821136,base_link,wheel_left_joint,wheel_right_joint,joint1,joint2,joint3,joint4,gripper,0.006135923787951469,-0.0015339809469878674,-0.3021942377090454,0.7209709882736206,-0.058291271328926086,-0.8528933525085449,0.0,0.0,0.0,0.0,0.0,0.0,0.0,0.0,0.0,0.0,0.0,-505.7200012207031,-64.55999755859375,-18.829999923706055,0.0
1780956699663609291,115297,1780956699634198326,base_link,wheel_left_joint,wheel_right_joint,joint1,joint2,joint3,joint4,gripper,0.006135923787951469,-0.0015339809469878674,-0.3021942377090454,0.7209709882736206,-0.058291271328926086,-0.8528933525085449,0.0,0.0,0.0,0.0,0.0,0.0,0.0,0.0,0.0,0.0,0.0,-505.7200012207031,-64.55999755859375,-16.139999389648438,0.0
1780956699759652368,115298,1780956699668198326,base_link,wheel_left_joint,wheel_right_joint,joint1,joint2,joint3,joint4,gripper,0.006135923787951469,-0.0015339809469878674,-0.3021942377090454,0.7209709882736206,-0.058291271328926086,-0.8528933525085449,0.0,0.0,0.0,0.0,0.0,0.0,0.0,0.0,0.0,0.0,0.0,-505.7200012207031,-67.25,-18.829999923706055,0.0
1780956699804798802,115299,1780956699755198326,base_link,wheel_left_joint,wheel_right_joint,joint1,joint2,joint3,joint4,gripper,0.006135923787951469,-0.0015339809469878674,-0.3021942377090454,0.7209709882736206,-0.058291271328926086,-0.8528933525085449,0.0,0.0,0.0,0.0,0.0,0.0,0.0,0.0,0.0,0.0,0.0,-505.7200012207031,-61.87000274658203,-18.829999923706055,0.0
1780956699900765162,115300,1780956699789198326,base_link,wheel_left_joint,wheel_right_joint,joint1,joint2,joint3,joint4,gripper,0.006135923787951469,-0.0015339809469878674,-0.3021942377090454,0.7209709882736206,-0.05982525274157524,-0.8528933525085449,0.0,0.0,0.0,0.0,0.0,0.0,0.0,0.0,0.0,0.0,0.0,-505.7200012207031,-64.55999755859375,-18.829999923706055,0.0
1780956699929669086,115301,1780956699884198326,base_link,wheel_left_joint,wheel_right_joint,joint1,joint2,joint3,joint4,gripper,0.006135923787951469,-0.0015339809469878674,-0.3021942377090454,0.7209709882736206,-0.058291271328926086,-0.8544273376464844,0.0,0.0,0.0,0.0,0.0,0.0,0.0,0.0,0.0,0.0,0.0,-505.7200012207031,-64.55999755859375,-18.829999923706055,0.0
