time,joint1,joint2,joint3,joint4
0.0,0.0015339808305725,-1.5477867126464844,1.2363885641098022,0.5921165943145752
0.03153111,0.0015339808305725,-1.5477867126464844,1.2363885641098022,0.5921165943145752
0.067297275,0.0015339808305725,-1.5493206977844238,1.2363885641098022,0.5921165943145752
0.16458784,0.0015339808305725,-1.5493206977844238,1.2363885641098022,0.5921165943145752
0.191714544,0.0015339808305725,-1.5477867126464844,1.2363885641098022,0.5921165943145752
0.291633264,0.0015339808305725,-1.5477867126464844,1.2363885641098022,0.5921165943145752
0.325329681,0.003067961661145,-1.5477867126464844,1.2363885641098022,0.5921165943145752
0.42026462,0.0015339808305725,-1.5493206977844238,1.2363885641098022,0.5921165943145752
0.448949304,0.0015339808305725,-1.5477867126464844,1.2363885641098022,0.5921165943145752
0.542392698,0.0015339808305725,-1.5477867126464844,1.2363885641098022,0.5921165943145752
0.587659403,0.0015339808305725,-1.5477867126464844,1.2363885641098022,0.5921165943145752
0.682074646,0.0015339808305725,-1.5493206977844238,1.2363885641098022,0.5921165943145752
0.704076833,0.0015339808305725,-1.5477867126464844,1.2363885641098022,0.5921165943145752
0.799400173,0.0015339808305725,-1.5477867126464844,1.2363885641098022,0.5921165943145752
0.834613138,0.0015339808305725,-1.5477867126464844,1.2363885641098022,0.5921165943145752
0.931753181,0.003067961661145,-1.5477867126464844,1.2363885641098022,0.5921165943145752
0.9716232,0.0015339808305725,-1.5477867126464844,1.2363885641098022,0.5921165943145752
1.062308989,0.0015339808305725,-1.5477867126464844,1.2363885641098022,0.5921165943145752
1.113540692,0.0015339808305725,-1.5493206977844238,1.2363885641098022,0.5921165943145752
1.212110653,0.0015339808305725,-1.5477867126464844,1.2363885641098022,0.5921165943145752
1.235579273,0.0015339808305725,-1.5477867126464844,1.2363885641098022,0.5921165943145752
1.332295412,0.0015339808305725,-1.5493206977844238,1.2363885641098022,0.5921165943145752
1.367776014,0.0015339808305725,-1.5477867126464844,1.2363885641098022,0.5921165943145752
1.464702939,0.0015339808305725,-1.5477867126464844,1.2363885641098022,0.5921165943145752
1.512533241,0.0015339808305725,-1.5477867126464844,1.2363885641098022,0.5921165943145752
1.606736108,0.0015339808305725,-1.5477867126464844,1.2363885641098022,0.5921165943145752
1.6350027,0.0015339808305725,-1.5493206977844238,1.2363885641098022,0.5921165943145752
1.731026725,0.0015339808305725,-1.5477867126464844,1.2363885641098022,0.5921165943145752
1.767796192,0.0015339808305725,-1.5477867126464844,1.2363885641098022,0.5921165943145752
1.861875207,0.0015339808305725,-1.5477867126464844,1.2363885641098022,0.5921165943145752
1.898411389,0.0015339808305725,-1.5477867126464844,1.2363885641098022,0.5921165943145752
1.992231671,0.0015339808305725,-1.5477867126464844,1.2363885641098022,0.5921165943145752
2.038248823,0.0015339808305725,-1.5477867126464844,1.2363885641098022,0.5921165943145752
2.133311093,0.0015339808305725,-1.5477867126464844,1.2363885641098022,0.5921165943145752
2.161396394,0.0015339808305725,-1.5477867126464844,1.2363885641098022,0.5921165943145752
2.257039366,0.0015339808305725,-1.5493206977844238,1.2363885641098022,0.5921165943145752
2.294174092,0.0015339808305725,-1.5477867126464844,1.2363885641098022,0.5921165943145752
2.390064506,0.0015339808305725,-1.5477867126464844,1.2363885641098022,0.5921165943145752
2.424946125,0.0015339808305725,-1.5477867126464844,1.2363885641098022,0.5921165943145752
2.520428301,0.0015339808305725,-1.5477867126464844,1.2363885641098022,0.5936505794525146
2.557341751,0.0015339808305725,-1.5477867126464844,1.2363885641098022,0.5921165943145752
2.651948259,0.0015339808305725,-1.5477867126464844,1.2363885641098022,0.5921165943145752
2.688051771,0.0015339808305725,-1.5493206977844238,1.2363885641098022,0.5921165943145752
2.768035191,0.0015339808305725,-1.5477867126464844,1.2363885641098022,0.5921165943145752
2.791980322,0.0015339808305725,-1.5477867126464844,1.2363885641098022,0.5921165943145752
2.850301591,0.0015339808305725,-1.5477867126464844,1.2363885641098022,0.5921165943145752
2.873753779,0.0015339808305725,-1.5477867126464844,1.2363885641098022,0.5921165943145752
2.931548281,0.0015339808305725,-1.5477867126464844,1.2363885641098022,0.5921165943145752
2.959250505,0.003067961661145,-1.5477867126464844,1.2363885641098022,0.5921165943145752
3.016771918,0.0015339808305725,-1.5477867126464844,1.2363885641098022,0.5921165943145752
3.040761933,0.0015339808305725,-1.5477867126464844,1.2363885641098022,0.5921165943145752
3.128310155,0.0015339808305725,-1.5493206977844238,1.2363885641098022,0.5936505794525146
3.164755094,0.0015339808305725,-1.5477867126464844,1.2363885641098022,0.5921165943145752
3.25946223,0.0015339808305725,-1.5477867126464844,1.2363885641098022,0.5921165943145752
3.296340021,0.0015339808305725,-1.5493206977844238,1.2363885641098022,0.5921165943145752
3.394200195,0.0015339808305725,-1.5477867126464844,1.2363885641098022,0.5921165943145752
3.428796616,0.0015339808305725,-1.5477867126464844,1.2363885641098022,0.5921165943145752
3.521762212,0.0015339808305725,-1.5477867126464844,1.2363885641098022,0.5921165943145752
3.559326507,0.0015339808305725,-1.5477867126464844,1.2363885641098022,0.5921165943145752
3.655598809,0.0015339808305725,-1.5477867126464844,1.2363885641098022,0.5921165943145752
3.695541876,0.0015339808305725,-1.5477867126464844,1.2363885641098022,0.5921165943145752
3.781227641,0.0015339808305725,-1.5477867126464844,1.2363885641098022,0.5921165943145752
3.824270112,0.0015339808305725,-1.5477867126464844,1.2363885641098022,0.5921165943145752
3.920828168,0.0015339808305725,-1.5477867126464844,1.2363885641098022,0.5921165943145752
3.956933548,0.0015339808305725,-1.5493206977844238,1.2363885641098022,0.5921165943145752
4.052823174,0.0015339808305725,-1.5477867126464844,1.2363885641098022,0.5921165943145752
4.087540659,0.0015339808305725,-1.5477867126464844,1.2363885641098022,0.5921165943145752
4.179417131,0.0015339808305725,-1.5477867126464844,1.2363885641098022,0.5921165943145752
4.216329165,0.0015339808305725,-1.5477867126464844,1.2363885641098022,0.5921165943145752
4.304099142,0.0015339808305725,-1.5493206977844238,1.2363885641098022,0.5921165943145752
4.342108562,0.0015339808305725,-1.5477867126464844,1.2363885641098022,0.5921165943145752
4.44006548,0.0015339808305725,-1.5477867126464844,1.2363885641098022,0.5921165943145752
4.479807562,0.0015339808305725,-1.5477867126464844,1.2363885641098022,0.5936505794525146
4.571353178,0.0015339808305725,-1.5477867126464844,1.2363885641098022,0.5921165943145752
4.616950895,0.0015339808305725,-1.5477867126464844,1.2363885641098022,0.5921165943145752
4.713516574,0.0015339808305725,-1.5477867126464844,1.2363885641098022,0.5921165943145752
4.738787478,0.0015339808305725,-1.5477867126464844,1.2363885641098022,0.5921165943145752
4.832190403,0.0015339808305725,-1.5477867126464844,1.2363885641098022,0.5921165943145752
4.881593368,0.0015339808305725,-1.5477867126464844,1.2363885641098022,0.5921165943145752
4.978659071,0.0015339808305725,-1.5477867126464844,1.2363885641098022,0.5921165943145752
5.004657111,0.0015339808305725,-1.5477867126464844,1.2363885641098022,0.5921165943145752
5.097333814,0.0015339808305725,-1.5477867126464844,1.2363885641098022,0.5921165943145752
5.134917901,0.0015339808305725,-1.5477867126464844,1.2363885641098022,0.5921165943145752
5.232264649,0.0015339808305725,-1.5477867126464844,1.2363885641098022,0.5921165943145752
5.267522398,0.0015339808305725,-1.5477867126464844,1.2363885641098022,0.5921165943145752
5.361385851,0.0015339808305725,-1.5477867126464844,1.2363885641098022,0.5921165943145752
5.40404926,0.0015339808305725,-1.5493206977844238,1.2363885641098022,0.5936505794525146
5.499275458,0.0015339808305725,-1.5477867126464844,1.2363885641098022,0.5921165943145752
5.527710294,0.0015339808305725,-1.5477867126464844,1.2363885641098022,0.5921165943145752
5.624097409,0.0015339808305725,-1.5477867126464844,1.2363885641098022,0.5921165943145752
5.661592413,0.0015339808305725,-1.5477867126464844,1.2363885641098022,0.5921165943145752
5.754434329,0.0015339808305725,-1.5477867126464844,1.2363885641098022,0.5921165943145752
5.791028183,0.0015339808305725,-1.5477867126464844,1.2363885641098022,0.5921165943145752
5.885426882,0.0015339808305725,-1.5477867126464844,1.2363885641098022,0.5921165943145752
5.91960993,0.0015339808305725,-1.5493206977844238,1.2363885641098022,0.5921165943145752
6.016348275,0.0015339808305725,-1.5477867126464844,1.2363885641098022,0.5921165943145752
6.052086814,0.0015339808305725,-1.5477867126464844,1.2363885641098022,0.5921165943145752
6.146132169,0.0015339808305725,-1.5477867126464844,1.2363885641098022,0.5921165943145752
6.182576329,0.0015339808305725,-1.5477867126464844,1.2363885641098022,0.5921165943145752
6.281602284,0.0015339808305725,-1.5477867126464844,1.2363885641098022,0.5921165943145752
6.314486415,0.0015339808305725,-1.5493206977844238,1.2363885641098022,0.5921165943145752
6.370564803,0.0015339808305725,-1.5477867126464844,1.2363885641098022,0.5921165943145752
6.394696355,0.0015339808305725,-1.5493206977844238,1.2363885641098022,0.5921165943145752
6.455872077,0.0015339808305725,-1.5477867126464844,1.2363885641098022,0.5921165943145752
6.479488868,0.0015339808305725,-1.5493206977844238,1.2363885641098022,0.5921165943145752
6.536460846,0.0015339808305725,-1.5477867126464844,1.2363885641098022,0.5921165943145752
6.565751939,0.0015339808305725,-1.5477867126464844,1.2363885641098022,0.5921165943145752
6.625284596,0.0015339808305725,-1.5493206977844238,1.2363885641098022,0.5921165943145752
6.648525385,0.0015339808305725,-1.5477867126464844,1.2363885641098022,0.5921165943145752
6.704672562,0.0015339808305725,-1.5477867126464844,1.2363885641098022,0.5921165943145752
6.733987147,0.0015339808305725,-1.5477867126464844,1.2363885641098022,0.5921165943145752
6.793383802,0.0015339808305725,-1.5493206977844238,1.2363885641098022,0.5921165943145752
6.817476083,0.0015339808305725,-1.5477867126464844,1.2363885641098022,0.5921165943145752
6.876523215,0.0015339808305725,-1.5477867126464844,1.2363885641098022,0.5936505794525146
6.898993023,0.0015339808305725,-1.5477867126464844,1.2363885641098022,0.5921165943145752
6.956989113,0.0015339808305725,-1.5477867126464844,1.2363885641098022,0.5921165943145752
6.986372903,0.0015339808305725,-1.5477867126464844,1.2363885641098022,0.5921165943145752
7.048649966,0.0015339808305725,-1.5477867126464844,1.2363885641098022,0.5921165943145752
7.069565669,0.0015339808305725,-1.5477867126464844,1.2363885641098022,0.5921165943145752
7.129001218,0.0015339808305725,-1.5477867126464844,1.2363885641098022,0.5921165943145752
7.157427891,0.0015339808305725,-1.5477867126464844,1.2363885641098022,0.5921165943145752
7.216363672,0.0015339808305725,-1.5477867126464844,1.2363885641098022,0.5921165943145752
7.238338763,0.0015339808305725,-1.5493206977844238,1.2363885641098022,0.5921165943145752
7.295603195,0.0015339808305725,-1.5477867126464844,1.2363885641098022,0.5921165943145752
7.325768401,0.0015339808305725,-1.5477867126464844,1.2363885641098022,0.5921165943145752
7.384042901,0.0015339808305725,-1.5477867126464844,1.2363885641098022,0.5921165943145752
7.408642013,0.0015339808305725,-1.5477867126464844,1.2363885641098022,0.5921165943145752
7.49646924,0.0015339808305725,-1.5477867126464844,1.2363885641098022,0.5921165943145752
7.543907666,0.0015339808305725,-1.5477867126464844,1.2363885641098022,0.5921165943145752
7.633738118,0.0015339808305725,-1.5493206977844238,1.2363885641098022,0.5936505794525146
7.669473619,0.0015339808305725,-1.5493206977844238,1.2363885641098022,0.5921165943145752
7.763905476,0.0015339808305725,-1.5477867126464844,1.2363885641098022,0.5921165943145752
7.79230066,0.0015339808305725,-1.5477867126464844,1.2363885641098022,0.5921165943145752
7.891142988,0.0015339808305725,-1.5493206977844238,1.2363885641098022,0.5921165943145752
7.928162408,0.0015339808305725,-1.5477867126464844,1.2363885641098022,0.5936505794525146
8.024850884,0.0015339808305725,-1.5477867126464844,1.2363885641098022,0.5921165943145752
8.059017683,0.0015339808305725,-1.5493206977844238,1.2363885641098022,0.5921165943145752
8.155344316,0.0015339808305725,-1.5477867126464844,1.2363885641098022,0.5921165943145752
8.183663078,0.0015339808305725,-1.5493206977844238,1.2363885641098022,0.5921165943145752
8.283214956,0.0015339808305725,-1.5477867126464844,1.2363885641098022,0.5921165943145752
8.318337348,0.0015339808305725,-1.5477867126464844,1.2363885641098022,0.5921165943145752
8.415590748,0.0015339808305725,-1.5477867126464844,1.2363885641098022,0.5921165943145752
8.450656394,0.0015339808305725,-1.5493206977844238,1.2363885641098022,0.5921165943145752
8.550683599,0.0015339808305725,-1.5477867126464844,1.2363885641098022,0.5921165943145752
8.587369932,0.0015339808305725,-1.5477867126464844,1.2363885641098022,0.5921165943145752
8.682815116,0.0015339808305725,-1.5477867126464844,1.2363885641098022,0.5921165943145752
8.721965851,0.0015339808305725,-1.5477867126464844,1.2363885641098022,0.5936505794525146
8.815724144,0.0015339808305725,-1.5477867126464844,1.2363885641098022,0.5921165943145752
8.853927043,0.0015339808305725,-1.5477867126464844,1.2363885641098022,0.5921165943145752
8.949624752,0.0015339808305725,-1.5477867126464844,1.2363885641098022,0.5921165943145752
8.986978102,0.0015339808305725,-1.5477867126464844,1.2363885641098022,0.5921165943145752
9.077149681,0.0015339808305725,-1.5493206977844238,1.2363885641098022,0.5921165943145752
9.106961161,0.0015339808305725,-1.5477867126464844,1.2363885641098022,0.5921165943145752
9.198975361,0.0015339808305725,-1.5477867126464844,1.2363885641098022,0.5921165943145752
9.236331474,0.0015339808305725,-1.5477867126464844,1.2363885641098022,0.5921165943145752
9.333442678,0.0015339808305725,-1.5477867126464844,1.2363885641098022,0.5921165943145752
9.367646035,0.0015339808305725,-1.5477867126464844,1.2363885641098022,0.5921165943145752
9.463631451,0.0015339808305725,-1.5477867126464844,1.2363885641098022,0.5921165943145752
9.498299453,0.0015339808305725,-1.5477867126464844,1.2363885641098022,0.5921165943145752
9.595871079,0.0015339808305725,-1.5477867126464844,1.2363885641098022,0.5921165943145752
9.63210939,0.0015339808305725,-1.5477867126464844,1.2363885641098022,0.5921165943145752
9.730952084,0.0015339808305725,-1.5477867126464844,1.2363885641098022,0.5921165943145752
9.763837683,0.0015339808305725,-1.5477867126464844,1.2363885641098022,0.5921165943145752
9.858963592,0.0015339808305725,-1.5477867126464844,1.2363885641098022,0.5921165943145752
9.88743633,0.0015339808305725,-1.5477867126464844,1.2363885641098022,0.5921165943145752
9.984330415,0.0015339808305725,-1.5477867126464844,1.2363885641098022,0.5921165943145752
10.022642632,0.0015339808305725,-1.5493206977844238,1.2363885641098022,0.5921165943145752
10.115303821,0.0015339808305725,-1.5477867126464844,1.2363885641098022,0.5921165943145752
10.151310904,0.0015339808305725,-1.5477867126464844,1.2363885641098022,0.5921165943145752
10.246713426,0.0015339808305725,-1.5477867126464844,1.2363885641098022,0.5921165943145752
10.272092282,0.0015339808305725,-1.5477867126464844,1.2363885641098022,0.5921165943145752
10.363449178,0.0015339808305725,-1.5477867126464844,1.2363885641098022,0.5921165943145752
10.400690138,0.0015339808305725,-1.5493206977844238,1.2363885641098022,0.5921165943145752
10.488476465,0.0015339808305725,-1.5477867126464844,1.2363885641098022,0.5921165943145752
10.510482076,0.0015339808305725,-1.5477867126464844,1.2363885641098022,0.5921165943145752
10.570243974,0.0015339808305725,-1.5477867126464844,1.2363885641098022,0.5921165943145752
10.594073151,0.0015339808305725,-1.5477867126464844,1.2363885641098022,0.5921165943145752
10.654091949,0.0015339808305725,-1.5477867126464844,1.2363885641098022,0.5921165943145752
10.68637271,0.0015339808305725,-1.5477867126464844,1.2363885641098022,0.5921165943145752
10.783461972,0.0015339808305725,-1.5477867126464844,1.2363885641098022,0.5921165943145752
10.81755738,0.0015339808305725,-1.5477867126464844,1.2363885641098022,0.5936505794525146
10.915422707,0.003067961661145,-1.5477867126464844,1.2363885641098022,0.5921165943145752
10.944053611,0.0015339808305725,-1.5477867126464844,1.2363885641098022,0.5921165943145752
11.035072986,0.0015339808305725,-1.5477867126464844,1.2363885641098022,0.5921165943145752
11.075976978,0.0015339808305725,-1.5477867126464844,1.2363885641098022,0.5921165943145752
11.170308504,0.0015339808305725,-1.5477867126464844,1.2363885641098022,0.5921165943145752
11.21143374,0.0015339808305725,-1.5477867126464844,1.2363885641098022,0.5921165943145752
11.314336863,0.0015339808305725,-1.5493206977844238,1.2363885641098022,0.5921165943145752
11.349112826,0.0015339808305725,-1.5477867126464844,1.2363885641098022,0.5921165943145752
11.441884029,0.0015339808305725,-1.5477867126464844,1.2363885641098022,0.5921165943145752
11.482694886,0.0015339808305725,-1.5477867126464844,1.2363885641098022,0.5921165943145752
11.579652913,0.0015339808305725,-1.5477867126464844,1.2363885641098022,0.5921165943145752
11.621715037,0.0015339808305725,-1.5477867126464844,1.2363885641098022,0.5921165943145752
11.732335336,0.003067961661145,-1.5477867126464844,1.2363885641098022,0.5921165943145752
11.759221896,0.0015339808305725,-1.5477867126464844,1.2363885641098022,0.5921165943145752
11.852926941,0.0015339808305725,-1.5477867126464844,1.2363885641098022,0.5921165943145752
11.8876868,0.0015339808305725,-1.5477867126464844,1.2363885641098022,0.5921165943145752
11.986322264,0.0015339808305725,-1.5477867126464844,1.2363885641098022,0.5921165943145752
12.01541861,0.0015339808305725,-1.5477867126464844,1.2363885641098022,0.5921165943145752
12.107884155,0.0015339808305725,-1.5493206977844238,1.2363885641098022,0.5921165943145752
12.146150992,0.0015339808305725,-1.5477867126464844,1.2363885641098022,0.5921165943145752
12.236385186,0.0015339808305725,-1.5477867126464844,1.2363885641098022,0.5921165943145752
12.284825233,0.0015339808305725,-1.5477867126464844,1.2363885641098022,0.5921165943145752
12.383254259,0.0015339808305725,-1.5493206977844238,1.2363885641098022,0.5921165943145752
12.411886799,0.0015339808305725,-1.5477867126464844,1.2363885641098022,0.5921165943145752
12.50461933,0.0015339808305725,-1.5477867126464844,1.2363885641098022,0.5921165943145752
12.544394328,0.0015339808305725,-1.5477867126464844,1.2363885641098022,0.5921165943145752
12.633034273,0.0015339808305725,-1.5477867126464844,1.2363885641098022,0.5936505794525146
12.672239748,0.0015339808305725,-1.5477867126464844,1.2363885641098022,0.5936505794525146
12.767303904,0.0015339808305725,-1.5477867126464844,1.2363885641098022,0.5921165943145752
12.808292122,0.0015339808305725,-1.5477867126464844,1.2363885641098022,0.5921165943145752
12.900790532,0.0015339808305725,-1.5477867126464844,1.2363885641098022,0.5921165943145752
12.950025069,0.0015339808305725,-1.5477867126464844,1.2363885641098022,0.5921165943145752
13.042863746,0.0015339808305725,-1.5477867126464844,1.2363885641098022,0.5921165943145752
13.069181471,0.0015339808305725,-1.5477867126464844,1.2363885641098022,0.5936505794525146
13.162149172,0.0015339808305725,-1.5477867126464844,1.2363885641098022,0.5921165943145752
13.198515314,0.0015339808305725,-1.5477867126464844,1.2363885641098022,0.5921165943145752
13.292503552,0.0015339808305725,-1.5477867126464844,1.2363885641098022,0.5921165943145752
13.329594502,0.0015339808305725,-1.5477867126464844,1.2363885641098022,0.5921165943145752
13.42535291,0.003067961661145,-1.5477867126464844,1.2363885641098022,0.5921165943145752
13.459793329,0.0015339808305725,-1.5477867126464844,1.2363885641098022,0.5921165943145752
13.551036977,0.0015339808305725,-1.5477867126464844,1.2363885641098022,0.5921165943145752
13.587061185,0.0015339808305725,-1.5477867126464844,1.2363885641098022,0.5921165943145752
13.685133056,0.0015339808305725,-1.5477867126464844,1.2363885641098022,0.5921165943145752
13.722244175,0.0015339808305725,-1.5477867126464844,1.2363885641098022,0.5921165943145752
13.82299892,0.0015339808305725,-1.5477867126464844,1.2363885641098022,0.5921165943145752
13.858263421,0.0015339808305725,-1.5477867126464844,1.2363885641098022,0.5921165943145752
13.948094466,0.0015339808305725,-1.5477867126464844,1.2363885641098022,0.5921165943145752
13.965129695,0.0015339808305725,-1.5477867126464844,1.2363885641098022,0.5921165943145752
14.02365516,0.0015339808305725,-1.5477867126464844,1.2363885641098022,0.5921165943145752
14.047911724,0.0015339808305725,-1.5477867126464844,1.2363885641098022,0.5921165943145752
14.103660772,0.0015339808305725,-1.5477867126464844,1.2363885641098022,0.5921165943145752
14.127862472,0.0015339808305725,-1.5477867126464844,1.2363885641098022,0.5921165943145752
14.21514735,0.0015339808305725,-1.5477867126464844,1.2363885641098022,0.5936505794525146
14.259355448,0.0015339808305725,-1.5477867126464844,1.2363885641098022,0.5921165943145752
14.353419324,0.0015339808305725,-1.5477867126464844,1.2363885641098022,0.5921165943145752
14.384657539,0.0015339808305725,-1.5477867126464844,1.2363885641098022,0.5921165943145752
14.481242071,0.0015339808305725,-1.5477867126464844,1.2363885641098022,0.5921165943145752
14.517232813,0.0015339808305725,-1.5477867126464844,1.2363885641098022,0.5921165943145752
14.609580023,0.0015339808305725,-1.5493206977844238,1.2363885641098022,0.5921165943145752
14.647227643,0.0015339808305725,-1.5477867126464844,1.2363885641098022,0.5921165943145752
14.742145649,0.0015339808305725,-1.5477867126464844,1.2363885641098022,0.5921165943145752
14.769345511,0.0015339808305725,-1.5493206977844238,1.2363885641098022,0.5921165943145752
14.869867065,0.0015339808305725,-1.5477867126464844,1.2363885641098022,0.5921165943145752
14.910411107,0.0015339808305725,-1.5477867126464844,1.2363885641098022,0.5921165943145752
15.011357667,0.0015339808305725,-1.5477867126464844,1.2363885641098022,0.5921165943145752
15.048503092,0.0015339808305725,-1.5477867126464844,1.2363885641098022,0.5921165943145752
15.14264202,0.0015339808305725,-1.5477867126464844,1.2363885641098022,0.5921165943145752
15.18286351,0.0015339808305725,-1.5477867126464844,1.2363885641098022,0.5921165943145752
15.273392644,0.0015339808305725,-1.5477867126464844,1.2363885641098022,0.5921165943145752
15.311991092,0.0015339808305725,-1.5493206977844238,1.2363885641098022,0.5936505794525146
15.402997197,0.0015339808305725,-1.5477867126464844,1.2363885641098022,0.5921165943145752
15.441828106,0.0015339808305725,-1.5477867126464844,1.2363885641098022,0.5921165943145752
15.533638325,0.0015339808305725,-1.5477867126464844,1.2363885641098022,0.5921165943145752
15.569468921,0.0015339808305725,-1.5493206977844238,1.2363885641098022,0.5921165943145752
15.662610443,0.0015339808305725,-1.5477867126464844,1.2363885641098022,0.5921165943145752
15.699752139,0.0015339808305725,-1.5477867126464844,1.2363885641098022,0.5921165943145752
15.792151259,0.0015339808305725,-1.5477867126464844,1.2363885641098022,0.5921165943145752
15.829787318,0.0015339808305725,-1.5477867126464844,1.2363885641098022,0.5921165943145752
15.928451357,0.0015339808305725,-1.5477867126464844,1.2363885641098022,0.5921165943145752
15.963579628,0.0015339808305725,-1.5477867126464844,1.2363885641098022,0.5921165943145752
16.057812476,0.0015339808305725,-1.5477867126464844,1.2363885641098022,0.5921165943145752
16.101195149,0.0015339808305725,-1.5477867126464844,1.2363885641098022,0.5921165943145752
16.196832354,0.003067961661145,-1.5477867126464844,1.2363885641098022,0.5921165943145752
16.231146165,0.0015339808305725,-1.5477867126464844,1.2363885641098022,0.5936505794525146
16.32517943,0.0015339808305725,-1.5477867126464844,1.2363885641098022,0.5921165943145752
16.361048072,0.0015339808305725,-1.5477867126464844,1.2363885641098022,0.5936505794525146
16.455182137,0.0015339808305725,-1.5477867126464844,1.2363885641098022,0.5921165943145752
16.491511996,0.0015339808305725,-1.5477867126464844,1.2363885641098022,0.5921165943145752
16.583504958,0.0015339808305725,-1.5477867126464844,1.2363885641098022,0.5921165943145752
16.619740673,0.0015339808305725,-1.5477867126464844,1.2363885641098022,0.5921165943145752
16.715980024,0.003067961661145,-1.5477867126464844,1.2363885641098022,0.5921165943145752
16.752901409,0.0015339808305725,-1.5477867126464844,1.2363885641098022,0.5921165943145752
16.849611924,0.0015339808305725,-1.5477867126464844,1.2363885641098022,0.5921165943145752
16.886219462,0.0015339808305725,-1.5477867126464844,1.2363885641098022,0.5921165943145752
16.988096262,0.0015339808305725,-1.5477867126464844,1.2363885641098022,0.5921165943145752
17.026824594,0.0015339808305725,-1.5477867126464844,1.2363885641098022,0.5921165943145752
17.121717115,0.0015339808305725,-1.5477867126464844,1.2363885641098022,0.5921165943145752
17.159359567,0.0015339808305725,-1.5477867126464844,1.2363885641098022,0.5921165943145752
17.255393642,0.0015339808305725,-1.5477867126464844,1.2363885641098022,0.5921165943145752
17.305968375,0.0015339808305725,-1.5477867126464844,1.2363885641098022,0.5921165943145752
17.385203826,0.0015339808305725,-1.5477867126464844,1.2363885641098022,0.5921165943145752
17.414992576,0.0015339808305725,-1.5493206977844238,1.2363885641098022,0.5936505794525146
17.466987803,0.0015339808305725,-1.5477867126464844,1.2363885641098022,0.5936505794525146
17.497774054,0.0015339808305725,-1.5477867126464844,1.2363885641098022,0.5936505794525146
17.554421776,0.0015339808305725,-1.5477867126464844,1.2363885641098022,0.5921165943145752
17.595621774,0.0015339808305725,-1.5477867126464844,1.2363885641098022,0.5921165943145752
17.651565658,0.0015339808305725,-1.5477867126464844,1.2363885641098022,0.5921165943145752
17.698250652,0.0015339808305725,-1.5477867126464844,1.2363885641098022,0.5921165943145752
17.788263122,0.0015339808305725,-1.5477867126464844,1.2363885641098022,0.5936505794525146
17.860788217,0.0015339808305725,-1.5477867126464844,1.2363885641098022,0.5921165943145752
17.958824518,0.0015339808305725,-1.5477867126464844,1.2363885641098022,0.5936505794525146
17.989125513,0.0015339808305725,-1.5477867126464844,1.2363885641098022,0.5921165943145752
18.083859244,0.0015339808305725,-1.5477867126464844,1.2363885641098022,0.5921165943145752
18.113405627,0.0015339808305725,-1.5477867126464844,1.2363885641098022,0.5921165943145752
18.204886215,0.0015339808305725,-1.5493206977844238,1.2363885641098022,0.5921165943145752
18.246687519,0.0015339808305725,-1.5477867126464844,1.2363885641098022,0.5921165943145752
18.335650329,0.0015339808305725,-1.5477867126464844,1.2363885641098022,0.5921165943145752
18.377392018,0.0015339808305725,-1.5477867126464844,1.2363885641098022,0.5921165943145752
18.470329608,0.0015339808305725,-1.5477867126464844,1.2363885641098022,0.5921165943145752
18.518438011,0.0015339808305725,-1.5477867126464844,1.2363885641098022,0.5921165943145752
18.610083987,0.0015339808305725,-1.5477867126464844,1.2363885641098022,0.5921165943145752
18.63830493,0.0015339808305725,-1.5477867126464844,1.2363885641098022,0.5921165943145752
18.732212692,0.0015339808305725,-1.5477867126464844,1.2363885641098022,0.5921165943145752
18.775377803,0.0015339808305725,-1.5477867126464844,1.2363885641098022,0.5921165943145752
18.865986431,0.0015339808305725,-1.5477867126464844,1.2363885641098022,0.5921165943145752
18.916792265,0.0015339808305725,-1.5477867126464844,1.2363885641098022,0.5921165943145752
19.014337478,0.0015339808305725,-1.5493206977844238,1.2363885641098022,0.5921165943145752
19.040987451,0.0015339808305725,-1.5477867126464844,1.2363885641098022,0.5921165943145752
19.135903129,0.0015339808305725,-1.5477867126464844,1.2363885641098022,0.5921165943145752
19.176847328,0.0015339808305725,-1.5477867126464844,1.2363885641098022,0.5921165943145752
19.267282024,0.0015339808305725,-1.5477867126464844,1.2363885641098022,0.5921165943145752
19.304769836,0.0015339808305725,-1.5477867126464844,1.2363885641098022,0.5921165943145752
19.39803469,0.0015339808305725,-1.5477867126464844,1.2363885641098022,0.5921165943145752
19.432494332,0.0015339808305725,-1.5477867126464844,1.2363885641098022,0.5921165943145752
19.528652493,0.0015339808305725,-1.5477867126464844,1.2363885641098022,0.5936505794525146
19.564058919,0.003067961661145,-1.5477867126464844,1.2363885641098022,0.5921165943145752
19.658841802,0.0015339808305725,-1.5477867126464844,1.2363885641098022,0.5921165943145752
19.696908328,0.0015339808305725,-1.5477867126464844,1.2363885641098022,0.5921165943145752
19.790627249,0.0015339808305725,-1.5477867126464844,1.2363885641098022,0.5936505794525146
19.826865223,0.0015339808305725,-1.5477867126464844,1.2363885641098022,0.5921165943145752
19.922374791,0.0015339808305725,-1.5477867126464844,1.2363885641098022,0.5921165943145752
19.958712211,0.0015339808305725,-1.5477867126464844,1.2363885641098022,0.5921165943145752
20.059595266,0.0015339808305725,-1.5477867126464844,1.2363885641098022,0.5921165943145752
20.095477785,0.0015339808305725,-1.5493206977844238,1.2363885641098022,0.5921165943145752
20.189822755,0.003067961661145,-1.5477867126464844,1.2363885641098022,0.5921165943145752
20.225992302,0.0015339808305725,-1.5493206977844238,1.2363885641098022,0.5936505794525146
20.321337662,0.0015339808305725,-1.5477867126464844,1.2363885641098022,0.5921165943145752
20.350114801,0.0015339808305725,-1.5477867126464844,1.2363885641098022,0.5921165943145752
20.444191262,0.0015339808305725,-1.5477867126464844,1.2363885641098022,0.5921165943145752
20.480017851,0.0015339808305725,-1.5477867126464844,1.2363885641098022,0.5921165943145752
20.573983568,0.0015339808305725,-1.5477867126464844,1.2363885641098022,0.5921165943145752
20.613654548,0.0015339808305725,-1.5477867126464844,1.2363885641098022,0.5921165943145752
20.705556868,0.0015339808305725,-1.5477867126464844,1.2363885641098022,0.5921165943145752
20.745955837,0.0015339808305725,-1.5477867126464844,1.2363885641098022,0.5921165943145752
20.837103705,0.0015339808305725,-1.5477867126464844,1.2363885641098022,0.5921165943145752
20.878498567,0.0015339808305725,-1.5477867126464844,1.2363885641098022,0.5921165943145752
20.968472958,0.0015339808305725,-1.5477867126464844,1.2363885641098022,0.5921165943145752
20.992395386,0.0015339808305725,-1.5477867126464844,1.2363885641098022,0.5921165943145752
21.053948474,0.0015339808305725,-1.5477867126464844,1.2363885641098022,0.5921165943145752
21.083940888,0.0015339808305725,-1.5477867126464844,1.2363885641098022,0.5921165943145752
21.180334562,0.0015339808305725,-1.5477867126464844,1.2363885641098022,0.5921165943145752
21.226470989,0.0015339808305725,-1.5477867126464844,1.2363885641098022,0.5921165943145752
21.321421579,0.0015339808305725,-1.5477867126464844,1.2363885641098022,0.5921165943145752
21.354426889,0.0015339808305725,-1.5493206977844238,1.2363885641098022,0.5921165943145752
21.450313398,0.0015339808305725,-1.5477867126464844,1.2363885641098022,0.5921165943145752
21.489141298,0.0015339808305725,-1.5477867126464844,1.2363885641098022,0.5921165943145752
21.583916259,0.0015339808305725,-1.5477867126464844,1.2363885641098022,0.5921165943145752
21.620440641,0.0015339808305725,-1.5477867126464844,1.2363885641098022,0.5921165943145752
21.719146541,0.0015339808305725,-1.5493206977844238,1.2363885641098022,0.5921165943145752
21.75545109,0.0015339808305725,-1.5477867126464844,1.2363885641098022,0.5921165943145752
21.849791842,0.0015339808305725,-1.5477867126464844,1.2363885641098022,0.5921165943145752
21.87945269,0.0015339808305725,-1.5477867126464844,1.2363885641098022,0.5921165943145752
21.969449908,0.0015339808305725,-1.5477867126464844,1.2363885641098022,0.5921165943145752
22.018529354,0.0015339808305725,-1.5477867126464844,1.2363885641098022,0.5921165943145752
22.116642443,0.0015339808305725,-1.5477867126464844,1.2363885641098022,0.5921165943145752
22.14656501,0.0015339808305725,-1.5477867126464844,1.2363885641098022,0.5921165943145752
22.240701729,0.0015339808305725,-1.5477867126464844,1.2363885641098022,0.5921165943145752
22.28124422,0.0015339808305725,-1.5493206977844238,1.2363885641098022,0.5921165943145752
22.376595764,0.0015339808305725,-1.5493206977844238,1.2363885641098022,0.5921165943145752
22.413280349,0.0015339808305725,-1.5493206977844238,1.2363885641098022,0.5921165943145752
22.506719342,0.0015339808305725,-1.5477867126464844,1.2363885641098022,0.5921165943145752
22.546360285,0.0015339808305725,-1.5477867126464844,1.2363885641098022,0.5921165943145752
22.637384048,0.0015339808305725,-1.5493206977844238,1.2363885641098022,0.5921165943145752
22.678522649,0.0015339808305725,-1.5477867126464844,1.2363885641098022,0.5921165943145752
22.769396723,0.0015339808305725,-1.5493206977844238,1.2363885641098022,0.5921165943145752
22.809901286,0.0015339808305725,-1.5477867126464844,1.2363885641098022,0.5921165943145752
22.903249189,0.0015339808305725,-1.5477867126464844,1.2363885641098022,0.5921165943145752
22.951632037,0.0015339808305725,-1.5477867126464844,1.2363885641098022,0.5921165943145752
23.048658121,0.0015339808305725,-1.5477867126464844,1.2363885641098022,0.5921165943145752
23.077265928,0.0015339808305725,-1.5477867126464844,1.2363885641098022,0.5921165943145752
23.180464126,0.0015339808305725,-1.5477867126464844,1.2363885641098022,0.5921165943145752
23.21654072,0.0015339808305725,-1.5477867126464844,1.2363885641098022,0.5921165943145752
23.314748757,0.003067961661145,-1.5477867126464844,1.2363885641098022,0.5921165943145752
23.351377952,0.0015339808305725,-1.5477867126464844,1.2363885641098022,0.5921165943145752
23.447894689,0.0015339808305725,-1.5493206977844238,1.2363885641098022,0.5921165943145752
23.474150554,0.0015339808305725,-1.5477867126464844,1.2363885641098022,0.5921165943145752
23.56646297,0.0015339808305725,-1.5477867126464844,1.2363885641098022,0.5921165943145752
23.602886401,0.0015339808305725,-1.5493206977844238,1.2363885641098022,0.5921165943145752
23.698113833,0.0015339808305725,-1.5493206977844238,1.2363885641098022,0.5921165943145752
23.745531108,0.0015339808305725,-1.5477867126464844,1.2363885641098022,0.5936505794525146
23.836384809,0.0015339808305725,-1.5477867126464844,1.2363885641098022,0.5921165943145752
23.870149541,0.0015339808305725,-1.5477867126464844,1.2363885641098022,0.5921165943145752
23.966280717,0.003067961661145,-1.5477867126464844,1.2363885641098022,0.5921165943145752
24.015162272,0.0015339808305725,-1.5477867126464844,1.2363885641098022,0.5921165943145752
24.112200291,0.0015339808305725,-1.5477867126464844,1.2363885641098022,0.5921165943145752
24.137980503,0.0015339808305725,-1.5477867126464844,1.2363885641098022,0.5921165943145752
24.238379553,0.0015339808305725,-1.5477867126464844,1.2363885641098022,0.5921165943145752
24.279022855,0.0015339808305725,-1.5477867126464844,1.2363885641098022,0.5921165943145752
24.354441795,0.0015339808305725,-1.5477867126464844,1.2363885641098022,0.5921165943145752
24.379936632,0.0015339808305725,-1.5477867126464844,1.2363885641098022,0.5921165943145752
24.43568517,0.0015339808305725,-1.5477867126464844,1.2363885641098022,0.5921165943145752
24.465933596,0.0015339808305725,-1.5477867126464844,1.2363885641098022,0.5921165943145752
24.525514772,0.0015339808305725,-1.5477867126464844,1.2363885641098022,0.5921165943145752
24.549160868,0.0015339808305725,-1.5477867126464844,1.2363885641098022,0.5921165943145752
24.605826425,0.0015339808305725,-1.5477867126464844,1.2363885641098022,0.5921165943145752
24.628671046,0.0015339808305725,-1.5493206977844238,1.2363885641098022,0.5921165943145752
24.688340362,0.0015339808305725,-1.5477867126464844,1.2363885641098022,0.5921165943145752
24.718318825,0.0015339808305725,-1.5477867126464844,1.2363885641098022,0.5921165943145752
24.778362274,0.0015339808305725,-1.5477867126464844,1.2363885641098022,0.5921165943145752
24.800450279,0.0015339808305725,-1.5477867126464844,1.2363885641098022,0.5921165943145752
24.881663321,0.0015339808305725,-1.5477867126464844,1.2363885641098022,0.5921165943145752
24.926675403,0.0015339808305725,-1.5477867126464844,1.2363885641098022,0.5921165943145752
25.021934904,0.003067961661145,-1.5477867126464844,1.2363885641098022,0.5921165943145752
25.05825485,0.0015339808305725,-1.5477867126464844,1.2363885641098022,0.5921165943145752
25.15118156,0.0015339808305725,-1.5477867126464844,1.2363885641098022,0.5921165943145752
25.180193485,0.0015339808305725,-1.5493206977844238,1.2363885641098022,0.5921165943145752
25.283883169,0.0015339808305725,-1.5477867126464844,1.2363885641098022,0.5921165943145752
25.320062295,0.0015339808305725,-1.5477867126464844,1.2363885641098022,0.5921165943145752
25.41529251,0.0015339808305725,-1.5477867126464844,1.2363885641098022,0.5921165943145752
25.451547913,0.0015339808305725,-1.5477867126464844,1.2363885641098022,0.5921165943145752
25.551330574,0.0015339808305725,-1.5477867126464844,1.2363885641098022,0.5921165943145752
25.580531175,0.0015339808305725,-1.5477867126464844,1.2363885641098022,0.5921165943145752
25.672587416,0.0015339808305725,-1.5493206977844238,1.2363885641098022,0.5921165943145752
25.712722574,0.0015339808305725,-1.5477867126464844,1.2363885641098022,0.5921165943145752
25.808700958,0.0015339808305725,-1.5477867126464844,1.2363885641098022,0.5921165943145752
25.850177388,0.0015339808305725,-1.5477867126464844,1.2363885641098022,0.5936505794525146
25.944540097,0.0015339808305725,-1.5477867126464844,1.2363885641098022,0.5921165943145752
25.988942625,0.0015339808305725,-1.5477867126464844,1.2363885641098022,0.5921165943145752
26.08378897,0.0015339808305725,-1.5477867126464844,1.2363885641098022,0.5921165943145752
26.113329782,0.0015339808305725,-1.5477867126464844,1.2363885641098022,0.5921165943145752
26.211696478,0.0015339808305725,-1.5477867126464844,1.2363885641098022,0.5921165943145752
26.257485849,0.0015339808305725,-1.5493206977844238,1.2363885641098022,0.5921165943145752
26.358965307,0.0015339808305725,-1.5477867126464844,1.2363885641098022,0.5921165943145752
26.391760124,0.0015339808305725,-1.5493206977844238,1.2363885641098022,0.5921165943145752
26.486873367,0.0015339808305725,-1.5477867126464844,1.2363885641098022,0.5921165943145752
26.524885602,0.0015339808305725,-1.5477867126464844,1.2363885641098022,0.5921165943145752
26.621017119,0.0015339808305725,-1.5477867126464844,1.2363885641098022,0.5921165943145752
26.655943324,0.0015339808305725,-1.5493206977844238,1.2363885641098022,0.5921165943145752
26.75431621,0.0015339808305725,-1.5477867126464844,1.2363885641098022,0.5936505794525146
26.791423912,0.0015339808305725,-1.5477867126464844,1.2363885641098022,0.5921165943145752
26.886052379,0.0015339808305725,-1.5477867126464844,1.2363885641098022,0.5921165943145752
26.923319551,0.0015339808305725,-1.5493206977844238,1.2363885641098022,0.5921165943145752
27.016650257,0.0015339808305725,-1.5477867126464844,1.2363885641098022,0.5921165943145752
27.055219905,0.0015339808305725,-1.5477867126464844,1.2363885641098022,0.5921165943145752
27.146571167,0.0015339808305725,-1.5477867126464844,1.2363885641098022,0.5921165943145752
27.182771369,0.0015339808305725,-1.5477867126464844,1.2363885641098022,0.5921165943145752
27.278606491,0.0015339808305725,-1.5477867126464844,1.2363885641098022,0.5921165943145752
27.317449707,0.0015339808305725,-1.5477867126464844,1.2363885641098022,0.5921165943145752
27.415167528,0.0015339808305725,-1.5477867126464844,1.2363885641098022,0.5936505794525146
27.451265058,0.0015339808305725,-1.5477867126464844,1.2363885641098022,0.5921165943145752
27.548832914,0.0015339808305725,-1.5477867126464844,1.2363885641098022,0.5921165943145752
27.578431566,0.0015339808305725,-1.5477867126464844,1.2363885641098022,0.5921165943145752
27.66827312,0.0015339808305725,-1.5477867126464844,1.2363885641098022,0.5921165943145752
27.706948262,0.0015339808305725,-1.5493206977844238,1.2363885641098022,0.5921165943145752
27.799629898,0.0015339808305725,-1.5477867126464844,1.2363885641098022,0.5936505794525146
27.840029014,0.0015339808305725,-1.5477867126464844,1.2363885641098022,0.5921165943145752
27.935451742,0.0015339808305725,-1.5477867126464844,1.2363885641098022,0.5921165943145752
27.972356799,0.0015339808305725,-1.5477867126464844,1.2363885641098022,0.5921165943145752
28.068043028,0.0015339808305725,-1.5493206977844238,1.2363885641098022,0.5921165943145752
28.098404638,0.003067961661145,-1.5477867126464844,1.2363885641098022,0.5921165943145752
28.157712679,0.0015339808305725,-1.5477867126464844,1.2363885641098022,0.5921165943145752
28.181522555,0.0015339808305725,-1.5477867126464844,1.2363885641098022,0.5921165943145752
28.268011818,0.0015339808305725,-1.5477867126464844,1.2363885641098022,0.5921165943145752
28.316095765,0.0015339808305725,-1.5477867126464844,1.2363885641098022,0.5921165943145752
28.413107743,0.0015339808305725,-1.5477867126464844,1.2363885641098022,0.5936505794525146
28.438713521,0.0015339808305725,-1.5477867126464844,1.2363885641098022,0.5921165943145752
28.531143987,0.0015339808305725,-1.5493206977844238,1.2363885641098022,0.5921165943145752
28.567310223,0.0015339808305725,-1.5493206977844238,1.2363885641098022,0.5921165943145752
28.662397119,0.0015339808305725,-1.5477867126464844,1.2363885641098022,0.5921165943145752
28.699694683,0.0015339808305725,-1.5477867126464844,1.2363885641098022,0.5921165943145752
28.796158618,0.0015339808305725,-1.5477867126464844,1.2363885641098022,0.5921165943145752
28.832254515,0.0015339808305725,-1.5477867126464844,1.2363885641098022,0.5921165943145752
28.92682497,0.0015339808305725,-1.5477867126464844,1.2363885641098022,0.5921165943145752
28.966090129,0.0015339808305725,-1.5477867126464844,1.2363885641098022,0.5921165943145752
29.061184169,0.0015339808305725,-1.5477867126464844,1.2363885641098022,0.5921165943145752
29.097667364,0.0015339808305725,-1.5477867126464844,1.2363885641098022,0.5921165943145752
29.190981956,0.0015339808305725,-1.5477867126464844,1.2363885641098022,0.5921165943145752
29.228683336,0.0015339808305725,-1.5477867126464844,1.2363885641098022,0.5921165943145752
29.3247189,0.0015339808305725,-1.5477867126464844,1.2363885641098022,0.5921165943145752
29.360478076,0.0015339808305725,-1.5477867126464844,1.2363885641098022,0.5921165943145752
29.460176359,0.0015339808305725,-1.5477867126464844,1.2363885641098022,0.5921165943145752
29.496224312,0.0015339808305725,-1.5477867126464844,1.2363885641098022,0.5921165943145752
29.591418626,0.0015339808305725,-1.5493206977844238,1.2363885641098022,0.5921165943145752
29.629023131,0.0015339808305725,-1.5477867126464844,1.2363885641098022,0.5921165943145752
29.725557471,0.0015339808305725,-1.5477867126464844,1.2363885641098022,0.5921165943145752
29.762525623,0.0015339808305725,-1.5477867126464844,1.2363885641098022,0.5921165943145752
29.858406165,0.0015339808305725,-1.5477867126464844,1.2363885641098022,0.5921165943145752
29.895764698,0.0015339808305725,-1.5477867126464844,1.2363885641098022,0.5921165943145752
29.990182985,0.0015339808305725,-1.5477867126464844,1.2363885641098022,0.5921165943145752
30.026396294,0.0015339808305725,-1.5477867126464844,1.2363885641098022,0.5921165943145752
30.121720486,0.0015339808305725,-1.5477867126464844,1.2363885641098022,0.5921165943145752
30.158347561,0.0015339808305725,-1.5477867126464844,1.2363885641098022,0.5921165943145752
30.25164675,0.0015339808305725,-1.5477867126464844,1.2363885641098022,0.5921165943145752
30.288361272,0.0015339808305725,-1.5477867126464844,1.2363885641098022,0.5921165943145752
30.382925565,0.0015339808305725,-1.5477867126464844,1.2363885641098022,0.5921165943145752
30.419444863,0.0015339808305725,-1.5477867126464844,1.2363885641098022,0.5921165943145752
30.522271143,0.003067961661145,-1.5477867126464844,1.2363885641098022,0.5921165943145752
30.5608005,0.0015339808305725,-1.5477867126464844,1.2363885641098022,0.5921165943145752
30.657945447,0.0015339808305725,-1.5477867126464844,1.2363885641098022,0.5921165943145752
30.690424052,0.0015339808305725,-1.5493206977844238,1.2363885641098022,0.5921165943145752
30.786725138,0.0015339808305725,-1.5477867126464844,1.2363885641098022,0.5921165943145752
30.816649728,0.0015339808305725,-1.5477867126464844,1.2363885641098022,0.5921165943145752
30.912228907,0.0015339808305725,-1.5477867126464844,1.2363885641098022,0.5921165943145752
30.948950665,0.0015339808305725,-1.5477867126464844,1.2363885641098022,0.5921165943145752
31.044517587,0.0015339808305725,-1.5477867126464844,1.2363885641098022,0.5921165943145752
31.066609393,0.0015339808305725,-1.5493206977844238,1.2363885641098022,0.5921165943145752
31.126499367,0.0015339808305725,-1.5477867126464844,1.2363885641098022,0.5921165943145752
31.151801465,0.0015339808305725,-1.5477867126464844,1.2363885641098022,0.5921165943145752
31.20827476,0.003067961661145,-1.5477867126464844,1.2363885641098022,0.5921165943145752
31.238166277,0.0015339808305725,-1.5477867126464844,1.2363885641098022,0.5921165943145752
31.297783674,0.0015339808305725,-1.5477867126464844,1.2363885641098022,0.5921165943145752
31.320345619,0.0015339808305725,-1.5477867126464844,1.2363885641098022,0.5921165943145752
31.379653227,0.0015339808305725,-1.5477867126464844,1.2363885641098022,0.5921165943145752
31.401069321,0.0015339808305725,-1.5477867126464844,1.2363885641098022,0.5921165943145752
31.464729512,0.0015339808305725,-1.5493206977844238,1.2363885641098022,0.5921165943145752
31.493641132,0.0015339808305725,-1.5493206977844238,1.2363885641098022,0.5921165943145752
31.552735725,0.0015339808305725,-1.5477867126464844,1.2363885641098022,0.5921165943145752
31.568751137,0.0015339808305725,-1.5477867126464844,1.2363885641098022,0.5921165943145752
31.628780103,0.0015339808305725,-1.5477867126464844,1.2363885641098022,0.5921165943145752
31.657339184,0.0015339808305725,-1.5477867126464844,1.2363885641098022,0.5921165943145752
31.715950595,0.0015339808305725,-1.5477867126464844,1.2363885641098022,0.5921165943145752
31.742315235,0.0015339808305725,-1.5477867126464844,1.2363885641098022,0.5921165943145752
31.826457735,0.0015339808305725,-1.5477867126464844,1.2363885641098022,0.5936505794525146
31.870907164,0.0015339808305725,-1.5477867126464844,1.2363885641098022,0.5921165943145752
31.966412993,0.0015339808305725,-1.5477867126464844,1.2363885641098022,0.5921165943145752
32.003068218,0.0015339808305725,-1.5477867126464844,1.2363885641098022,0.5921165943145752
32.10063428,0.0015339808305725,-1.5477867126464844,1.2363885641098022,0.5921165943145752
32.130643742,0.0015339808305725,-1.5493206977844238,1.2363885641098022,0.5921165943145752
32.225473574,0.0015339808305725,-1.5477867126464844,1.2363885641098022,0.5921165943145752
32.26496128,0.0015339808305725,-1.5477867126464844,1.2363885641098022,0.5921165943145752
32.359876015,0.003067961661145,-1.5477867126464844,1.2363885641098022,0.5921165943145752
32.396054173,0.0015339808305725,-1.5477867126464844,1.2363885641098022,0.5921165943145752
32.490747256,0.0015339808305725,-1.5477867126464844,1.2363885641098022,0.5921165943145752
32.533962488,0.0015339808305725,-1.5493206977844238,1.2363885641098022,0.5921165943145752
32.626626078,0.0015339808305725,-1.5477867126464844,1.2363885641098022,0.5921165943145752
32.666321056,0.0015339808305725,-1.5477867126464844,1.2363885641098022,0.5921165943145752
32.761586016,0.003067961661145,-1.5477867126464844,1.2363885641098022,0.5921165943145752
32.798093585,0.0015339808305725,-1.5477867126464844,1.2363885641098022,0.5921165943145752
32.894437047,0.0015339808305725,-1.5477867126464844,1.2363885641098022,0.5921165943145752
32.931053306,0.0015339808305725,-1.5493206977844238,1.2363885641098022,0.5921165943145752
33.025243225,0.0015339808305725,-1.5477867126464844,1.2363885641098022,0.5921165943145752
33.062332335,0.0015339808305725,-1.5477867126464844,1.2363885641098022,0.5921165943145752
33.156423331,0.0015339808305725,-1.5477867126464844,1.2363885641098022,0.5921165943145752
33.192594526,0.003067961661145,-1.5477867126464844,1.2363885641098022,0.5921165943145752
33.28760433,0.0015339808305725,-1.5493206977844238,1.2363885641098022,0.5921165943145752
33.326941999,0.0015339808305725,-1.5493206977844238,1.2363885641098022,0.5921165943145752
33.421789171,0.0015339808305725,-1.5477867126464844,1.2363885641098022,0.5921165943145752
33.460059733,0.0015339808305725,-1.5477867126464844,1.2363885641098022,0.5921165943145752
33.56167327,0.0015339808305725,-1.5477867126464844,1.2363885641098022,0.5921165943145752
33.599102433,0.0015339808305725,-1.5477867126464844,1.2363885641098022,0.5921165943145752
33.690379293,0.0015339808305725,-1.5477867126464844,1.2363885641098022,0.5921165943145752
33.73529775,0.0015339808305725,-1.5477867126464844,1.2363885641098022,0.5921165943145752
33.831898713,0.0015339808305725,-1.5493206977844238,1.2363885641098022,0.5921165943145752
33.868850158,0.0015339808305725,-1.5477867126464844,1.2363885641098022,0.5921165943145752
33.96219811,0.0015339808305725,-1.5477867126464844,1.2363885641098022,0.5921165943145752
33.995053564,0.0015339808305725,-1.5493206977844238,1.2363885641098022,0.5921165943145752
34.091883039,0.003067961661145,-1.5477867126464844,1.2363885641098022,0.5921165943145752
34.128376577,0.0015339808305725,-1.5477867126464844,1.2363885641098022,0.5921165943145752
34.224718553,0.0015339808305725,-1.5477867126464844,1.2363885641098022,0.5921165943145752
34.263492315,0.0015339808305725,-1.5477867126464844,1.2363885641098022,0.5921165943145752
34.358684443,0.0015339808305725,-1.5477867126464844,1.2363885641098022,0.5921165943145752
34.39545324,0.0015339808305725,-1.5477867126464844,1.2363885641098022,0.5921165943145752
34.490117527,0.0015339808305725,-1.5477867126464844,1.2363885641098022,0.5921165943145752
34.526624145,0.0015339808305725,-1.5477867126464844,1.2363885641098022,0.5921165943145752
34.626067196,0.0015339808305725,-1.5477867126464844,1.2363885641098022,0.5921165943145752
34.663299469,0.0015339808305725,-1.5477867126464844,1.2363885641098022,0.5921165943145752
34.75598153,0.0015339808305725,-1.5477867126464844,1.2363885641098022,0.5921165943145752
34.786226474,0.0015339808305725,-1.5477867126464844,1.2363885641098022,0.5921165943145752
34.88009278,0.0015339808305725,-1.5477867126464844,1.2363885641098022,0.5921165943145752
34.915459354,0.0015339808305725,-1.5493206977844238,1.2363885641098022,0.5921165943145752
35.010890121,0.0015339808305725,-1.5477867126464844,1.2363885641098022,0.5921165943145752
35.035005442,0.0015339808305725,-1.5493206977844238,1.2363885641098022,0.5921165943145752
35.095178641,0.0015339808305725,-1.5477867126464844,1.2363885641098022,0.5921165943145752
35.119455097,0.0015339808305725,-1.5477867126464844,1.2363885641098022,0.5921165943145752
35.179424676,0.003067961661145,-1.5477867126464844,1.2363885641098022,0.5921165943145752
35.209998181,0.0015339808305725,-1.5493206977844238,1.2363885641098022,0.5921165943145752
35.266281252,0.0015339808305725,-1.5477867126464844,1.2363885641098022,0.5921165943145752
35.290019752,0.0015339808305725,-1.5477867126464844,1.2363885641098022,0.5921165943145752
35.34875511,0.0015339808305725,-1.5477867126464844,1.2363885641098022,0.5921165943145752
35.379065539,0.0015339808305725,-1.5493206977844238,1.2363885641098022,0.5921165943145752
35.436688637,0.0015339808305725,-1.5477867126464844,1.2363885641098022,0.5921165943145752
35.459318518,0.0015339808305725,-1.5477867126464844,1.2363885641098022,0.5921165943145752
35.520289143,0.0015339808305725,-1.5477867126464844,1.2363885641098022,0.5921165943145752
35.546033807,0.0015339808305725,-1.5477867126464844,1.2363885641098022,0.5921165943145752
35.609495628,0.0015339808305725,-1.5477867126464844,1.2363885641098022,0.5921165943145752
35.635581658,0.0015339808305725,-1.5477867126464844,1.2363885641098022,0.5921165943145752
35.69514389,0.0015339808305725,-1.5477867126464844,1.2363885641098022,0.5921165943145752
35.720405245,0.0015339808305725,-1.5477867126464844,1.2363885641098022,0.5921165943145752
35.778991641,0.0015339808305725,-1.5493206977844238,1.2363885641098022,0.5921165943145752
35.805901492,0.0015339808305725,-1.5477867126464844,1.2363885641098022,0.5921165943145752
35.865452685,0.0015339808305725,-1.5477867126464844,1.2363885641098022,0.5936505794525146
35.889522456,0.0015339808305725,-1.5477867126464844,1.2363885641098022,0.5921165943145752
35.948859313,0.0015339808305725,-1.5477867126464844,1.2363885641098022,0.5921165943145752
35.970887772,0.0015339808305725,-1.5477867126464844,1.2363885641098022,0.5921165943145752
36.029031139,0.0015339808305725,-1.5477867126464844,1.2363885641098022,0.5921165943145752
36.058976136,0.0015339808305725,-1.5477867126464844,1.2363885641098022,0.5921165943145752
36.117928502,0.0015339808305725,-1.5477867126464844,1.2363885641098022,0.5921165943145752
36.183777877,0.0015339808305725,-1.5493206977844238,1.2363885641098022,0.5921165943145752
36.278627071,0.0015339808305725,-1.5477867126464844,1.2363885641098022,0.5921165943145752
36.315434671,0.0015339808305725,-1.5477867126464844,1.2363885641098022,0.5921165943145752
36.406319151,0.0015339808305725,-1.5477867126464844,1.2363885641098022,0.5921165943145752
36.446586318,0.0015339808305725,-1.5477867126464844,1.2363885641098022,0.5921165943145752
36.537032637,0.0015339808305725,-1.5477867126464844,1.2363885641098022,0.5921165943145752
36.583602127,0.0015339808305725,-1.5493206977844238,1.2363885641098022,0.5921165943145752
36.680169366,0.0015339808305725,-1.5477867126464844,1.2363885641098022,0.5921165943145752
36.715588702,0.0015339808305725,-1.5477867126464844,1.2363885641098022,0.5921165943145752
36.805249014,0.0015339808305725,-1.5477867126464844,1.2363885641098022,0.5921165943145752
36.842870406,0.0015339808305725,-1.5477867126464844,1.2363885641098022,0.5921165943145752
36.935703301,0.0015339808305725,-1.5493206977844238,1.2363885641098022,0.5921165943145752
36.977622076,0.0015339808305725,-1.5477867126464844,1.2363885641098022,0.5921165943145752
37.070851834,0.0015339808305725,-1.5477867126464844,1.2363885641098022,0.5921165943145752
37.099614328,0.0015339808305725,-1.5477867126464844,1.2363885641098022,0.5936505794525146
37.193328488,0.0015339808305725,-1.5477867126464844,1.2363885641098022,0.5921165943145752
37.22802275,0.0015339808305725,-1.5493206977844238,1.2363885641098022,0.5921165943145752
37.323693876,0.0015339808305725,-1.5477867126464844,1.2363885641098022,0.5921165943145752
37.367106584,0.0015339808305725,-1.5477867126464844,1.2363885641098022,0.5921165943145752
37.459615564,0.0015339808305725,-1.5477867126464844,1.2363885641098022,0.5921165943145752
37.489123845,0.0015339808305725,-1.5477867126464844,1.2363885641098022,0.5921165943145752
37.581744305,0.0015339808305725,-1.5493206977844238,1.2363885641098022,0.5921165943145752
37.617879872,0.0015339808305725,-1.5477867126464844,1.2363885641098022,0.5921165943145752
37.716548013,0.0015339808305725,-1.5477867126464844,1.2363885641098022,0.5921165943145752
37.753225304,0.0015339808305725,-1.5493206977844238,1.2363885641098022,0.5921165943145752
37.849211896,0.0015339808305725,-1.5477867126464844,1.2363885641098022,0.5921165943145752
37.878452491,0.0015339808305725,-1.5477867126464844,1.2363885641098022,0.5921165943145752
37.968598196,0.0015339808305725,-1.5477867126464844,1.2363885641098022,0.5921165943145752
38.005564259,0.0015339808305725,-1.5477867126464844,1.2363885641098022,0.5921165943145752
38.104489648,0.0015339808305725,-1.5493206977844238,1.2363885641098022,0.5921165943145752
38.150958007,0.0015339808305725,-1.5477867126464844,1.2363885641098022,0.5921165943145752
38.245943135,0.0015339808305725,-1.5477867126464844,1.2363885641098022,0.5921165943145752
38.273013309,0.0015339808305725,-1.5477867126464844,1.2363885641098022,0.5921165943145752
38.363625257,0.0015339808305725,-1.5477867126464844,1.2363885641098022,0.5921165943145752
38.399450395,0.0015339808305725,-1.5493206977844238,1.2363885641098022,0.5921165943145752
38.491774369,0.003067961661145,-1.5493206977844238,1.2363885641098022,0.5921165943145752
38.536424293,0.0015339808305725,-1.5477867126464844,1.2363885641098022,0.5921165943145752
38.633108574,0.0015339808305725,-1.5493206977844238,1.2363885641098022,0.5921165943145752
38.670493335,0.0015339808305725,-1.5477867126464844,1.2363885641098022,0.5921165943145752
38.767687996,0.0015339808305725,-1.5477867126464844,1.2363885641098022,0.5921165943145752
38.796534108,0.0015339808305725,-1.5493206977844238,1.2363885641098022,0.5921165943145752
38.887471654,0.0015339808305725,-1.5477867126464844,1.2363885641098022,0.5921165943145752
38.934158199,0.003067961661145,-1.5477867126464844,1.2363885641098022,0.5921165943145752
39.02823094,0.0015339808305725,-1.5477867126464844,1.2363885641098022,0.5921165943145752
39.05665186,0.0015339808305725,-1.5477867126464844,1.2363885641098022,0.5921165943145752
39.15368502,0.0015339808305725,-1.5477867126464844,1.2363885641098022,0.5921165943145752
39.191341261,0.0015339808305725,-1.5477867126464844,1.2363885641098022,0.5921165943145752
39.284110616,0.0015339808305725,-1.5477867126464844,1.2363885641098022,0.5921165943145752
39.320792021,0.0015339808305725,-1.5477867126464844,1.2363885641098022,0.5921165943145752
39.40316223,0.0015339808305725,-1.5477867126464844,1.2363885641098022,0.5921165943145752
39.427449856,0.0015339808305725,-1.5477867126464844,1.2363885641098022,0.5921165943145752
39.486934497,0.0015339808305725,-1.5477867126464844,1.2363885641098022,0.5921165943145752
39.504678485,0.003067961661145,-1.5477867126464844,1.2363885641098022,0.5921165943145752
39.557499152,0.0015339808305725,-1.5477867126464844,1.2363885641098022,0.5921165943145752
39.622543387,0.0015339808305725,-1.5493206977844238,1.2363885641098022,0.5921165943145752
39.712060745,0.0015339808305725,-1.5477867126464844,1.2363885641098022,0.5921165943145752
39.750827666,0.0015339808305725,-1.5493206977844238,1.2363885641098022,0.5936505794525146
39.829129758,0.0015339808305725,-1.5477867126464844,1.2363885641098022,0.5921165943145752
39.880789111,0.0015339808305725,-1.5477867126464844,1.2363885641098022,0.5921165943145752
39.972541958,0.0015339808305725,-1.5477867126464844,1.2363885641098022,0.5921165943145752
40.014599218,0.0015339808305725,-1.5477867126464844,1.2363885641098022,0.5921165943145752
40.107308773,0.0015339808305725,-1.5477867126464844,1.2363885641098022,0.5921165943145752
40.134618358,0.0015339808305725,-1.5477867126464844,1.2363885641098022,0.5921165943145752
40.231291798,0.0015339808305725,-1.5477867126464844,1.2363885641098022,0.5921165943145752
40.267930651,0.0015339808305725,-1.5477867126464844,1.2363885641098022,0.5921165943145752
40.363171335,0.0015339808305725,-1.5477867126464844,1.2363885641098022,0.5921165943145752
40.398793187,0.0015339808305725,-1.5477867126464844,1.2363885641098022,0.5921165943145752
40.484510933,0.0015339808305725,-1.5477867126464844,1.2363885641098022,0.5921165943145752
40.527945728,0.0015339808305725,-1.5477867126464844,1.2363885641098022,0.5921165943145752
40.618224354,0.003067961661145,-1.5477867126464844,1.2363885641098022,0.5921165943145752
40.661389419,0.0015339808305725,-1.5477867126464844,1.2363885641098022,0.5921165943145752
40.751479744,0.0015339808305725,-1.5477867126464844,1.2363885641098022,0.5921165943145752
40.787481788,0.0015339808305725,-1.5477867126464844,1.2363885641098022,0.5921165943145752
40.872198347,0.0015339808305725,-1.5477867126464844,1.2363885641098022,0.5921165943145752
40.918092292,0.0015339808305725,-1.5477867126464844,1.2363885641098022,0.5921165943145752
41.001129003,0.0015339808305725,-1.5493206977844238,1.2363885641098022,0.5921165943145752
41.051281617,0.0015339808305725,-1.5477867126464844,1.2363885641098022,0.5921165943145752
41.13406877,0.0015339808305725,-1.5493206977844238,1.2363885641098022,0.5921165943145752
41.17223587,0.0015339808305725,-1.5477867126464844,1.2363885641098022,0.5921165943145752
41.258080683,0.0015339808305725,-1.5477867126464844,1.2363885641098022,0.5921165943145752
41.305169819,0.0015339808305725,-1.5493206977844238,1.2363885641098022,0.5921165943145752
41.390015322,0.0015339808305725,-1.5493206977844238,1.2363885641098022,0.5921165943145752
41.432856065,0.0015339808305725,-1.5477867126464844,1.2363885641098022,0.5921165943145752
41.529821996,0.0015339808305725,-1.5477867126464844,1.2363885641098022,0.5921165943145752
41.558343926,0.0015339808305725,-1.5477867126464844,1.2363885641098022,0.5921165943145752
41.649783676,0.0015339808305725,-1.5477867126464844,1.2363885641098022,0.5921165943145752
41.694183275,0.0015339808305725,-1.5477867126464844,1.2363885641098022,0.5921165943145752
41.791089333,0.0015339808305725,-1.5477867126464844,1.2363885641098022,0.5921165943145752
41.818064108,0.0015339808305725,-1.5477867126464844,1.2363885641098022,0.5921165943145752
41.912603226,0.0015339808305725,-1.5477867126464844,1.2363885641098022,0.5921165943145752
41.950049995,0.0015339808305725,-1.5477867126464844,1.2363885641098022,0.5921165943145752
42.041706656,0.003067961661145,-1.5493206977844238,1.2363885641098022,0.5921165943145752
42.080208239,0.0015339808305725,-1.5477867126464844,1.2363885641098022,0.5921165943145752
42.177553669,0.0015339808305725,-1.5477867126464844,1.2363885641098022,0.5921165943145752
42.214440135,0.0015339808305725,-1.5477867126464844,1.2363885641098022,0.5936505794525146
42.304456081,0.0015339808305725,-1.5477867126464844,1.2363885641098022,0.5921165943145752
42.342340901,0.0015339808305725,-1.5477867126464844,1.2363885641098022,0.5921165943145752
42.424734348,0.0015339808305725,-1.5477867126464844,1.2363885641098022,0.5921165943145752
42.468680352,0.0015339808305725,-1.5477867126464844,1.2363885641098022,0.5921165943145752
42.567603061,0.0015339808305725,-1.5477867126464844,1.2363885641098022,0.5921165943145752
42.604178889,0.0015339808305725,-1.5477867126464844,1.2363885641098022,0.5921165943145752
42.696913636,0.0015339808305725,-1.5477867126464844,1.2363885641098022,0.5921165943145752
42.724560888,0.0015339808305725,-1.5477867126464844,1.2363885641098022,0.5921165943145752
42.819668157,0.0015339808305725,-1.5477867126464844,1.2363885641098022,0.5921165943145752
42.852622184,0.003067961661145,-1.5477867126464844,1.2363885641098022,0.5921165943145752
42.911826884,0.0015339808305725,-1.5477867126464844,1.2363885641098022,0.5921165943145752
42.933870147,0.0015339808305725,-1.5477867126464844,1.2363885641098022,0.5921165943145752
43.022609205,0.0015339808305725,-1.5477867126464844,1.2363885641098022,0.5921165943145752
43.064926721,0.0015339808305725,-1.5477867126464844,1.2363885641098022,0.5921165943145752
43.150534983,0.0015339808305725,-1.5477867126464844,1.2363885641098022,0.5921165943145752
43.196390331,0.0015339808305725,-1.5477867126464844,1.2363885641098022,0.5921165943145752
43.281330443,0.0015339808305725,-1.5477867126464844,1.2363885641098022,0.5921165943145752
43.31859878,0.0015339808305725,-1.5477867126464844,1.2363885641098022,0.5921165943145752
43.414823552,0.0015339808305725,-1.5477867126464844,1.2363885641098022,0.5921165943145752
43.4403021,0.0015339808305725,-1.5477867126464844,1.2363885641098022,0.5921165943145752
43.524551611,0.0015339808305725,-1.5477867126464844,1.2363885641098022,0.5921165943145752
43.571040005,0.0015339808305725,-1.5477867126464844,1.2363885641098022,0.5921165943145752
43.656476601,0.0015339808305725,-1.5477867126464844,1.2363885641098022,0.5921165943145752
43.700985734,0.0015339808305725,-1.5493206977844238,1.2363885641098022,0.5921165943145752
43.786687486,0.0015339808305725,-1.5477867126464844,1.2363885641098022,0.5921165943145752
43.827318781,0.003067961661145,-1.5477867126464844,1.2363885641098022,0.5921165943145752
43.914188817,0.0015339808305725,-1.5477867126464844,1.2363885641098022,0.5921165943145752
43.959450395,0.0015339808305725,-1.5493206977844238,1.2363885641098022,0.5921165943145752
44.047733733,0.0015339808305725,-1.5477867126464844,1.2363885641098022,0.5921165943145752
44.092639755,0.0015339808305725,-1.5477867126464844,1.2363885641098022,0.5921165943145752
44.184252213,0.0015339808305725,-1.5493206977844238,1.2363885641098022,0.5921165943145752
44.220213691,0.0015339808305725,-1.5477867126464844,1.2363885641098022,0.5921165943145752
44.316279634,0.003067961661145,-1.5477867126464844,1.2363885641098022,0.5921165943145752
44.344892633,0.0015339808305725,-1.5477867126464844,1.2363885641098022,0.5921165943145752
44.425191101,0.0015339808305725,-1.5477867126464844,1.2363885641098022,0.5921165943145752
44.471996992,0.0015339808305725,-1.5477867126464844,1.2363885641098022,0.5921165943145752
44.558188007,0.0015339808305725,-1.5477867126464844,1.2363885641098022,0.5921165943145752
44.602797922,0.0015339808305725,-1.5477867126464844,1.2363885641098022,0.5921165943145752
44.691339542,0.003067961661145,-1.5493206977844238,1.2363885641098022,0.5921165943145752
44.726681197,0.0015339808305725,-1.5477867126464844,1.2363885641098022,0.5921165943145752
44.818071835,0.0015339808305725,-1.5477867126464844,1.2363885641098022,0.5936505794525146
44.863681362,0.0015339808305725,-1.5477867126464844,1.2363885641098022,0.5921165943145752
44.949998502,0.0015339808305725,-1.5477867126464844,1.2363885641098022,0.5921165943145752
44.99405452,0.0015339808305725,-1.5493206977844238,1.2363885641098022,0.5921165943145752
45.082380397,0.0015339808305725,-1.5477867126464844,1.2363885641098022,0.5921165943145752
45.12747563,0.0015339808305725,-1.5477867126464844,1.2363885641098022,0.5921165943145752
45.214075233,0.0015339808305725,-1.5493206977844238,1.2363885641098022,0.5921165943145752
45.250803216,0.0015339808305725,-1.5477867126464844,1.2363885641098022,0.5921165943145752
45.333284692,0.0015339808305725,-1.5477867126464844,1.2363885641098022,0.5921165943145752
45.382490807,0.0015339808305725,-1.5477867126464844,1.2363885641098022,0.5921165943145752
45.474547439,0.0015339808305725,-1.5477867126464844,1.2363885641098022,0.5921165943145752
45.498961823,0.0015339808305725,-1.5493206977844238,1.2363885641098022,0.5936505794525146
45.585990261,0.0015339808305725,-1.5477867126464844,1.2363885641098022,0.5921165943145752
45.629539213,0.0015339808305725,-1.5477867126464844,1.2363885641098022,0.5921165943145752
45.717648241,0.0015339808305725,-1.5493206977844238,1.2363885641098022,0.5921165943145752
45.761257266,0.0015339808305725,-1.5477867126464844,1.2363885641098022,0.5921165943145752
45.851521758,0.0015339808305725,-1.5477867126464844,1.2363885641098022,0.5921165943145752
45.887585816,0.0015339808305725,-1.5477867126464844,1.2363885641098022,0.5921165943145752
45.968956198,0.0015339808305725,-1.5477867126464844,1.2363885641098022,0.5921165943145752
46.017962258,0.0015339808305725,-1.5477867126464844,1.2363885641098022,0.5921165943145752
46.098706052,0.0015339808305725,-1.5477867126464844,1.2363885641098022,0.5921165943145752
46.149468635,0.0015339808305725,-1.5477867126464844,1.2363885641098022,0.5921165943145752
46.228603975,0.0015339808305725,-1.5477867126464844,1.2363885641098022,0.5921165943145752
46.247720358,0.0015339808305725,-1.5477867126464844,1.2363885641098022,0.5921165943145752
46.297348009,0.0015339808305725,-1.5477867126464844,1.2363885641098022,0.5921165943145752
46.32867793,0.0015339808305725,-1.5477867126464844,1.2363885641098022,0.5921165943145752
46.381313102,0.0015339808305725,-1.5477867126464844,1.2363885641098022,0.5921165943145752
46.432409727,0.0015339808305725,-1.5477867126464844,1.2363885641098022,0.5921165943145752
46.485997557,0.0015339808305725,-1.5477867126464844,1.2363885641098022,0.5921165943145752
46.517529405,0.0015339808305725,-1.5477867126464844,1.2363885641098022,0.5921165943145752
46.611385585,0.0015339808305725,-1.5493206977844238,1.2363885641098022,0.5921165943145752
46.651188767,0.0015339808305725,-1.5477867126464844,1.2363885641098022,0.5921165943145752
46.745683919,0.003067961661145,-1.5477867126464844,1.2363885641098022,0.5921165943145752
46.782510967,0.0015339808305725,-1.5477867126464844,1.2363885641098022,0.5921165943145752
46.868151181,0.0015339808305725,-1.5477867126464844,1.2363885641098022,0.5921165943145752
46.916163212,0.0015339808305725,-1.5477867126464844,1.2363885641098022,0.5921165943145752
46.997850161,0.0015339808305725,-1.5477867126464844,1.2363885641098022,0.5921165943145752
47.03369871,0.0015339808305725,-1.5477867126464844,1.2363885641098022,0.5921165943145752
47.123434765,0.0015339808305725,-1.5477867126464844,1.2363885641098022,0.5921165943145752
47.162142341,0.0015339808305725,-1.5477867126464844,1.2363885641098022,0.5921165943145752
47.250272664,0.0015339808305725,-1.5477867126464844,1.2363885641098022,0.5921165943145752
47.29586258,0.0015339808305725,-1.5477867126464844,1.2363885641098022,0.5921165943145752
47.380865352,0.0015339808305725,-1.5477867126464844,1.2363885641098022,0.5921165943145752
47.425003284,0.0015339808305725,-1.5477867126464844,1.2363885641098022,0.5921165943145752
47.510639704,0.0015339808305725,-1.5477867126464844,1.2363885641098022,0.5921165943145752
47.54872204,0.0015339808305725,-1.5477867126464844,1.2363885641098022,0.5921165943145752
47.632743972,0.0015339808305725,-1.5477867126464844,1.2363885641098022,0.5921165943145752
47.68203905,0.0015339808305725,-1.5477867126464844,1.2363885641098022,0.5921165943145752
47.764545114,0.0015339808305725,-1.5477867126464844,1.2363885641098022,0.5921165943145752
47.81242753,0.0015339808305725,-1.5493206977844238,1.2363885641098022,0.5921165943145752
47.90060519,0.0015339808305725,-1.5477867126464844,1.2363885641098022,0.5921165943145752
47.941185983,0.0015339808305725,-1.5477867126464844,1.2363885641098022,0.5921165943145752
48.025405874,0.0015339808305725,-1.5477867126464844,1.2363885641098022,0.5921165943145752
48.069387933,0.0015339808305725,-1.5477867126464844,1.2363885641098022,0.5921165943145752
48.158658342,0.0015339808305725,-1.5477867126464844,1.2363885641098022,0.5921165943145752
48.204933072,0.0015339808305725,-1.5477867126464844,1.2363885641098022,0.5921165943145752
48.29229819,0.0015339808305725,-1.5477867126464844,1.2363885641098022,0.5921165943145752
48.331288967,0.0015339808305725,-1.5493206977844238,1.2363885641098022,0.5921165943145752
48.418434948,0.0015339808305725,-1.5477867126464844,1.2363885641098022,0.5921165943145752
48.463125084,0.0015339808305725,-1.5477867126464844,1.2363885641098022,0.5921165943145752
48.549524397,0.0015339808305725,-1.5493206977844238,1.2363885641098022,0.5921165943145752
48.597773434,0.0015339808305725,-1.5477867126464844,1.2363885641098022,0.5921165943145752
48.684702573,0.0015339808305725,-1.5477867126464844,1.2363885641098022,0.5921165943145752
48.720876911,0.0015339808305725,-1.5477867126464844,1.2363885641098022,0.5921165943145752
48.809405036,0.0015339808305725,-1.5477867126464844,1.2363885641098022,0.5921165943145752
48.853682516,0.0015339808305725,-1.5477867126464844,1.2363885641098022,0.5921165943145752
48.945568518,0.0015339808305725,-1.5477867126464844,1.2363885641098022,0.5921165943145752
48.990950538,0.0015339808305725,-1.5493206977844238,1.2363885641098022,0.5921165943145752
49.079597592,0.0015339808305725,-1.5477867126464844,1.2363885641098022,0.5921165943145752
49.116243253,0.003067961661145,-1.5477867126464844,1.2363885641098022,0.5921165943145752
49.205927825,0.0015339808305725,-1.5493206977844238,1.2363885641098022,0.5921165943145752
49.252204183,0.0015339808305725,-1.5493206977844238,1.2363885641098022,0.5921165943145752
49.333650744,0.0015339808305725,-1.5477867126464844,1.2363885641098022,0.5921165943145752
49.381496196,0.0015339808305725,-1.5493206977844238,1.2363885641098022,0.5921165943145752
49.463709033,0.0015339808305725,-1.5477867126464844,1.2363885641098022,0.5921165943145752
49.511861392,0.0015339808305725,-1.5477867126464844,1.2363885641098022,0.5921165943145752
49.598747992,0.0015339808305725,-1.5477867126464844,1.2363885641098022,0.5921165943145752
49.644827802,0.0015339808305725,-1.5477867126464844,1.2363885641098022,0.5921165943145752
49.730412445,0.0015339808305725,-1.5493206977844238,1.2363885641098022,0.5921165943145752
49.76557823,0.0015339808305725,-1.5477867126464844,1.2363885641098022,0.5921165943145752
49.821387763,0.0015339808305725,-1.5477867126464844,1.2363885641098022,0.5921165943145752
49.852618948,0.0015339808305725,-1.5477867126464844,1.2363885641098022,0.5921165943145752
49.909529394,0.0015339808305725,-1.5477867126464844,1.2363885641098022,0.5921165943145752
49.935717269,0.0015339808305725,-1.5477867126464844,1.2363885641098022,0.5936505794525146
49.989774736,0.0015339808305725,-1.5477867126464844,1.2363885641098022,0.5921165943145752
50.019592169,0.0015339808305725,-1.5493206977844238,1.2363885641098022,0.5921165943145752
50.069247918,0.0015339808305725,-1.5477867126464844,1.2363885641098022,0.5921165943145752
50.099919464,0.0015339808305725,-1.5477867126464844,1.2363885641098022,0.5921165943145752
50.154874206,0.0015339808305725,-1.5477867126464844,1.2363885641098022,0.5921165943145752
50.184968807,0.0015339808305725,-1.5493206977844238,1.2363885641098022,0.5921165943145752
50.235275582,0.003067961661145,-1.5477867126464844,1.2363885641098022,0.5921165943145752
50.265509536,0.0015339808305725,-1.5477867126464844,1.2363885641098022,0.5921165943145752
50.317547659,0.0015339808305725,-1.5477867126464844,1.2363885641098022,0.5921165943145752
50.3680465,0.0015339808305725,-1.5477867126464844,1.2363885641098022,0.5921165943145752
50.421471972,0.0015339808305725,-1.5477867126464844,1.2363885641098022,0.5921165943145752
50.446968294,0.0015339808305725,-1.5477867126464844,1.2363885641098022,0.5921165943145752
50.494965241,0.0015339808305725,-1.5477867126464844,1.2363885641098022,0.5921165943145752
50.524201835,0.0015339808305725,-1.5477867126464844,1.2363885641098022,0.5921165943145752
50.578748774,0.0015339808305725,-1.5477867126464844,1.2363885641098022,0.5921165943145752
50.629847352,0.0015339808305725,-1.5493206977844238,1.2363885641098022,0.5921165943145752
50.684091805,0.0015339808305725,-1.5477867126464844,1.2363885641098022,0.5921165943145752
50.7075334,0.0015339808305725,-1.5477867126464844,1.2363885641098022,0.5921165943145752
50.760745696,0.0015339808305725,-1.5477867126464844,1.2363885641098022,0.5921165943145752
50.800961074,0.0015339808305725,-1.5493206977844238,1.2363885641098022,0.5921165943145752
50.854105229,0.0015339808305725,-1.5477867126464844,1.2363885641098022,0.5921165943145752
50.883714677,0.0015339808305725,-1.5477867126464844,1.2363885641098022,0.5921165943145752
50.93682723,0.003067961661145,-1.5477867126464844,1.2363885641098022,0.5921165943145752
50.961756943,0.0015339808305725,-1.5477867126464844,1.2363885641098022,0.5921165943145752
51.031422195,0.0015339808305725,-1.5477867126464844,1.2363885641098022,0.5921165943145752
51.096006465,0.0015339808305725,-1.5477867126464844,1.2363885641098022,0.5921165943145752
51.184118994,0.0015339808305725,-1.5477867126464844,1.2363885641098022,0.5921165943145752
51.220430917,0.0015339808305725,-1.5477867126464844,1.2363885641098022,0.5921165943145752
51.316586893,0.0015339808305725,-1.5477867126464844,1.2363885641098022,0.5921165943145752
51.345228083,0.0015339808305725,-1.5477867126464844,1.2363885641098022,0.5921165943145752
51.429898499,0.0015339808305725,-1.5493206977844238,1.2363885641098022,0.5921165943145752
51.478089885,0.0015339808305725,-1.5477867126464844,1.2363885641098022,0.5921165943145752
51.562208943,0.0015339808305725,-1.5493206977844238,1.2363885641098022,0.5921165943145752
51.609544196,0.0015339808305725,-1.5477867126464844,1.2363885641098022,0.5921165943145752
51.69569508,0.0015339808305725,-1.5477867126464844,1.2363885641098022,0.5921165943145752
51.735279615,0.0015339808305725,-1.5477867126464844,1.2363885641098022,0.5936505794525146
51.824396364,0.0015339808305725,-1.5477867126464844,1.2363885641098022,0.5921165943145752
51.86911071,0.0015339808305725,-1.5477867126464844,1.2363885641098022,0.5921165943145752
51.954087598,0.0015339808305725,-1.5477867126464844,1.2363885641098022,0.5921165943145752
51.99855183,0.0015339808305725,-1.5477867126464844,1.2363885641098022,0.5921165943145752
52.086198326,0.0015339808305725,-1.5477867126464844,1.2363885641098022,0.5921165943145752
52.120618603,0.0015339808305725,-1.5477867126464844,1.2363885641098022,0.5921165943145752
52.202823345,0.003067961661145,-1.5477867126464844,1.2363885641098022,0.5921165943145752
52.249547378,0.0015339808305725,-1.5477867126464844,1.2363885641098022,0.5921165943145752
52.333751957,0.0015339808305725,-1.5477867126464844,1.2363885641098022,0.5921165943145752
52.369169144,0.0015339808305725,-1.5477867126464844,1.2363885641098022,0.5921165943145752
52.457446281,0.0015339808305725,-1.5493206977844238,1.2363885641098022,0.5936505794525146
52.499428601,0.0015339808305725,-1.5477867126464844,1.2363885641098022,0.5921165943145752
52.586816228,0.0015339808305725,-1.5477867126464844,1.2363885641098022,0.5921165943145752
52.632791763,0.003067961661145,-1.5477867126464844,1.2363885641098022,0.5921165943145752
52.717158194,0.0015339808305725,-1.5477867126464844,1.2363885641098022,0.5921165943145752
52.761518217,0.0015339808305725,-1.5477867126464844,1.2363885641098022,0.5921165943145752
52.848711852,0.003067961661145,-1.5477867126464844,1.2363885641098022,0.5921165943145752
52.883505431,0.0015339808305725,-1.5477867126464844,1.2363885641098022,0.5921165943145752
52.964398831,0.0015339808305725,-1.5477867126464844,1.2363885641098022,0.5921165943145752
53.013305231,0.0015339808305725,-1.5493206977844238,1.2363885641098022,0.5921165943145752
53.099952515,0.0015339808305725,-1.5477867126464844,1.2363885641098022,0.5921165943145752
53.147795136,0.0015339808305725,-1.5477867126464844,1.2363885641098022,0.5921165943145752
53.231268162,0.0015339808305725,-1.5477867126464844,1.2363885641098022,0.5921165943145752
53.266337771,0.0015339808305725,-1.5477867126464844,1.2363885641098022,0.5921165943145752
53.352153794,0.0015339808305725,-1.5477867126464844,1.2363885641098022,0.5921165943145752
53.397777727,0.003067961661145,-1.5477867126464844,1.2363885641098022,0.5921165943145752
53.485184822,0.0015339808305725,-1.5493206977844238,1.2363885641098022,0.5921165943145752
53.529731271,0.0015339808305725,-1.5477867126464844,1.2363885641098022,0.5921165943145752
53.615793332,0.0015339808305725,-1.5477867126464844,1.2363885641098022,0.5921165943145752
53.653455499,0.0015339808305725,-1.5477867126464844,1.2363885641098022,0.5936505794525146
53.735833969,0.0015339808305725,-1.5477867126464844,1.2363885641098022,0.5921165943145752
53.783427446,0.0015339808305725,-1.5477867126464844,1.2363885641098022,0.5921165943145752
53.868132499,0.0015339808305725,-1.5477867126464844,1.2363885641098022,0.5921165943145752
53.919943844,0.0015339808305725,-1.5477867126464844,1.2363885641098022,0.5921165943145752
54.000593162,0.0015339808305725,-1.5477867126464844,1.2363885641098022,0.5921165943145752
54.035059043,0.0015339808305725,-1.5477867126464844,1.2363885641098022,0.5921165943145752
54.131635779,0.0015339808305725,-1.5477867126464844,1.2363885641098022,0.5936505794525146
54.162554513,0.0015339808305725,-1.5493206977844238,1.2363885641098022,0.5921165943145752
54.245103432,0.0015339808305725,-1.5477867126464844,1.2363885641098022,0.5921165943145752
54.286721404,0.0015339808305725,-1.5477867126464844,1.2363885641098022,0.5921165943145752
54.338067376,0.0015339808305725,-1.5477867126464844,1.2363885641098022,0.5921165943145752
54.384832844,0.0015339808305725,-1.5477867126464844,1.2363885641098022,0.5921165943145752
54.464534263,0.0015339808305725,-1.5477867126464844,1.2363885641098022,0.5921165943145752
54.551120012,0.0015339808305725,-1.5477867126464844,1.2363885641098022,0.5921165943145752
54.634104582,0.0015339808305725,-1.5477867126464844,1.2363885641098022,0.5921165943145752
54.682506585,0.0015339808305725,-1.5477867126464844,1.2363885641098022,0.5921165943145752
54.765659778,0.0015339808305725,-1.5477867126464844,1.2363885641098022,0.5921165943145752
54.80123626,0.0015339808305725,-1.5477867126464844,1.2363885641098022,0.5921165943145752
54.888334824,0.0015339808305725,-1.5477867126464844,1.2363885641098022,0.5921165943145752
54.924219133,0.003067961661145,-1.5477867126464844,1.2363885641098022,0.5921165943145752
55.010012335,0.0015339808305725,-1.5477867126464844,1.2379225492477417,0.5921165943145752
55.054893037,0.003067961661145,-1.5477867126464844,1.2363885641098022,0.5936505794525146
55.143225934,0.0015339808305725,-1.5477867126464844,1.2363885641098022,0.5921165943145752
55.183156115,0.0015339808305725,-1.5477867126464844,1.2363885641098022,0.5921165943145752
55.264870536,0.0015339808305725,-1.5477867126464844,1.2363885641098022,0.5921165943145752
55.309997759,0.0015339808305725,-1.5477867126464844,1.2363885641098022,0.5921165943145752
55.395508861,0.0015339808305725,-1.5493206977844238,1.2363885641098022,0.5921165943145752
55.443423383,0.0015339808305725,-1.5477867126464844,1.2363885641098022,0.5921165943145752
55.527324801,0.0015339808305725,-1.5477867126464844,1.2363885641098022,0.5921165943145752
55.56356705,0.003067961661145,-1.5493206977844238,1.2363885641098022,0.5921165943145752
55.649011696,0.0015339808305725,-1.5477867126464844,1.2363885641098022,0.5921165943145752
55.695097362,0.0015339808305725,-1.5477867126464844,1.2363885641098022,0.5921165943145752
55.7827143,0.0015339808305725,-1.5477867126464844,1.2363885641098022,0.5921165943145752
55.828285502,0.0015339808305725,-1.5477867126464844,1.2363885641098022,0.5921165943145752
55.91694289,0.0015339808305725,-1.5477867126464844,1.2363885641098022,0.5936505794525146
55.953350059,0.0015339808305725,-1.5477867126464844,1.2363885641098022,0.5921165943145752
56.035637923,0.0015339808305725,-1.5477867126464844,1.2363885641098022,0.5921165943145752
56.08311575,0.0015339808305725,-1.5477867126464844,1.2363885641098022,0.5921165943145752
56.169210622,0.0015339808305725,-1.5477867126464844,1.2363885641098022,0.5921165943145752
56.217652087,0.0015339808305725,-1.5477867126464844,1.2363885641098022,0.5921165943145752
56.29974963,0.0015339808305725,-1.5477867126464844,1.2363885641098022,0.5921165943145752
56.336644652,0.003067961661145,-1.5477867126464844,1.2363885641098022,0.5921165943145752
56.425212751,0.0015339808305725,-1.5477867126464844,1.2363885641098022,0.5921165943145752
56.470991795,0.0015339808305725,-1.5477867126464844,1.2363885641098022,0.5921165943145752
56.557265987,0.0015339808305725,-1.5477867126464844,1.2363885641098022,0.5921165943145752
56.601409643,0.0015339808305725,-1.5477867126464844,1.2363885641098022,0.5921165943145752
56.689490629,0.0015339808305725,-1.5477867126464844,1.2363885641098022,0.5921165943145752
56.72766748,0.0015339808305725,-1.5477867126464844,1.2363885641098022,0.5921165943145752
56.813984335,0.0015339808305725,-1.5477867126464844,1.2363885641098022,0.5921165943145752
56.864865105,0.0015339808305725,-1.5477867126464844,1.2363885641098022,0.5936505794525146
56.949489992,0.0015339808305725,-1.5477867126464844,1.2363885641098022,0.5921165943145752
56.993612772,0.003067961661145,-1.5477867126464844,1.2363885641098022,0.5921165943145752
57.081196547,0.0015339808305725,-1.5477867126464844,1.2363885641098022,0.5921165943145752
57.116631527,0.0015339808305725,-1.5477867126464844,1.2363885641098022,0.5921165943145752
57.202978807,0.0015339808305725,-1.5493206977844238,1.2363885641098022,0.5921165943145752
57.253193221,0.0015339808305725,-1.5477867126464844,1.2363885641098022,0.5921165943145752
57.333367122,0.0015339808305725,-1.5493206977844238,1.2363885641098022,0.5921165943145752
57.384498771,0.0015339808305725,-1.5493206977844238,1.2363885641098022,0.5921165943145752
57.443466536,0.0015339808305725,-1.5477867126464844,1.2363885641098022,0.5921165943145752
57.464827383,0.0015339808305725,-1.5477867126464844,1.2363885641098022,0.5921165943145752
57.518777524,0.0015339808305725,-1.5477867126464844,1.2363885641098022,0.5921165943145752
57.55868459,0.0015339808305725,-1.5477867126464844,1.2363885641098022,0.5921165943145752
57.61166449,0.0015339808305725,-1.5477867126464844,1.2363885641098022,0.5921165943145752
57.634996902,0.0015339808305725,-1.5477867126464844,1.2363885641098022,0.5921165943145752
57.68423695,0.0015339808305725,-1.5477867126464844,1.2363885641098022,0.5921165943145752
57.736614206,0.0015339808305725,-1.5477867126464844,1.2363885641098022,0.5921165943145752
57.790164323,0.0015339808305725,-1.5477867126464844,1.2363885641098022,0.5921165943145752
57.826052462,0.0015339808305725,-1.5477867126464844,1.2363885641098022,0.5921165943145752
57.913434947,0.0015339808305725,-1.5477867126464844,1.2363885641098022,0.5921165943145752
57.95883899,0.0015339808305725,-1.5477867126464844,1.2363885641098022,0.5921165943145752
58.045214364,0.0015339808305725,-1.5477867126464844,1.2363885641098022,0.5921165943145752
58.082179656,0.0015339808305725,-1.5477867126464844,1.2363885641098022,0.5921165943145752
58.165692584,0.0015339808305725,-1.5477867126464844,1.2363885641098022,0.5921165943145752
58.219100268,0.0015339808305725,-1.5493206977844238,1.2363885641098022,0.5921165943145752
58.300844273,0.0015339808305725,-1.5477867126464844,1.2363885641098022,0.5921165943145752
58.351363668,0.0015339808305725,-1.5477867126464844,1.2363885641098022,0.5921165943145752
58.445144787,0.0015339808305725,-1.5477867126464844,1.2363885641098022,0.5921165943145752
58.481933362,0.0015339808305725,-1.5477867126464844,1.2363885641098022,0.5921165943145752
58.573262586,0.0015339808305725,-1.5477867126464844,1.2363885641098022,0.5921165943145752
58.599601105,0.0015339808305725,-1.5477867126464844,1.2363885641098022,0.5921165943145752
58.700285126,0.0015339808305725,-1.5477867126464844,1.2363885641098022,0.5921165943145752
58.748397684,0.003067961661145,-1.5477867126464844,1.2363885641098022,0.5921165943145752
58.845635062,0.0015339808305725,-1.5477867126464844,1.2363885641098022,0.5921165943145752
58.874387563,0.0015339808305725,-1.5477867126464844,1.2363885641098022,0.5921165943145752
58.967616766,0.003067961661145,-1.5477867126464844,1.2363885641098022,0.5921165943145752
59.016442988,0.0015339808305725,-1.5477867126464844,1.2363885641098022,0.5921165943145752
59.100490886,0.0015339808305725,-1.5493206977844238,1.2363885641098022,0.5921165943145752
59.13601946,0.0015339808305725,-1.5477867126464844,1.2363885641098022,0.5921165943145752
59.225424103,0.0015339808305725,-1.5477867126464844,1.2363885641098022,0.5921165943145752
59.269076504,0.0015339808305725,-1.5477867126464844,1.2363885641098022,0.5936505794525146
59.35692792,0.0015339808305725,-1.5477867126464844,1.2363885641098022,0.5921165943145752
59.404009887,0.0015339808305725,-1.5477867126464844,1.2363885641098022,0.5921165943145752
59.489055845,0.0015339808305725,-1.5477867126464844,1.2363885641098022,0.5921165943145752
59.526326407,0.0015339808305725,-1.5477867126464844,1.2363885641098022,0.5921165943145752
59.61301021,0.0015339808305725,-1.5477867126464844,1.2363885641098022,0.5921165943145752
59.658283919,0.0015339808305725,-1.5477867126464844,1.2363885641098022,0.5921165943145752
59.745132781,0.0015339808305725,-1.5477867126464844,1.2363885641098022,0.5936505794525146
59.782796222,0.0015339808305725,-1.5477867126464844,1.2363885641098022,0.5921165943145752
59.867793179,0.003067961661145,-1.5477867126464844,1.2363885641098022,0.5921165943145752
59.916100708,0.003067961661145,-1.5493206977844238,1.2363885641098022,0.5921165943145752
60.01177155,0.003067961661145,-1.5477867126464844,1.2363885641098022,0.5921165943145752
60.050638217,0.0015339808305725,-1.5477867126464844,1.2363885641098022,0.5921165943145752
60.131453899,0.0015339808305725,-1.5477867126464844,1.2363885641098022,0.5921165943145752
60.167713408,0.0015339808305725,-1.5477867126464844,1.2363885641098022,0.5921165943145752
60.260497075,0.0015339808305725,-1.5477867126464844,1.2363885641098022,0.5921165943145752
60.305023755,0.0015339808305725,-1.5477867126464844,1.2363885641098022,0.5921165943145752
60.3960111,0.0015339808305725,-1.5477867126464844,1.2363885641098022,0.5921165943145752
60.444987418,0.0015339808305725,-1.5477867126464844,1.2363885641098022,0.5921165943145752
60.529544862,0.0015339808305725,-1.5477867126464844,1.2363885641098022,0.5936505794525146
60.573246569,0.003067961661145,-1.5477867126464844,1.2363885641098022,0.5921165943145752
60.657847942,0.0015339808305725,-1.5493206977844238,1.2363885641098022,0.5921165943145752
60.695259641,0.0015339808305725,-1.5477867126464844,1.2363885641098022,0.5921165943145752
60.780418477,0.0015339808305725,-1.5493206977844238,1.2363885641098022,0.5921165943145752
60.824718874,0.0015339808305725,-1.5477867126464844,1.2363885641098022,0.5921165943145752
60.912103007,0.0015339808305725,-1.5477867126464844,1.2363885641098022,0.5921165943145752
60.957978197,0.0015339808305725,-1.5477867126464844,1.2363885641098022,0.5921165943145752
61.045319145,0.0015339808305725,-1.5477867126464844,1.2363885641098022,0.5921165943145752
61.07673087,0.0015339808305725,-1.5477867126464844,1.2363885641098022,0.5921165943145752
61.12759834,0.0015339808305725,-1.5477867126464844,1.2363885641098022,0.5921165943145752
61.157257368,0.0015339808305725,-1.5477867126464844,1.2363885641098022,0.5921165943145752
61.213204715,0.0015339808305725,-1.5477867126464844,1.2363885641098022,0.5921165943145752
61.263572851,0.0015339808305725,-1.5477867126464844,1.2363885641098022,0.5921165943145752
61.323325782,0.0015339808305725,-1.5477867126464844,1.2363885641098022,0.5921165943145752
61.346507036,0.0015339808305725,-1.5493206977844238,1.2363885641098022,0.5921165943145752
61.417604439,0.0015339808305725,-1.5493206977844238,1.2363885641098022,0.5921165943145752
61.484222437,0.0015339808305725,-1.5477867126464844,1.2363885641098022,0.5921165943145752
61.566750522,0.0015339808305725,-1.5477867126464844,1.2363885641098022,0.5921165943145752
61.602604371,0.0015339808305725,-1.5477867126464844,1.2363885641098022,0.5921165943145752
61.688558819,0.0015339808305725,-1.5477867126464844,1.2363885641098022,0.5921165943145752
61.727588172,0.0015339808305725,-1.5477867126464844,1.2363885641098022,0.5921165943145752
61.813967037,0.0015339808305725,-1.5477867126464844,1.2363885641098022,0.5921165943145752
61.859533148,0.0015339808305725,-1.5477867126464844,1.2363885641098022,0.5921165943145752
61.949224135,0.0015339808305725,-1.5477867126464844,1.2363885641098022,0.5921165943145752
61.998642008,0.0015339808305725,-1.5493206977844238,1.2363885641098022,0.5921165943145752
62.084359755,0.0015339808305725,-1.5477867126464844,1.2363885641098022,0.5921165943145752
62.123138405,0.0015339808305725,-1.5477867126464844,1.2363885641098022,0.5921165943145752
62.203368215,0.0015339808305725,-1.5477867126464844,1.2363885641098022,0.5921165943145752
62.251333829,0.0015339808305725,-1.5477867126464844,1.2363885641098022,0.5921165943145752
62.350355731,0.0015339808305725,-1.5477867126464844,1.2363885641098022,0.5936505794525146
62.379288218,0.0015339808305725,-1.5477867126464844,1.2363885641098022,0.5921165943145752
62.47260035,0.0015339808305725,-1.5477867126464844,1.2363885641098022,0.5921165943145752
62.510107624,0.0015339808305725,-1.5477867126464844,1.2363885641098022,0.5921165943145752
62.602703707,0.0015339808305725,-1.5477867126464844,1.2363885641098022,0.5921165943145752
62.643774581,0.0015339808305725,-1.5493206977844238,1.2363885641098022,0.5921165943145752
62.741037149,0.0015339808305725,-1.5493206977844238,1.2363885641098022,0.5921165943145752
62.781156423,0.0015339808305725,-1.5477867126464844,1.2363885641098022,0.5921165943145752
62.878604286,0.003067961661145,-1.5477867126464844,1.2363885641098022,0.5921165943145752
62.918063107,0.0015339808305725,-1.5477867126464844,1.2363885641098022,0.5921165943145752
63.012861121,0.0015339808305725,-1.5477867126464844,1.2363885641098022,0.5921165943145752
63.058585659,0.0015339808305725,-1.5477867126464844,1.2363885641098022,0.5936505794525146
63.155446606,0.0015339808305725,-1.5477867126464844,1.2363885641098022,0.5921165943145752
63.191628353,0.0015339808305725,-1.5477867126464844,1.2363885641098022,0.5921165943145752
63.286678578,0.0015339808305725,-1.5477867126464844,1.2363885641098022,0.5921165943145752
63.317118155,0.0015339808305725,-1.5477867126464844,1.2363885641098022,0.5921165943145752
63.414802831,0.003067961661145,-1.5493206977844238,1.2363885641098022,0.5921165943145752
63.452562249,0.0015339808305725,-1.5477867126464844,1.2363885641098022,0.5921165943145752
63.54767068,0.0015339808305725,-1.5477867126464844,1.2363885641098022,0.5921165943145752
63.584728491,0.0015339808305725,-1.5493206977844238,1.2363885641098022,0.5921165943145752
63.680403512,0.0015339808305725,-1.5477867126464844,1.2363885641098022,0.5921165943145752
63.718227258,0.0015339808305725,-1.5493206977844238,1.2363885641098022,0.5921165943145752
63.803550257,0.0015339808305725,-1.5477867126464844,1.2363885641098022,0.5921165943145752
63.854433663,0.0015339808305725,-1.5477867126464844,1.2363885641098022,0.5936505794525146
63.939992989,0.0015339808305725,-1.5477867126464844,1.2363885641098022,0.5921165943145752
63.988996055,0.0015339808305725,-1.5477867126464844,1.2363885641098022,0.5921165943145752
64.077717056,0.0015339808305725,-1.5477867126464844,1.2363885641098022,0.5921165943145752
64.114750012,0.0015339808305725,-1.5477867126464844,1.2363885641098022,0.5921165943145752
64.212227306,0.0015339808305725,-1.5477867126464844,1.2363885641098022,0.5921165943145752
64.250575651,0.0015339808305725,-1.5477867126464844,1.2363885641098022,0.5921165943145752
64.345495283,0.0015339808305725,-1.5477867126464844,1.2363885641098022,0.5921165943145752
64.382728082,0.0015339808305725,-1.5477867126464844,1.2363885641098022,0.5921165943145752
64.483302768,0.0015339808305725,-1.5477867126464844,1.2363885641098022,0.5921165943145752
64.526385907,0.0015339808305725,-1.5477867126464844,1.2363885641098022,0.5921165943145752
64.617902803,0.0015339808305725,-1.5477867126464844,1.2363885641098022,0.5921165943145752
64.640599181,0.0015339808305725,-1.5493206977844238,1.2363885641098022,0.5921165943145752
64.694180823,0.0015339808305725,-1.5477867126464844,1.2363885641098022,0.5921165943145752
64.722934245,0.0015339808305725,-1.5477867126464844,1.2363885641098022,0.5921165943145752
64.778007553,0.0015339808305725,-1.5477867126464844,1.2363885641098022,0.5936505794525146
64.798981498,0.003067961661145,-1.5477867126464844,1.2363885641098022,0.5921165943145752
64.868121575,0.0015339808305725,-1.5477867126464844,1.2363885641098022,0.5921165943145752
64.937325637,0.0015339808305725,-1.5493206977844238,1.2363885641098022,0.5921165943145752
65.032511699,0.0015339808305725,-1.5477867126464844,1.2363885641098022,0.5921165943145752
65.068084069,0.0015339808305725,-1.5477867126464844,1.2363885641098022,0.5921165943145752
65.159054084,0.0015339808305725,-1.5477867126464844,1.2363885641098022,0.5921165943145752
65.195562647,0.0015339808305725,-1.5477867126464844,1.2363885641098022,0.5921165943145752
65.293008632,0.0015339808305725,-1.5477867126464844,1.2363885641098022,0.5921165943145752
65.330668506,0.0015339808305725,-1.5477867126464844,1.2363885641098022,0.5921165943145752
65.4247387,0.003067961661145,-1.5477867126464844,1.2363885641098022,0.5921165943145752
65.462700016,0.0015339808305725,-1.5477867126464844,1.2363885641098022,0.5921165943145752
65.563264347,0.0015339808305725,-1.5493206977844238,1.2363885641098022,0.5921165943145752
65.600447748,0.003067961661145,-1.5477867126464844,1.2363885641098022,0.5921165943145752
65.697017076,0.0015339808305725,-1.5477867126464844,1.2363885641098022,0.5921165943145752
65.747696982,0.0015339808305725,-1.5477867126464844,1.2363885641098022,0.5921165943145752
65.843993792,0.0015339808305725,-1.5477867126464844,1.2363885641098022,0.5921165943145752
65.869497611,0.0015339808305725,-1.5477867126464844,1.2363885641098022,0.5936505794525146
65.963118154,0.0015339808305725,-1.5477867126464844,1.2363885641098022,0.5921165943145752
65.999217886,0.0015339808305725,-1.5477867126464844,1.2363885641098022,0.5921165943145752
66.090659871,0.0015339808305725,-1.5477867126464844,1.2363885641098022,0.5921165943145752
66.126993427,0.0015339808305725,-1.5477867126464844,1.2363885641098022,0.5921165943145752
66.221155864,0.0015339808305725,-1.5477867126464844,1.2363885641098022,0.5921165943145752
66.267713929,0.0015339808305725,-1.5477867126464844,1.2363885641098022,0.5921165943145752
66.365043161,0.0015339808305725,-1.5477867126464844,1.2363885641098022,0.5921165943145752
66.394152248,0.0015339808305725,-1.5477867126464844,1.2363885641098022,0.5921165943145752
66.488742109,0.0015339808305725,-1.5477867126464844,1.2363885641098022,0.5921165943145752
66.518063037,0.0015339808305725,-1.5477867126464844,1.2363885641098022,0.5921165943145752
66.617499515,0.0015339808305725,-1.5477867126464844,1.2363885641098022,0.5936505794525146
66.654433835,0.0015339808305725,-1.5477867126464844,1.2363885641098022,0.5921165943145752
66.752522848,0.0015339808305725,-1.5477867126464844,1.2363885641098022,0.5921165943145752
66.788081197,0.0015339808305725,-1.5477867126464844,1.2363885641098022,0.5921165943145752
66.883616911,0.0015339808305725,-1.5477867126464844,1.2363885641098022,0.5921165943145752
66.914294225,0.0015339808305725,-1.5477867126464844,1.2363885641098022,0.5921165943145752
67.005156988,0.0015339808305725,-1.5477867126464844,1.2363885641098022,0.5921165943145752
67.050105414,0.0015339808305725,-1.5477867126464844,1.2363885641098022,0.5921165943145752
67.146556209,0.0015339808305725,-1.5493206977844238,1.2363885641098022,0.5921165943145752
67.182420683,0.0015339808305725,-1.5477867126464844,1.2363885641098022,0.5921165943145752
67.278258537,0.0015339808305725,-1.5477867126464844,1.2363885641098022,0.5921165943145752
67.315877895,0.0015339808305725,-1.5477867126464844,1.2363885641098022,0.5921165943145752
67.410054944,0.0015339808305725,-1.5477867126464844,1.2363885641098022,0.5921165943145752
67.448688531,0.0015339808305725,-1.5477867126464844,1.2363885641098022,0.5921165943145752
67.545080146,0.0015339808305725,-1.5477867126464844,1.2363885641098022,0.5921165943145752
67.582602457,0.0015339808305725,-1.5477867126464844,1.2363885641098022,0.5921165943145752
67.683970103,0.0015339808305725,-1.5477867126464844,1.2363885641098022,0.5921165943145752
67.720489582,0.0015339808305725,-1.5477867126464844,1.2363885641098022,0.5921165943145752
67.82024606,0.0015339808305725,-1.5477867126464844,1.2363885641098022,0.5921165943145752
67.85646463,0.0015339808305725,-1.5477867126464844,1.2363885641098022,0.5921165943145752
67.951765798,0.0015339808305725,-1.5477867126464844,1.2363885641098022,0.5921165943145752
67.987816748,0.0015339808305725,-1.5493206977844238,1.2363885641098022,0.5921165943145752
68.081018901,0.0015339808305725,-1.5477867126464844,1.2363885641098022,0.5921165943145752
68.101696004,0.0015339808305725,-1.5477867126464844,1.2363885641098022,0.5921165943145752
68.162367489,0.0015339808305725,-1.5493206977844238,1.2363885641098022,0.5921165943145752
68.192425411,0.0015339808305725,-1.5477867126464844,1.2363885641098022,0.5921165943145752
68.247539386,0.0015339808305725,-1.5493206977844238,1.2363885641098022,0.5921165943145752
68.277510151,0.0015339808305725,-1.5477867126464844,1.2363885641098022,0.5921165943145752
68.334424176,0.0015339808305725,-1.5477867126464844,1.2363885641098022,0.5921165943145752
68.358150374,0.0015339808305725,-1.5477867126464844,1.2363885641098022,0.5921165943145752
68.417575968,0.0015339808305725,-1.5477867126464844,1.2363885641098022,0.5921165943145752
68.441057321,0.0015339808305725,-1.5477867126464844,1.2363885641098022,0.5921165943145752
68.49910768,0.003067961661145,-1.5477867126464844,1.2363885641098022,0.5921165943145752
68.528305075,0.0015339808305725,-1.5477867126464844,1.2363885641098022,0.5921165943145752
68.591334235,0.0015339808305725,-1.5477867126464844,1.2363885641098022,0.5921165943145752
68.635560501,0.0015339808305725,-1.5477867126464844,1.2363885641098022,0.5921165943145752
68.696548606,0.0015339808305725,-1.5477867126464844,1.2363885641098022,0.5921165943145752
68.720658174,0.0015339808305725,-1.5477867126464844,1.2363885641098022,0.5921165943145752
68.779627233,0.0015339808305725,-1.5477867126464844,1.2363885641098022,0.5921165943145752
68.801486481,0.0015339808305725,-1.5477867126464844,1.2363885641098022,0.5921165943145752
68.860621897,0.0015339808305725,-1.5477867126464844,1.2363885641098022,0.5921165943145752
68.889973314,0.0015339808305725,-1.5477867126464844,1.2363885641098022,0.5921165943145752
68.949441753,0.003067961661145,-1.5477867126464844,1.2363885641098022,0.5921165943145752
68.97129887,0.0015339808305725,-1.5477867126464844,1.2363885641098022,0.5921165943145752
69.030072235,0.0015339808305725,-1.5477867126464844,1.2363885641098022,0.5921165943145752
69.060105202,0.0015339808305725,-1.5477867126464844,1.2363885641098022,0.5921165943145752
69.125851911,0.0015339808305725,-1.5477867126464844,1.2363885641098022,0.5921165943145752
69.163696315,0.0015339808305725,-1.5477867126464844,1.2363885641098022,0.5921165943145752
69.256155114,0.0015339808305725,-1.5477867126464844,1.2363885641098022,0.5921165943145752
69.300905232,0.0015339808305725,-1.5477867126464844,1.2363885641098022,0.5921165943145752
69.399225505,0.0015339808305725,-1.5477867126464844,1.2363885641098022,0.5921165943145752
69.434742022,0.0015339808305725,-1.5477867126464844,1.2363885641098022,0.5921165943145752
69.53013244,0.0015339808305725,-1.5477867126464844,1.2363885641098022,0.5936505794525146
69.563486508,0.0015339808305725,-1.5477867126464844,1.2363885641098022,0.5921165943145752
69.660676685,0.0015339808305725,-1.5477867126464844,1.2363885641098022,0.5921165943145752
69.707664245,0.0015339808305725,-1.5477867126464844,1.2363885641098022,0.5921165943145752
69.800452528,0.0015339808305725,-1.5477867126464844,1.2363885641098022,0.5921165943145752
69.828115416,0.0015339808305725,-1.5477867126464844,1.2363885641098022,0.5921165943145752
69.925290377,0.0015339808305725,-1.5477867126464844,1.2363885641098022,0.5921165943145752
69.963097293,0.0015339808305725,-1.5477867126464844,1.2363885641098022,0.5921165943145752
70.056535947,0.0015339808305725,-1.5477867126464844,1.2363885641098022,0.5921165943145752
70.093415051,0.0015339808305725,-1.5477867126464844,1.2363885641098022,0.5921165943145752
70.188204762,0.0015339808305725,-1.5477867126464844,1.2363885641098022,0.5921165943145752
70.224801643,0.0015339808305725,-1.5477867126464844,1.2363885641098022,0.5921165943145752
70.32319814,0.0015339808305725,-1.5477867126464844,1.2363885641098022,0.5921165943145752
70.35978516,0.0015339808305725,-1.5493206977844238,1.2363885641098022,0.5921165943145752
70.445849966,0.003067961661145,-1.5477867126464844,1.2363885641098022,0.5921165943145752
70.48995448,0.0015339808305725,-1.5477867126464844,1.2363885641098022,0.5921165943145752
70.584830329,0.0015339808305725,-1.5477867126464844,1.2363885641098022,0.5921165943145752
70.616363192,0.0015339808305725,-1.5477867126464844,1.2363885641098022,0.5921165943145752
70.71729689,0.0015339808305725,-1.5493206977844238,1.2363885641098022,0.5921165943145752
70.757250536,0.0015339808305725,-1.5477867126464844,1.2363885641098022,0.5921165943145752
70.852737653,0.0015339808305725,-1.5493206977844238,1.2363885641098022,0.5921165943145752
70.898677151,0.0015339808305725,-1.5477867126464844,1.2363885641098022,0.5921165943145752
70.993539009,0.0015339808305725,-1.5493206977844238,1.2363885641098022,0.5921165943145752
71.02200367,0.0015339808305725,-1.5477867126464844,1.2363885641098022,0.5921165943145752
71.118049949,0.0015339808305725,-1.5477867126464844,1.2363885641098022,0.5921165943145752
71.154169925,0.0015339808305725,-1.5477867126464844,1.2363885641098022,0.5921165943145752
71.251311437,0.0015339808305725,-1.5477867126464844,1.2363885641098022,0.5921165943145752
71.289867781,0.0015339808305725,-1.5477867126464844,1.2363885641098022,0.5921165943145752
71.383358837,0.0015339808305725,-1.5477867126464844,1.2363885641098022,0.5921165943145752
71.419055894,0.0015339808305725,-1.5477867126464844,1.2363885641098022,0.5921165943145752
71.515039369,0.0015339808305725,-1.5477867126464844,1.2363885641098022,0.5921165943145752
71.541286932,0.0015339808305725,-1.5493206977844238,1.2363885641098022,0.5921165943145752
71.632988599,0.0015339808305725,-1.5477867126464844,1.2363885641098022,0.5921165943145752
71.668185677,0.0015339808305725,-1.5477867126464844,1.2363885641098022,0.5921165943145752
71.764032261,0.0015339808305725,-1.5477867126464844,1.2363885641098022,0.5921165943145752
71.800355134,0.0015339808305725,-1.5477867126464844,1.2363885641098022,0.5921165943145752
71.893126145,0.0015339808305725,-1.5477867126464844,1.2363885641098022,0.5921165943145752
71.929767165,0.0015339808305725,-1.5477867126464844,1.2363885641098022,0.5921165943145752
72.024001839,0.0015339808305725,-1.5477867126464844,1.2363885641098022,0.5921165943145752
72.061832979,0.0015339808305725,-1.5477867126464844,1.2363885641098022,0.5921165943145752
72.159291041,0.003067961661145,-1.5493206977844238,1.2363885641098022,0.5921165943145752
72.194890678,0.0015339808305725,-1.5477867126464844,1.2363885641098022,0.5921165943145752
72.289797971,0.0015339808305725,-1.5477867126464844,1.2363885641098022,0.5921165943145752
72.325882663,0.0015339808305725,-1.5477867126464844,1.2363885641098022,0.5921165943145752
72.400116677,0.0015339808305725,-1.5477867126464844,1.2363885641098022,0.5921165943145752
72.424427176,0.0015339808305725,-1.5477867126464844,1.2363885641098022,0.5921165943145752
72.484065979,0.0015339808305725,-1.5493206977844238,1.2363885641098022,0.5921165943145752
72.512825136,0.0015339808305725,-1.5493206977844238,1.2363885641098022,0.5921165943145752
72.563786484,0.0015339808305725,-1.5477867126464844,1.2363885641098022,0.5921165943145752
72.588548286,0.003067961661145,-1.5477867126464844,1.2363885641098022,0.5921165943145752
72.646658104,0.0015339808305725,-1.5477867126464844,1.2363885641098022,0.5921165943145752
72.6758893,0.0015339808305725,-1.5477867126464844,1.2363885641098022,0.5921165943145752
72.736264657,0.0015339808305725,-1.5477867126464844,1.2363885641098022,0.5921165943145752
72.76132658,0.0015339808305725,-1.5477867126464844,1.2363885641098022,0.5921165943145752
72.821571982,0.003067961661145,-1.5477867126464844,1.2363885641098022,0.5921165943145752
72.84663807,0.003067961661145,-1.5477867126464844,1.2363885641098022,0.5921165943145752
72.902020984,0.0015339808305725,-1.5477867126464844,1.2363885641098022,0.5921165943145752
72.931836078,0.0015339808305725,-1.5477867126464844,1.2363885641098022,0.5921165943145752
72.998697174,0.0015339808305725,-1.5477867126464844,1.2363885641098022,0.5921165943145752
73.062235131,0.0015339808305725,-1.5477867126464844,1.2363885641098022,0.5921165943145752
73.155958931,0.0015339808305725,-1.5493206977844238,1.2363885641098022,0.5921165943145752
73.182728739,0.003067961661145,-1.5477867126464844,1.2363885641098022,0.5921165943145752
73.275828396,0.0015339808305725,-1.5493206977844238,1.2363885641098022,0.5921165943145752
73.302556709,0.0015339808305725,-1.5477867126464844,1.2363885641098022,0.5921165943145752
73.397325663,0.0015339808305725,-1.5477867126464844,1.2363885641098022,0.5921165943145752
73.433286884,0.0015339808305725,-1.5477867126464844,1.2363885641098022,0.5921165943145752
73.53101351,0.0015339808305725,-1.5477867126464844,1.2363885641098022,0.5921165943145752
73.567958715,0.0015339808305725,-1.5477867126464844,1.2363885641098022,0.5921165943145752
73.665452231,0.0015339808305725,-1.5477867126464844,1.2363885641098022,0.5921165943145752
73.701851132,0.0015339808305725,-1.5477867126464844,1.2363885641098022,0.5921165943145752
73.801570918,0.0015339808305725,-1.5477867126464844,1.2363885641098022,0.5921165943145752
73.839911193,0.0015339808305725,-1.5477867126464844,1.2363885641098022,0.5921165943145752
73.933608826,0.0015339808305725,-1.5477867126464844,1.2363885641098022,0.5921165943145752
73.970859644,0.0015339808305725,-1.5477867126464844,1.2363885641098022,0.5921165943145752
74.064383388,0.0015339808305725,-1.5477867126464844,1.2363885641098022,0.5921165943145752
74.093392095,0.0015339808305725,-1.5477867126464844,1.2363885641098022,0.5921165943145752
74.186471505,0.0015339808305725,-1.5477867126464844,1.2363885641098022,0.5921165943145752
74.223047199,0.0015339808305725,-1.5493206977844238,1.2363885641098022,0.5921165943145752
74.317099024,0.0015339808305725,-1.5477867126464844,1.2363885641098022,0.5936505794525146
74.353363881,0.003067961661145,-1.5493206977844238,1.2363885641098022,0.5921165943145752
74.44852253,0.003067961661145,-1.5493206977844238,1.2363885641098022,0.5921165943145752
74.486094147,0.0015339808305725,-1.5477867126464844,1.2363885641098022,0.5936505794525146
74.580043689,0.003067961661145,-1.5477867126464844,1.2363885641098022,0.5921165943145752
74.61165537,0.0015339808305725,-1.5477867126464844,1.2363885641098022,0.5921165943145752
74.703633895,0.0015339808305725,-1.5477867126464844,1.2363885641098022,0.5921165943145752
74.741204952,0.0015339808305725,-1.5493206977844238,1.2363885641098022,0.5921165943145752
74.83899529,0.0015339808305725,-1.5477867126464844,1.2363885641098022,0.5921165943145752
74.879746779,0.0015339808305725,-1.5493206977844238,1.2363885641098022,0.5921165943145752
74.969145037,0.003067961661145,-1.5477867126464844,1.2363885641098022,0.5921165943145752
75.005154687,0.0015339808305725,-1.5477867126464844,1.2363885641098022,0.5921165943145752
75.097624214,0.0015339808305725,-1.5493206977844238,1.2363885641098022,0.5921165943145752
75.135041545,0.0015339808305725,-1.5477867126464844,1.2363885641098022,0.5921165943145752
75.229673866,0.0015339808305725,-1.5477867126464844,1.2363885641098022,0.5921165943145752
75.265248155,0.0015339808305725,-1.5477867126464844,1.2363885641098022,0.5921165943145752
75.357514137,0.003067961661145,-1.5477867126464844,1.2363885641098022,0.5921165943145752
75.394360896,0.0015339808305725,-1.5477867126464844,1.2363885641098022,0.5921165943145752
75.490091262,0.0015339808305725,-1.5477867126464844,1.2363885641098022,0.5921165943145752
75.53553456,0.0015339808305725,-1.5477867126464844,1.2363885641098022,0.5921165943145752
75.631021572,0.0015339808305725,-1.5477867126464844,1.2363885641098022,0.5921165943145752
75.667467989,0.003067961661145,-1.5477867126464844,1.2363885641098022,0.5921165943145752
75.765107404,0.0015339808305725,-1.5493206977844238,1.2363885641098022,0.5921165943145752
75.792767858,0.0015339808305725,-1.5477867126464844,1.2363885641098022,0.5921165943145752
75.893132295,0.003067961661145,-1.5477867126464844,1.2363885641098022,0.5921165943145752
75.92939389,0.0015339808305725,-1.5493206977844238,1.2363885641098022,0.5921165943145752
76.022140092,0.0015339808305725,-1.5477867126464844,1.2363885641098022,0.5921165943145752
76.059013086,0.0015339808305725,-1.5477867126464844,1.2363885641098022,0.5921165943145752
76.154635898,0.0015339808305725,-1.5477867126464844,1.2363885641098022,0.5921165943145752
76.190262016,0.0015339808305725,-1.5477867126464844,1.2363885641098022,0.5921165943145752
76.264919527,0.0015339808305725,-1.5477867126464844,1.2363885641098022,0.5921165943145752
76.289345231,0.0015339808305725,-1.5477867126464844,1.2363885641098022,0.5921165943145752
76.346880806,0.003067961661145,-1.5477867126464844,1.2363885641098022,0.5921165943145752
76.368628106,0.0015339808305725,-1.5477867126464844,1.2363885641098022,0.5921165943145752
76.427544723,0.0015339808305725,-1.5493206977844238,1.2363885641098022,0.5921165943145752
76.457539137,0.0015339808305725,-1.5477867126464844,1.2363885641098022,0.5921165943145752
76.516826509,0.0015339808305725,-1.5477867126464844,1.2363885641098022,0.5921165943145752
76.54023538,0.0015339808305725,-1.5477867126464844,1.2363885641098022,0.5921165943145752
76.597520252,0.0015339808305725,-1.5477867126464844,1.2363885641098022,0.5921165943145752
76.627522285,0.0015339808305725,-1.5477867126464844,1.2363885641098022,0.5921165943145752
76.68764106,0.0015339808305725,-1.5477867126464844,1.2363885641098022,0.5921165943145752
76.713193765,0.0015339808305725,-1.5477867126464844,1.2363885641098022,0.5921165943145752
76.768931468,0.0015339808305725,-1.5477867126464844,1.2363885641098022,0.5921165943145752
76.801909972,0.0015339808305725,-1.5477867126464844,1.2363885641098022,0.5921165943145752
76.868663474,0.0015339808305725,-1.5493206977844238,1.2363885641098022,0.5921165943145752
76.907101777,0.0015339808305725,-1.5477867126464844,1.2363885641098022,0.5921165943145752
76.99966364,0.0015339808305725,-1.5477867126464844,1.2363885641098022,0.5921165943145752
77.036179054,0.003067961661145,-1.5477867126464844,1.2363885641098022,0.5921165943145752
77.130624201,0.0015339808305725,-1.5477867126464844,1.2363885641098022,0.5921165943145752
77.171491863,0.0015339808305725,-1.5477867126464844,1.2363885641098022,0.5921165943145752
77.266020711,0.0015339808305725,-1.5477867126464844,1.2363885641098022,0.5921165943145752
77.304011715,0.0015339808305725,-1.5477867126464844,1.2363885641098022,0.5921165943145752
77.400128921,0.0015339808305725,-1.5477867126464844,1.2363885641098022,0.5921165943145752
77.435094281,0.0015339808305725,-1.5477867126464844,1.2363885641098022,0.5921165943145752
77.529343589,0.0015339808305725,-1.5493206977844238,1.2363885641098022,0.5921165943145752
77.567556067,0.0015339808305725,-1.5477867126464844,1.2363885641098022,0.5921165943145752
77.660418537,0.0015339808305725,-1.5477867126464844,1.2363885641098022,0.5921165943145752
77.706332357,0.0015339808305725,-1.5477867126464844,1.2363885641098022,0.5921165943145752
77.801638087,0.003067961661145,-1.5477867126464844,1.2363885641098022,0.5921165943145752
77.82828781,0.0015339808305725,-1.5477867126464844,1.2363885641098022,0.5921165943145752
77.930549565,0.0015339808305725,-1.5477867126464844,1.2363885641098022,0.5921165943145752
77.966400464,0.0015339808305725,-1.5477867126464844,1.2363885641098022,0.5921165943145752
78.061494152,0.0015339808305725,-1.5477867126464844,1.2363885641098022,0.5921165943145752
78.099135906,0.0015339808305725,-1.5477867126464844,1.2363885641098022,0.5921165943145752
78.191275231,0.0015339808305725,-1.5477867126464844,1.2363885641098022,0.5921165943145752
78.228901871,0.0015339808305725,-1.5477867126464844,1.2363885641098022,0.5921165943145752
78.32379192,0.0015339808305725,-1.5477867126464844,1.2363885641098022,0.5921165943145752
78.360272736,0.003067961661145,-1.5477867126464844,1.2363885641098022,0.5921165943145752
78.453342014,0.0015339808305725,-1.5493206977844238,1.2363885641098022,0.5921165943145752
78.491868746,0.0015339808305725,-1.5477867126464844,1.2363885641098022,0.5921165943145752
78.587176189,0.0015339808305725,-1.5477867126464844,1.2363885641098022,0.5921165943145752
78.624140504,0.0015339808305725,-1.5477867126464844,1.2363885641098022,0.5921165943145752
78.717779763,0.0015339808305725,-1.5477867126464844,1.2363885641098022,0.5921165943145752
78.754016324,0.0015339808305725,-1.5477867126464844,1.2363885641098022,0.5921165943145752
78.850750534,0.0015339808305725,-1.5477867126464844,1.2363885641098022,0.5921165943145752
78.880039623,0.0015339808305725,-1.5477867126464844,1.2363885641098022,0.5921165943145752
78.98183635,0.0015339808305725,-1.5477867126464844,1.2363885641098022,0.5921165943145752
79.018170702,0.0015339808305725,-1.5477867126464844,1.2363885641098022,0.5921165943145752
79.113006115,0.0015339808305725,-1.5477867126464844,1.2363885641098022,0.5921165943145752
79.14976262,0.0015339808305725,-1.5477867126464844,1.2363885641098022,0.5921165943145752
79.245528511,0.0015339808305725,-1.5477867126464844,1.2363885641098022,0.5921165943145752
79.273629599,0.0015339808305725,-1.5477867126464844,1.2363885641098022,0.5921165943145752
79.368506516,0.0015339808305725,-1.5477867126464844,1.2363885641098022,0.5921165943145752
79.406639923,0.0015339808305725,-1.5477867126464844,1.2363885641098022,0.5921165943145752
79.500337962,0.0015339808305725,-1.5477867126464844,1.2363885641098022,0.5921165943145752
79.54837919,0.0015339808305725,-1.5477867126464844,1.2363885641098022,0.5921165943145752
79.650575122,0.0015339808305725,-1.5477867126464844,1.2363885641098022,0.5921165943145752
79.6817243,0.0015339808305725,-1.5477867126464844,1.2363885641098022,0.5936505794525146
79.773332065,0.0015339808305725,-1.5493206977844238,1.2363885641098022,0.5921165943145752
79.814040303,0.0015339808305725,-1.5477867126464844,1.2363885641098022,0.5921165943145752
79.906755775,0.0015339808305725,-1.5477867126464844,1.2363885641098022,0.5921165943145752
79.947848719,0.0015339808305725,-1.5477867126464844,1.2363885641098022,0.5921165943145752
80.041138449,0.0015339808305725,-1.5477867126464844,1.2363885641098022,0.5921165943145752
80.080456201,0.0015339808305725,-1.5477867126464844,1.2363885641098022,0.5921165943145752
80.148474049,0.0015339808305725,-1.5477867126464844,1.2363885641098022,0.5921165943145752
80.170318219,0.003067961661145,-1.5493206977844238,1.2363885641098022,0.5921165943145752
80.231396841,0.0015339808305725,-1.5477867126464844,1.2363885641098022,0.5921165943145752
80.259762689,0.0015339808305725,-1.5477867126464844,1.2363885641098022,0.5921165943145752
80.32599825,0.0015339808305725,-1.5477867126464844,1.2363885641098022,0.5921165943145752
80.36289707,0.0015339808305725,-1.5477867126464844,1.2363885641098022,0.5921165943145752
80.45919336,0.0015339808305725,-1.5477867126464844,1.2363885641098022,0.5921165943145752
80.497158675,0.0015339808305725,-1.5493206977844238,1.2363885641098022,0.5921165943145752
80.590963894,0.0015339808305725,-1.5477867126464844,1.2363885641098022,0.5921165943145752
80.627456486,0.0015339808305725,-1.5477867126464844,1.2363885641098022,0.5921165943145752
80.722149766,0.0015339808305725,-1.5477867126464844,1.2363885641098022,0.5921165943145752
80.757457351,0.0015339808305725,-1.5477867126464844,1.2363885641098022,0.5936505794525146
80.851207644,0.0015339808305725,-1.5477867126464844,1.2363885641098022,0.5921165943145752
80.890755008,0.0015339808305725,-1.5477867126464844,1.2363885641098022,0.5921165943145752
80.98396187,0.0015339808305725,-1.5477867126464844,1.2363885641098022,0.5921165943145752
81.020684865,0.0015339808305725,-1.5477867126464844,1.2363885641098022,0.5921165943145752
81.118517305,0.0015339808305725,-1.5477867126464844,1.2363885641098022,0.5921165943145752
81.153933804,0.0015339808305725,-1.5477867126464844,1.2363885641098022,0.5921165943145752
81.24935237,0.0015339808305725,-1.5477867126464844,1.2363885641098022,0.5921165943145752
81.273063541,0.0015339808305725,-1.5477867126464844,1.2363885641098022,0.5921165943145752
81.367674202,0.0015339808305725,-1.5477867126464844,1.2363885641098022,0.5921165943145752
81.41884899,0.0015339808305725,-1.5477867126464844,1.2363885641098022,0.5921165943145752
81.513374926,0.0015339808305725,-1.5493206977844238,1.2363885641098022,0.5921165943145752
81.548684103,0.0015339808305725,-1.5477867126464844,1.2363885641098022,0.5921165943145752
81.64216395,0.0015339808305725,-1.5477867126464844,1.2363885641098022,0.5936505794525146
81.668421506,0.0015339808305725,-1.5477867126464844,1.2363885641098022,0.5921165943145752
81.766720967,0.0015339808305725,-1.5477867126464844,1.2363885641098022,0.5921165943145752
81.801426455,0.0015339808305725,-1.5493206977844238,1.2363885641098022,0.5921165943145752
81.898784185,0.0015339808305725,-1.5477867126464844,1.2363885641098022,0.5921165943145752
81.936670219,0.0015339808305725,-1.5477867126464844,1.2363885641098022,0.5921165943145752
82.031032635,0.0015339808305725,-1.5477867126464844,1.2363885641098022,0.5921165943145752
82.067294006,0.0015339808305725,-1.5477867126464844,1.2363885641098022,0.5921165943145752
82.162777383,0.0015339808305725,-1.5477867126464844,1.2363885641098022,0.5921165943145752
82.204889185,0.0015339808305725,-1.5477867126464844,1.2363885641098022,0.5921165943145752
82.299159829,0.0015339808305725,-1.5477867126464844,1.2363885641098022,0.5921165943145752
82.334237238,0.0015339808305725,-1.5477867126464844,1.2363885641098022,0.5921165943145752
82.427266811,0.0015339808305725,-1.5493206977844238,1.2363885641098022,0.5921165943145752
82.46411545,0.0015339808305725,-1.5477867126464844,1.2363885641098022,0.5921165943145752
82.559354209,0.0015339808305725,-1.5477867126464844,1.2363885641098022,0.5921165943145752
82.597757608,0.0015339808305725,-1.5493206977844238,1.2363885641098022,0.5921165943145752
82.691907253,0.0015339808305725,-1.5477867126464844,1.2363885641098022,0.5921165943145752
82.728816682,0.0015339808305725,-1.5477867126464844,1.2363885641098022,0.5921165943145752
82.822297156,0.0015339808305725,-1.5477867126464844,1.2363885641098022,0.5921165943145752
82.858733031,0.0015339808305725,-1.5477867126464844,1.2363885641098022,0.5921165943145752
82.953790541,0.0015339808305725,-1.5477867126464844,1.2363885641098022,0.5921165943145752
82.98384574,0.0015339808305725,-1.5477867126464844,1.2363885641098022,0.5921165943145752
83.079063264,0.0015339808305725,-1.5493206977844238,1.2363885641098022,0.5921165943145752
83.114516238,0.0015339808305725,-1.5477867126464844,1.2363885641098022,0.5921165943145752
83.211571778,0.0015339808305725,-1.5477867126464844,1.2363885641098022,0.5921165943145752
83.248276423,0.0015339808305725,-1.5477867126464844,1.2363885641098022,0.5921165943145752
83.342570562,0.0015339808305725,-1.5477867126464844,1.2363885641098022,0.5921165943145752
83.380848072,0.0015339808305725,-1.5477867126464844,1.2363885641098022,0.5921165943145752
83.472180956,0.0015339808305725,-1.5493206977844238,1.2363885641098022,0.5921165943145752
83.501549815,0.0015339808305725,-1.5493206977844238,1.2363885641098022,0.5921165943145752
83.587718511,0.0015339808305725,-1.5477867126464844,1.2363885641098022,0.5921165943145752
83.606469214,0.0015339808305725,-1.5477867126464844,1.2363885641098022,0.5921165943145752
83.663765448,0.0015339808305725,-1.5477867126464844,1.2363885641098022,0.5921165943145752
83.689698519,0.0015339808305725,-1.5477867126464844,1.2363885641098022,0.5921165943145752
83.748647555,0.0015339808305725,-1.5477867126464844,1.2363885641098022,0.5921165943145752
83.781075555,0.0015339808305725,-1.5477867126464844,1.2363885641098022,0.5921165943145752
83.834767812,0.0015339808305725,-1.5477867126464844,1.2363885641098022,0.5921165943145752
83.859502778,0.0015339808305725,-1.5477867126464844,1.2363885641098022,0.5921165943145752
83.949336507,0.0015339808305725,-1.5477867126464844,1.2363885641098022,0.5921165943145752
83.976864339,0.0015339808305725,-1.5477867126464844,1.2363885641098022,0.5921165943145752
84.068225143,0.0015339808305725,-1.5477867126464844,1.2363885641098022,0.5921165943145752
84.106693406,0.0015339808305725,-1.5493206977844238,1.2363885641098022,0.5921165943145752
84.203996936,0.0015339808305725,-1.5477867126464844,1.2363885641098022,0.5921165943145752
84.24406692,0.0015339808305725,-1.5477867126464844,1.2363885641098022,0.5921165943145752
84.336543091,0.0015339808305725,-1.5477867126464844,1.2363885641098022,0.5921165943145752
84.374783648,0.0015339808305725,-1.5493206977844238,1.2363885641098022,0.5921165943145752
84.466053621,0.0015339808305725,-1.5477867126464844,1.2363885641098022,0.5921165943145752
84.513689557,0.0015339808305725,-1.5477867126464844,1.2363885641098022,0.5921165943145752
84.604619838,0.0015339808305725,-1.5477867126464844,1.2363885641098022,0.5921165943145752
84.631794833,0.0015339808305725,-1.5477867126464844,1.2363885641098022,0.5921165943145752
84.72410079,0.0015339808305725,-1.5493206977844238,1.2363885641098022,0.5921165943145752
84.765651413,0.0015339808305725,-1.5477867126464844,1.2363885641098022,0.5921165943145752
84.861582551,0.0015339808305725,-1.5477867126464844,1.2363885641098022,0.5921165943145752
84.898114429,0.0015339808305725,-1.5477867126464844,1.2363885641098022,0.5921165943145752
84.990986332,0.0015339808305725,-1.5477867126464844,1.2363885641098022,0.5921165943145752
85.034792206,0.003067961661145,-1.5477867126464844,1.2363885641098022,0.5921165943145752
85.1288308,0.0015339808305725,-1.5493206977844238,1.2363885641098022,0.5921165943145752
85.156428533,0.0015339808305725,-1.5477867126464844,1.2363885641098022,0.5921165943145752
85.255611695,0.0015339808305725,-1.5477867126464844,1.2363885641098022,0.5921165943145752
85.291387873,0.0015339808305725,-1.5477867126464844,1.2363885641098022,0.5921165943145752
85.387919601,0.0015339808305725,-1.5477867126464844,1.2363885641098022,0.5936505794525146
85.424852893,0.0015339808305725,-1.5477867126464844,1.2363885641098022,0.5921165943145752
85.520295076,0.0015339808305725,-1.5477867126464844,1.2363885641098022,0.5921165943145752
85.55700808,0.0015339808305725,-1.5493206977844238,1.2363885641098022,0.5921165943145752
85.651979649,0.0015339808305725,-1.5477867126464844,1.2363885641098022,0.5921165943145752
85.688566334,0.0015339808305725,-1.5477867126464844,1.2363885641098022,0.5921165943145752
85.781701348,0.0015339808305725,-1.5477867126464844,1.2363885641098022,0.5921165943145752
85.818507735,0.0015339808305725,-1.5493206977844238,1.2363885641098022,0.5921165943145752
85.913735816,0.0015339808305725,-1.5477867126464844,1.2363885641098022,0.5921165943145752
85.94744747,0.0015339808305725,-1.5477867126464844,1.2363885641098022,0.5921165943145752
86.037531604,0.0015339808305725,-1.5477867126464844,1.2363885641098022,0.5921165943145752
86.083211264,0.0015339808305725,-1.5477867126464844,1.2363885641098022,0.5921165943145752
86.224353434,0.0015339808305725,-1.5477867126464844,1.2363885641098022,0.5921165943145752
86.274589106,0.0015339808305725,-1.5477867126464844,1.2363885641098022,0.5921165943145752
86.384773718,0.0015339808305725,-1.5477867126464844,1.2363885641098022,0.5936505794525146
86.42682814,0.0015339808305725,-1.5477867126464844,1.2363885641098022,0.5921165943145752
86.461991011,0.0015339808305725,-1.5477867126464844,1.2363885641098022,0.5921165943145752
86.566651053,0.0015339808305725,-1.5493206977844238,1.2363885641098022,0.5921165943145752
86.611933671,0.0015339808305725,-1.5493206977844238,1.2363885641098022,0.5936505794525146
86.701349657,0.0015339808305725,-1.5477867126464844,1.2363885641098022,0.5921165943145752
86.729797187,0.0015339808305725,-1.5477867126464844,1.2363885641098022,0.5921165943145752
86.822933473,0.0015339808305725,-1.5477867126464844,1.2363885641098022,0.5921165943145752
86.860024261,0.0015339808305725,-1.5477867126464844,1.2363885641098022,0.5921165943145752
86.955461384,0.0015339808305725,-1.5477867126464844,1.2363885641098022,0.5921165943145752
86.990786897,0.0015339808305725,-1.5477867126464844,1.2363885641098022,0.5921165943145752
87.085733554,0.0015339808305725,-1.5477867126464844,1.2363885641098022,0.5921165943145752
87.12196116,0.0015339808305725,-1.5477867126464844,1.2363885641098022,0.5921165943145752
87.185508194,0.0015339808305725,-1.5477867126464844,1.2363885641098022,0.5921165943145752
87.201813364,0.0015339808305725,-1.5477867126464844,1.2363885641098022,0.5921165943145752
87.265302815,0.0015339808305725,-1.5477867126464844,1.2363885641098022,0.5921165943145752
87.294967468,0.0015339808305725,-1.5477867126464844,1.2363885641098022,0.5921165943145752
87.364176927,0.0015339808305725,-1.5493206977844238,1.2363885641098022,0.5921165943145752
87.421738757,0.0015339808305725,-1.5477867126464844,1.2363885641098022,0.5921165943145752
87.513194244,0.0015339808305725,-1.5477867126464844,1.2363885641098022,0.5921165943145752
87.557845593,0.0015339808305725,-1.5477867126464844,1.2363885641098022,0.5921165943145752
87.651523995,0.0015339808305725,-1.5477867126464844,1.2363885641098022,0.5936505794525146
87.688264785,0.0015339808305725,-1.5477867126464844,1.2363885641098022,0.5921165943145752
87.783062213,0.0015339808305725,-1.5477867126464844,1.2363885641098022,0.5921165943145752
87.819902673,0.0015339808305725,-1.5477867126464844,1.2363885641098022,0.5921165943145752
87.916316113,0.0015339808305725,-1.5477867126464844,1.2363885641098022,0.5921165943145752
87.95239773,0.0015339808305725,-1.5477867126464844,1.2363885641098022,0.5921165943145752
88.047608845,0.0015339808305725,-1.5477867126464844,1.2363885641098022,0.5921165943145752
88.083080604,0.0015339808305725,-1.5477867126464844,1.2363885641098022,0.5921165943145752
88.1758801,0.0015339808305725,-1.5477867126464844,1.2363885641098022,0.5921165943145752
88.220827409,0.0015339808305725,-1.5477867126464844,1.2363885641098022,0.5921165943145752
88.321031928,0.0015339808305725,-1.5477867126464844,1.2363885641098022,0.5921165943145752
88.35881481,0.0015339808305725,-1.5477867126464844,1.2363885641098022,0.5921165943145752
88.453837631,0.0015339808305725,-1.5493206977844238,1.2363885641098022,0.5921165943145752
88.482055852,0.0015339808305725,-1.5477867126464844,1.2363885641098022,0.5921165943145752
88.575257234,0.0015339808305725,-1.5477867126464844,1.2363885641098022,0.5921165943145752
88.615398208,0.0015339808305725,-1.5477867126464844,1.2363885641098022,0.5921165943145752
88.712363189,0.0015339808305725,-1.5477867126464844,1.2363885641098022,0.5921165943145752
88.749151325,0.0015339808305725,-1.5477867126464844,1.2363885641098022,0.5921165943145752
88.841281918,0.0015339808305725,-1.5477867126464844,1.2363885641098022,0.5921165943145752
88.882311466,0.0015339808305725,-1.5493206977844238,1.2363885641098022,0.5921165943145752
88.973826691,0.0015339808305725,-1.5477867126464844,1.2363885641098022,0.5921165943145752
89.012514973,0.0015339808305725,-1.5477867126464844,1.2363885641098022,0.5921165943145752
89.10298968,0.0015339808305725,-1.5477867126464844,1.2363885641098022,0.5921165943145752
89.140055454,0.0015339808305725,-1.5477867126464844,1.2363885641098022,0.5921165943145752
89.232321523,0.0015339808305725,-1.5477867126464844,1.2363885641098022,0.5921165943145752
89.278268163,0.0015339808305725,-1.5477867126464844,1.2363885641098022,0.5921165943145752
89.37964751,0.0015339808305725,-1.5477867126464844,1.2363885641098022,0.5921165943145752
89.4166395,0.0015339808305725,-1.5477867126464844,1.2363885641098022,0.5921165943145752
89.511087022,0.0015339808305725,-1.5477867126464844,1.2363885641098022,0.5921165943145752
89.538136606,0.0015339808305725,-1.5493206977844238,1.2363885641098022,0.5921165943145752
89.632470271,0.0015339808305725,-1.5477867126464844,1.2363885641098022,0.5921165943145752
89.667791946,0.0015339808305725,-1.5477867126464844,1.2363885641098022,0.5921165943145752
89.761176587,0.0015339808305725,-1.5477867126464844,1.2363885641098022,0.5921165943145752
89.801326626,0.0015339808305725,-1.5477867126464844,1.2363885641098022,0.5921165943145752
89.897322658,0.0015339808305725,-1.5477867126464844,1.2363885641098022,0.5921165943145752
89.935140777,0.0015339808305725,-1.5477867126464844,1.2363885641098022,0.5936505794525146
90.025721801,0.0015339808305725,-1.5477867126464844,1.2363885641098022,0.5921165943145752
90.062167371,0.0015339808305725,-1.5493206977844238,1.2363885641098022,0.5921165943145752
90.155447372,0.0015339808305725,-1.5477867126464844,1.2363885641098022,0.5921165943145752
90.192060728,0.0015339808305725,-1.5493206977844238,1.2363885641098022,0.5936505794525146
90.28751656,0.0015339808305725,-1.5477867126464844,1.2363885641098022,0.5921165943145752
90.332282866,0.0015339808305725,-1.5477867126464844,1.2363885641098022,0.5921165943145752
90.430181497,0.0015339808305725,-1.5493206977844238,1.2363885641098022,0.5921165943145752
90.458443256,0.0015339808305725,-1.5477867126464844,1.2363885641098022,0.5921165943145752
90.554766729,0.0015339808305725,-1.5493206977844238,1.2363885641098022,0.5921165943145752
90.583597293,0.0015339808305725,-1.5477867126464844,1.2363885641098022,0.5921165943145752
90.649184177,0.0015339808305725,-1.5477867126464844,1.2363885641098022,0.5921165943145752
90.671183847,0.0015339808305725,-1.5477867126464844,1.2363885641098022,0.5921165943145752
90.7473654,0.0015339808305725,-1.5477867126464844,1.2363885641098022,0.5921165943145752
90.792716294,0.0015339808305725,-1.5477867126464844,1.2363885641098022,0.5921165943145752
90.8901013,0.0015339808305725,-1.5477867126464844,1.2363885641098022,0.5921165943145752
90.918784189,0.003067961661145,-1.5477867126464844,1.2363885641098022,0.5921165943145752
91.012687843,0.0015339808305725,-1.5477867126464844,1.2363885641098022,0.5921165943145752
91.052328082,0.0015339808305725,-1.5477867126464844,1.2363885641098022,0.5921165943145752
91.147787144,0.0015339808305725,-1.5477867126464844,1.2363885641098022,0.5921165943145752
91.175913189,0.0015339808305725,-1.5493206977844238,1.2363885641098022,0.5936505794525146
91.268581827,0.0015339808305725,-1.5477867126464844,1.2363885641098022,0.5936505794525146
91.307686568,0.003067961661145,-1.5477867126464844,1.2363885641098022,0.5921165943145752
91.414338016,0.0015339808305725,-1.5477867126464844,1.2363885641098022,0.5921165943145752
91.450605785,0.0015339808305725,-1.5477867126464844,1.2363885641098022,0.5921165943145752
91.545973894,0.0015339808305725,-1.5477867126464844,1.2363885641098022,0.5921165943145752
91.581796069,0.0015339808305725,-1.5477867126464844,1.2363885641098022,0.5921165943145752
91.672875953,0.0015339808305725,-1.5477867126464844,1.2363885641098022,0.5921165943145752
91.700268468,0.0015339808305725,-1.5477867126464844,1.2363885641098022,0.5921165943145752
91.79674042,0.0015339808305725,-1.5477867126464844,1.2363885641098022,0.5936505794525146
91.834319197,0.0015339808305725,-1.5477867126464844,1.2363885641098022,0.5936505794525146
91.930644684,0.0015339808305725,-1.5477867126464844,1.2363885641098022,0.5921165943145752
91.967633334,0.0015339808305725,-1.5477867126464844,1.2363885641098022,0.5921165943145752
92.064065357,0.0015339808305725,-1.5493206977844238,1.2363885641098022,0.5921165943145752
92.10171925,0.0015339808305725,-1.5477867126464844,1.2363885641098022,0.5921165943145752
92.197348415,0.0015339808305725,-1.5477867126464844,1.2363885641098022,0.5921165943145752
92.232057703,0.0015339808305725,-1.5493206977844238,1.2363885641098022,0.5921165943145752
92.325499455,0.0015339808305725,-1.5477867126464844,1.2363885641098022,0.5921165943145752
92.365807589,0.0015339808305725,-1.5493206977844238,1.2363885641098022,0.5921165943145752
92.464997467,0.0015339808305725,-1.5477867126464844,1.2363885641098022,0.5921165943145752
92.502312067,0.0015339808305725,-1.5477867126464844,1.2363885641098022,0.5921165943145752
92.597044165,0.0015339808305725,-1.5477867126464844,1.2363885641098022,0.5921165943145752
92.634647798,0.0015339808305725,-1.5477867126464844,1.2363885641098022,0.5921165943145752
92.730980872,0.0015339808305725,-1.5477867126464844,1.2363885641098022,0.5921165943145752
92.766496237,0.0015339808305725,-1.5477867126464844,1.2363885641098022,0.5921165943145752
92.863228419,0.0015339808305725,-1.5477867126464844,1.2363885641098022,0.5921165943145752
92.900090909,0.0015339808305725,-1.5493206977844238,1.2363885641098022,0.5921165943145752
92.993976741,0.0015339808305725,-1.5477867126464844,1.2363885641098022,0.5921165943145752
93.029167845,0.0015339808305725,-1.5477867126464844,1.2363885641098022,0.5921165943145752
93.12238159,0.0015339808305725,-1.5477867126464844,1.2363885641098022,0.5921165943145752
93.158899823,0.0015339808305725,-1.5477867126464844,1.2363885641098022,0.5921165943145752
93.252237268,0.0015339808305725,-1.5477867126464844,1.2363885641098022,0.5936505794525146
93.288892798,0.0015339808305725,-1.5477867126464844,1.2363885641098022,0.5936505794525146
93.386063014,0.003067961661145,-1.5477867126464844,1.2363885641098022,0.5921165943145752
93.423920353,0.0015339808305725,-1.5477867126464844,1.2363885641098022,0.5921165943145752
93.522643469,0.0015339808305725,-1.5477867126464844,1.2363885641098022,0.5921165943145752
93.558160314,0.0015339808305725,-1.5477867126464844,1.2363885641098022,0.5921165943145752
93.650782052,0.0015339808305725,-1.5477867126464844,1.2363885641098022,0.5921165943145752
93.687435441,0.0015339808305725,-1.5477867126464844,1.2363885641098022,0.5921165943145752
93.782253199,0.0015339808305725,-1.5493206977844238,1.2363885641098022,0.5921165943145752
93.818700058,0.0015339808305725,-1.5477867126464844,1.2363885641098022,0.5921165943145752
93.913386327,0.0015339808305725,-1.5477867126464844,1.2363885641098022,0.5921165943145752
93.95074356,0.0015339808305725,-1.5493206977844238,1.2363885641098022,0.5921165943145752
94.015697624,0.0015339808305725,-1.5477867126464844,1.2363885641098022,0.5921165943145752
94.038630657,0.0015339808305725,-1.5477867126464844,1.2363885641098022,0.5921165943145752
94.096270919,0.0015339808305725,-1.5477867126464844,1.2363885641098022,0.5921165943145752
94.12681453,0.0015339808305725,-1.5477867126464844,1.2363885641098022,0.5936505794525146
94.193698584,0.0015339808305725,-1.5477867126464844,1.2363885641098022,0.5921165943145752
94.265574064,0.0015339808305725,-1.5477867126464844,1.2363885641098022,0.5921165943145752
94.359536413,0.0015339808305725,-1.5493206977844238,1.2363885641098022,0.5921165943145752
94.388451025,0.0015339808305725,-1.5477867126464844,1.2363885641098022,0.5921165943145752
94.485616163,0.0015339808305725,-1.5477867126464844,1.2363885641098022,0.5921165943145752
94.513794461,0.0015339808305725,-1.5477867126464844,1.2363885641098022,0.5921165943145752
94.605455396,0.0015339808305725,-1.5477867126464844,1.2363885641098022,0.5921165943145752
94.644589236,0.0015339808305725,-1.5493206977844238,1.2363885641098022,0.5921165943145752
94.736773733,0.0015339808305725,-1.5477867126464844,1.2363885641098022,0.5921165943145752
94.777681126,0.0015339808305725,-1.5477867126464844,1.2363885641098022,0.5936505794525146
94.867711072,0.0015339808305725,-1.5477867126464844,1.2363885641098022,0.5921165943145752
94.912707903,0.0015339808305725,-1.5477867126464844,1.2363885641098022,0.5921165943145752
95.00734656,0.0015339808305725,-1.5477867126464844,1.2363885641098022,0.5921165943145752
95.046096583,0.0015339808305725,-1.5477867126464844,1.2363885641098022,0.5921165943145752
95.136206797,0.0015339808305725,-1.5493206977844238,1.2363885641098022,0.5921165943145752
95.173460838,0.0015339808305725,-1.5477867126464844,1.2363885641098022,0.5921165943145752
95.26650027,0.003067961661145,-1.5477867126464844,1.2363885641098022,0.5921165943145752
95.295162772,0.0015339808305725,-1.5493206977844238,1.2363885641098022,0.5921165943145752
95.389119776,0.0015339808305725,-1.5493206977844238,1.2363885641098022,0.5921165943145752
95.427799629,0.0015339808305725,-1.5493206977844238,1.2363885641098022,0.5921165943145752
95.525285356,0.0015339808305725,-1.5477867126464844,1.2363885641098022,0.5921165943145752
95.560092705,0.0015339808305725,-1.5477867126464844,1.2363885641098022,0.5921165943145752
95.653752803,0.0015339808305725,-1.5477867126464844,1.2363885641098022,0.5921165943145752
95.682156034,0.0015339808305725,-1.5477867126464844,1.2363885641098022,0.5921165943145752
95.776307195,0.0015339808305725,-1.5477867126464844,1.2363885641098022,0.5921165943145752
95.814201448,0.0015339808305725,-1.5477867126464844,1.2363885641098022,0.5921165943145752
95.908947993,0.0015339808305725,-1.5477867126464844,1.2363885641098022,0.5921165943145752
95.946324516,0.0015339808305725,-1.5477867126464844,1.2363885641098022,0.5921165943145752
96.039399562,0.0015339808305725,-1.5477867126464844,1.2363885641098022,0.5921165943145752
96.078213626,0.0015339808305725,-1.5477867126464844,1.2363885641098022,0.5921165943145752
96.168947658,0.0015339808305725,-1.5477867126464844,1.2363885641098022,0.5921165943145752
96.206362436,0.0015339808305725,-1.5477867126464844,1.2363885641098022,0.5921165943145752
96.297663103,0.0015339808305725,-1.5477867126464844,1.2363885641098022,0.5921165943145752
96.334991888,0.0015339808305725,-1.5477867126464844,1.2363885641098022,0.5921165943145752
96.431005926,0.0015339808305725,-1.5477867126464844,1.2363885641098022,0.5921165943145752
96.466232719,0.0015339808305725,-1.5477867126464844,1.2363885641098022,0.5921165943145752
96.563436184,0.0015339808305725,-1.5477867126464844,1.2363885641098022,0.5936505794525146
96.5992663,0.0015339808305725,-1.5477867126464844,1.2363885641098022,0.5921165943145752
96.69437311,0.0015339808305725,-1.5477867126464844,1.2363885641098022,0.5921165943145752
96.731499163,0.0015339808305725,-1.5477867126464844,1.2363885641098022,0.5921165943145752
96.822400896,0.003067961661145,-1.5477867126464844,1.2363885641098022,0.5921165943145752
96.858987443,0.0015339808305725,-1.5477867126464844,1.2363885641098022,0.5921165943145752
96.95274149,0.0015339808305725,-1.5477867126464844,1.2363885641098022,0.5921165943145752
96.988466846,0.0015339808305725,-1.5477867126464844,1.2363885641098022,0.5921165943145752
97.081556903,0.0015339808305725,-1.5493206977844238,1.2363885641098022,0.5921165943145752
97.117890549,0.0015339808305725,-1.5477867126464844,1.2363885641098022,0.5921165943145752
97.212521478,0.0015339808305725,-1.5477867126464844,1.2363885641098022,0.5921165943145752
97.241801341,0.0015339808305725,-1.5477867126464844,1.2363885641098022,0.5921165943145752
97.296622992,0.0015339808305725,-1.5493206977844238,1.2363885641098022,0.5921165943145752
97.320111734,0.0015339808305725,-1.5477867126464844,1.2363885641098022,0.5921165943145752
97.406497928,0.0015339808305725,-1.5477867126464844,1.2363885641098022,0.5921165943145752
97.457026331,0.0015339808305725,-1.5477867126464844,1.2363885641098022,0.5921165943145752
97.554799534,0.0015339808305725,-1.5477867126464844,1.2363885641098022,0.5921165943145752
97.584014644,0.0015339808305725,-1.5477867126464844,1.2363885641098022,0.5921165943145752
97.678371577,0.0015339808305725,-1.5477867126464844,1.2363885641098022,0.5921165943145752
97.706458074,0.0015339808305725,-1.5477867126464844,1.2363885641098022,0.5921165943145752
97.800342891,0.0015339808305725,-1.5477867126464844,1.2363885641098022,0.5921165943145752
97.835826635,0.0015339808305725,-1.5477867126464844,1.2363885641098022,0.5921165943145752
97.929649655,0.0015339808305725,-1.5477867126464844,1.2363885641098022,0.5921165943145752
97.965614317,0.0015339808305725,-1.5477867126464844,1.2363885641098022,0.5921165943145752
98.060895976,0.0015339808305725,-1.5477867126464844,1.2363885641098022,0.5921165943145752
98.10503608,0.0015339808305725,-1.5477867126464844,1.2363885641098022,0.5921165943145752
98.196533107,0.0015339808305725,-1.5477867126464844,1.2363885641098022,0.5921165943145752
98.225808169,0.0015339808305725,-1.5477867126464844,1.2363885641098022,0.5921165943145752
98.318924829,0.0015339808305725,-1.5477867126464844,1.2363885641098022,0.5921165943145752
98.354639075,0.0015339808305725,-1.5477867126464844,1.2363885641098022,0.5921165943145752
98.452094135,0.0015339808305725,-1.5477867126464844,1.2363885641098022,0.5921165943145752
98.487520093,0.0015339808305725,-1.5477867126464844,1.2363885641098022,0.5921165943145752
98.585324951,0.0015339808305725,-1.5477867126464844,1.2363885641098022,0.5921165943145752
98.61434612,0.0015339808305725,-1.5477867126464844,1.2363885641098022,0.5921165943145752
98.70568455,0.0015339808305725,-1.5477867126464844,1.2363885641098022,0.5921165943145752
98.752030914,0.0015339808305725,-1.5477867126464844,1.2363885641098022,0.5921165943145752
98.844276131,0.0015339808305725,-1.5477867126464844,1.2363885641098022,0.5921165943145752
98.869710355,0.0015339808305725,-1.5493206977844238,1.2363885641098022,0.5921165943145752
98.962832055,0.0015339808305725,-1.5477867126464844,1.2363885641098022,0.5921165943145752
99.00822629,0.0015339808305725,-1.5477867126464844,1.2363885641098022,0.5921165943145752
99.100847195,0.0015339808305725,-1.5493206977844238,1.2363885641098022,0.5921165943145752
99.136475895,0.0015339808305725,-1.5477867126464844,1.2363885641098022,0.5921165943145752
99.229596253,0.0015339808305725,-1.5477867126464844,1.2363885641098022,0.5921165943145752
99.264298371,0.0015339808305725,-1.5477867126464844,1.2363885641098022,0.5921165943145752
99.354716299,0.0015339808305725,-1.5477867126464844,1.2363885641098022,0.5921165943145752
99.390467315,0.0015339808305725,-1.5477867126464844,1.2363885641098022,0.5936505794525146
99.48498976,0.0015339808305725,-1.5477867126464844,1.2363885641098022,0.5921165943145752
99.519047768,0.0015339808305725,-1.5477867126464844,1.2363885641098022,0.5921165943145752
99.617314672,0.0015339808305725,-1.5477867126464844,1.2363885641098022,0.5936505794525146
99.655138013,0.0015339808305725,-1.5477867126464844,1.2363885641098022,0.5921165943145752
99.747668641,0.0015339808305725,-1.5477867126464844,1.2363885641098022,0.5921165943145752
99.783465374,0.0015339808305725,-1.5477867126464844,1.2363885641098022,0.5921165943145752
99.877272669,0.0015339808305725,-1.5477867126464844,1.2363885641098022,0.5921165943145752
99.914869266,0.0015339808305725,-1.5493206977844238,1.2363885641098022,0.5921165943145752
100.00374267,0.0015339808305725,-1.5477867126464844,1.2363885641098022,0.5921165943145752
100.045583848,0.0015339808305725,-1.5493206977844238,1.2363885641098022,0.5921165943145752
100.133713794,0.003067961661145,-1.5477867126464844,1.2363885641098022,0.5921165943145752
100.163673664,0.0015339808305725,-1.5477867126464844,1.2363885641098022,0.5921165943145752
100.256606181,0.0015339808305725,-1.5493206977844238,1.2363885641098022,0.5921165943145752
100.293851389,0.0015339808305725,-1.5477867126464844,1.2363885641098022,0.5921165943145752
100.387689224,0.0015339808305725,-1.5477867126464844,1.2363885641098022,0.5921165943145752
100.425676262,0.0015339808305725,-1.5477867126464844,1.2363885641098022,0.5921165943145752
100.518024498,0.0015339808305725,-1.5477867126464844,1.2363885641098022,0.5921165943145752
100.561729501,0.0015339808305725,-1.5477867126464844,1.2363885641098022,0.5921165943145752
100.634014596,0.0015339808305725,-1.5493206977844238,1.2363885641098022,0.5921165943145752
100.65183227,0.0015339808305725,-1.5477867126464844,1.2363885641098022,0.5921165943145752
100.708877328,0.0015339808305725,-1.5477867126464844,1.2363885641098022,0.5921165943145752
100.737736143,0.0015339808305725,-1.5493206977844238,1.2363885641098022,0.5921165943145752
100.793713691,0.0015339808305725,-1.5477867126464844,1.2363885641098022,0.5921165943145752
100.832651346,0.0015339808305725,-1.5477867126464844,1.2363885641098022,0.5921165943145752
100.890457269,0.0015339808305725,-1.5477867126464844,1.2363885641098022,0.5936505794525146
100.919270994,0.0015339808305725,-1.5477867126464844,1.2363885641098022,0.5921165943145752
100.978339571,0.0015339808305725,-1.5477867126464844,1.2363885641098022,0.5921165943145752
101.000012556,0.0015339808305725,-1.5477867126464844,1.2363885641098022,0.5921165943145752
101.058449209,0.0015339808305725,-1.5477867126464844,1.2363885641098022,0.5921165943145752
101.087073417,0.0015339808305725,-1.5477867126464844,1.2363885641098022,0.5921165943145752
101.145327208,0.0015339808305725,-1.5477867126464844,1.2363885641098022,0.5921165943145752
101.161206158,0.0015339808305725,-1.5477867126464844,1.2363885641098022,0.5921165943145752
101.231679198,0.0015339808305725,-1.5477867126464844,1.2363885641098022,0.5921165943145752
101.287887661,0.003067961661145,-1.5493206977844238,1.2363885641098022,0.5921165943145752
101.383457556,0.0015339808305725,-1.5477867126464844,1.2363885641098022,0.5921165943145752
101.410120775,0.0015339808305725,-1.5477867126464844,1.2363885641098022,0.5921165943145752
101.510475069,0.003067961661145,-1.5477867126464844,1.2363885641098022,0.5921165943145752
101.545405971,0.0015339808305725,-1.5477867126464844,1.2363885641098022,0.5936505794525146
101.645689864,0.0015339808305725,-1.5477867126464844,1.2363885641098022,0.5921165943145752
101.680110311,0.0015339808305725,-1.5493206977844238,1.2363885641098022,0.5921165943145752
101.774090775,0.0015339808305725,-1.5477867126464844,1.2363885641098022,0.5921165943145752
101.810462563,0.0015339808305725,-1.5477867126464844,1.2363885641098022,0.5921165943145752
101.902792958,0.0015339808305725,-1.5477867126464844,1.2363885641098022,0.5921165943145752
101.945747519,0.0015339808305725,-1.5477867126464844,1.2363885641098022,0.5921165943145752
102.036027434,0.0015339808305725,-1.5493206977844238,1.2363885641098022,0.5921165943145752
102.0733875,0.0015339808305725,-1.5477867126464844,1.2363885641098022,0.5921165943145752
102.166324664,0.0015339808305725,-1.5477867126464844,1.2363885641098022,0.5921165943145752
102.203983906,0.0015339808305725,-1.5477867126464844,1.2363885641098022,0.5921165943145752
102.296244185,0.0015339808305725,-1.5477867126464844,1.2363885641098022,0.5921165943145752
102.323952861,0.0015339808305725,-1.5477867126464844,1.2363885641098022,0.5921165943145752
102.416305491,0.0015339808305725,-1.5493206977844238,1.2363885641098022,0.5921165943145752
102.457965072,0.0015339808305725,-1.5477867126464844,1.2363885641098022,0.5921165943145752
102.548810088,0.0015339808305725,-1.5477867126464844,1.2363885641098022,0.5921165943145752
102.584967234,0.0015339808305725,-1.5493206977844238,1.2363885641098022,0.5921165943145752
102.681080804,0.0015339808305725,-1.5493206977844238,1.2363885641098022,0.5921165943145752
102.719516448,0.0015339808305725,-1.5477867126464844,1.2363885641098022,0.5921165943145752
102.814420047,0.0015339808305725,-1.5493206977844238,1.2363885641098022,0.5921165943145752
102.850823164,0.0015339808305725,-1.5477867126464844,1.2363885641098022,0.5921165943145752
102.942133174,0.0015339808305725,-1.5477867126464844,1.2363885641098022,0.5921165943145752
102.967830004,0.0015339808305725,-1.5477867126464844,1.2363885641098022,0.5921165943145752
103.060717812,0.0015339808305725,-1.5477867126464844,1.2363885641098022,0.5921165943145752
103.095299138,0.0015339808305725,-1.5477867126464844,1.2363885641098022,0.5921165943145752
103.187719017,0.0015339808305725,-1.5477867126464844,1.2363885641098022,0.5921165943145752
103.222356386,0.0015339808305725,-1.5493206977844238,1.2363885641098022,0.5921165943145752
103.31405748,0.0015339808305725,-1.5477867126464844,1.2363885641098022,0.5921165943145752
103.350237796,0.0015339808305725,-1.5477867126464844,1.2363885641098022,0.5921165943145752
103.446556229,0.0015339808305725,-1.5477867126464844,1.2363885641098022,0.5936505794525146
103.471700856,0.0015339808305725,-1.5493206977844238,1.2363885641098022,0.5921165943145752
103.562276911,0.0015339808305725,-1.5493206977844238,1.2363885641098022,0.5921165943145752
103.599938865,0.0015339808305725,-1.5477867126464844,1.2363885641098022,0.5921165943145752
103.695431847,0.0015339808305725,-1.5477867126464844,1.2363885641098022,0.5921165943145752
103.732624596,0.0015339808305725,-1.5477867126464844,1.2363885641098022,0.5921165943145752
103.824455069,0.0015339808305725,-1.5477867126464844,1.2363885641098022,0.5921165943145752
103.860444904,0.0015339808305725,-1.5477867126464844,1.2363885641098022,0.5921165943145752
103.954407883,0.0015339808305725,-1.5477867126464844,1.2363885641098022,0.5921165943145752
103.983231488,0.0015339808305725,-1.5477867126464844,1.2363885641098022,0.5921165943145752
104.076887565,0.0015339808305725,-1.5477867126464844,1.2363885641098022,0.5921165943145752
104.113906071,0.0015339808305725,-1.5477867126464844,1.2363885641098022,0.5921165943145752
104.202938477,0.0015339808305725,-1.5477867126464844,1.2363885641098022,0.5921165943145752
104.241887646,0.0015339808305725,-1.5477867126464844,1.2363885641098022,0.5921165943145752
104.333051474,0.0015339808305725,-1.5477867126464844,1.2363885641098022,0.5921165943145752
104.368905374,0.0015339808305725,-1.5477867126464844,1.2363885641098022,0.5921165943145752
104.460966598,0.0015339808305725,-1.5477867126464844,1.2363885641098022,0.5921165943145752
104.484002402,0.0015339808305725,-1.5477867126464844,1.2363885641098022,0.5921165943145752
104.541906883,0.0015339808305725,-1.5477867126464844,1.2363885641098022,0.5921165943145752
104.563726321,0.0015339808305725,-1.5493206977844238,1.2363885641098022,0.5921165943145752
104.625089533,0.0015339808305725,-1.5477867126464844,1.2363885641098022,0.5921165943145752
104.653689364,0.0015339808305725,-1.5477867126464844,1.2363885641098022,0.5921165943145752
104.740343526,0.003067961661145,-1.5493206977844238,1.2363885641098022,0.5921165943145752
104.77841287,0.0015339808305725,-1.5493206977844238,1.2363885641098022,0.5921165943145752
104.867709227,0.0015339808305725,-1.5477867126464844,1.2363885641098022,0.5921165943145752
104.903420151,0.0015339808305725,-1.5493206977844238,1.2363885641098022,0.5921165943145752
104.995775839,0.0015339808305725,-1.5477867126464844,1.2363885641098022,0.5921165943145752
105.034954818,0.0015339808305725,-1.5477867126464844,1.2363885641098022,0.5921165943145752
105.127678069,0.0015339808305725,-1.5477867126464844,1.2363885641098022,0.5921165943145752
105.164133305,0.0015339808305725,-1.5493206977844238,1.2363885641098022,0.5921165943145752
105.254668335,0.0015339808305725,-1.5477867126464844,1.2363885641098022,0.5921165943145752
105.289729055,0.0015339808305725,-1.5477867126464844,1.2363885641098022,0.5921165943145752
105.383111377,0.003067961661145,-1.5477867126464844,1.2363885641098022,0.5921165943145752
105.41799432,0.0015339808305725,-1.5493206977844238,1.2363885641098022,0.5921165943145752
105.510844334,0.0015339808305725,-1.5493206977844238,1.2363885641098022,0.5921165943145752
105.535794143,0.0015339808305725,-1.5477867126464844,1.2363885641098022,0.5936505794525146
105.628208196,0.0015339808305725,-1.5477867126464844,1.2363885641098022,0.5936505794525146
105.664188992,0.0015339808305725,-1.5477867126464844,1.2363885641098022,0.5921165943145752
105.757112367,0.0015339808305725,-1.5477867126464844,1.2363885641098022,0.5921165943145752
105.793659659,0.0015339808305725,-1.5477867126464844,1.2363885641098022,0.5921165943145752
105.887665957,0.0015339808305725,-1.5477867126464844,1.2363885641098022,0.5921165943145752
105.932230379,0.0015339808305725,-1.5477867126464844,1.2363885641098022,0.5921165943145752
106.023180864,0.0015339808305725,-1.5477867126464844,1.2363885641098022,0.5921165943145752
106.050512132,0.0015339808305725,-1.5477867126464844,1.2363885641098022,0.5921165943145752
106.14052394,0.0015339808305725,-1.5477867126464844,1.2363885641098022,0.5921165943145752
106.177702733,0.0015339808305725,-1.5477867126464844,1.2363885641098022,0.5921165943145752
106.267350094,0.0015339808305725,-1.5477867126464844,1.2363885641098022,0.5921165943145752
106.301851274,0.003067961661145,-1.5477867126464844,1.2363885641098022,0.5921165943145752
106.391407772,0.0015339808305725,-1.5493206977844238,1.2363885641098022,0.5921165943145752
106.434883885,0.0015339808305725,-1.5477867126464844,1.2363885641098022,0.5921165943145752
106.529937645,0.0015339808305725,-1.5493206977844238,1.2363885641098022,0.5921165943145752
106.558112379,0.003067961661145,-1.5477867126464844,1.2363885641098022,0.5921165943145752
106.651143585,0.0015339808305725,-1.5477867126464844,1.2363885641098022,0.5921165943145752
106.68600356,0.0015339808305725,-1.5477867126464844,1.2363885641098022,0.5921165943145752
106.784970823,0.0015339808305725,-1.5477867126464844,1.2363885641098022,0.5936505794525146
106.814015032,0.0015339808305725,-1.5477867126464844,1.2363885641098022,0.5921165943145752
106.903442348,0.0015339808305725,-1.5493206977844238,1.2363885641098022,0.5921165943145752
106.942320373,0.0015339808305725,-1.5493206977844238,1.2363885641098022,0.5921165943145752
107.032396578,0.0015339808305725,-1.5477867126464844,1.2363885641098022,0.5921165943145752
107.068543656,0.0015339808305725,-1.5477867126464844,1.2363885641098022,0.5921165943145752
107.16353932,0.0015339808305725,-1.5477867126464844,1.2363885641098022,0.5921165943145752
107.198549761,0.0015339808305725,-1.5477867126464844,1.2363885641098022,0.5921165943145752
107.290538399,0.0015339808305725,-1.5493206977844238,1.2363885641098022,0.5921165943145752
107.325110263,0.0015339808305725,-1.5477867126464844,1.2363885641098022,0.5921165943145752
107.416554516,0.0015339808305725,-1.5477867126464844,1.2363885641098022,0.5921165943145752
107.451631691,0.0015339808305725,-1.5493206977844238,1.2363885641098022,0.5921165943145752
107.543308121,0.0015339808305725,-1.5477867126464844,1.2363885641098022,0.5921165943145752
107.583018433,0.0015339808305725,-1.5477867126464844,1.2363885641098022,0.5921165943145752
107.677409526,0.0015339808305725,-1.5477867126464844,1.2363885641098022,0.5921165943145752
107.713979301,0.0015339808305725,-1.5477867126464844,1.2363885641098022,0.5921165943145752
107.812560435,0.0015339808305725,-1.5477867126464844,1.2363885641098022,0.5921165943145752
107.848857634,0.0015339808305725,-1.5477867126464844,1.2363885641098022,0.5921165943145752
107.932487568,0.0015339808305725,-1.5493206977844238,1.2363885641098022,0.5921165943145752
107.955808405,0.0015339808305725,-1.5477867126464844,1.2363885641098022,0.5921165943145752
108.013818724,0.0015339808305725,-1.5477867126464844,1.2363885641098022,0.5921165943145752
108.035520806,0.003067961661145,-1.5477867126464844,1.2363885641098022,0.5921165943145752
108.095124936,0.0015339808305725,-1.5477867126464844,1.2363885641098022,0.5921165943145752
108.123591155,0.0015339808305725,-1.5477867126464844,1.2363885641098022,0.5921165943145752
108.214919604,0.0015339808305725,-1.5493206977844238,1.2363885641098022,0.5921165943145752
108.251234316,0.0015339808305725,-1.5477867126464844,1.2363885641098022,0.5921165943145752
108.338912233,0.0015339808305725,-1.5477867126464844,1.2363885641098022,0.5921165943145752
108.365938534,0.0015339808305725,-1.5477867126464844,1.2363885641098022,0.5936505794525146
108.457665922,0.0015339808305725,-1.5477867126464844,1.2363885641098022,0.5921165943145752
108.49533501,0.0015339808305725,-1.5477867126464844,1.2363885641098022,0.5921165943145752
108.588244274,0.0015339808305725,-1.5477867126464844,1.2363885641098022,0.5921165943145752
108.631604714,0.0015339808305725,-1.5477867126464844,1.2363885641098022,0.5921165943145752
108.725769105,0.0015339808305725,-1.5477867126464844,1.2363885641098022,0.5921165943145752
108.757137403,0.0015339808305725,-1.5477867126464844,1.2363885641098022,0.5921165943145752
108.851611207,0.0015339808305725,-1.5477867126464844,1.2363885641098022,0.5921165943145752
108.886327085,0.0015339808305725,-1.5477867126464844,1.2363885641098022,0.5921165943145752
108.982132852,0.0015339808305725,-1.5477867126464844,1.2363885641098022,0.5921165943145752
109.019774801,0.003067961661145,-1.5477867126464844,1.2363885641098022,0.5921165943145752
109.110131099,0.003067961661145,-1.5477867126464844,1.2363885641098022,0.5921165943145752
109.151073017,0.0015339808305725,-1.5477867126464844,1.2363885641098022,0.5921165943145752
109.239510821,0.0015339808305725,-1.5477867126464844,1.2363885641098022,0.5921165943145752
109.278927115,0.0015339808305725,-1.5477867126464844,1.2363885641098022,0.5921165943145752
109.367342655,0.0015339808305725,-1.5477867126464844,1.2363885641098022,0.5921165943145752
109.403622767,0.0015339808305725,-1.5493206977844238,1.2363885641098022,0.5921165943145752
109.496933981,0.0015339808305725,-1.5477867126464844,1.2363885641098022,0.5921165943145752
109.53250663,0.0015339808305725,-1.5477867126464844,1.2363885641098022,0.5921165943145752
109.623806572,0.0015339808305725,-1.5477867126464844,1.2363885641098022,0.5921165943145752
109.660242829,0.0015339808305725,-1.5477867126464844,1.2363885641098022,0.5921165943145752
109.75369567,0.0015339808305725,-1.5477867126464844,1.2363885641098022,0.5921165943145752
109.789215252,0.0015339808305725,-1.5477867126464844,1.2363885641098022,0.5921165943145752
109.885439781,0.0015339808305725,-1.5477867126464844,1.2363885641098022,0.5921165943145752
109.921347619,0.0015339808305725,-1.5477867126464844,1.2363885641098022,0.5921165943145752
110.014190203,0.0015339808305725,-1.5477867126464844,1.2363885641098022,0.5921165943145752
110.049582372,0.0015339808305725,-1.5477867126464844,1.2363885641098022,0.5936505794525146
110.147227132,0.0015339808305725,-1.5477867126464844,1.2363885641098022,0.5921165943145752
110.183301386,0.0015339808305725,-1.5493206977844238,1.2363885641098022,0.5921165943145752
110.274545834,0.0015339808305725,-1.5477867126464844,1.2363885641098022,0.5921165943145752
110.311724589,0.0015339808305725,-1.5477867126464844,1.2363885641098022,0.5921165943145752
110.402286387,0.0015339808305725,-1.5477867126464844,1.2363885641098022,0.5921165943145752
110.430139428,0.0015339808305725,-1.5477867126464844,1.2363885641098022,0.5921165943145752
110.522722422,0.0015339808305725,-1.5477867126464844,1.2363885641098022,0.5921165943145752
110.559502247,0.0015339808305725,-1.5477867126464844,1.2363885641098022,0.5921165943145752
110.653083662,0.0015339808305725,-1.5477867126464844,1.2363885641098022,0.5921165943145752
110.689552917,0.0015339808305725,-1.5477867126464844,1.2363885641098022,0.5921165943145752
110.782742142,0.0015339808305725,-1.5477867126464844,1.2363885641098022,0.5921165943145752
110.830055822,0.0015339808305725,-1.5493206977844238,1.2363885641098022,0.5921165943145752
110.929390582,0.0015339808305725,-1.5477867126464844,1.2363885641098022,0.5921165943145752
110.957577583,0.0015339808305725,-1.5477867126464844,1.2363885641098022,0.5921165943145752
111.050423022,0.0015339808305725,-1.5477867126464844,1.2363885641098022,0.5921165943145752
111.086214945,0.0015339808305725,-1.5477867126464844,1.2363885641098022,0.5921165943145752
111.178143864,0.0015339808305725,-1.5493206977844238,1.2363885641098022,0.5921165943145752
111.20474331,0.003067961661145,-1.5477867126464844,1.2363885641098022,0.5921165943145752
111.298478572,0.0015339808305725,-1.5477867126464844,1.2363885641098022,0.5921165943145752
111.341132141,0.0015339808305725,-1.5477867126464844,1.2363885641098022,0.5921165943145752
111.414461605,0.0015339808305725,-1.5477867126464844,1.2363885641098022,0.5921165943145752
111.430788095,0.0015339808305725,-1.5477867126464844,1.2363885641098022,0.5921165943145752
111.49077825,0.0015339808305725,-1.5477867126464844,1.2363885641098022,0.5921165943145752
111.521349887,0.0015339808305725,-1.5477867126464844,1.2363885641098022,0.5921165943145752
111.58053294,0.0015339808305725,-1.5477867126464844,1.2363885641098022,0.5921165943145752
111.602498617,0.0015339808305725,-1.5493206977844238,1.2363885641098022,0.5921165943145752
111.654588518,0.0015339808305725,-1.5477867126464844,1.2363885641098022,0.5921165943145752
111.697458161,0.0015339808305725,-1.5493206977844238,1.2363885641098022,0.5921165943145752
111.78995812,0.0015339808305725,-1.5477867126464844,1.2363885641098022,0.5921165943145752
111.817173327,0.0015339808305725,-1.5477867126464844,1.2363885641098022,0.5921165943145752
111.914364193,0.0015339808305725,-1.5493206977844238,1.2363885641098022,0.5921165943145752
111.940227766,0.0015339808305725,-1.5477867126464844,1.2363885641098022,0.5921165943145752
112.024200817,0.0015339808305725,-1.5477867126464844,1.2363885641098022,0.5921165943145752
112.068325103,0.0015339808305725,-1.5477867126464844,1.2363885641098022,0.5921165943145752
112.150160877,0.0015339808305725,-1.5477867126464844,1.2363885641098022,0.5921165943145752
112.194323613,0.0015339808305725,-1.5477867126464844,1.2363885641098022,0.5921165943145752
112.27942156,0.0015339808305725,-1.5493206977844238,1.2363885641098022,0.5921165943145752
112.313673742,0.0015339808305725,-1.5477867126464844,1.2363885641098022,0.5921165943145752
112.393430076,0.003067961661145,-1.5493206977844238,1.2363885641098022,0.5921165943145752
112.435871489,0.0015339808305725,-1.5477867126464844,1.2363885641098022,0.5921165943145752
112.523588125,0.0015339808305725,-1.5477867126464844,1.2363885641098022,0.5921165943145752
112.563409754,0.0015339808305725,-1.5477867126464844,1.2363885641098022,0.5921165943145752
112.650916394,0.0015339808305725,-1.5477867126464844,1.2363885641098022,0.5921165943145752
112.68741103,0.0015339808305725,-1.5493206977844238,1.2363885641098022,0.5921165943145752
112.780857484,0.0015339808305725,-1.5493206977844238,1.2363885641098022,0.5921165943145752
112.815854496,0.0015339808305725,-1.5477867126464844,1.2363885641098022,0.5921165943145752
112.913766968,0.0015339808305725,-1.5493206977844238,1.2363885641098022,0.5921165943145752
112.943336335,0.0015339808305725,-1.5477867126464844,1.2363885641098022,0.5921165943145752
113.03168675,0.003067961661145,-1.5477867126464844,1.2363885641098022,0.5921165943145752
113.070036717,0.0015339808305725,-1.5477867126464844,1.2363885641098022,0.5921165943145752
113.162849654,0.0015339808305725,-1.5493206977844238,1.2363885641098022,0.5921165943145752
113.198196271,0.0015339808305725,-1.5477867126464844,1.2363885641098022,0.5921165943145752
113.288122472,0.0015339808305725,-1.5477867126464844,1.2363885641098022,0.5921165943145752
113.316661871,0.0015339808305725,-1.5493206977844238,1.2363885641098022,0.5921165943145752
113.408241853,0.0015339808305725,-1.5477867126464844,1.2363885641098022,0.5921165943145752
113.445448657,0.0015339808305725,-1.5477867126464844,1.2363885641098022,0.5921165943145752
113.535734043,0.0015339808305725,-1.5477867126464844,1.2363885641098022,0.5921165943145752
113.5709837,0.0015339808305725,-1.5477867126464844,1.2363885641098022,0.5921165943145752
113.664020971,0.0015339808305725,-1.5477867126464844,1.2363885641098022,0.5921165943145752
113.701012352,0.0015339808305725,-1.5477867126464844,1.2363885641098022,0.5921165943145752
113.794014175,0.0015339808305725,-1.5477867126464844,1.2363885641098022,0.5921165943145752
113.83112316,0.0015339808305725,-1.5493206977844238,1.2363885641098022,0.5921165943145752
113.929700683,0.0015339808305725,-1.5477867126464844,1.2363885641098022,0.5921165943145752
113.964660346,0.0015339808305725,-1.5477867126464844,1.2363885641098022,0.5921165943145752
114.060579857,0.0015339808305725,-1.5477867126464844,1.2363885641098022,0.5921165943145752
114.095126495,0.0015339808305725,-1.5477867126464844,1.2363885641098022,0.5921165943145752
114.187665379,0.0015339808305725,-1.5477867126464844,1.2363885641098022,0.5921165943145752
114.224269982,0.0015339808305725,-1.5477867126464844,1.2363885641098022,0.5921165943145752
114.31620216,0.0015339808305725,-1.5477867126464844,1.2363885641098022,0.5921165943145752
114.35215159,0.0015339808305725,-1.5477867126464844,1.2363885641098022,0.5921165943145752
114.444961436,0.0015339808305725,-1.5477867126464844,1.2363885641098022,0.5921165943145752
114.483930017,0.0015339808305725,-1.5477867126464844,1.2363885641098022,0.5921165943145752
114.578679069,0.0015339808305725,-1.5493206977844238,1.2363885641098022,0.5921165943145752
114.615412787,0.0015339808305725,-1.5477867126464844,1.2363885641098022,0.5921165943145752
114.704417356,0.0015339808305725,-1.5477867126464844,1.2363885641098022,0.5921165943145752
114.74517169,0.0015339808305725,-1.5477867126464844,1.2363885641098022,0.5921165943145752
114.83388972,0.0015339808305725,-1.5477867126464844,1.2363885641098022,0.5921165943145752
114.873784416,0.0015339808305725,-1.5477867126464844,1.2363885641098022,0.5921165943145752
114.960891211,0.0015339808305725,-1.5477867126464844,1.2363885641098022,0.5921165943145752
114.985600538,0.0015339808305725,-1.5477867126464844,1.2363885641098022,0.5936505794525146
115.041912976,0.0015339808305725,-1.5477867126464844,1.2363885641098022,0.5921165943145752
115.065912565,0.0015339808305725,-1.5493206977844238,1.2363885641098022,0.5921165943145752
115.124114515,0.0015339808305725,-1.5477867126464844,1.2363885641098022,0.5921165943145752
115.154675963,0.0015339808305725,-1.5477867126464844,1.2363885641098022,0.5921165943145752
115.236564615,0.0015339808305725,-1.5477867126464844,1.2363885641098022,0.5921165943145752
115.283217751,0.0015339808305725,-1.5477867126464844,1.2363885641098022,0.5921165943145752
115.371079389,0.0015339808305725,-1.5477867126464844,1.2363885641098022,0.5921165943145752
115.399484383,0.0015339808305725,-1.5477867126464844,1.2363885641098022,0.5921165943145752
115.484955426,0.003067961661145,-1.5477867126464844,1.2363885641098022,0.5936505794525146
115.52954625,0.0015339808305725,-1.5477867126464844,1.2363885641098022,0.5936505794525146
115.615062085,0.0015339808305725,-1.5477867126464844,1.2363885641098022,0.5921165943145752
115.659041351,0.0015339808305725,-1.5477867126464844,1.2363885641098022,0.5921165943145752
115.754788112,0.0015339808305725,-1.5477867126464844,1.2363885641098022,0.5921165943145752
115.782995674,0.0015339808305725,-1.5477867126464844,1.2363885641098022,0.5921165943145752
115.864936278,0.0015339808305725,-1.5477867126464844,1.2363885641098022,0.5921165943145752
115.901166739,0.0015339808305725,-1.5477867126464844,1.2363885641098022,0.5921165943145752
115.992253839,0.0015339808305725,-1.5477867126464844,1.2363885641098022,0.5921165943145752
116.036325856,0.0015339808305725,-1.5477867126464844,1.2363885641098022,0.5921165943145752
116.119512654,0.0015339808305725,-1.5477867126464844,1.2363885641098022,0.5921165943145752
116.162679476,0.0015339808305725,-1.5477867126464844,1.2363885641098022,0.5921165943145752
116.247530763,0.0015339808305725,-1.5477867126464844,1.2363885641098022,0.5921165943145752
116.293136534,0.0015339808305725,-1.5477867126464844,1.2363885641098022,0.5921165943145752
116.374906853,0.0015339808305725,-1.5477867126464844,1.2363885641098022,0.5921165943145752
116.414962876,0.0015339808305725,-1.5493206977844238,1.2363885641098022,0.5921165943145752
116.496123286,0.0015339808305725,-1.5477867126464844,1.2363885641098022,0.5921165943145752
116.544087053,0.0015339808305725,-1.5477867126464844,1.2363885641098022,0.5921165943145752
116.63306364,0.0015339808305725,-1.5477867126464844,1.2363885641098022,0.5921165943145752
116.671696638,0.0015339808305725,-1.5493206977844238,1.2363885641098022,0.5921165943145752
116.753899853,0.0015339808305725,-1.5477867126464844,1.2363885641098022,0.5921165943145752
116.79072759,0.0015339808305725,-1.5477867126464844,1.2363885641098022,0.5921165943145752
116.882787983,0.003067961661145,-1.5493206977844238,1.2363885641098022,0.5921165943145752
116.919745906,0.0015339808305725,-1.5477867126464844,1.2363885641098022,0.5921165943145752
117.007461707,0.0015339808305725,-1.5477867126464844,1.2363885641098022,0.5921165943145752
117.053494348,0.0015339808305725,-1.5477867126464844,1.2363885641098022,0.5921165943145752
117.137818484,0.0015339808305725,-1.5477867126464844,1.2363885641098022,0.5921165943145752
117.186174106,0.0015339808305725,-1.5477867126464844,1.2363885641098022,0.5921165943145752
117.279772561,0.0015339808305725,-1.5477867126464844,1.2363885641098022,0.5921165943145752
117.307534884,0.0015339808305725,-1.5477867126464844,1.2363885641098022,0.5921165943145752
117.392307273,0.0015339808305725,-1.5477867126464844,1.2363885641098022,0.5921165943145752
117.436912411,0.0015339808305725,-1.5493206977844238,1.2363885641098022,0.5921165943145752
117.529163037,0.0015339808305725,-1.5477867126464844,1.2363885641098022,0.5921165943145752
117.565196363,0.0015339808305725,-1.5477867126464844,1.2363885641098022,0.5921165943145752
117.660464878,0.0015339808305725,-1.5493206977844238,1.2363885641098022,0.5921165943145752
117.692241701,0.0015339808305725,-1.5477867126464844,1.2363885641098022,0.5921165943145752
117.777485996,0.0015339808305725,-1.5477867126464844,1.2363885641098022,0.5936505794525146
117.821918423,0.0015339808305725,-1.5493206977844238,1.2363885641098022,0.5921165943145752
117.903478082,0.0015339808305725,-1.5477867126464844,1.2363885641098022,0.5921165943145752
117.949116216,0.0015339808305725,-1.5477867126464844,1.2363885641098022,0.5921165943145752
118.046586682,0.0015339808305725,-1.5493206977844238,1.2363885641098022,0.5921165943145752
118.074025479,0.0015339808305725,-1.5477867126464844,1.2363885641098022,0.5921165943145752
118.161917754,0.0015339808305725,-1.5477867126464844,1.2363885641098022,0.5921165943145752
118.188450117,0.0015339808305725,-1.5493206977844238,1.2363885641098022,0.5921165943145752
118.28315582,0.0015339808305725,-1.5493206977844238,1.2363885641098022,0.5921165943145752
118.31844461,0.0015339808305725,-1.5477867126464844,1.2363885641098022,0.5921165943145752
118.408426202,0.0015339808305725,-1.5477867126464844,1.2363885641098022,0.5921165943145752
118.430719238,0.0015339808305725,-1.5477867126464844,1.2363885641098022,0.5921165943145752
118.489117262,0.0015339808305725,-1.5477867126464844,1.2363885641098022,0.5921165943145752
118.511551038,0.0015339808305725,-1.5477867126464844,1.2363885641098022,0.5921165943145752
118.561297762,0.0015339808305725,-1.5477867126464844,1.2363885641098022,0.5921165943145752
118.59075232,0.0015339808305725,-1.5477867126464844,1.2363885641098022,0.5921165943145752
118.659504802,0.0015339808305725,-1.5477867126464844,1.2363885641098022,0.5921165943145752
118.745167602,0.0015339808305725,-1.5477867126464844,1.2363885641098022,0.5921165943145752
118.831436685,0.0015339808305725,-1.5477867126464844,1.2363885641098022,0.5921165943145752
118.86587228,0.0015339808305725,-1.5493206977844238,1.2363885641098022,0.5921165943145752
118.951285168,0.0015339808305725,-1.5477867126464844,1.2363885641098022,0.5921165943145752
118.996865989,0.0015339808305725,-1.5477867126464844,1.2363885641098022,0.5921165943145752
119.082986768,0.0015339808305725,-1.5477867126464844,1.2363885641098022,0.5921165943145752
119.127565933,0.0015339808305725,-1.5477867126464844,1.2363885641098022,0.5921165943145752
119.21441098,0.0015339808305725,-1.5477867126464844,1.2363885641098022,0.5921165943145752
119.260499145,0.0015339808305725,-1.5477867126464844,1.2363885641098022,0.5921165943145752
119.354868294,0.003067961661145,-1.5493206977844238,1.2363885641098022,0.5921165943145752
119.383093064,0.0015339808305725,-1.5477867126464844,1.2363885641098022,0.5921165943145752
119.46405607,0.0015339808305725,-1.5477867126464844,1.2363885641098022,0.5921165943145752
119.513028215,0.0015339808305725,-1.5477867126464844,1.2363885641098022,0.5921165943145752
119.594813949,0.0015339808305725,-1.5477867126464844,1.2363885641098022,0.5921165943145752
119.640001481,0.0015339808305725,-1.5477867126464844,1.2363885641098022,0.5921165943145752
119.732042045,0.0015339808305725,-1.5477867126464844,1.2363885641098022,0.5921165943145752
119.760981168,0.0015339808305725,-1.5477867126464844,1.2363885641098022,0.5921165943145752
119.846071992,0.0015339808305725,-1.5477867126464844,1.2363885641098022,0.5921165943145752
119.908305952,0.0015339808305725,-1.5477867126464844,1.2363885641098022,0.5921165943145752
119.993343854,0.0015339808305725,-1.5477867126464844,1.2363885641098022,0.5921165943145752
120.038525861,0.0015339808305725,-1.5493206977844238,1.2363885641098022,0.5921165943145752
120.128439548,0.0015339808305725,-1.5477867126464844,1.2363885641098022,0.5921165943145752
120.163901038,0.0015339808305725,-1.5477867126464844,1.2363885641098022,0.5921165943145752
120.250724998,0.0015339808305725,-1.5477867126464844,1.2363885641098022,0.5921165943145752
120.297170064,0.0015339808305725,-1.5477867126464844,1.2363885641098022,0.5921165943145752
120.382590892,0.0015339808305725,-1.5477867126464844,1.2363885641098022,0.5921165943145752
120.418964441,0.003067961661145,-1.5477867126464844,1.2363885641098022,0.5921165943145752
120.501117568,0.0015339808305725,-1.5477867126464844,1.2363885641098022,0.5921165943145752
120.547898951,0.0015339808305725,-1.5477867126464844,1.2363885641098022,0.5921165943145752
120.63155154,0.0015339808305725,-1.5477867126464844,1.2363885641098022,0.5921165943145752
120.679903636,0.0015339808305725,-1.5477867126464844,1.2363885641098022,0.5921165943145752
120.760191971,0.0015339808305725,-1.5477867126464844,1.2363885641098022,0.5921165943145752
120.804003164,0.0015339808305725,-1.5477867126464844,1.2363885641098022,0.5921165943145752
120.887918805,0.0015339808305725,-1.5477867126464844,1.2363885641098022,0.5921165943145752
120.925142093,0.0015339808305725,-1.5477867126464844,1.2363885641098022,0.5921165943145752
121.009267961,0.0015339808305725,-1.5477867126464844,1.2363885641098022,0.5921165943145752
121.056195987,0.0015339808305725,-1.5477867126464844,1.2363885641098022,0.5921165943145752
121.146513277,0.0015339808305725,-1.5477867126464844,1.2363885641098022,0.5921165943145752
121.190894872,0.0015339808305725,-1.5477867126464844,1.2363885641098022,0.5921165943145752
121.278587164,0.0015339808305725,-1.5477867126464844,1.2363885641098022,0.5921165943145752
121.315374572,0.0015339808305725,-1.5477867126464844,1.2363885641098022,0.5921165943145752
121.398694835,0.0015339808305725,-1.5477867126464844,1.2363885641098022,0.5921165943145752
121.445370748,0.0015339808305725,-1.5477867126464844,1.2363885641098022,0.5921165943145752
121.527283973,0.0015339808305725,-1.5493206977844238,1.2363885641098022,0.5921165943145752
121.57836327,0.0015339808305725,-1.5477867126464844,1.2363885641098022,0.5921165943145752
121.659861648,0.0015339808305725,-1.5477867126464844,1.2363885641098022,0.5921165943145752
121.698523857,0.0015339808305725,-1.5477867126464844,1.2363885641098022,0.5921165943145752
121.782970305,0.0015339808305725,-1.5493206977844238,1.2363885641098022,0.5921165943145752
121.828756951,0.0015339808305725,-1.5477867126464844,1.2363885641098022,0.5921165943145752
121.896613587,0.0015339808305725,-1.5477867126464844,1.2363885641098022,0.5921165943145752
121.925574077,0.0015339808305725,-1.5477867126464844,1.2363885641098022,0.5921165943145752
121.982399187,0.0015339808305725,-1.5477867126464844,1.2363885641098022,0.5921165943145752
122.025967875,0.0015339808305725,-1.5477867126464844,1.2363885641098022,0.5921165943145752
122.117996507,0.0015339808305725,-1.5477867126464844,1.2363885641098022,0.5921165943145752
122.160073002,0.0015339808305725,-1.5477867126464844,1.2363885641098022,0.5921165943145752
122.252091005,0.0015339808305725,-1.5493206977844238,1.2363885641098022,0.5921165943145752
122.28352554,0.0015339808305725,-1.5477867126464844,1.2363885641098022,0.5921165943145752
122.363058234,0.0015339808305725,-1.5477867126464844,1.2363885641098022,0.5921165943145752
122.408242256,0.0015339808305725,-1.5493206977844238,1.2363885641098022,0.5921165943145752
122.490181654,0.003067961661145,-1.5477867126464844,1.2363885641098022,0.5921165943145752
122.533166364,0.0015339808305725,-1.5477867126464844,1.2363885641098022,0.5921165943145752
122.618896865,0.0015339808305725,-1.5477867126464844,1.2363885641098022,0.5921165943145752
122.654465367,0.0015339808305725,-1.5477867126464844,1.2363885641098022,0.5921165943145752
122.741927875,0.0015339808305725,-1.5477867126464844,1.2363885641098022,0.5921165943145752
122.786298168,0.0015339808305725,-1.5477867126464844,1.2363885641098022,0.5921165943145752
122.868127798,0.0015339808305725,-1.5477867126464844,1.2363885641098022,0.5921165943145752
122.902824138,0.0015339808305725,-1.5477867126464844,1.2363885641098022,0.5921165943145752
122.986456863,0.0015339808305725,-1.5477867126464844,1.2363885641098022,0.5921165943145752
123.030327369,0.0015339808305725,-1.5477867126464844,1.2363885641098022,0.5921165943145752
123.120663277,0.0015339808305725,-1.5493206977844238,1.2363885641098022,0.5921165943145752
123.166466814,0.0015339808305725,-1.5477867126464844,1.2363885641098022,0.5936505794525146
123.250038526,0.0015339808305725,-1.5477867126464844,1.2363885641098022,0.5921165943145752
123.284451461,0.0015339808305725,-1.5477867126464844,1.2363885641098022,0.5921165943145752
123.367773008,0.0015339808305725,-1.5477867126464844,1.2363885641098022,0.5921165943145752
123.412728931,0.0015339808305725,-1.5477867126464844,1.2363885641098022,0.5921165943145752
123.494625389,0.0015339808305725,-1.5477867126464844,1.2363885641098022,0.5921165943145752
123.540313409,0.003067961661145,-1.5477867126464844,1.2363885641098022,0.5921165943145752
123.626307118,0.0015339808305725,-1.5477867126464844,1.2363885641098022,0.5921165943145752
123.661334295,0.0015339808305725,-1.5477867126464844,1.2363885641098022,0.5921165943145752
123.748761003,0.0015339808305725,-1.5477867126464844,1.2363885641098022,0.5921165943145752
123.794335984,0.0015339808305725,-1.5477867126464844,1.2363885641098022,0.5921165943145752
123.879529028,0.0015339808305725,-1.5477867126464844,1.2363885641098022,0.5921165943145752
123.921854252,0.0015339808305725,-1.5477867126464844,1.2363885641098022,0.5921165943145752
124.004050424,0.0015339808305725,-1.5477867126464844,1.2363885641098022,0.5921165943145752
124.049597063,0.0015339808305725,-1.5493206977844238,1.2363885641098022,0.5921165943145752
124.134603259,0.0015339808305725,-1.5477867126464844,1.2363885641098022,0.5921165943145752
124.169784199,0.0015339808305725,-1.5477867126464844,1.2363885641098022,0.5921165943145752
124.254401051,0.0015339808305725,-1.5493206977844238,1.2363885641098022,0.5921165943145752
124.299641388,0.003067961661145,-1.5477867126464844,1.2363885641098022,0.5921165943145752
124.382182461,0.0015339808305725,-1.5477867126464844,1.2363885641098022,0.5921165943145752
124.425314954,0.0015339808305725,-1.5477867126464844,1.2363885641098022,0.5921165943145752
124.511276548,0.0015339808305725,-1.5493206977844238,1.2363885641098022,0.5921165943145752
124.545889063,0.0015339808305725,-1.5477867126464844,1.2363885641098022,0.5921165943145752
124.628152451,0.0015339808305725,-1.5493206977844238,1.2363885641098022,0.5921165943145752
124.676647869,0.0015339808305725,-1.5477867126464844,1.2363885641098022,0.5921165943145752
124.758698007,0.0015339808305725,-1.5477867126464844,1.2363885641098022,0.5921165943145752
124.803603433,0.0015339808305725,-1.5477867126464844,1.2363885641098022,0.5921165943145752
124.887821791,0.0015339808305725,-1.5477867126464844,1.2363885641098022,0.5921165943145752
124.931395116,0.0015339808305725,-1.5477867126464844,1.2363885641098022,0.5921165943145752
125.019741884,0.0015339808305725,-1.5477867126464844,1.2363885641098022,0.5921165943145752
125.062329283,0.0015339808305725,-1.5477867126464844,1.2363885641098022,0.5921165943145752
125.154792521,0.0015339808305725,-1.5477867126464844,1.2363885641098022,0.5921165943145752
125.190792912,0.0015339808305725,-1.5493206977844238,1.2363885641098022,0.5921165943145752
125.259003086,0.0015339808305725,-1.5477867126464844,1.2363885641098022,0.5921165943145752
125.287484179,0.0015339808305725,-1.5477867126464844,1.2363885641098022,0.5936505794525146
125.344737978,0.0015339808305725,-1.5477867126464844,1.2363885641098022,0.5921165943145752
125.381795066,0.0015339808305725,-1.5477867126464844,1.2363885641098022,0.5921165943145752
125.463976329,0.0015339808305725,-1.5477867126464844,1.2363885641098022,0.5921165943145752
125.528014312,0.0015339808305725,-1.5477867126464844,1.2363885641098022,0.5921165943145752
125.622508682,0.0015339808305725,-1.5477867126464844,1.2363885641098022,0.5921165943145752
125.650006674,0.0015339808305725,-1.5477867126464844,1.2363885641098022,0.5921165943145752
125.731213204,0.0015339808305725,-1.5493206977844238,1.2363885641098022,0.5921165943145752
125.766889269,0.0015339808305725,-1.5477867126464844,1.2363885641098022,0.5921165943145752
125.850401099,0.0015339808305725,-1.5493206977844238,1.2363885641098022,0.5921165943145752
125.895928334,0.0015339808305725,-1.5477867126464844,1.2363885641098022,0.5921165943145752
125.983320507,0.0015339808305725,-1.5477867126464844,1.2363885641098022,0.5936505794525146
126.030608704,0.0015339808305725,-1.5477867126464844,1.2363885641098022,0.5921165943145752
126.115155259,0.0015339808305725,-1.5477867126464844,1.2363885641098022,0.5921165943145752
126.151876503,0.0015339808305725,-1.5477867126464844,1.2363885641098022,0.5921165943145752
126.239554145,0.003067961661145,-1.5493206977844238,1.2363885641098022,0.5921165943145752
126.285788438,0.0015339808305725,-1.5477867126464844,1.2363885641098022,0.5921165943145752
126.367758409,0.0015339808305725,-1.5477867126464844,1.2363885641098022,0.5921165943145752
126.415501385,0.0015339808305725,-1.5493206977844238,1.2363885641098022,0.5921165943145752
126.497776603,0.0015339808305725,-1.5477867126464844,1.2363885641098022,0.5921165943145752
126.545459829,0.0015339808305725,-1.5477867126464844,1.2363885641098022,0.5921165943145752
126.629394988,0.0015339808305725,-1.5477867126464844,1.2363885641098022,0.5921165943145752
126.666470436,0.0015339808305725,-1.5477867126464844,1.2363885641098022,0.5936505794525146
126.75021781,0.0015339808305725,-1.5477867126464844,1.2363885641098022,0.5921165943145752
126.793572598,0.0015339808305725,-1.5477867126464844,1.2363885641098022,0.5936505794525146
126.879881162,0.0015339808305725,-1.5477867126464844,1.2363885641098022,0.5921165943145752
126.923786814,0.0015339808305725,-1.5477867126464844,1.2363885641098022,0.5921165943145752
127.007915896,0.0015339808305725,-1.5493206977844238,1.2363885641098022,0.5921165943145752
127.048310464,0.0015339808305725,-1.5477867126464844,1.2363885641098022,0.5921165943145752
127.131599607,0.0015339808305725,-1.5493206977844238,1.2363885641098022,0.5936505794525146
127.178430142,0.0015339808305725,-1.5477867126464844,1.2363885641098022,0.5921165943145752
127.265527045,0.0015339808305725,-1.5493206977844238,1.2363885641098022,0.5921165943145752
127.311257759,0.0015339808305725,-1.5477867126464844,1.2363885641098022,0.5921165943145752
127.394587206,0.0015339808305725,-1.5477867126464844,1.2363885641098022,0.5921165943145752
127.432034271,0.0015339808305725,-1.5493206977844238,1.2363885641098022,0.5921165943145752
127.514738725,0.0015339808305725,-1.5477867126464844,1.2363885641098022,0.5921165943145752
127.560332953,0.0015339808305725,-1.5477867126464844,1.2363885641098022,0.5921165943145752
127.646804333,0.003067961661145,-1.5493206977844238,1.2363885641098022,0.5921165943145752
127.691837408,0.0015339808305725,-1.5477867126464844,1.2363885641098022,0.5921165943145752
127.782061637,0.0015339808305725,-1.5477867126464844,1.2363885641098022,0.5921165943145752
127.819481625,0.0015339808305725,-1.5493206977844238,1.2363885641098022,0.5921165943145752
127.901730521,0.0015339808305725,-1.5477867126464844,1.2363885641098022,0.5921165943145752
127.949136369,0.0015339808305725,-1.5493206977844238,1.2363885641098022,0.5921165943145752
128.031753111,0.0015339808305725,-1.5477867126464844,1.2363885641098022,0.5921165943145752
128.08066523,0.0015339808305725,-1.5477867126464844,1.2363885641098022,0.5921165943145752
128.162786875,0.0015339808305725,-1.5477867126464844,1.2363885641098022,0.5921165943145752
128.198424766,0.0015339808305725,-1.5493206977844238,1.2363885641098022,0.5921165943145752
128.254545123,0.0015339808305725,-1.5477867126464844,1.2363885641098022,0.5921165943145752
128.27873218,0.0015339808305725,-1.5477867126464844,1.2363885641098022,0.5921165943145752
128.329312512,0.0015339808305725,-1.5477867126464844,1.2363885641098022,0.5921165943145752
128.358070112,0.0015339808305725,-1.5477867126464844,1.2363885641098022,0.5921165943145752
128.411133326,0.0015339808305725,-1.5477867126464844,1.2363885641098022,0.5921165943145752
128.45079248,0.0015339808305725,-1.5477867126464844,1.2363885641098022,0.5921165943145752
128.500596435,0.0015339808305725,-1.5493206977844238,1.2363885641098022,0.5921165943145752
128.553796718,0.0015339808305725,-1.5477867126464844,1.2363885641098022,0.5921165943145752
128.578726552,0.0015339808305725,-1.5477867126464844,1.2363885641098022,0.5921165943145752
128.634926657,0.0015339808305725,-1.5477867126464844,1.2363885641098022,0.5921165943145752
128.653116544,0.0015339808305725,-1.5477867126464844,1.2363885641098022,0.5921165943145752
128.711978327,0.0015339808305725,-1.5477867126464844,1.2363885641098022,0.5921165943145752
128.734305521,0.0015339808305725,-1.5493206977844238,1.2363885641098022,0.5921165943145752
128.788180252,0.0015339808305725,-1.5477867126464844,1.2363885641098022,0.5921165943145752
128.830061911,0.0015339808305725,-1.5477867126464844,1.2363885641098022,0.5921165943145752
128.91370398,0.0015339808305725,-1.5477867126464844,1.2363885641098022,0.5921165943145752
128.957088855,0.0015339808305725,-1.5493206977844238,1.2363885641098022,0.5921165943145752
129.042168441,0.0015339808305725,-1.5477867126464844,1.2363885641098022,0.5921165943145752
129.078386008,0.0015339808305725,-1.5477867126464844,1.2363885641098022,0.5921165943145752
129.161547581,0.0015339808305725,-1.5477867126464844,1.2363885641098022,0.5921165943145752
129.207098704,0.0015339808305725,-1.5477867126464844,1.2363885641098022,0.5921165943145752
129.295691965,0.0015339808305725,-1.5477867126464844,1.2363885641098022,0.5921165943145752
129.344791066,0.0015339808305725,-1.5477867126464844,1.2363885641098022,0.5921165943145752
129.425858957,0.0015339808305725,-1.5477867126464844,1.2363885641098022,0.5921165943145752
129.47157757,0.0015339808305725,-1.5477867126464844,1.2363885641098022,0.5921165943145752
129.555069383,0.0015339808305725,-1.5477867126464844,1.2363885641098022,0.5921165943145752
129.591297788,0.0015339808305725,-1.5477867126464844,1.2363885641098022,0.5921165943145752
129.676429145,0.0015339808305725,-1.5477867126464844,1.2363885641098022,0.5921165943145752
129.721135897,0.0015339808305725,-1.5477867126464844,1.2363885641098022,0.5921165943145752
129.803418723,0.0015339808305725,-1.5477867126464844,1.2363885641098022,0.5921165943145752
129.8502949,0.0015339808305725,-1.5477867126464844,1.2363885641098022,0.5921165943145752
129.933333485,0.0015339808305725,-1.5477867126464844,1.2363885641098022,0.5921165943145752
129.980132571,0.0015339808305725,-1.5477867126464844,1.2363885641098022,0.5921165943145752
130.062293495,0.0015339808305725,-1.5493206977844238,1.2363885641098022,0.5921165943145752
130.110120803,0.0015339808305725,-1.5493206977844238,1.2363885641098022,0.5921165943145752
130.194861444,0.0015339808305725,-1.5477867126464844,1.2363885641098022,0.5921165943145752
130.237267614,0.0015339808305725,-1.5477867126464844,1.2363885641098022,0.5921165943145752
130.329210669,0.0015339808305725,-1.5477867126464844,1.2363885641098022,0.5921165943145752
130.378317239,0.0015339808305725,-1.5477867126464844,1.2363885641098022,0.5921165943145752
130.459231132,0.0015339808305725,-1.5493206977844238,1.2363885641098022,0.5921165943145752
130.503963937,0.0015339808305725,-1.5477867126464844,1.2363885641098022,0.5921165943145752
130.586595381,0.0015339808305725,-1.5477867126464844,1.2363885641098022,0.5921165943145752
130.633149286,0.0015339808305725,-1.5477867126464844,1.2363885641098022,0.5921165943145752
130.718861664,0.003067961661145,-1.5493206977844238,1.2363885641098022,0.5921165943145752
130.764151553,0.0015339808305725,-1.5477867126464844,1.2363885641098022,0.5921165943145752
130.849639516,0.0015339808305725,-1.5477867126464844,1.2363885641098022,0.5921165943145752
130.88555205,0.0015339808305725,-1.5477867126464844,1.2363885641098022,0.5921165943145752
130.970698538,0.0015339808305725,-1.5477867126464844,1.2363885641098022,0.5921165943145752
131.017022586,0.0015339808305725,-1.5477867126464844,1.2363885641098022,0.5921165943145752
131.102229732,0.0015339808305725,-1.5493206977844238,1.2363885641098022,0.5921165943145752
131.141802868,0.0015339808305725,-1.5477867126464844,1.2363885641098022,0.5921165943145752
131.225538002,0.0015339808305725,-1.5477867126464844,1.2363885641098022,0.5921165943145752
131.270399468,0.0015339808305725,-1.5477867126464844,1.2363885641098022,0.5921165943145752
131.359621342,0.0015339808305725,-1.5477867126464844,1.2363885641098022,0.5921165943145752
131.40734053,0.0015339808305725,-1.5477867126464844,1.2363885641098022,0.5921165943145752
131.491042321,0.0015339808305725,-1.5477867126464844,1.2363885641098022,0.5921165943145752
131.526808736,0.0015339808305725,-1.5477867126464844,1.2363885641098022,0.5921165943145752
131.615833459,0.0015339808305725,-1.5477867126464844,1.2363885641098022,0.5921165943145752
131.658659733,0.0015339808305725,-1.5477867126464844,1.2363885641098022,0.5921165943145752
131.746460543,0.0015339808305725,-1.5477867126464844,1.2363885641098022,0.5921165943145752
131.792182052,0.0015339808305725,-1.5477867126464844,1.2363885641098022,0.5921165943145752
131.879375713,0.003067961661145,-1.5477867126464844,1.2363885641098022,0.5921165943145752
131.91660016,0.0015339808305725,-1.5477867126464844,1.2363885641098022,0.5921165943145752
131.999320772,0.0015339808305725,-1.5477867126464844,1.2363885641098022,0.5921165943145752
132.0455568,0.0015339808305725,-1.5477867126464844,1.2363885641098022,0.5936505794525146
132.09943261,0.0015339808305725,-1.5477867126464844,1.2363885641098022,0.5921165943145752
132.129194634,0.0015339808305725,-1.5493206977844238,1.2363885641098022,0.5921165943145752
132.194860269,0.003067961661145,-1.5477867126464844,1.2363885641098022,0.5921165943145752
132.282960304,0.0015339808305725,-1.5477867126464844,1.2363885641098022,0.5921165943145752
132.370368652,0.0015339808305725,-1.5477867126464844,1.2363885641098022,0.5921165943145752
132.409493276,0.0015339808305725,-1.5477867126464844,1.2363885641098022,0.5936505794525146
132.493956409,0.0015339808305725,-1.5493206977844238,1.2363885641098022,0.5921165943145752
132.539474795,0.0015339808305725,-1.5477867126464844,1.2363885641098022,0.5921165943145752
132.627872398,0.0015339808305725,-1.5477867126464844,1.2363885641098022,0.5921165943145752
132.675318389,0.0015339808305725,-1.5477867126464844,1.2363885641098022,0.5921165943145752
132.75883174,0.0015339808305725,-1.5477867126464844,1.2363885641098022,0.5921165943145752
132.800589227,0.0015339808305725,-1.5477867126464844,1.2363885641098022,0.5921165943145752
132.885905744,0.0015339808305725,-1.5477867126464844,1.2363885641098022,0.5921165943145752
132.929915116,0.0015339808305725,-1.5477867126464844,1.2363885641098022,0.5921165943145752
133.015685841,0.0015339808305725,-1.5477867126464844,1.2363885641098022,0.5921165943145752
133.051344281,0.0015339808305725,-1.5477867126464844,1.2363885641098022,0.5921165943145752
133.135321162,0.0015339808305725,-1.5493206977844238,1.2363885641098022,0.5921165943145752
133.18212585,0.0015339808305725,-1.5477867126464844,1.2363885641098022,0.5921165943145752
133.264891678,0.0015339808305725,-1.5477867126464844,1.2363885641098022,0.5921165943145752
133.300193345,0.0015339808305725,-1.5477867126464844,1.2363885641098022,0.5936505794525146
133.388953314,0.0015339808305725,-1.5477867126464844,1.2363885641098022,0.5921165943145752
133.434643501,0.0015339808305725,-1.5477867126464844,1.2363885641098022,0.5921165943145752
133.515185434,0.0015339808305725,-1.5477867126464844,1.2363885641098022,0.5921165943145752
133.552188828,0.0015339808305725,-1.5477867126464844,1.2363885641098022,0.5921165943145752
133.633721477,0.0015339808305725,-1.5477867126464844,1.2363885641098022,0.5921165943145752
133.679770013,0.0015339808305725,-1.5477867126464844,1.2363885641098022,0.5921165943145752
133.762298611,0.0015339808305725,-1.5477867126464844,1.2363885641098022,0.5921165943145752
133.808885562,0.0015339808305725,-1.5477867126464844,1.2363885641098022,0.5921165943145752
133.890473704,0.0015339808305725,-1.5493206977844238,1.2363885641098022,0.5921165943145752
133.924990226,0.0015339808305725,-1.5477867126464844,1.2363885641098022,0.5921165943145752
134.004554656,0.0015339808305725,-1.5477867126464844,1.2363885641098022,0.5921165943145752
134.051723396,0.0015339808305725,-1.5477867126464844,1.2363885641098022,0.5921165943145752
134.134427155,0.0015339808305725,-1.5477867126464844,1.2363885641098022,0.5936505794525146
134.182387969,0.0015339808305725,-1.5477867126464844,1.2363885641098022,0.5921165943145752
134.263684077,0.0015339808305725,-1.5477867126464844,1.2363885641098022,0.5921165943145752
134.299810729,0.0015339808305725,-1.5477867126464844,1.2363885641098022,0.5921165943145752
134.386476507,0.0015339808305725,-1.5477867126464844,1.2363885641098022,0.5921165943145752
134.430473017,0.0015339808305725,-1.5477867126464844,1.2363885641098022,0.5921165943145752
134.515528262,0.0015339808305725,-1.5477867126464844,1.2363885641098022,0.5921165943145752
134.557427456,0.0015339808305725,-1.5493206977844238,1.2363885641098022,0.5921165943145752
134.644363145,0.0015339808305725,-1.5477867126464844,1.2363885641098022,0.5921165943145752
134.681375525,0.0015339808305725,-1.5477867126464844,1.2363885641098022,0.5921165943145752
134.773344458,0.0015339808305725,-1.5477867126464844,1.2363885641098022,0.5921165943145752
134.812250393,0.0015339808305725,-1.5477867126464844,1.2363885641098022,0.5921165943145752
134.894746931,0.0015339808305725,-1.5477867126464844,1.2363885641098022,0.5921165943145752
134.940222579,0.0015339808305725,-1.5477867126464844,1.2363885641098022,0.5921165943145752
135.023440821,0.0015339808305725,-1.5477867126464844,1.2363885641098022,0.5921165943145752
135.066973984,0.0015339808305725,-1.5477867126464844,1.2363885641098022,0.5921165943145752
135.153449932,0.0015339808305725,-1.5477867126464844,1.2363885641098022,0.5921165943145752
135.189256484,0.0015339808305725,-1.5477867126464844,1.2363885641098022,0.5921165943145752
135.271330256,0.0015339808305725,-1.5477867126464844,1.2363885641098022,0.5921165943145752
135.323666114,0.0015339808305725,-1.5477867126464844,1.2363885641098022,0.5921165943145752
135.412696484,0.0015339808305725,-1.5477867126464844,1.2363885641098022,0.5921165943145752
135.435653805,0.0015339808305725,-1.5477867126464844,1.2363885641098022,0.5921165943145752
135.488695692,0.0015339808305725,-1.5477867126464844,1.2363885641098022,0.5921165943145752
135.517893361,0.0015339808305725,-1.5477867126464844,1.2363885641098022,0.5921165943145752
135.567380533,0.0015339808305725,-1.5477867126464844,1.2363885641098022,0.5921165943145752
135.596005208,0.0015339808305725,-1.5477867126464844,1.2363885641098022,0.5921165943145752
135.667889617,0.0015339808305725,-1.5477867126464844,1.2363885641098022,0.5921165943145752
135.713293066,0.0015339808305725,-1.5477867126464844,1.2363885641098022,0.5921165943145752
135.794736924,0.0015339808305725,-1.5477867126464844,1.2363885641098022,0.5921165943145752
135.841524654,0.0015339808305725,-1.5477867126464844,1.2363885641098022,0.5921165943145752
135.926183651,0.0015339808305725,-1.5477867126464844,1.2363885641098022,0.5921165943145752
135.971847536,0.0015339808305725,-1.5477867126464844,1.2363885641098022,0.5921165943145752
136.059130367,0.0015339808305725,-1.5477867126464844,1.2363885641098022,0.5921165943145752
136.095034619,0.0015339808305725,-1.5477867126464844,1.2363885641098022,0.5921165943145752
136.188505,0.0015339808305725,-1.5477867126464844,1.2363885641098022,0.5936505794525146
136.224588025,0.0015339808305725,-1.5477867126464844,1.2363885641098022,0.5921165943145752
136.310786172,0.0015339808305725,-1.5477867126464844,1.2363885641098022,0.5921165943145752
136.354314346,0.0015339808305725,-1.5477867126464844,1.2363885641098022,0.5921165943145752
136.440377578,0.0015339808305725,-1.5493206977844238,1.2363885641098022,0.5921165943145752
136.478800164,0.0015339808305725,-1.5477867126464844,1.2363885641098022,0.5921165943145752
136.562988887,0.0015339808305725,-1.5477867126464844,1.2363885641098022,0.5921165943145752
136.607402334,0.0015339808305725,-1.5493206977844238,1.2363885641098022,0.5921165943145752
136.693112756,0.0015339808305725,-1.5477867126464844,1.2363885641098022,0.5921165943145752
136.739919694,0.003067961661145,-1.5493206977844238,1.2363885641098022,0.5921165943145752
136.823063501,0.0015339808305725,-1.5477867126464844,1.2363885641098022,0.5921165943145752
136.866772878,0.0015339808305725,-1.5477867126464844,1.2363885641098022,0.5921165943145752
136.951208876,0.0015339808305725,-1.5477867126464844,1.2363885641098022,0.5921165943145752
136.988211332,0.0015339808305725,-1.5477867126464844,1.2363885641098022,0.5921165943145752
137.067279548,0.0015339808305725,-1.5493206977844238,1.2363885641098022,0.5921165943145752
137.113985713,0.0015339808305725,-1.5477867126464844,1.2363885641098022,0.5921165943145752
137.211368857,0.0015339808305725,-1.5477867126464844,1.2363885641098022,0.5921165943145752
137.248872827,0.0015339808305725,-1.5477867126464844,1.2363885641098022,0.5921165943145752
137.331903716,0.0015339808305725,-1.5477867126464844,1.2363885641098022,0.5921165943145752
137.367320112,0.0015339808305725,-1.5477867126464844,1.2363885641098022,0.5921165943145752
137.463761936,0.0015339808305725,-1.5477867126464844,1.2363885641098022,0.5921165943145752
137.499690134,0.0015339808305725,-1.5477867126464844,1.2363885641098022,0.5921165943145752
137.590469079,0.0015339808305725,-1.5477867126464844,1.2363885641098022,0.5921165943145752
137.632820697,0.0015339808305725,-1.5477867126464844,1.2363885641098022,0.5921165943145752
137.721944791,0.0015339808305725,-1.5493206977844238,1.2363885641098022,0.5921165943145752
137.75067796,0.0015339808305725,-1.5477867126464844,1.2363885641098022,0.5921165943145752
137.847076595,0.0015339808305725,-1.5477867126464844,1.2363885641098022,0.5921165943145752
137.888063908,0.0015339808305725,-1.5477867126464844,1.2363885641098022,0.5921165943145752
137.982832443,0.0015339808305725,-1.5477867126464844,1.2363885641098022,0.5921165943145752
138.01888749,0.0015339808305725,-1.5477867126464844,1.2363885641098022,0.5921165943145752
138.114391857,0.0015339808305725,-1.5477867126464844,1.2363885641098022,0.5921165943145752
138.155669321,0.0015339808305725,-1.5493206977844238,1.2363885641098022,0.5921165943145752
138.25038361,0.0015339808305725,-1.5477867126464844,1.2363885641098022,0.5921165943145752
138.285190711,0.0015339808305725,-1.5477867126464844,1.2363885641098022,0.5921165943145752
138.380737627,0.0015339808305725,-1.5477867126464844,1.2363885641098022,0.5921165943145752
138.416985361,0.0015339808305725,-1.5477867126464844,1.2363885641098022,0.5921165943145752
138.513155752,0.0015339808305725,-1.5493206977844238,1.2363885641098022,0.5921165943145752
138.550735856,0.0015339808305725,-1.5477867126464844,1.2363885641098022,0.5921165943145752
138.641798101,0.0015339808305725,-1.5477867126464844,1.2363885641098022,0.5921165943145752
138.680562064,0.0015339808305725,-1.5477867126464844,1.2363885641098022,0.5921165943145752
138.773690068,0.0015339808305725,-1.5477867126464844,1.2363885641098022,0.5921165943145752
138.812247744,0.0015339808305725,-1.5477867126464844,1.2363885641098022,0.5921165943145752
138.893350234,0.0015339808305725,-1.5477867126464844,1.2363885641098022,0.5921165943145752
138.916520474,0.0015339808305725,-1.5477867126464844,1.2363885641098022,0.5921165943145752
138.975287206,0.0015339808305725,-1.5477867126464844,1.2363885641098022,0.5921165943145752
138.991945717,0.0015339808305725,-1.5477867126464844,1.2363885641098022,0.5921165943145752
139.050449761,0.0015339808305725,-1.5477867126464844,1.2363885641098022,0.5921165943145752
139.096237976,0.0015339808305725,-1.5477867126464844,1.2363885641098022,0.5921165943145752
139.189349085,0.0015339808305725,-1.5477867126464844,1.2363885641098022,0.5921165943145752
139.217375046,0.0015339808305725,-1.5477867126464844,1.2363885641098022,0.5921165943145752
139.311199889,0.0015339808305725,-1.5477867126464844,1.2363885641098022,0.5921165943145752
139.337202519,0.0015339808305725,-1.5477867126464844,1.2363885641098022,0.5921165943145752
139.429252558,0.0015339808305725,-1.5477867126464844,1.2363885641098022,0.5921165943145752
139.465609832,0.0015339808305725,-1.5477867126464844,1.2363885641098022,0.5921165943145752
139.563610015,0.0015339808305725,-1.5477867126464844,1.2363885641098022,0.5921165943145752
139.599265817,0.0015339808305725,-1.5477867126464844,1.2363885641098022,0.5921165943145752
139.688855228,0.0015339808305725,-1.5477867126464844,1.2363885641098022,0.5921165943145752
139.724646304,0.0015339808305725,-1.5477867126464844,1.2363885641098022,0.5921165943145752
139.817123269,0.0015339808305725,-1.5477867126464844,1.2363885641098022,0.5921165943145752
139.862329843,0.0015339808305725,-1.5477867126464844,1.2363885641098022,0.5921165943145752
139.957256455,0.0015339808305725,-1.5477867126464844,1.2363885641098022,0.5921165943145752
139.983705505,0.0015339808305725,-1.5477867126464844,1.2363885641098022,0.5921165943145752
140.078627895,0.0015339808305725,-1.5477867126464844,1.2363885641098022,0.5921165943145752
140.114505959,0.0015339808305725,-1.5477867126464844,1.2363885641098022,0.5921165943145752
140.205073817,0.0015339808305725,-1.5493206977844238,1.2363885641098022,0.5921165943145752
140.251178242,0.0015339808305725,-1.5477867126464844,1.2363885641098022,0.5921165943145752
140.346142618,0.0015339808305725,-1.5477867126464844,1.2363885641098022,0.5921165943145752
140.382634875,0.0015339808305725,-1.5493206977844238,1.2363885641098022,0.5921165943145752
140.480926909,0.0015339808305725,-1.5477867126464844,1.2363885641098022,0.5921165943145752
140.505884542,0.0015339808305725,-1.5477867126464844,1.2363885641098022,0.5921165943145752
140.602484998,0.0015339808305725,-1.5477867126464844,1.2363885641098022,0.5921165943145752
140.630094945,0.0015339808305725,-1.5477867126464844,1.2363885641098022,0.5921165943145752
140.720522434,0.0015339808305725,-1.5477867126464844,1.2363885641098022,0.5921165943145752
140.757249751,0.0015339808305725,-1.5477867126464844,1.2363885641098022,0.5921165943145752
140.850814303,0.0015339808305725,-1.5493206977844238,1.2363885641098022,0.5921165943145752
140.886718088,0.0015339808305725,-1.5477867126464844,1.2363885641098022,0.5921165943145752
140.979169745,0.0015339808305725,-1.5477867126464844,1.2363885641098022,0.5921165943145752
141.014798561,0.0015339808305725,-1.5477867126464844,1.2363885641098022,0.5921165943145752
141.103993341,0.0015339808305725,-1.5477867126464844,1.2363885641098022,0.5921165943145752
141.14252112,0.0015339808305725,-1.5477867126464844,1.2363885641098022,0.5921165943145752
141.233059078,0.0015339808305725,-1.5477867126464844,1.2363885641098022,0.5921165943145752
141.268901573,0.0015339808305725,-1.5477867126464844,1.2363885641098022,0.5921165943145752
141.363836603,0.0015339808305725,-1.5477867126464844,1.2363885641098022,0.5921165943145752
141.409784984,0.0015339808305725,-1.5477867126464844,1.2363885641098022,0.5921165943145752
141.500901039,0.0015339808305725,-1.5477867126464844,1.2363885641098022,0.5921165943145752
141.529282407,0.0015339808305725,-1.5493206977844238,1.2363885641098022,0.5921165943145752
141.624883916,0.0015339808305725,-1.5477867126464844,1.2363885641098022,0.5921165943145752
141.661706735,0.0015339808305725,-1.5477867126464844,1.2363885641098022,0.5921165943145752
141.755396087,0.0015339808305725,-1.5493206977844238,1.2363885641098022,0.5921165943145752
141.792769864,0.0015339808305725,-1.5477867126464844,1.2363885641098022,0.5921165943145752
141.886954063,0.0015339808305725,-1.5477867126464844,1.2363885641098022,0.5921165943145752
141.922377888,0.0015339808305725,-1.5493206977844238,1.2363885641098022,0.5921165943145752
142.017393077,0.0015339808305725,-1.5493206977844238,1.2363885641098022,0.5921165943145752
142.053067538,0.0015339808305725,-1.5493206977844238,1.2363885641098022,0.5921165943145752
142.133237869,0.0015339808305725,-1.5477867126464844,1.2363885641098022,0.5921165943145752
142.163997974,0.0015339808305725,-1.5477867126464844,1.2363885641098022,0.5921165943145752
142.221725879,0.0015339808305725,-1.5477867126464844,1.2363885641098022,0.5921165943145752
142.238407652,0.0015339808305725,-1.5477867126464844,1.2363885641098022,0.5921165943145752
142.294803466,0.0015339808305725,-1.5477867126464844,1.2363885641098022,0.5921165943145752
142.324125184,0.0015339808305725,-1.5477867126464844,1.2363885641098022,0.5921165943145752
142.382227244,0.0015339808305725,-1.5477867126464844,1.2363885641098022,0.5921165943145752
142.422695589,0.0015339808305725,-1.5477867126464844,1.2363885641098022,0.5936505794525146
142.479470907,0.0015339808305725,-1.5477867126464844,1.2363885641098022,0.5921165943145752
142.500798033,0.0015339808305725,-1.5477867126464844,1.2363885641098022,0.5921165943145752
142.561777929,0.0015339808305725,-1.5477867126464844,1.2363885641098022,0.5921165943145752
142.591098674,0.0015339808305725,-1.5477867126464844,1.2363885641098022,0.5921165943145752
142.64925671,0.0015339808305725,-1.5477867126464844,1.2363885641098022,0.5921165943145752
142.673179469,0.0015339808305725,-1.5477867126464844,1.2363885641098022,0.5936505794525146
142.729680446,0.0015339808305725,-1.5477867126464844,1.2363885641098022,0.5921165943145752
142.760127562,0.0015339808305725,-1.5477867126464844,1.2363885641098022,0.5921165943145752
142.818554715,0.0015339808305725,-1.5477867126464844,1.2363885641098022,0.5921165943145752
142.843439126,0.0015339808305725,-1.5477867126464844,1.2363885641098022,0.5921165943145752
142.90003094,0.0015339808305725,-1.5477867126464844,1.2363885641098022,0.5921165943145752
142.923783389,0.0015339808305725,-1.5477867126464844,1.2363885641098022,0.5921165943145752
143.001198984,0.003067961661145,-1.5477867126464844,1.2363885641098022,0.5921165943145752
143.047755465,0.0015339808305725,-1.5493206977844238,1.2363885641098022,0.5921165943145752
143.137703901,0.0015339808305725,-1.5493206977844238,1.2363885641098022,0.5921165943145752
143.16548001,0.0015339808305725,-1.5477867126464844,1.2363885641098022,0.5921165943145752
143.259524364,0.0015339808305725,-1.5477867126464844,1.2363885641098022,0.5921165943145752
143.29624016,0.0015339808305725,-1.5477867126464844,1.2363885641098022,0.5921165943145752
143.386398544,0.0015339808305725,-1.5477867126464844,1.2363885641098022,0.5921165943145752
143.424561304,0.0015339808305725,-1.5477867126464844,1.2363885641098022,0.5921165943145752
143.516551593,0.0015339808305725,-1.5477867126464844,1.2363885641098022,0.5921165943145752
143.553314319,0.0015339808305725,-1.5477867126464844,1.2363885641098022,0.5921165943145752
143.649699515,0.0015339808305725,-1.5477867126464844,1.2363885641098022,0.5921165943145752
143.68709901,0.0015339808305725,-1.5477867126464844,1.2363885641098022,0.5921165943145752
143.781532133,0.0015339808305725,-1.5477867126464844,1.2363885641098022,0.5921165943145752
143.816359331,0.0015339808305725,-1.5477867126464844,1.2363885641098022,0.5921165943145752
143.910412597,0.0015339808305725,-1.5477867126464844,1.2363885641098022,0.5921165943145752
143.950066622,0.0015339808305725,-1.5477867126464844,1.2363885641098022,0.5921165943145752
144.041281727,0.0015339808305725,-1.5477867126464844,1.2363885641098022,0.5921165943145752
144.06624366,0.0015339808305725,-1.5477867126464844,1.2363885641098022,0.5936505794525146
144.163025035,0.0015339808305725,-1.5477867126464844,1.2363885641098022,0.5921165943145752
144.199135007,0.0015339808305725,-1.5493206977844238,1.2363885641098022,0.5921165943145752
144.288608059,0.0015339808305725,-1.5477867126464844,1.2363885641098022,0.5921165943145752
144.326313403,0.0015339808305725,-1.5493206977844238,1.2363885641098022,0.5921165943145752
144.418306523,0.0015339808305725,-1.5477867126464844,1.2363885641098022,0.5921165943145752
144.454237008,0.0015339808305725,-1.5477867126464844,1.2363885641098022,0.5921165943145752
144.547485448,0.0015339808305725,-1.5477867126464844,1.2363885641098022,0.5921165943145752
144.574493308,0.0015339808305725,-1.5477867126464844,1.2363885641098022,0.5921165943145752
144.670356444,0.0015339808305725,-1.5477867126464844,1.2363885641098022,0.5921165943145752
144.711461375,0.0015339808305725,-1.5477867126464844,1.2363885641098022,0.5921165943145752
144.799629041,0.003067961661145,-1.5477867126464844,1.2363885641098022,0.5921165943145752
144.835111288,0.0015339808305725,-1.5477867126464844,1.2363885641098022,0.5921165943145752
144.928304175,0.0015339808305725,-1.5493206977844238,1.2363885641098022,0.5921165943145752
144.964737133,0.0015339808305725,-1.5477867126464844,1.2363885641098022,0.5921165943145752
145.056050552,0.0015339808305725,-1.5477867126464844,1.2363885641098022,0.5921165943145752
145.094672955,0.0015339808305725,-1.5477867126464844,1.2363885641098022,0.5921165943145752
145.185154581,0.0015339808305725,-1.5477867126464844,1.2363885641098022,0.5921165943145752
145.221326494,0.0015339808305725,-1.5477867126464844,1.2363885641098022,0.5921165943145752
145.314926208,0.0015339808305725,-1.5477867126464844,1.2363885641098022,0.5921165943145752
145.351125395,0.003067961661145,-1.5477867126464844,1.2363885641098022,0.5921165943145752
145.440690719,0.0015339808305725,-1.5477867126464844,1.2363885641098022,0.5921165943145752
145.48408262,0.0015339808305725,-1.5493206977844238,1.2363885641098022,0.5921165943145752
145.578031658,0.0015339808305725,-1.5477867126464844,1.2363885641098022,0.5921165943145752
145.613563998,0.0015339808305725,-1.5477867126464844,1.2363885641098022,0.5921165943145752
145.713303185,0.0015339808305725,-1.5477867126464844,1.2363885641098022,0.5921165943145752
145.756493066,0.0015339808305725,-1.5477867126464844,1.2363885641098022,0.5921165943145752
145.849903136,0.003067961661145,-1.5477867126464844,1.2363885641098022,0.5921165943145752
145.878303169,0.0015339808305725,-1.5477867126464844,1.2363885641098022,0.5921165943145752
145.969024772,0.0015339808305725,-1.5477867126464844,1.2363885641098022,0.5921165943145752
146.00502494,0.0015339808305725,-1.5477867126464844,1.2363885641098022,0.5921165943145752
146.096174543,0.003067961661145,-1.5477867126464844,1.2363885641098022,0.5921165943145752
146.13177461,0.0015339808305725,-1.5477867126464844,1.2363885641098022,0.5921165943145752
146.218786425,0.0015339808305725,-1.5477867126464844,1.2363885641098022,0.5921165943145752
146.242940327,0.0015339808305725,-1.5477867126464844,1.2363885641098022,0.5921165943145752
146.30002287,0.0015339808305725,-1.5477867126464844,1.2363885641098022,0.5921165943145752
146.323126806,0.0015339808305725,-1.5477867126464844,1.2363885641098022,0.5921165943145752
146.384583518,0.0015339808305725,-1.5493206977844238,1.2363885641098022,0.5921165943145752
146.419991213,0.0015339808305725,-1.5477867126464844,1.2363885641098022,0.5921165943145752
146.505181388,0.0015339808305725,-1.5477867126464844,1.2363885641098022,0.5921165943145752
146.55128579,0.0015339808305725,-1.5477867126464844,1.2363885641098022,0.5921165943145752
146.646306045,0.0015339808305725,-1.5477867126464844,1.2363885641098022,0.5921165943145752
146.694325415,0.0015339808305725,-1.5493206977844238,1.2363885641098022,0.5921165943145752
146.801892936,0.0015339808305725,-1.5477867126464844,1.2363885641098022,0.5921165943145752
146.846065808,0.0015339808305725,-1.5493206977844238,1.2363885641098022,0.5921165943145752
146.928183921,0.0015339808305725,-1.5493206977844238,1.2363885641098022,0.5921165943145752
147.003570421,0.0015339808305725,-1.5477867126464844,1.2363885641098022,0.5921165943145752
147.0890623,0.0015339808305725,-1.5477867126464844,1.2363885641098022,0.5921165943145752
147.126125066,0.0015339808305725,-1.5477867126464844,1.2363885641098022,0.5921165943145752
147.217084195,0.0015339808305725,-1.5477867126464844,1.2363885641098022,0.5921165943145752
147.253513773,0.0015339808305725,-1.5477867126464844,1.2363885641098022,0.5921165943145752
147.346271253,0.0015339808305725,-1.5477867126464844,1.2363885641098022,0.5921165943145752
147.381902052,0.0015339808305725,-1.5477867126464844,1.2363885641098022,0.5921165943145752
147.474091265,0.0015339808305725,-1.5477867126464844,1.2363885641098022,0.5921165943145752
147.513190536,0.0015339808305725,-1.5477867126464844,1.2363885641098022,0.5921165943145752
147.604131319,0.0015339808305725,-1.5477867126464844,1.2363885641098022,0.5921165943145752
147.644899878,0.0015339808305725,-1.5477867126464844,1.2363885641098022,0.5921165943145752
147.737149588,0.0015339808305725,-1.5477867126464844,1.2363885641098022,0.5921165943145752
147.781386764,0.0015339808305725,-1.5477867126464844,1.2363885641098022,0.5921165943145752
147.877995308,0.003067961661145,-1.5477867126464844,1.2363885641098022,0.5921165943145752
147.917497481,0.0015339808305725,-1.5477867126464844,1.2363885641098022,0.5921165943145752
148.011883352,0.0015339808305725,-1.5477867126464844,1.2363885641098022,0.5921165943145752
148.047037976,0.0015339808305725,-1.5477867126464844,1.2363885641098022,0.5921165943145752
148.137380142,0.0015339808305725,-1.5477867126464844,1.2363885641098022,0.5921165943145752
148.174637804,0.0015339808305725,-1.5477867126464844,1.2363885641098022,0.5921165943145752
148.267955068,0.0015339808305725,-1.5477867126464844,1.2363885641098022,0.5921165943145752
148.305286291,0.0015339808305725,-1.5477867126464844,1.2363885641098022,0.5921165943145752
148.398881923,0.0015339808305725,-1.5477867126464844,1.2363885641098022,0.5921165943145752
148.434384853,0.0015339808305725,-1.5477867126464844,1.2363885641098022,0.5921165943145752
148.527302486,0.0015339808305725,-1.5477867126464844,1.2363885641098022,0.5921165943145752
148.564882365,0.0015339808305725,-1.5477867126464844,1.2363885641098022,0.5921165943145752
148.657102964,0.0015339808305725,-1.5477867126464844,1.2363885641098022,0.5921165943145752
148.693208815,0.0015339808305725,-1.5477867126464844,1.2363885641098022,0.5921165943145752
148.791577557,0.0015339808305725,-1.5477867126464844,1.2363885641098022,0.5921165943145752
148.826906539,0.0015339808305725,-1.5493206977844238,1.2363885641098022,0.5921165943145752
148.920619791,0.0015339808305725,-1.5477867126464844,1.2363885641098022,0.5921165943145752
148.948215077,0.0015339808305725,-1.5477867126464844,1.2363885641098022,0.5921165943145752
149.040102208,0.0015339808305725,-1.5493206977844238,1.2363885641098022,0.5921165943145752
149.080158189,0.0015339808305725,-1.5477867126464844,1.2363885641098022,0.5921165943145752
149.168558911,0.0015339808305725,-1.5477867126464844,1.2363885641098022,0.5921165943145752
149.205103254,0.0015339808305725,-1.5477867126464844,1.2363885641098022,0.5921165943145752
149.298124694,0.003067961661145,-1.5477867126464844,1.2363885641098022,0.5921165943145752
149.334289566,0.0015339808305725,-1.5477867126464844,1.2363885641098022,0.5921165943145752
149.427318482,0.003067961661145,-1.5477867126464844,1.2363885641098022,0.5921165943145752
149.464443574,0.0015339808305725,-1.5477867126464844,1.2363885641098022,0.5921165943145752
149.557116004,0.0015339808305725,-1.5477867126464844,1.2379225492477417,0.5921165943145752
149.592577614,0.0015339808305725,-1.5477867126464844,1.2363885641098022,0.5921165943145752
149.685237684,0.0015339808305725,-1.5477867126464844,1.2363885641098022,0.5921165943145752
149.722961051,0.0015339808305725,-1.5477867126464844,1.2363885641098022,0.5921165943145752
149.803865903,0.0015339808305725,-1.5477867126464844,1.2363885641098022,0.5921165943145752
149.820706755,0.0015339808305725,-1.5477867126464844,1.2363885641098022,0.5921165943145752
149.879388487,0.0015339808305725,-1.5477867126464844,1.2363885641098022,0.5921165943145752
149.901447608,0.0015339808305725,-1.5477867126464844,1.2363885641098022,0.5921165943145752
149.959286835,0.0015339808305725,-1.5477867126464844,1.2363885641098022,0.5921165943145752
149.987985295,0.0015339808305725,-1.5477867126464844,1.2363885641098022,0.5921165943145752
150.046570012,0.0015339808305725,-1.5477867126464844,1.2363885641098022,0.5921165943145752
150.068226329,0.0015339808305725,-1.5477867126464844,1.2363885641098022,0.5921165943145752
150.125673431,0.0015339808305725,-1.5493206977844238,1.2363885641098022,0.5921165943145752
150.154530069,0.0015339808305725,-1.5477867126464844,1.2363885641098022,0.5921165943145752
150.232708379,0.0015339808305725,-1.5477867126464844,1.2363885641098022,0.5921165943145752
150.269372977,0.0015339808305725,-1.5493206977844238,1.2363885641098022,0.5921165943145752
150.364482918,0.0015339808305725,-1.5477867126464844,1.2363885641098022,0.5921165943145752
150.40133633,0.0015339808305725,-1.5477867126464844,1.2363885641098022,0.5921165943145752
150.496578302,0.0015339808305725,-1.5493206977844238,1.2363885641098022,0.5921165943145752
150.531654046,0.0015339808305725,-1.5477867126464844,1.2363885641098022,0.5921165943145752
150.62290086,0.0015339808305725,-1.5477867126464844,1.2363885641098022,0.5921165943145752
150.659339157,0.0015339808305725,-1.5477867126464844,1.2363885641098022,0.5921165943145752
150.754162934,0.0015339808305725,-1.5477867126464844,1.2363885641098022,0.5921165943145752
150.791234314,0.0015339808305725,-1.5477867126464844,1.2363885641098022,0.5921165943145752
150.887268353,0.0015339808305725,-1.5477867126464844,1.2363885641098022,0.5921165943145752
150.923571749,0.0015339808305725,-1.5477867126464844,1.2363885641098022,0.5921165943145752
151.015233263,0.0015339808305725,-1.5477867126464844,1.2363885641098022,0.5921165943145752
151.050213631,0.0015339808305725,-1.5477867126464844,1.2363885641098022,0.5921165943145752
151.138798944,0.0015339808305725,-1.5477867126464844,1.2363885641098022,0.5936505794525146
151.17764026,0.0015339808305725,-1.5477867126464844,1.2363885641098022,0.5921165943145752
151.270043264,0.0015339808305725,-1.5477867126464844,1.2363885641098022,0.5921165943145752
151.31583656,0.0015339808305725,-1.5477867126464844,1.2363885641098022,0.5921165943145752
151.404339108,0.0015339808305725,-1.5477867126464844,1.2363885641098022,0.5921165943145752
151.433391481,0.0015339808305725,-1.5477867126464844,1.2363885641098022,0.5921165943145752
151.526157745,0.0015339808305725,-1.5477867126464844,1.2363885641098022,0.5921165943145752
151.562734595,0.003067961661145,-1.5477867126464844,1.2363885641098022,0.5921165943145752
151.65263095,0.0015339808305725,-1.5477867126464844,1.2363885641098022,0.5921165943145752
151.689289822,0.0015339808305725,-1.5477867126464844,1.2363885641098022,0.5921165943145752
151.782507982,0.003067961661145,-1.5477867126464844,1.2363885641098022,0.5936505794525146
151.827930358,0.0015339808305725,-1.5493206977844238,1.2363885641098022,0.5921165943145752
151.926737251,0.0015339808305725,-1.5493206977844238,1.2363885641098022,0.5921165943145752
151.953144814,0.0015339808305725,-1.5477867126464844,1.2363885641098022,0.5921165943145752
152.046666622,0.0015339808305725,-1.5493206977844238,1.2363885641098022,0.5921165943145752
152.086374981,0.0015339808305725,-1.5477867126464844,1.2363885641098022,0.5921165943145752
152.174622541,0.003067961661145,-1.5493206977844238,1.2363885641098022,0.5921165943145752
152.212581016,0.0015339808305725,-1.5477867126464844,1.2363885641098022,0.5921165943145752
152.303259892,0.0015339808305725,-1.5477867126464844,1.2363885641098022,0.5921165943145752
152.341230134,0.0015339808305725,-1.5477867126464844,1.2363885641098022,0.5921165943145752
152.434664051,0.0015339808305725,-1.5477867126464844,1.2363885641098022,0.5921165943145752
152.472084988,0.0015339808305725,-1.5477867126464844,1.2363885641098022,0.5921165943145752
152.564074109,0.0015339808305725,-1.5477867126464844,1.2363885641098022,0.5921165943145752
152.599762416,0.0015339808305725,-1.5477867126464844,1.2363885641098022,0.5921165943145752
152.691372544,0.0015339808305725,-1.5477867126464844,1.2363885641098022,0.5921165943145752
152.728777433,0.0015339808305725,-1.5493206977844238,1.2363885641098022,0.5921165943145752
152.824208349,0.0015339808305725,-1.5477867126464844,1.2363885641098022,0.5921165943145752
152.862224839,0.0015339808305725,-1.5477867126464844,1.2363885641098022,0.5921165943145752
152.959848145,0.0015339808305725,-1.5477867126464844,1.2363885641098022,0.5936505794525146
153.003045513,0.0015339808305725,-1.5477867126464844,1.2363885641098022,0.5921165943145752
153.095174482,0.0015339808305725,-1.5493206977844238,1.2363885641098022,0.5921165943145752
153.124353398,0.0015339808305725,-1.5477867126464844,1.2363885641098022,0.5921165943145752
153.217245554,0.0015339808305725,-1.5477867126464844,1.2363885641098022,0.5921165943145752
153.25360818,0.0015339808305725,-1.5477867126464844,1.2363885641098022,0.5921165943145752
153.345866384,0.0015339808305725,-1.5493206977844238,1.2363885641098022,0.5921165943145752
153.369712868,0.0015339808305725,-1.5493206977844238,1.2363885641098022,0.5936505794525146
153.454688943,0.0015339808305725,-1.5477867126464844,1.2363885641098022,0.5921165943145752
153.479465987,0.0015339808305725,-1.5477867126464844,1.2363885641098022,0.5921165943145752
153.53355697,0.0015339808305725,-1.5477867126464844,1.2363885641098022,0.5921165943145752
153.557651149,0.0015339808305725,-1.5477867126464844,1.2363885641098022,0.5921165943145752
153.616587744,0.0015339808305725,-1.5477867126464844,1.2363885641098022,0.5921165943145752
153.645855804,0.0015339808305725,-1.5493206977844238,1.2363885641098022,0.5921165943145752
153.702987833,0.0015339808305725,-1.5477867126464844,1.2363885641098022,0.5921165943145752
153.725232876,0.0015339808305725,-1.5477867126464844,1.2363885641098022,0.5921165943145752
153.783399639,0.0015339808305725,-1.5493206977844238,1.2363885641098022,0.5921165943145752
153.800440227,0.0015339808305725,-1.5477867126464844,1.2363885641098022,0.5921165943145752
153.860155323,0.0015339808305725,-1.5477867126464844,1.2363885641098022,0.5921165943145752
153.900292961,0.0015339808305725,-1.5477867126464844,1.2363885641098022,0.5921165943145752
153.958526645,0.003067961661145,-1.5477867126464844,1.2363885641098022,0.5921165943145752
153.982560032,0.0015339808305725,-1.5493206977844238,1.2363885641098022,0.5921165943145752
154.037388066,0.0015339808305725,-1.5477867126464844,1.2363885641098022,0.5921165943145752
154.066400371,0.0015339808305725,-1.5477867126464844,1.2363885641098022,0.5921165943145752
154.124254509,0.0015339808305725,-1.5477867126464844,1.2363885641098022,0.5921165943145752
154.147990573,0.0015339808305725,-1.5477867126464844,1.2363885641098022,0.5921165943145752
154.20352,0.0015339808305725,-1.5477867126464844,1.2363885641098022,0.5921165943145752
154.228017326,0.0015339808305725,-1.5493206977844238,1.2363885641098022,0.5921165943145752
154.287369774,0.0015339808305725,-1.5477867126464844,1.2363885641098022,0.5921165943145752
154.31639529,0.0015339808305725,-1.5477867126464844,1.2363885641098022,0.5921165943145752
154.372124231,0.0015339808305725,-1.5477867126464844,1.2363885641098022,0.5921165943145752
154.39740431,0.0015339808305725,-1.5477867126464844,1.2363885641098022,0.5921165943145752
154.455425192,0.0015339808305725,-1.5477867126464844,1.2363885641098022,0.5921165943145752
154.484101452,0.0015339808305725,-1.5477867126464844,1.2363885641098022,0.5921165943145752
154.541911673,0.0015339808305725,-1.5477867126464844,1.2363885641098022,0.5921165943145752
154.573135952,0.0015339808305725,-1.5477867126464844,1.2363885641098022,0.5921165943145752
154.66591944,0.003067961661145,-1.5477867126464844,1.2363885641098022,0.5921165943145752
154.704657461,0.0015339808305725,-1.5477867126464844,1.2363885641098022,0.5936505794525146
154.795864123,0.0015339808305725,-1.5477867126464844,1.2363885641098022,0.5921165943145752
154.831437729,0.0015339808305725,-1.5477867126464844,1.2363885641098022,0.5921165943145752
154.927604192,0.003067961661145,-1.5477867126464844,1.2363885641098022,0.5921165943145752
154.963763729,0.0015339808305725,-1.5493206977844238,1.2363885641098022,0.5921165943145752
155.054920411,0.0015339808305725,-1.5477867126464844,1.2363885641098022,0.5921165943145752
155.099016187,0.0015339808305725,-1.5477867126464844,1.2363885641098022,0.5936505794525146
155.191689585,0.0015339808305725,-1.5477867126464844,1.2363885641098022,0.5921165943145752
155.219677583,0.0015339808305725,-1.5477867126464844,1.2363885641098022,0.5921165943145752
155.314789434,0.0015339808305725,-1.5477867126464844,1.2363885641098022,0.5921165943145752
155.343171238,0.0015339808305725,-1.5477867126464844,1.2363885641098022,0.5921165943145752
155.436396063,0.0015339808305725,-1.5477867126464844,1.2363885641098022,0.5921165943145752
155.477705181,0.0015339808305725,-1.5493206977844238,1.2363885641098022,0.5921165943145752
155.573601835,0.0015339808305725,-1.5477867126464844,1.2363885641098022,0.5921165943145752
155.613066611,0.0015339808305725,-1.5477867126464844,1.2363885641098022,0.5921165943145752
155.702955841,0.0015339808305725,-1.5477867126464844,1.2363885641098022,0.5921165943145752
155.741428503,0.0015339808305725,-1.5477867126464844,1.2363885641098022,0.5921165943145752
155.834215942,0.0015339808305725,-1.5477867126464844,1.2363885641098022,0.5921165943145752
155.872561615,0.0015339808305725,-1.5477867126464844,1.2363885641098022,0.5921165943145752
155.96934083,0.0015339808305725,-1.5477867126464844,1.2363885641098022,0.5921165943145752
156.007978883,0.0015339808305725,-1.5477867126464844,1.2363885641098022,0.5921165943145752
156.096906646,0.0015339808305725,-1.5477867126464844,1.2363885641098022,0.5921165943145752
156.124517781,0.0015339808305725,-1.5477867126464844,1.2363885641098022,0.5921165943145752
156.216635914,0.0015339808305725,-1.5477867126464844,1.2363885641098022,0.5921165943145752
156.253736487,0.0015339808305725,-1.5493206977844238,1.2363885641098022,0.5936505794525146
156.348948538,0.0015339808305725,-1.5477867126464844,1.2363885641098022,0.5921165943145752
156.383497312,0.0015339808305725,-1.5477867126464844,1.2363885641098022,0.5921165943145752
156.479002356,0.0015339808305725,-1.5477867126464844,1.2363885641098022,0.5936505794525146
156.515190167,0.0015339808305725,-1.5493206977844238,1.2363885641098022,0.5921165943145752
156.607687325,0.0015339808305725,-1.5493206977844238,1.2363885641098022,0.5921165943145752
156.633782626,0.0015339808305725,-1.5477867126464844,1.2363885641098022,0.5921165943145752
156.729224108,0.0015339808305725,-1.5477867126464844,1.2363885641098022,0.5921165943145752
156.764600785,0.0015339808305725,-1.5477867126464844,1.2363885641098022,0.5921165943145752
156.858016156,0.0015339808305725,-1.5477867126464844,1.2363885641098022,0.5921165943145752
156.894871108,0.0015339808305725,-1.5477867126464844,1.2363885641098022,0.5921165943145752
156.990752335,0.0015339808305725,-1.5477867126464844,1.2363885641098022,0.5921165943145752
157.027857543,0.0015339808305725,-1.5493206977844238,1.2363885641098022,0.5921165943145752
157.121129155,0.0015339808305725,-1.5477867126464844,1.2363885641098022,0.5921165943145752
157.157208538,0.0015339808305725,-1.5477867126464844,1.2363885641098022,0.5921165943145752
157.249506313,0.0015339808305725,-1.5477867126464844,1.2363885641098022,0.5936505794525146
157.286001137,0.0015339808305725,-1.5477867126464844,1.2363885641098022,0.5921165943145752
157.377245573,0.0015339808305725,-1.5477867126464844,1.2363885641098022,0.5921165943145752
157.417321519,0.0015339808305725,-1.5477867126464844,1.2363885641098022,0.5921165943145752
157.516878796,0.0015339808305725,-1.5477867126464844,1.2363885641098022,0.5921165943145752
157.562388721,0.0015339808305725,-1.5477867126464844,1.2363885641098022,0.5921165943145752
157.654738039,0.0015339808305725,-1.5477867126464844,1.2363885641098022,0.5921165943145752
157.682500712,0.0015339808305725,-1.5477867126464844,1.2363885641098022,0.5921165943145752
157.774663921,0.0015339808305725,-1.5477867126464844,1.2363885641098022,0.5921165943145752
157.810455894,0.0015339808305725,-1.5477867126464844,1.2363885641098022,0.5921165943145752
157.86802803,0.0015339808305725,-1.5477867126464844,1.2363885641098022,0.5921165943145752
157.896745084,0.0015339808305725,-1.5477867126464844,1.2363885641098022,0.5921165943145752
157.95760959,0.0015339808305725,-1.5477867126464844,1.2363885641098022,0.5921165943145752
157.979623584,0.0015339808305725,-1.5477867126464844,1.2363885641098022,0.5921165943145752
158.035218794,0.0015339808305725,-1.5493206977844238,1.2363885641098022,0.5921165943145752
158.064967117,0.0015339808305725,-1.5477867126464844,1.2363885641098022,0.5921165943145752
158.12298056,0.0015339808305725,-1.5477867126464844,1.2363885641098022,0.5921165943145752
158.168991414,0.0015339808305725,-1.5477867126464844,1.2363885641098022,0.5921165943145752
158.228159704,0.0015339808305725,-1.5477867126464844,1.2363885641098022,0.5921165943145752
158.251535695,0.0015339808305725,-1.5477867126464844,1.2363885641098022,0.5921165943145752
158.310899342,0.0015339808305725,-1.5477867126464844,1.2363885641098022,0.5921165943145752
158.337645515,0.003067961661145,-1.5477867126464844,1.2363885641098022,0.5921165943145752
158.395349335,0.0015339808305725,-1.5493206977844238,1.2363885641098022,0.5921165943145752
158.42085365,0.0015339808305725,-1.5477867126464844,1.2363885641098022,0.5921165943145752
158.479814165,0.0015339808305725,-1.5477867126464844,1.2363885641098022,0.5921165943145752
158.501980042,0.0015339808305725,-1.5477867126464844,1.2363885641098022,0.5921165943145752
158.588466847,0.0015339808305725,-1.5477867126464844,1.2363885641098022,0.5921165943145752
158.653449741,0.0015339808305725,-1.5477867126464844,1.2363885641098022,0.5921165943145752
158.747568526,0.0015339808305725,-1.5493206977844238,1.2363885641098022,0.5921165943145752
158.782100879,0.0015339808305725,-1.5477867126464844,1.2363885641098022,0.5921165943145752
158.87433242,0.0015339808305725,-1.5477867126464844,1.2363885641098022,0.5921165943145752
158.913424117,0.0015339808305725,-1.5477867126464844,1.2363885641098022,0.5921165943145752
159.008535705,0.0015339808305725,-1.5477867126464844,1.2363885641098022,0.5936505794525146
159.04657881,0.0015339808305725,-1.5477867126464844,1.2363885641098022,0.5921165943145752
159.140361189,0.0015339808305725,-1.5477867126464844,1.2363885641098022,0.5921165943145752
159.178982688,0.0015339808305725,-1.5477867126464844,1.2363885641098022,0.5921165943145752
159.273010076,0.0015339808305725,-1.5477867126464844,1.2363885641098022,0.5921165943145752
159.311641265,0.0015339808305725,-1.5477867126464844,1.2363885641098022,0.5921165943145752
159.403791556,0.003067961661145,-1.5477867126464844,1.2363885641098022,0.5921165943145752
159.445229225,0.0015339808305725,-1.5493206977844238,1.2363885641098022,0.5921165943145752
159.534495449,0.0015339808305725,-1.5477867126464844,1.2363885641098022,0.5921165943145752
159.57086315,0.0015339808305725,-1.5493206977844238,1.2363885641098022,0.5921165943145752
159.663671313,0.0015339808305725,-1.5477867126464844,1.2363885641098022,0.5921165943145752
159.699728214,0.0015339808305725,-1.5477867126464844,1.2363885641098022,0.5921165943145752
159.793030392,0.0015339808305725,-1.5477867126464844,1.2363885641098022,0.5921165943145752
159.828710302,0.0015339808305725,-1.5477867126464844,1.2363885641098022,0.5921165943145752
159.921410723,0.0015339808305725,-1.5477867126464844,1.2363885641098022,0.5921165943145752
159.958545897,0.0015339808305725,-1.5493206977844238,1.2363885641098022,0.5921165943145752
160.056753261,0.0015339808305725,-1.5477867126464844,1.2363885641098022,0.5921165943145752
160.092599817,0.0015339808305725,-1.5477867126464844,1.2363885641098022,0.5921165943145752
160.185226679,0.0015339808305725,-1.5493206977844238,1.2363885641098022,0.5921165943145752
160.220354368,0.0015339808305725,-1.5477867126464844,1.2363885641098022,0.5921165943145752
160.316856141,0.0015339808305725,-1.5493206977844238,1.2363885641098022,0.5921165943145752
160.352753317,0.0015339808305725,-1.5493206977844238,1.2363885641098022,0.5921165943145752
160.450157874,0.0015339808305725,-1.5477867126464844,1.2363885641098022,0.5921165943145752
160.47778362,0.0015339808305725,-1.5477867126464844,1.2363885641098022,0.5921165943145752
160.573510652,0.0015339808305725,-1.5477867126464844,1.2363885641098022,0.5921165943145752
160.612543512,0.0015339808305725,-1.5477867126464844,1.2363885641098022,0.5921165943145752
160.704794396,0.0015339808305725,-1.5477867126464844,1.2363885641098022,0.5921165943145752
160.733116491,0.0015339808305725,-1.5477867126464844,1.2363885641098022,0.5921165943145752
160.8263314,0.0015339808305725,-1.5477867126464844,1.2363885641098022,0.5921165943145752
160.862020853,0.0015339808305725,-1.5477867126464844,1.2363885641098022,0.5921165943145752
160.956630544,0.0015339808305725,-1.5477867126464844,1.2363885641098022,0.5921165943145752
160.99280604,0.0015339808305725,-1.5477867126464844,1.2363885641098022,0.5921165943145752
161.092613454,0.0015339808305725,-1.5493206977844238,1.2363885641098022,0.5921165943145752
161.12783647,0.0015339808305725,-1.5477867126464844,1.2363885641098022,0.5936505794525146
161.219803028,0.0015339808305725,-1.5477867126464844,1.2363885641098022,0.5921165943145752
161.248286715,0.0015339808305725,-1.5477867126464844,1.2363885641098022,0.5921165943145752
161.34467313,0.0015339808305725,-1.5477867126464844,1.2363885641098022,0.5921165943145752
161.383357311,0.0015339808305725,-1.5477867126464844,1.2363885641098022,0.5921165943145752
161.476139517,0.0015339808305725,-1.5477867126464844,1.2363885641098022,0.5921165943145752
161.502227377,0.0015339808305725,-1.5477867126464844,1.2363885641098022,0.5921165943145752
161.596048839,0.0015339808305725,-1.5477867126464844,1.2363885641098022,0.5921165943145752
161.6314907,0.0015339808305725,-1.5477867126464844,1.2363885641098022,0.5921165943145752
161.732819469,0.0015339808305725,-1.5477867126464844,1.2363885641098022,0.5921165943145752
161.769208589,0.0015339808305725,-1.5477867126464844,1.2363885641098022,0.5921165943145752
161.829917255,0.0015339808305725,-1.5477867126464844,1.2363885641098022,0.5921165943145752
161.86160708,0.0015339808305725,-1.5477867126464844,1.2363885641098022,0.5921165943145752
161.945254391,0.0015339808305725,-1.5493206977844238,1.2363885641098022,0.5921165943145752
162.012059408,0.0015339808305725,-1.5477867126464844,1.2363885641098022,0.5921165943145752
162.111575102,0.0015339808305725,-1.5493206977844238,1.2363885641098022,0.5921165943145752
162.157065149,0.0015339808305725,-1.5477867126464844,1.2363885641098022,0.5921165943145752
162.254435293,0.0015339808305725,-1.5477867126464844,1.2363885641098022,0.5921165943145752
162.291021708,0.0015339808305725,-1.5477867126464844,1.2363885641098022,0.5936505794525146
162.384211834,0.0015339808305725,-1.5493206977844238,1.2363885641098022,0.5921165943145752
162.420224069,0.0015339808305725,-1.5477867126464844,1.2363885641098022,0.5921165943145752
162.516082561,0.0015339808305725,-1.5477867126464844,1.2363885641098022,0.5921165943145752
162.547068449,0.0015339808305725,-1.5477867126464844,1.2363885641098022,0.5921165943145752
162.633628078,0.0015339808305725,-1.5477867126464844,1.2363885641098022,0.5921165943145752
162.669607393,0.0015339808305725,-1.5477867126464844,1.2363885641098022,0.5921165943145752
162.765100993,0.0015339808305725,-1.5477867126464844,1.2363885641098022,0.5921165943145752
162.802104995,0.0015339808305725,-1.5493206977844238,1.2363885641098022,0.5921165943145752
162.896889238,0.0015339808305725,-1.5477867126464844,1.2363885641098022,0.5921165943145752
162.933373343,0.0015339808305725,-1.5477867126464844,1.2363885641098022,0.5936505794525146
163.02901102,0.0015339808305725,-1.5493206977844238,1.2363885641098022,0.5921165943145752
163.068237081,0.0015339808305725,-1.5477867126464844,1.2363885641098022,0.5921165943145752
163.165599013,0.0015339808305725,-1.5477867126464844,1.2363885641098022,0.5921165943145752
163.201950507,0.003067961661145,-1.5477867126464844,1.2363885641098022,0.5921165943145752
163.296355676,0.0015339808305725,-1.5477867126464844,1.2363885641098022,0.5921165943145752
163.324514161,0.0015339808305725,-1.5493206977844238,1.2363885641098022,0.5921165943145752
163.418498128,0.0015339808305725,-1.5477867126464844,1.2363885641098022,0.5921165943145752
163.453248694,0.0015339808305725,-1.5493206977844238,1.2363885641098022,0.5921165943145752
163.547697077,0.003067961661145,-1.5493206977844238,1.2363885641098022,0.5921165943145752
163.584110931,0.0015339808305725,-1.5493206977844238,1.2363885641098022,0.5921165943145752
163.676464601,0.0015339808305725,-1.5477867126464844,1.2363885641098022,0.5936505794525146
163.713491505,0.0015339808305725,-1.5477867126464844,1.2363885641098022,0.5921165943145752
163.807711806,0.0015339808305725,-1.5477867126464844,1.2363885641098022,0.5921165943145752
163.84624003,0.0015339808305725,-1.5477867126464844,1.2363885641098022,0.5921165943145752
163.935404085,0.0015339808305725,-1.5477867126464844,1.2363885641098022,0.5921165943145752
163.974115746,0.0015339808305725,-1.5477867126464844,1.2363885641098022,0.5921165943145752
164.067393991,0.0015339808305725,-1.5493206977844238,1.2363885641098022,0.5921165943145752
164.103991253,0.0015339808305725,-1.5477867126464844,1.2363885641098022,0.5921165943145752
164.200111815,0.0015339808305725,-1.5477867126464844,1.2363885641098022,0.5921165943145752
164.236206058,0.0015339808305725,-1.5477867126464844,1.2363885641098022,0.5921165943145752
164.330816189,0.0015339808305725,-1.5477867126464844,1.2363885641098022,0.5921165943145752
164.359841041,0.0015339808305725,-1.5477867126464844,1.2363885641098022,0.5921165943145752
164.455820924,0.0015339808305725,-1.5493206977844238,1.2363885641098022,0.5921165943145752
164.49293686,0.0015339808305725,-1.5477867126464844,1.2363885641098022,0.5921165943145752
164.587439908,0.0015339808305725,-1.5477867126464844,1.2363885641098022,0.5921165943145752
164.629211774,0.0015339808305725,-1.5477867126464844,1.2363885641098022,0.5921165943145752
164.720363115,0.0015339808305725,-1.5493206977844238,1.2363885641098022,0.5921165943145752
164.752041622,0.0015339808305725,-1.5493206977844238,1.2363885641098022,0.5921165943145752
164.84497745,0.0015339808305725,-1.5477867126464844,1.2363885641098022,0.5921165943145752
164.882122481,0.0015339808305725,-1.5477867126464844,1.2363885641098022,0.5921165943145752
164.971059642,0.0015339808305725,-1.5477867126464844,1.2363885641098022,0.5921165943145752
164.998293576,0.0015339808305725,-1.5477867126464844,1.2363885641098022,0.5921165943145752
165.092225811,0.0015339808305725,-1.5477867126464844,1.2363885641098022,0.5921165943145752
165.135744793,0.0015339808305725,-1.5477867126464844,1.2363885641098022,0.5921165943145752
165.199084638,0.0015339808305725,-1.5477867126464844,1.2363885641098022,0.5921165943145752
165.218676971,0.0015339808305725,-1.5477867126464844,1.2363885641098022,0.5921165943145752
165.278701382,0.003067961661145,-1.5477867126464844,1.2363885641098022,0.5921165943145752
165.299639036,0.0015339808305725,-1.5477867126464844,1.2363885641098022,0.5921165943145752
165.356584831,0.0015339808305725,-1.5493206977844238,1.2363885641098022,0.5921165943145752
165.385998092,0.0015339808305725,-1.5477867126464844,1.2363885641098022,0.5921165943145752
165.444013402,0.003067961661145,-1.5477867126464844,1.2363885641098022,0.5921165943145752
165.466446686,0.0015339808305725,-1.5493206977844238,1.2363885641098022,0.5921165943145752
165.524761256,0.0015339808305725,-1.5477867126464844,1.2363885641098022,0.5921165943145752
165.556221673,0.0015339808305725,-1.5477867126464844,1.2363885641098022,0.5921165943145752
165.613380059,0.0015339808305725,-1.5477867126464844,1.2363885641098022,0.5921165943145752
165.634893311,0.0015339808305725,-1.5477867126464844,1.2363885641098022,0.5921165943145752
165.693786278,0.0015339808305725,-1.5477867126464844,1.2363885641098022,0.5921165943145752
165.717589551,0.0015339808305725,-1.5477867126464844,1.2363885641098022,0.5921165943145752
165.774842467,0.0015339808305725,-1.5477867126464844,1.2363885641098022,0.5921165943145752
165.797694391,0.0015339808305725,-1.5477867126464844,1.2363885641098022,0.5921165943145752
165.856574898,0.0015339808305725,-1.5477867126464844,1.2363885641098022,0.5921165943145752
165.884870137,0.0015339808305725,-1.5477867126464844,1.2363885641098022,0.5921165943145752
165.942265156,0.0015339808305725,-1.5477867126464844,1.2363885641098022,0.5921165943145752
165.963653362,0.0015339808305725,-1.5477867126464844,1.2363885641098022,0.5921165943145752
166.022744944,0.0015339808305725,-1.5477867126464844,1.2363885641098022,0.5921165943145752
166.05268328,0.0015339808305725,-1.5477867126464844,1.2363885641098022,0.5921165943145752
166.111833386,0.0015339808305725,-1.5477867126464844,1.2363885641098022,0.5921165943145752
166.133483925,0.0015339808305725,-1.5493206977844238,1.2363885641098022,0.5921165943145752
166.195601618,0.003067961661145,-1.5477867126464844,1.2363885641098022,0.5921165943145752
166.219857345,0.0015339808305725,-1.5477867126464844,1.2363885641098022,0.5921165943145752
166.278642884,0.0015339808305725,-1.5477867126464844,1.2363885641098022,0.5921165943145752
166.301150237,0.0015339808305725,-1.5477867126464844,1.2363885641098022,0.5921165943145752
166.359710834,0.0015339808305725,-1.5477867126464844,1.2363885641098022,0.5921165943145752
166.388304853,0.0015339808305725,-1.5493206977844238,1.2363885641098022,0.5921165943145752
166.445991763,0.0015339808305725,-1.5477867126464844,1.2363885641098022,0.5921165943145752
166.478968855,0.0015339808305725,-1.5477867126464844,1.2363885641098022,0.5921165943145752
166.566773429,0.0015339808305725,-1.5477867126464844,1.2363885641098022,0.5921165943145752
166.613847992,0.0015339808305725,-1.5477867126464844,1.2363885641098022,0.5921165943145752
166.705519007,0.0015339808305725,-1.5477867126464844,1.2363885641098022,0.5921165943145752
166.733385432,0.0015339808305725,-1.5477867126464844,1.2363885641098022,0.5921165943145752
166.828866584,0.0015339808305725,-1.5477867126464844,1.2363885641098022,0.5921165943145752
166.865869561,0.0015339808305725,-1.5477867126464844,1.2363885641098022,0.5921165943145752
166.966238719,0.0015339808305725,-1.5477867126464844,1.2363885641098022,0.5921165943145752
167.001319613,0.0015339808305725,-1.5477867126464844,1.2363885641098022,0.5921165943145752
167.093387059,0.0015339808305725,-1.5493206977844238,1.2363885641098022,0.5936505794525146
167.130188945,0.0015339808305725,-1.5477867126464844,1.2363885641098022,0.5921165943145752
167.225693073,0.0015339808305725,-1.5477867126464844,1.2363885641098022,0.5921165943145752
167.265589487,0.0015339808305725,-1.5493206977844238,1.2363885641098022,0.5921165943145752
167.358916562,0.0015339808305725,-1.5477867126464844,1.2363885641098022,0.5921165943145752
167.396601795,0.003067961661145,-1.5477867126464844,1.2363885641098022,0.5921165943145752
167.488106191,0.0015339808305725,-1.5477867126464844,1.2363885641098022,0.5921165943145752
167.52651298,0.003067961661145,-1.5477867126464844,1.2363885641098022,0.5921165943145752
167.620268311,0.0015339808305725,-1.5477867126464844,1.2363885641098022,0.5921165943145752
167.656275169,0.0015339808305725,-1.5477867126464844,1.2363885641098022,0.5921165943145752
167.749906679,0.0015339808305725,-1.5477867126464844,1.2363885641098022,0.5921165943145752
167.778701374,0.0015339808305725,-1.5477867126464844,1.2363885641098022,0.5921165943145752
167.872790908,0.0015339808305725,-1.5477867126464844,1.2363885641098022,0.5921165943145752
167.913749585,0.0015339808305725,-1.5477867126464844,1.2363885641098022,0.5921165943145752
168.004098101,0.0015339808305725,-1.5493206977844238,1.2363885641098022,0.5921165943145752
168.041880613,0.0015339808305725,-1.5477867126464844,1.2363885641098022,0.5921165943145752
168.132397548,0.0015339808305725,-1.5477867126464844,1.2363885641098022,0.5921165943145752
168.174664611,0.0015339808305725,-1.5477867126464844,1.2363885641098022,0.5921165943145752
168.271822623,0.0015339808305725,-1.5493206977844238,1.2363885641098022,0.5921165943145752
168.314909399,0.0015339808305725,-1.5477867126464844,1.2363885641098022,0.5921165943145752
168.405472617,0.0015339808305725,-1.5493206977844238,1.2363885641098022,0.5921165943145752
168.446355468,0.0015339808305725,-1.5477867126464844,1.2363885641098022,0.5921165943145752
168.538770824,0.003067961661145,-1.5477867126464844,1.2363885641098022,0.5921165943145752
168.579080116,0.0015339808305725,-1.5477867126464844,1.2363885641098022,0.5921165943145752
168.667404131,0.0015339808305725,-1.5493206977844238,1.2363885641098022,0.5921165943145752
168.703218844,0.0015339808305725,-1.5477867126464844,1.2363885641098022,0.5921165943145752
168.796102419,0.0015339808305725,-1.5477867126464844,1.2363885641098022,0.5921165943145752
168.842212785,0.0015339808305725,-1.5477867126464844,1.2363885641098022,0.5921165943145752
168.935441472,0.0015339808305725,-1.5477867126464844,1.2363885641098022,0.5921165943145752
168.962171281,0.0015339808305725,-1.5477867126464844,1.2363885641098022,0.5921165943145752
169.056375918,0.0015339808305725,-1.5477867126464844,1.2363885641098022,0.5921165943145752
169.099760004,0.0015339808305725,-1.5477867126464844,1.2363885641098022,0.5921165943145752
169.197172408,0.0015339808305725,-1.5477867126464844,1.2363885641098022,0.5921165943145752
169.224535575,0.0015339808305725,-1.5493206977844238,1.2363885641098022,0.5921165943145752
169.324506559,0.0015339808305725,-1.5477867126464844,1.2363885641098022,0.5921165943145752
169.361992284,0.0015339808305725,-1.5477867126464844,1.2363885641098022,0.5921165943145752
169.456567479,0.003067961661145,-1.5477867126464844,1.2363885641098022,0.5921165943145752
169.491570878,0.0015339808305725,-1.5493206977844238,1.2363885641098022,0.5921165943145752
169.586856272,0.0015339808305725,-1.5493206977844238,1.2363885641098022,0.5921165943145752
169.62308838,0.0015339808305725,-1.5477867126464844,1.2363885641098022,0.5921165943145752
169.71629905,0.0015339808305725,-1.5477867126464844,1.2363885641098022,0.5921165943145752
169.736863658,0.0015339808305725,-1.5477867126464844,1.2363885641098022,0.5921165943145752
169.795637203,0.0015339808305725,-1.5477867126464844,1.2363885641098022,0.5921165943145752
169.820914805,0.0015339808305725,-1.5477867126464844,1.2363885641098022,0.5921165943145752
169.879550378,0.0015339808305725,-1.5477867126464844,1.2363885641098022,0.5921165943145752
169.909701368,0.0015339808305725,-1.5477867126464844,1.2363885641098022,0.5921165943145752
169.969385505,0.0015339808305725,-1.5477867126464844,1.2363885641098022,0.5921165943145752
169.993219969,0.0015339808305725,-1.5477867126464844,1.2363885641098022,0.5921165943145752
170.049978359,0.0015339808305725,-1.5477867126464844,1.2363885641098022,0.5921165943145752
170.072208396,0.0015339808305725,-1.5477867126464844,1.2363885641098022,0.5921165943145752
170.129457075,0.0015339808305725,-1.5477867126464844,1.2363885641098022,0.5921165943145752
170.159471196,0.0015339808305725,-1.5477867126464844,1.2363885641098022,0.5921165943145752
170.220163635,0.0015339808305725,-1.5477867126464844,1.2363885641098022,0.5921165943145752
170.270775566,0.0015339808305725,-1.5477867126464844,1.2363885641098022,0.5921165943145752
170.330150502,0.0015339808305725,-1.5477867126464844,1.2363885641098022,0.5921165943145752
170.350195552,0.0015339808305725,-1.5477867126464844,1.2363885641098022,0.5921165943145752
170.407072426,0.0015339808305725,-1.5477867126464844,1.2363885641098022,0.5921165943145752
170.435147393,0.0015339808305725,-1.5477867126464844,1.2363885641098022,0.5921165943145752
170.49237723,0.0015339808305725,-1.5477867126464844,1.2363885641098022,0.5921165943145752
170.538271309,0.0015339808305725,-1.5477867126464844,1.2363885641098022,0.5921165943145752
170.599920855,0.0015339808305725,-1.5477867126464844,1.2363885641098022,0.5921165943145752
170.623207555,0.0015339808305725,-1.5477867126464844,1.2363885641098022,0.5921165943145752
170.680787836,0.0015339808305725,-1.5477867126464844,1.2363885641098022,0.5921165943145752
170.703327485,0.0015339808305725,-1.5493206977844238,1.2363885641098022,0.5921165943145752
170.784421486,0.0015339808305725,-1.5477867126464844,1.2363885641098022,0.5921165943145752
170.829442381,0.0015339808305725,-1.5477867126464844,1.2363885641098022,0.5921165943145752
170.922089938,0.0015339808305725,-1.5493206977844238,1.2363885641098022,0.5921165943145752
170.957743714,0.0015339808305725,-1.5477867126464844,1.2363885641098022,0.5921165943145752
171.051243583,0.0015339808305725,-1.5493206977844238,1.2363885641098022,0.5921165943145752
171.079594312,0.0015339808305725,-1.5477867126464844,1.2363885641098022,0.5921165943145752
171.168103151,0.0015339808305725,-1.5477867126464844,1.2363885641098022,0.5921165943145752
171.20304673,0.0015339808305725,-1.5477867126464844,1.2363885641098022,0.5921165943145752
171.299691655,0.0015339808305725,-1.5477867126464844,1.2363885641098022,0.5921165943145752
171.349114682,0.0015339808305725,-1.5477867126464844,1.2363885641098022,0.5921165943145752
171.437726133,0.0015339808305725,-1.5477867126464844,1.2363885641098022,0.5921165943145752
171.467088202,0.0015339808305725,-1.5477867126464844,1.2363885641098022,0.5921165943145752
171.56036394,0.0015339808305725,-1.5477867126464844,1.2363885641098022,0.5921165943145752
171.597271111,0.003067961661145,-1.5477867126464844,1.2363885641098022,0.5921165943145752
171.687653281,0.003067961661145,-1.5477867126464844,1.2363885641098022,0.5921165943145752
171.7318125,0.0015339808305725,-1.5477867126464844,1.2363885641098022,0.5921165943145752
171.827114098,0.0015339808305725,-1.5477867126464844,1.2363885641098022,0.5921165943145752
171.856121453,0.0015339808305725,-1.5477867126464844,1.2363885641098022,0.5921165943145752
171.948435494,0.0015339808305725,-1.5477867126464844,1.2363885641098022,0.5921165943145752
171.984114327,0.0015339808305725,-1.5477867126464844,1.2363885641098022,0.5921165943145752
172.080620489,0.0015339808305725,-1.5477867126464844,1.2363885641098022,0.5921165943145752
172.117207918,0.0015339808305725,-1.5477867126464844,1.2363885641098022,0.5921165943145752
172.21103005,0.0015339808305725,-1.5477867126464844,1.2363885641098022,0.5921165943145752
172.249258532,0.0015339808305725,-1.5477867126464844,1.2363885641098022,0.5921165943145752
172.351004168,0.0015339808305725,-1.5477867126464844,1.2363885641098022,0.5921165943145752
172.38041716,0.0015339808305725,-1.5477867126464844,1.2363885641098022,0.5921165943145752
172.478429471,0.0015339808305725,-1.5493206977844238,1.2363885641098022,0.5921165943145752
172.520821659,0.0015339808305725,-1.5477867126464844,1.2363885641098022,0.5921165943145752
172.615003144,0.0015339808305725,-1.5477867126464844,1.2363885641098022,0.5921165943145752
172.645818186,0.0015339808305725,-1.5477867126464844,1.2363885641098022,0.5921165943145752
172.735730595,0.0015339808305725,-1.5477867126464844,1.2363885641098022,0.5921165943145752
172.772719502,0.0015339808305725,-1.5477867126464844,1.2363885641098022,0.5921165943145752
172.865102235,0.0015339808305725,-1.5493206977844238,1.2363885641098022,0.5921165943145752
172.901427454,0.0015339808305725,-1.5477867126464844,1.2363885641098022,0.5921165943145752
172.996279704,0.0015339808305725,-1.5477867126464844,1.2363885641098022,0.5921165943145752
173.035113412,0.0015339808305725,-1.5493206977844238,1.2363885641098022,0.5921165943145752
173.127565348,0.0015339808305725,-1.5477867126464844,1.2363885641098022,0.5921165943145752
173.180685985,0.0015339808305725,-1.5477867126464844,1.2363885641098022,0.5921165943145752
173.270342537,0.0015339808305725,-1.5477867126464844,1.2363885641098022,0.5921165943145752
173.298410437,0.0015339808305725,-1.5477867126464844,1.2363885641098022,0.5921165943145752
173.39623228,0.0015339808305725,-1.5493206977844238,1.2363885641098022,0.5921165943145752
173.432023586,0.0015339808305725,-1.5477867126464844,1.2363885641098022,0.5921165943145752
173.524156173,0.0015339808305725,-1.5493206977844238,1.2363885641098022,0.5921165943145752
173.561483096,0.0015339808305725,-1.5477867126464844,1.2363885641098022,0.5921165943145752
173.656200358,0.0015339808305725,-1.5477867126464844,1.2363885641098022,0.5921165943145752
173.692834637,0.0015339808305725,-1.5477867126464844,1.2363885641098022,0.5921165943145752
173.785771487,0.0015339808305725,-1.5477867126464844,1.2363885641098022,0.5921165943145752
173.808766302,0.0015339808305725,-1.5477867126464844,1.2363885641098022,0.5921165943145752
173.866837469,0.0015339808305725,-1.5477867126464844,1.2363885641098022,0.5921165943145752
173.890515448,0.0015339808305725,-1.5477867126464844,1.2363885641098022,0.5921165943145752
173.947996335,0.0015339808305725,-1.5477867126464844,1.2363885641098022,0.5921165943145752
173.977442406,0.0015339808305725,-1.5477867126464844,1.2363885641098022,0.5921165943145752
174.062877091,0.0015339808305725,-1.5477867126464844,1.2363885641098022,0.5921165943145752
174.09835314,0.0015339808305725,-1.5493206977844238,1.2363885641098022,0.5921165943145752
174.195272987,0.0015339808305725,-1.5477867126464844,1.2363885641098022,0.5921165943145752
174.222674848,0.0015339808305725,-1.5493206977844238,1.2363885641098022,0.5921165943145752
174.320098736,0.0015339808305725,-1.5477867126464844,1.2363885641098022,0.5921165943145752
174.358020784,0.0015339808305725,-1.5477867126464844,1.2363885641098022,0.5921165943145752
174.455137996,0.0015339808305725,-1.5477867126464844,1.2363885641098022,0.5921165943145752
174.490899627,0.0015339808305725,-1.5477867126464844,1.2363885641098022,0.5921165943145752
174.585721384,0.0015339808305725,-1.5477867126464844,1.2363885641098022,0.5921165943145752
174.615298625,0.0015339808305725,-1.5477867126464844,1.2363885641098022,0.5921165943145752
174.705595764,0.0015339808305725,-1.5477867126464844,1.2363885641098022,0.5921165943145752
174.745064218,0.0015339808305725,-1.5493206977844238,1.2363885641098022,0.5921165943145752
174.838277031,0.0015339808305725,-1.5477867126464844,1.2363885641098022,0.5921165943145752
174.878548221,0.0015339808305725,-1.5477867126464844,1.2363885641098022,0.5936505794525146
174.971810522,0.0015339808305725,-1.5477867126464844,1.2363885641098022,0.5921165943145752
175.01134462,0.0015339808305725,-1.5477867126464844,1.2363885641098022,0.5921165943145752
175.100123042,0.0015339808305725,-1.5493206977844238,1.2363885641098022,0.5921165943145752
175.135813197,0.0015339808305725,-1.5477867126464844,1.2363885641098022,0.5921165943145752
175.230270313,0.0015339808305725,-1.5477867126464844,1.2363885641098022,0.5921165943145752
175.26646068,0.0015339808305725,-1.5477867126464844,1.2363885641098022,0.5921165943145752
175.362727675,0.0015339808305725,-1.5493206977844238,1.2363885641098022,0.5921165943145752
175.400240456,0.0015339808305725,-1.5477867126464844,1.2363885641098022,0.5921165943145752
175.495655621,0.0015339808305725,-1.5477867126464844,1.2363885641098022,0.5921165943145752
175.531320758,0.0015339808305725,-1.5477867126464844,1.2363885641098022,0.5921165943145752
175.623553506,0.0015339808305725,-1.5477867126464844,1.2363885641098022,0.5921165943145752
175.671252758,0.0015339808305725,-1.5477867126464844,1.2363885641098022,0.5921165943145752
175.778604433,0.0015339808305725,-1.5477867126464844,1.2363885641098022,0.5921165943145752
175.8157341,0.0015339808305725,-1.5493206977844238,1.2363885641098022,0.5921165943145752
175.911830566,0.0015339808305725,-1.5477867126464844,1.2363885641098022,0.5921165943145752
175.935961565,0.0015339808305725,-1.5477867126464844,1.2363885641098022,0.5921165943145752
176.030659844,0.0015339808305725,-1.5477867126464844,1.2363885641098022,0.5921165943145752
176.076571671,0.0015339808305725,-1.5477867126464844,1.2363885641098022,0.5921165943145752
176.167806396,0.0015339808305725,-1.5477867126464844,1.2363885641098022,0.5921165943145752
176.195842531,0.0015339808305725,-1.5477867126464844,1.2363885641098022,0.5921165943145752
176.28963379,0.0015339808305725,-1.5477867126464844,1.2363885641098022,0.5921165943145752
176.325883491,0.0015339808305725,-1.5477867126464844,1.2363885641098022,0.5921165943145752
176.420030857,0.0015339808305725,-1.5477867126464844,1.2363885641098022,0.5921165943145752
176.448452851,0.0015339808305725,-1.5477867126464844,1.2363885641098022,0.5921165943145752
176.549304864,0.0015339808305725,-1.5477867126464844,1.2363885641098022,0.5921165943145752
176.585354843,0.0015339808305725,-1.5477867126464844,1.2363885641098022,0.5921165943145752
176.6794979,0.0015339808305725,-1.5477867126464844,1.2363885641098022,0.5921165943145752
176.717785031,0.0015339808305725,-1.5477867126464844,1.2363885641098022,0.5921165943145752
176.813403519,0.0015339808305725,-1.5477867126464844,1.2363885641098022,0.5921165943145752
176.852277123,0.0015339808305725,-1.5477867126464844,1.2363885641098022,0.5921165943145752
176.945529458,0.0015339808305725,-1.5477867126464844,1.2363885641098022,0.5921165943145752
176.97078636,0.0015339808305725,-1.5477867126464844,1.2363885641098022,0.5921165943145752
177.065241626,0.0015339808305725,-1.5493206977844238,1.2363885641098022,0.5921165943145752
177.102195832,0.0015339808305725,-1.5477867126464844,1.2363885641098022,0.5921165943145752
177.195411115,0.0015339808305725,-1.5477867126464844,1.2363885641098022,0.5921165943145752
177.232347333,0.0015339808305725,-1.5477867126464844,1.2363885641098022,0.5921165943145752
177.297161732,0.0015339808305725,-1.5477867126464844,1.2363885641098022,0.5921165943145752
177.325249113,0.0015339808305725,-1.5477867126464844,1.2363885641098022,0.5921165943145752
177.383948723,0.0015339808305725,-1.5477867126464844,1.2363885641098022,0.5921165943145752
177.407817265,0.0015339808305725,-1.5477867126464844,1.2363885641098022,0.5921165943145752
177.467578374,0.0015339808305725,-1.5477867126464844,1.2363885641098022,0.5921165943145752
177.491410658,0.0015339808305725,-1.5477867126464844,1.2363885641098022,0.5921165943145752
177.548429692,0.0015339808305725,-1.5477867126464844,1.2363885641098022,0.5921165943145752
177.578061359,0.0015339808305725,-1.5477867126464844,1.2363885641098022,0.5921165943145752
177.634810995,0.003067961661145,-1.5477867126464844,1.2363885641098022,0.5921165943145752
177.658078818,0.0015339808305725,-1.5477867126464844,1.2363885641098022,0.5921165943145752
177.716065874,0.0015339808305725,-1.5477867126464844,1.2363885641098022,0.5921165943145752
177.737629526,0.0015339808305725,-1.5477867126464844,1.2363885641098022,0.5921165943145752
177.822094646,0.0015339808305725,-1.5477867126464844,1.2363885641098022,0.5921165943145752
177.867747475,0.0015339808305725,-1.5477867126464844,1.2363885641098022,0.5921165943145752
177.9641627,0.003067961661145,-1.5477867126464844,1.2363885641098022,0.5921165943145752
177.998838798,0.0015339808305725,-1.5477867126464844,1.2363885641098022,0.5921165943145752
178.091304537,0.0015339808305725,-1.5493206977844238,1.2363885641098022,0.5921165943145752
178.120302572,0.0015339808305725,-1.5477867126464844,1.2363885641098022,0.5921165943145752
178.217840037,0.0015339808305725,-1.5477867126464844,1.2363885641098022,0.5921165943145752
178.258698644,0.0015339808305725,-1.5477867126464844,1.2363885641098022,0.5936505794525146
178.352472817,0.0015339808305725,-1.5493206977844238,1.2363885641098022,0.5936505794525146
178.389988231,0.0015339808305725,-1.5477867126464844,1.2363885641098022,0.5921165943145752
178.481201546,0.0015339808305725,-1.5477867126464844,1.2363885641098022,0.5921165943145752
178.51852522,0.0015339808305725,-1.5477867126464844,1.2363885641098022,0.5921165943145752
178.616589503,0.0015339808305725,-1.5477867126464844,1.2363885641098022,0.5921165943145752
178.653255689,0.0015339808305725,-1.5493206977844238,1.2363885641098022,0.5921165943145752
178.748442577,0.0015339808305725,-1.5477867126464844,1.2363885641098022,0.5921165943145752
178.785091898,0.0015339808305725,-1.5493206977844238,1.2363885641098022,0.5921165943145752
178.88270085,0.0015339808305725,-1.5493206977844238,1.2363885641098022,0.5921165943145752
178.912351784,0.0015339808305725,-1.5477867126464844,1.2363885641098022,0.5921165943145752
179.002567989,0.0015339808305725,-1.5477867126464844,1.2363885641098022,0.5921165943145752
179.039965467,0.0015339808305725,-1.5477867126464844,1.2363885641098022,0.5921165943145752
179.130591819,0.0015339808305725,-1.5477867126464844,1.2363885641098022,0.5921165943145752
179.166217559,0.0015339808305725,-1.5477867126464844,1.2363885641098022,0.5921165943145752
179.263750045,0.0015339808305725,-1.5477867126464844,1.2363885641098022,0.5921165943145752
179.299813506,0.0015339808305725,-1.5477867126464844,1.2363885641098022,0.5921165943145752
179.396154583,0.0015339808305725,-1.5477867126464844,1.2363885641098022,0.5921165943145752
179.431443412,0.0015339808305725,-1.5477867126464844,1.2363885641098022,0.5921165943145752
179.52707847,0.0015339808305725,-1.5493206977844238,1.2363885641098022,0.5921165943145752
179.56234487,0.0015339808305725,-1.5477867126464844,1.2363885641098022,0.5921165943145752
179.658278983,0.0015339808305725,-1.5477867126464844,1.2363885641098022,0.5921165943145752
179.696117892,0.0015339808305725,-1.5477867126464844,1.2363885641098022,0.5921165943145752
179.789324748,0.0015339808305725,-1.5493206977844238,1.2363885641098022,0.5921165943145752
179.83196306,0.0015339808305725,-1.5477867126464844,1.2363885641098022,0.5921165943145752
179.929044339,0.0015339808305725,-1.5493206977844238,1.2363885641098022,0.5921165943145752
179.957358742,0.0015339808305725,-1.5477867126464844,1.2363885641098022,0.5921165943145752
180.052811374,0.0015339808305725,-1.5477867126464844,1.2363885641098022,0.5921165943145752
180.083591445,0.0015339808305725,-1.5477867126464844,1.2363885641098022,0.5921165943145752
180.178632537,0.0015339808305725,-1.5477867126464844,1.2363885641098022,0.5921165943145752
180.21642672,0.0015339808305725,-1.5477867126464844,1.2363885641098022,0.5921165943145752
180.313209899,0.0015339808305725,-1.5477867126464844,1.2363885641098022,0.5921165943145752
180.351214532,0.0015339808305725,-1.5477867126464844,1.2363885641098022,0.5921165943145752
180.445263343,0.0015339808305725,-1.5493206977844238,1.2363885641098022,0.5921165943145752
180.481609576,0.0015339808305725,-1.5477867126464844,1.2363885641098022,0.5921165943145752
180.576392581,0.0015339808305725,-1.5493206977844238,1.2363885641098022,0.5921165943145752
180.61225795,0.0015339808305725,-1.5477867126464844,1.2363885641098022,0.5921165943145752
180.712148465,0.0015339808305725,-1.5477867126464844,1.2363885641098022,0.5921165943145752
180.74975825,0.0015339808305725,-1.5477867126464844,1.2363885641098022,0.5921165943145752
180.849590312,0.0015339808305725,-1.5493206977844238,1.2363885641098022,0.5921165943145752
180.89551274,0.0015339808305725,-1.5477867126464844,1.2363885641098022,0.5921165943145752
180.987441711,0.0015339808305725,-1.5477867126464844,1.2363885641098022,0.5921165943145752
181.015657009,0.0015339808305725,-1.5477867126464844,1.2363885641098022,0.5921165943145752
181.072675246,0.0015339808305725,-1.5477867126464844,1.2363885641098022,0.5921165943145752
181.096217975,0.0015339808305725,-1.5477867126464844,1.2363885641098022,0.5921165943145752
181.154718503,0.0015339808305725,-1.5477867126464844,1.2363885641098022,0.5921165943145752
181.183678877,0.0015339808305725,-1.5477867126464844,1.2363885641098022,0.5921165943145752
181.255167098,0.0015339808305725,-1.5477867126464844,1.2363885641098022,0.5921165943145752
181.290318386,0.0015339808305725,-1.5477867126464844,1.2363885641098022,0.5921165943145752
181.383555485,0.0015339808305725,-1.5477867126464844,1.2363885641098022,0.5921165943145752
181.419416109,0.0015339808305725,-1.5477867126464844,1.2363885641098022,0.5921165943145752
181.516325862,0.0015339808305725,-1.5477867126464844,1.2363885641098022,0.5921165943145752
181.553042432,0.003067961661145,-1.5477867126464844,1.2363885641098022,0.5921165943145752
181.645772464,0.0015339808305725,-1.5477867126464844,1.2363885641098022,0.5921165943145752
181.671819283,0.0015339808305725,-1.5477867126464844,1.2363885641098022,0.5921165943145752
181.769453995,0.0015339808305725,-1.5493206977844238,1.2363885641098022,0.5921165943145752
181.810915012,0.0015339808305725,-1.5493206977844238,1.2363885641098022,0.5921165943145752
181.904757752,0.0015339808305725,-1.5477867126464844,1.2363885641098022,0.5921165943145752
181.945623467,0.0015339808305725,-1.5477867126464844,1.2363885641098022,0.5921165943145752
182.037075975,0.0015339808305725,-1.5477867126464844,1.2363885641098022,0.5921165943145752
182.078771514,0.0015339808305725,-1.5477867126464844,1.2363885641098022,0.5921165943145752
182.168000835,0.0015339808305725,-1.5477867126464844,1.2363885641098022,0.5921165943145752
182.205209303,0.0015339808305725,-1.5477867126464844,1.2363885641098022,0.5921165943145752
182.296714002,0.0015339808305725,-1.5477867126464844,1.2363885641098022,0.5921165943145752
182.342031259,0.0015339808305725,-1.5477867126464844,1.2363885641098022,0.5921165943145752
182.436852165,0.0015339808305725,-1.5477867126464844,1.2363885641098022,0.5921165943145752
182.465937877,0.0015339808305725,-1.5477867126464844,1.2363885641098022,0.5921165943145752
182.561444495,0.0015339808305725,-1.5493206977844238,1.2363885641098022,0.5921165943145752
182.608100272,0.0015339808305725,-1.5477867126464844,1.2363885641098022,0.5921165943145752
182.700516074,0.0015339808305725,-1.5477867126464844,1.2363885641098022,0.5921165943145752
182.736795913,0.0015339808305725,-1.5477867126464844,1.2363885641098022,0.5921165943145752
182.834858277,0.0015339808305725,-1.5477867126464844,1.2363885641098022,0.5921165943145752
182.864395319,0.0015339808305725,-1.5477867126464844,1.2363885641098022,0.5921165943145752
182.96279761,0.0015339808305725,-1.5477867126464844,1.2363885641098022,0.5921165943145752
182.999520369,0.0015339808305725,-1.5477867126464844,1.2363885641098022,0.5921165943145752
183.093609381,0.0015339808305725,-1.5477867126464844,1.2363885641098022,0.5921165943145752
183.129767974,0.003067961661145,-1.5477867126464844,1.2363885641098022,0.5921165943145752
183.229842715,0.0015339808305725,-1.5477867126464844,1.2363885641098022,0.5921165943145752
183.264124777,0.0015339808305725,-1.5477867126464844,1.2363885641098022,0.5921165943145752
183.359663971,0.0015339808305725,-1.5477867126464844,1.2363885641098022,0.5921165943145752
183.397752671,0.0015339808305725,-1.5477867126464844,1.2363885641098022,0.5921165943145752
183.491409388,0.0015339808305725,-1.5477867126464844,1.2363885641098022,0.5921165943145752
183.527782978,0.0015339808305725,-1.5477867126464844,1.2363885641098022,0.5921165943145752
183.621579817,0.0015339808305725,-1.5477867126464844,1.2363885641098022,0.5921165943145752
183.658287315,0.0015339808305725,-1.5477867126464844,1.2363885641098022,0.5921165943145752
183.75346232,0.0015339808305725,-1.5477867126464844,1.2363885641098022,0.5921165943145752
183.790025763,0.0015339808305725,-1.5477867126464844,1.2363885641098022,0.5921165943145752
183.88204753,0.0015339808305725,-1.5493206977844238,1.2363885641098022,0.5921165943145752
183.925901491,0.0015339808305725,-1.5477867126464844,1.2363885641098022,0.5921165943145752
184.02122908,0.0015339808305725,-1.5477867126464844,1.2363885641098022,0.5921165943145752
184.049116985,0.0015339808305725,-1.5477867126464844,1.2363885641098022,0.5921165943145752
184.140091631,0.0015339808305725,-1.5477867126464844,1.2363885641098022,0.5921165943145752
184.179684312,0.0015339808305725,-1.5477867126464844,1.2363885641098022,0.5921165943145752
184.269769251,0.0015339808305725,-1.5477867126464844,1.2363885641098022,0.5921165943145752
184.308908934,0.003067961661145,-1.5477867126464844,1.2363885641098022,0.5921165943145752
184.401438365,0.0015339808305725,-1.5477867126464844,1.2363885641098022,0.5921165943145752
184.439281711,0.0015339808305725,-1.5477867126464844,1.2363885641098022,0.5921165943145752
184.513028218,0.0015339808305725,-1.5477867126464844,1.2363885641098022,0.5921165943145752
184.534209282,0.0015339808305725,-1.5477867126464844,1.2363885641098022,0.5921165943145752
184.594089626,0.0015339808305725,-1.5477867126464844,1.2363885641098022,0.5921165943145752
184.622285275,0.0015339808305725,-1.5477867126464844,1.2363885641098022,0.5921165943145752
184.680657234,0.0015339808305725,-1.5477867126464844,1.2363885641098022,0.5921165943145752
184.701735276,0.0015339808305725,-1.5477867126464844,1.2363885641098022,0.5921165943145752
184.762242424,0.003067961661145,-1.5477867126464844,1.2363885641098022,0.5921165943145752
184.797157957,0.0015339808305725,-1.5477867126464844,1.2363885641098022,0.5921165943145752
184.897355458,0.0015339808305725,-1.5477867126464844,1.2363885641098022,0.5921165943145752
184.933664002,0.0015339808305725,-1.5477867126464844,1.2363885641098022,0.5921165943145752
185.027968492,0.0015339808305725,-1.5477867126464844,1.2363885641098022,0.5921165943145752
185.056073068,0.0015339808305725,-1.5477867126464844,1.2363885641098022,0.5921165943145752
185.154084229,0.0015339808305725,-1.5477867126464844,1.2363885641098022,0.5921165943145752
185.189934714,0.0015339808305725,-1.5477867126464844,1.2363885641098022,0.5921165943145752
185.282882838,0.0015339808305725,-1.5477867126464844,1.2363885641098022,0.5921165943145752
185.319054084,0.0015339808305725,-1.5477867126464844,1.2363885641098022,0.5921165943145752
185.413739076,0.0015339808305725,-1.5477867126464844,1.2363885641098022,0.5921165943145752
185.44946591,0.0015339808305725,-1.5477867126464844,1.2363885641098022,0.5921165943145752
185.541895603,0.0015339808305725,-1.5477867126464844,1.2363885641098022,0.5921165943145752
185.567699077,0.0015339808305725,-1.5477867126464844,1.2363885641098022,0.5921165943145752
185.660686762,0.0015339808305725,-1.5477867126464844,1.2363885641098022,0.5921165943145752
185.695793387,0.0015339808305725,-1.5477867126464844,1.2363885641098022,0.5921165943145752
185.788505562,0.0015339808305725,-1.5493206977844238,1.2363885641098022,0.5921165943145752
185.827919318,0.0015339808305725,-1.5477867126464844,1.2363885641098022,0.5921165943145752
185.925616886,0.0015339808305725,-1.5477867126464844,1.2363885641098022,0.5921165943145752
185.961788873,0.0015339808305725,-1.5477867126464844,1.2363885641098022,0.5921165943145752
186.05374193,0.0015339808305725,-1.5477867126464844,1.2363885641098022,0.5921165943145752
186.090580185,0.0015339808305725,-1.5477867126464844,1.2363885641098022,0.5921165943145752
186.184072798,0.0015339808305725,-1.5477867126464844,1.2363885641098022,0.5921165943145752
186.220446523,0.0015339808305725,-1.5477867126464844,1.2363885641098022,0.5921165943145752
186.31639004,0.0015339808305725,-1.5477867126464844,1.2363885641098022,0.5921165943145752
186.356161083,0.0015339808305725,-1.5477867126464844,1.2363885641098022,0.5921165943145752
186.451711835,0.0015339808305725,-1.5477867126464844,1.2363885641098022,0.5921165943145752
186.489606567,0.0015339808305725,-1.5493206977844238,1.2363885641098022,0.5921165943145752
186.586650816,0.0015339808305725,-1.5477867126464844,1.2363885641098022,0.5921165943145752
186.62270513,0.0015339808305725,-1.5477867126464844,1.2363885641098022,0.5921165943145752
186.71613206,0.0015339808305725,-1.5477867126464844,1.2363885641098022,0.5921165943145752
186.744427022,0.0015339808305725,-1.5477867126464844,1.2363885641098022,0.5921165943145752
186.836386911,0.0015339808305725,-1.5477867126464844,1.2363885641098022,0.5921165943145752
186.883407581,0.0015339808305725,-1.5477867126464844,1.2363885641098022,0.5921165943145752
186.982498415,0.0015339808305725,-1.5477867126464844,1.2363885641098022,0.5921165943145752
187.008535043,0.0015339808305725,-1.5477867126464844,1.2363885641098022,0.5921165943145752
187.103340932,0.0015339808305725,-1.5477867126464844,1.2363885641098022,0.5921165943145752
187.140993627,0.0015339808305725,-1.5477867126464844,1.2363885641098022,0.5921165943145752
187.233196749,0.0015339808305725,-1.5477867126464844,1.2363885641098022,0.5921165943145752
187.268558761,0.0015339808305725,-1.5477867126464844,1.2363885641098022,0.5921165943145752
187.36307515,0.0015339808305725,-1.5477867126464844,1.2363885641098022,0.5921165943145752
187.399366534,0.0015339808305725,-1.5477867126464844,1.2363885641098022,0.5921165943145752
187.489367937,0.0015339808305725,-1.5477867126464844,1.2363885641098022,0.5921165943145752
187.533586856,0.0015339808305725,-1.5477867126464844,1.2363885641098022,0.5921165943145752
187.623286158,0.0015339808305725,-1.5477867126464844,1.2363885641098022,0.5921165943145752
187.666679942,0.0015339808305725,-1.5477867126464844,1.2363885641098022,0.5921165943145752
187.752788144,0.0015339808305725,-1.5493206977844238,1.2363885641098022,0.5921165943145752
187.787987772,0.0015339808305725,-1.5477867126464844,1.2363885641098022,0.5921165943145752
187.883355974,0.0015339808305725,-1.5477867126464844,1.2363885641098022,0.5921165943145752
187.921552235,0.0015339808305725,-1.5477867126464844,1.2363885641098022,0.5921165943145752
188.021183781,0.0015339808305725,-1.5477867126464844,1.2363885641098022,0.5921165943145752
188.050048686,0.0015339808305725,-1.5493206977844238,1.2363885641098022,0.5921165943145752
188.1091101,0.0015339808305725,-1.5477867126464844,1.2363885641098022,0.5921165943145752
188.12626106,0.0015339808305725,-1.5477867126464844,1.2363885641098022,0.5921165943145752
188.180472838,0.0015339808305725,-1.5493206977844238,1.2363885641098022,0.5921165943145752
188.208781444,0.0015339808305725,-1.5477867126464844,1.2363885641098022,0.5921165943145752
188.263755063,0.0015339808305725,-1.5477867126464844,1.2363885641098022,0.5921165943145752
188.288039803,0.0015339808305725,-1.5477867126464844,1.2363885641098022,0.5921165943145752
188.349635162,0.0015339808305725,-1.5477867126464844,1.2363885641098022,0.5921165943145752
188.373028943,0.0015339808305725,-1.5477867126464844,1.2363885641098022,0.5921165943145752
188.433040888,0.0015339808305725,-1.5477867126464844,1.2363885641098022,0.5921165943145752
188.462144277,0.0015339808305725,-1.5477867126464844,1.2363885641098022,0.5921165943145752
188.522241925,0.0015339808305725,-1.5477867126464844,1.2363885641098022,0.5921165943145752
188.54018357,0.0015339808305725,-1.5477867126464844,1.2363885641098022,0.5921165943145752
188.623164853,0.0015339808305725,-1.5477867126464844,1.2363885641098022,0.5921165943145752
188.68826436,0.0015339808305725,-1.5477867126464844,1.2363885641098022,0.5921165943145752
188.782831592,0.0015339808305725,-1.5477867126464844,1.2363885641098022,0.5921165943145752
188.819645283,0.0015339808305725,-1.5477867126464844,1.2363885641098022,0.5921165943145752
188.901781267,0.003067961661145,-1.5493206977844238,1.2363885641098022,0.5921165943145752
188.938407701,0.003067961661145,-1.5477867126464844,1.2363885641098022,0.5921165943145752
189.032530862,0.0015339808305725,-1.5477867126464844,1.2363885641098022,0.5921165943145752
189.06807642,0.0015339808305725,-1.5477867126464844,1.2363885641098022,0.5921165943145752
189.163634843,0.0015339808305725,-1.5477867126464844,1.2363885641098022,0.5921165943145752
189.20006627,0.0015339808305725,-1.5477867126464844,1.2363885641098022,0.5921165943145752
189.292332926,0.0015339808305725,-1.5477867126464844,1.2363885641098022,0.5921165943145752
189.32861887,0.0015339808305725,-1.5477867126464844,1.2363885641098022,0.5921165943145752
189.424758111,0.0015339808305725,-1.5477867126464844,1.2363885641098022,0.5921165943145752
189.459758638,0.0015339808305725,-1.5477867126464844,1.2363885641098022,0.5921165943145752
189.554295027,0.0015339808305725,-1.5493206977844238,1.2363885641098022,0.5921165943145752
189.590527123,0.0015339808305725,-1.5477867126464844,1.2363885641098022,0.5936505794525146
189.685778958,0.0015339808305725,-1.5477867126464844,1.2363885641098022,0.5921165943145752
189.723398498,0.0015339808305725,-1.5477867126464844,1.2363885641098022,0.5921165943145752
189.820297038,0.0015339808305725,-1.5477867126464844,1.2363885641098022,0.5921165943145752
189.848913769,0.0015339808305725,-1.5477867126464844,1.2363885641098022,0.5921165943145752
189.933600391,0.0015339808305725,-1.5493206977844238,1.2363885641098022,0.5921165943145752
189.981984722,0.0015339808305725,-1.5477867126464844,1.2363885641098022,0.5921165943145752
190.069836152,0.0015339808305725,-1.5477867126464844,1.2363885641098022,0.5921165943145752
190.117721366,0.0015339808305725,-1.5477867126464844,1.2363885641098022,0.5921165943145752
190.200562054,0.0015339808305725,-1.5477867126464844,1.2363885641098022,0.5921165943145752
190.236853136,0.0015339808305725,-1.5477867126464844,1.2363885641098022,0.5921165943145752
190.322021338,0.0015339808305725,-1.5477867126464844,1.2363885641098022,0.5921165943145752
190.36540295,0.0015339808305725,-1.5493206977844238,1.2363885641098022,0.5921165943145752
190.453195634,0.0015339808305725,-1.5477867126464844,1.2363885641098022,0.5921165943145752
190.499088523,0.0015339808305725,-1.5477867126464844,1.2363885641098022,0.5921165943145752
190.584543706,0.0015339808305725,-1.5477867126464844,1.2363885641098022,0.5921165943145752
190.620768363,0.0015339808305725,-1.5493206977844238,1.2363885641098022,0.5936505794525146
190.718015898,0.0015339808305725,-1.5477867126464844,1.2363885641098022,0.5921165943145752
190.748557375,0.0015339808305725,-1.5477867126464844,1.2363885641098022,0.5921165943145752
190.831769129,0.0015339808305725,-1.5477867126464844,1.2363885641098022,0.5921165943145752
190.881702402,0.0015339808305725,-1.5477867126464844,1.2363885641098022,0.5921165943145752
190.96511805,0.0015339808305725,-1.5477867126464844,1.2363885641098022,0.5921165943145752
191.001425299,0.0015339808305725,-1.5477867126464844,1.2363885641098022,0.5921165943145752
191.101577183,0.0015339808305725,-1.5477867126464844,1.2363885641098022,0.5921165943145752
191.140291488,0.0015339808305725,-1.5477867126464844,1.2363885641098022,0.5921165943145752
191.232744616,0.0015339808305725,-1.5477867126464844,1.2363885641098022,0.5921165943145752
191.267691105,0.0015339808305725,-1.5477867126464844,1.2363885641098022,0.5921165943145752
191.351083015,0.0015339808305725,-1.5477867126464844,1.2363885641098022,0.5921165943145752
191.396796794,0.0015339808305725,-1.5493206977844238,1.2363885641098022,0.5921165943145752
191.482067209,0.0015339808305725,-1.5477867126464844,1.2363885641098022,0.5921165943145752
191.528619181,0.0015339808305725,-1.5493206977844238,1.2363885641098022,0.5921165943145752
191.618060322,0.0015339808305725,-1.5477867126464844,1.2363885641098022,0.5921165943145752
191.653650637,0.0015339808305725,-1.5477867126464844,1.2363885641098022,0.5921165943145752
191.741143995,0.0015339808305725,-1.5477867126464844,1.2363885641098022,0.5921165943145752
191.779425784,0.0015339808305725,-1.5477867126464844,1.2363885641098022,0.5921165943145752
191.838083537,0.0015339808305725,-1.5477867126464844,1.2363885641098022,0.5921165943145752
191.867793142,0.0015339808305725,-1.5477867126464844,1.2363885641098022,0.5921165943145752
191.921578443,0.0015339808305725,-1.5477867126464844,1.2363885641098022,0.5921165943145752
191.96214336,0.0015339808305725,-1.5477867126464844,1.2363885641098022,0.5921165943145752
192.018724804,0.0015339808305725,-1.5477867126464844,1.2363885641098022,0.5921165943145752
192.070658844,0.0015339808305725,-1.5477867126464844,1.2363885641098022,0.5921165943145752
192.123693223,0.0015339808305725,-1.5477867126464844,1.2363885641098022,0.5921165943145752
192.15300359,0.0015339808305725,-1.5493206977844238,1.2363885641098022,0.5921165943145752
192.205881301,0.0015339808305725,-1.5493206977844238,1.2363885641098022,0.5921165943145752
192.234328645,0.0015339808305725,-1.5477867126464844,1.2363885641098022,0.5936505794525146
192.289120635,0.003067961661145,-1.5477867126464844,1.2363885641098022,0.5921165943145752
192.324105151,0.0015339808305725,-1.5477867126464844,1.2363885641098022,0.5936505794525146
192.412540433,0.0015339808305725,-1.5477867126464844,1.2363885641098022,0.5921165943145752
192.458591468,0.0015339808305725,-1.5493206977844238,1.2363885641098022,0.5921165943145752
192.554348121,0.0015339808305725,-1.5477867126464844,1.2363885641098022,0.5921165943145752
192.583197103,0.0015339808305725,-1.5493206977844238,1.2363885641098022,0.5921165943145752
192.665462504,0.0015339808305725,-1.5477867126464844,1.2363885641098022,0.5921165943145752
192.714485441,0.0015339808305725,-1.5477867126464844,1.2363885641098022,0.5921165943145752
192.795186735,0.0015339808305725,-1.5477867126464844,1.2363885641098022,0.5921165943145752
192.845386052,0.0015339808305725,-1.5477867126464844,1.2363885641098022,0.5921165943145752
192.930334974,0.0015339808305725,-1.5477867126464844,1.2363885641098022,0.5921165943145752
192.980282776,0.0015339808305725,-1.5477867126464844,1.2363885641098022,0.5921165943145752
193.06311921,0.0015339808305725,-1.5477867126464844,1.2363885641098022,0.5921165943145752
193.0991801,0.0015339808305725,-1.5477867126464844,1.2363885641098022,0.5921165943145752
193.18964688,0.0015339808305725,-1.5477867126464844,1.2363885641098022,0.5921165943145752
193.232674129,0.0015339808305725,-1.5477867126464844,1.2363885641098022,0.5921165943145752
193.315973861,0.003067961661145,-1.5477867126464844,1.2363885641098022,0.5921165943145752
193.360227483,0.0015339808305725,-1.5477867126464844,1.2363885641098022,0.5921165943145752
193.451650785,0.0015339808305725,-1.5477867126464844,1.2363885641098022,0.5921165943145752
193.495777319,0.0015339808305725,-1.5477867126464844,1.2363885641098022,0.5921165943145752
193.584129145,0.0015339808305725,-1.5477867126464844,1.2363885641098022,0.5936505794525146
193.620699137,0.003067961661145,-1.5493206977844238,1.2363885641098022,0.5921165943145752
193.719461484,0.0015339808305725,-1.5477867126464844,1.2363885641098022,0.5921165943145752
193.746032498,0.0015339808305725,-1.5477867126464844,1.2363885641098022,0.5921165943145752
193.829486945,0.0015339808305725,-1.5477867126464844,1.2363885641098022,0.5921165943145752
193.880093541,0.0015339808305725,-1.5477867126464844,1.2363885641098022,0.5921165943145752
193.966619306,0.0015339808305725,-1.5477867126464844,1.2363885641098022,0.5921165943145752
194.014299826,0.0015339808305725,-1.5477867126464844,1.2363885641098022,0.5921165943145752
194.096153373,0.0015339808305725,-1.5477867126464844,1.2363885641098022,0.5921165943145752
194.142686803,0.0015339808305725,-1.5477867126464844,1.2363885641098022,0.5921165943145752
194.229884703,0.0015339808305725,-1.5477867126464844,1.2363885641098022,0.5921165943145752
194.26597315,0.0015339808305725,-1.5477867126464844,1.2363885641098022,0.5921165943145752
194.352028929,0.0015339808305725,-1.5477867126464844,1.2363885641098022,0.5921165943145752
194.397325436,0.0015339808305725,-1.5477867126464844,1.2363885641098022,0.5921165943145752
194.485175533,0.0015339808305725,-1.5477867126464844,1.2363885641098022,0.5921165943145752
194.530292601,0.0015339808305725,-1.5477867126464844,1.2363885641098022,0.5921165943145752
194.616747295,0.0015339808305725,-1.5477867126464844,1.2363885641098022,0.5921165943145752
194.650856951,0.0015339808305725,-1.5493206977844238,1.2363885641098022,0.5921165943145752
194.731714122,0.0015339808305725,-1.5477867126464844,1.2363885641098022,0.5921165943145752
194.779101822,0.0015339808305725,-1.5493206977844238,1.2363885641098022,0.5921165943145752
194.864440583,0.0015339808305725,-1.5493206977844238,1.2363885641098022,0.5921165943145752
194.912050468,0.0015339808305725,-1.5477867126464844,1.2363885641098022,0.5921165943145752
194.997084801,0.0015339808305725,-1.5477867126464844,1.2363885641098022,0.5921165943145752
195.034364528,0.0015339808305725,-1.5477867126464844,1.2363885641098022,0.5921165943145752
195.11885121,0.0015339808305725,-1.5477867126464844,1.2363885641098022,0.5921165943145752
195.162667022,0.0015339808305725,-1.5477867126464844,1.2363885641098022,0.5921165943145752
195.253836462,0.0015339808305725,-1.5477867126464844,1.2363885641098022,0.5921165943145752
195.298111976,0.0015339808305725,-1.5477867126464844,1.2363885641098022,0.5921165943145752
195.384294301,0.0015339808305725,-1.5477867126464844,1.2363885641098022,0.5921165943145752
195.428105419,0.0015339808305725,-1.5477867126464844,1.2363885641098022,0.5921165943145752
195.515906083,0.003067961661145,-1.5477867126464844,1.2363885641098022,0.5921165943145752
195.563001508,0.0015339808305725,-1.5477867126464844,1.2363885641098022,0.5921165943145752
195.619906342,0.0015339808305725,-1.5477867126464844,1.2363885641098022,0.5921165943145752
195.644313765,0.0015339808305725,-1.5477867126464844,1.2363885641098022,0.5921165943145752
195.714591507,0.0015339808305725,-1.5477867126464844,1.2363885641098022,0.5921165943145752
195.77894916,0.0015339808305725,-1.5477867126464844,1.2363885641098022,0.5921165943145752
195.862741468,0.003067961661145,-1.5477867126464844,1.2363885641098022,0.5921165943145752
195.915675745,0.0015339808305725,-1.5477867126464844,1.2363885641098022,0.5921165943145752
196.000211082,0.0015339808305725,-1.5477867126464844,1.2363885641098022,0.5921165943145752
196.037953267,0.0015339808305725,-1.5477867126464844,1.2363885641098022,0.5921165943145752
196.125470679,0.0015339808305725,-1.5493206977844238,1.2363885641098022,0.5921165943145752
196.169209227,0.0015339808305725,-1.5477867126464844,1.2363885641098022,0.5921165943145752
196.260558953,0.0015339808305725,-1.5477867126464844,1.2363885641098022,0.5921165943145752
196.299496719,0.0015339808305725,-1.5477867126464844,1.2363885641098022,0.5921165943145752
196.384355233,0.0015339808305725,-1.5477867126464844,1.2363885641098022,0.5921165943145752
196.429483021,0.0015339808305725,-1.5477867126464844,1.2363885641098022,0.5921165943145752
196.516194574,0.0015339808305725,-1.5477867126464844,1.2363885641098022,0.5921165943145752
196.560864819,0.0015339808305725,-1.5477867126464844,1.2363885641098022,0.5921165943145752
196.650310478,0.003067961661145,-1.5477867126464844,1.2363885641098022,0.5921165943145752
196.68877932,0.003067961661145,-1.5477867126464844,1.2363885641098022,0.5921165943145752
196.772395244,0.0015339808305725,-1.5477867126464844,1.2363885641098022,0.5921165943145752
196.82178638,0.0015339808305725,-1.5477867126464844,1.2363885641098022,0.5921165943145752
196.913055866,0.0015339808305725,-1.5477867126464844,1.2363885641098022,0.5921165943145752
196.95710916,0.0015339808305725,-1.5477867126464844,1.2363885641098022,0.5921165943145752
197.043871771,0.0015339808305725,-1.5493206977844238,1.2363885641098022,0.5921165943145752
197.080507455,0.0015339808305725,-1.5493206977844238,1.2363885641098022,0.5921165943145752
197.164246432,0.0015339808305725,-1.5493206977844238,1.2363885641098022,0.5921165943145752
197.214665955,0.0015339808305725,-1.5477867126464844,1.2363885641098022,0.5921165943145752
197.300029439,0.0015339808305725,-1.5477867126464844,1.2363885641098022,0.5921165943145752
197.363089789,0.0015339808305725,-1.5477867126464844,1.2363885641098022,0.5921165943145752
197.452063849,0.0015339808305725,-1.5477867126464844,1.2363885641098022,0.5921165943145752
197.49668211,0.0015339808305725,-1.5477867126464844,1.2363885641098022,0.5921165943145752
197.583490837,0.0015339808305725,-1.5477867126464844,1.2363885641098022,0.5921165943145752
197.62936126,0.0015339808305725,-1.5477867126464844,1.2363885641098022,0.5921165943145752
197.716805482,0.0015339808305725,-1.5493206977844238,1.2363885641098022,0.5921165943145752
197.752764456,0.0015339808305725,-1.5493206977844238,1.2363885641098022,0.5921165943145752
197.835534822,0.0015339808305725,-1.5477867126464844,1.2363885641098022,0.5921165943145752
197.883748291,0.0015339808305725,-1.5477867126464844,1.2363885641098022,0.5921165943145752
197.968398939,0.0015339808305725,-1.5477867126464844,1.2363885641098022,0.5921165943145752
198.017942039,0.0015339808305725,-1.5477867126464844,1.2363885641098022,0.5921165943145752
198.102936465,0.0015339808305725,-1.5477867126464844,1.2363885641098022,0.5921165943145752
198.150905063,0.0015339808305725,-1.5477867126464844,1.2363885641098022,0.5921165943145752
198.235105872,0.0015339808305725,-1.5477867126464844,1.2363885641098022,0.5921165943145752
198.271809425,0.0015339808305725,-1.5477867126464844,1.2363885641098022,0.5921165943145752
198.360774981,0.0015339808305725,-1.5477867126464844,1.2363885641098022,0.5921165943145752
198.413843233,0.0015339808305725,-1.5477867126464844,1.2363885641098022,0.5921165943145752
198.49994666,0.0015339808305725,-1.5477867126464844,1.2363885641098022,0.5921165943145752
198.546363884,0.0015339808305725,-1.5477867126464844,1.2363885641098022,0.5921165943145752
198.633344516,0.0015339808305725,-1.5477867126464844,1.2363885641098022,0.5921165943145752
198.672556602,0.0015339808305725,-1.5477867126464844,1.2363885641098022,0.5921165943145752
198.759394717,0.0015339808305725,-1.5477867126464844,1.2363885641098022,0.5921165943145752
198.802213689,0.0015339808305725,-1.5477867126464844,1.2363885641098022,0.5921165943145752
198.889166351,0.0015339808305725,-1.5477867126464844,1.2363885641098022,0.5921165943145752
198.93222021,0.0015339808305725,-1.5493206977844238,1.2363885641098022,0.5921165943145752
198.988938274,0.0015339808305725,-1.5477867126464844,1.2363885641098022,0.5921165943145752
199.012722676,0.0015339808305725,-1.5477867126464844,1.2363885641098022,0.5936505794525146
199.084313805,0.0015339808305725,-1.5477867126464844,1.2363885641098022,0.5921165943145752
199.164920728,0.0015339808305725,-1.5477867126464844,1.2363885641098022,0.5921165943145752
199.249030403,0.0015339808305725,-1.5477867126464844,1.2363885641098022,0.5921165943145752
199.28527983,0.003067961661145,-1.5493206977844238,1.2363885641098022,0.5921165943145752
199.384350265,0.0015339808305725,-1.5477867126464844,1.2363885641098022,0.5921165943145752
199.412639693,0.0015339808305725,-1.5477867126464844,1.2363885641098022,0.5921165943145752
199.507291359,0.0015339808305725,-1.5477867126464844,1.2363885641098022,0.5921165943145752
199.53585504,0.0015339808305725,-1.5477867126464844,1.2363885641098022,0.5921165943145752
199.629267964,0.0015339808305725,-1.5477867126464844,1.2363885641098022,0.5921165943145752
199.66550194,0.0015339808305725,-1.5477867126464844,1.2363885641098022,0.5921165943145752
199.755585099,0.0015339808305725,-1.5493206977844238,1.2363885641098022,0.5921165943145752
199.792037196,0.0015339808305725,-1.5477867126464844,1.2363885641098022,0.5921165943145752
199.882101725,0.0015339808305725,-1.5477867126464844,1.2363885641098022,0.5921165943145752
199.927686547,0.0015339808305725,-1.5477867126464844,1.2363885641098022,0.5921165943145752
200.01655459,0.0015339808305725,-1.5477867126464844,1.2363885641098022,0.5921165943145752
200.054665602,0.0015339808305725,-1.5477867126464844,1.2363885641098022,0.5921165943145752
200.135627934,0.0015339808305725,-1.5477867126464844,1.2363885641098022,0.5921165943145752
200.185414605,0.0015339808305725,-1.5477867126464844,1.2363885641098022,0.5921165943145752
200.268148429,0.0015339808305725,-1.5477867126464844,1.2363885641098022,0.5921165943145752
200.316359084,0.0015339808305725,-1.5493206977844238,1.2363885641098022,0.5921165943145752
200.406887689,0.0015339808305725,-1.5477867126464844,1.2363885641098022,0.5921165943145752
200.446673337,0.0015339808305725,-1.5477867126464844,1.2363885641098022,0.5921165943145752
200.530109468,0.0015339808305725,-1.5477867126464844,1.2363885641098022,0.5921165943145752
200.578956772,0.0015339808305725,-1.5477867126464844,1.2363885641098022,0.5921165943145752
200.66191947,0.0015339808305725,-1.5477867126464844,1.2363885641098022,0.5921165943145752
200.710698842,0.0015339808305725,-1.5477867126464844,1.2363885641098022,0.5921165943145752
200.795595751,0.0015339808305725,-1.5477867126464844,1.2363885641098022,0.5921165943145752
200.831697292,0.0015339808305725,-1.5477867126464844,1.2363885641098022,0.5921165943145752
200.918087071,0.0015339808305725,-1.5477867126464844,1.2363885641098022,0.5921165943145752
200.966103423,0.0015339808305725,-1.5477867126464844,1.2363885641098022,0.5936505794525146
201.054076613,0.0015339808305725,-1.5477867126464844,1.2363885641098022,0.5921165943145752
201.098563419,0.0015339808305725,-1.5493206977844238,1.2363885641098022,0.5921165943145752
201.186996834,0.0015339808305725,-1.5477867126464844,1.2363885641098022,0.5921165943145752
201.222918069,0.0015339808305725,-1.5477867126464844,1.2363885641098022,0.5921165943145752
201.31798066,0.0015339808305725,-1.5477867126464844,1.2363885641098022,0.5921165943145752
201.347934278,0.0015339808305725,-1.5477867126464844,1.2363885641098022,0.5921165943145752
201.434428216,0.0015339808305725,-1.5477867126464844,1.2363885641098022,0.5921165943145752
201.483664061,0.0015339808305725,-1.5477867126464844,1.2363885641098022,0.5921165943145752
201.572721774,0.0015339808305725,-1.5477867126464844,1.2363885641098022,0.5921165943145752
201.619179559,0.0015339808305725,-1.5477867126464844,1.2363885641098022,0.5921165943145752
201.699593266,0.0015339808305725,-1.5477867126464844,1.2363885641098022,0.5921165943145752
201.736885517,0.0015339808305725,-1.5493206977844238,1.2363885641098022,0.5921165943145752
201.822426439,0.0015339808305725,-1.5477867126464844,1.2363885641098022,0.5921165943145752
201.867777092,0.0015339808305725,-1.5477867126464844,1.2363885641098022,0.5921165943145752
201.954766677,0.0015339808305725,-1.5477867126464844,1.2363885641098022,0.5921165943145752
202.001185137,0.0015339808305725,-1.5477867126464844,1.2363885641098022,0.5921165943145752
202.089031584,0.0015339808305725,-1.5477867126464844,1.2363885641098022,0.5921165943145752
202.125747312,0.0015339808305725,-1.5477867126464844,1.2363885641098022,0.5921165943145752
202.212815953,0.0015339808305725,-1.5477867126464844,1.2363885641098022,0.5921165943145752
202.258013446,0.0015339808305725,-1.5477867126464844,1.2363885641098022,0.5921165943145752
202.321618639,0.0015339808305725,-1.5493206977844238,1.2363885641098022,0.5921165943145752
202.346068758,0.0015339808305725,-1.5477867126464844,1.2363885641098022,0.5921165943145752
202.398939101,0.003067961661145,-1.5477867126464844,1.2363885641098022,0.5921165943145752
202.429372876,0.0015339808305725,-1.5477867126464844,1.2363885641098022,0.5921165943145752
202.481881437,0.0015339808305725,-1.5477867126464844,1.2363885641098022,0.5921165943145752
202.534593548,0.0015339808305725,-1.5477867126464844,1.2363885641098022,0.5921165943145752
202.558907676,0.0015339808305725,-1.5477867126464844,1.2363885641098022,0.5921165943145752
202.614520972,0.0015339808305725,-1.5493206977844238,1.2363885641098022,0.5921165943145752
202.634589919,0.0015339808305725,-1.5477867126464844,1.2363885641098022,0.5921165943145752
202.688715829,0.0015339808305725,-1.5477867126464844,1.2363885641098022,0.5921165943145752
202.718217305,0.0015339808305725,-1.5493206977844238,1.2363885641098022,0.5921165943145752
202.769296816,0.0015339808305725,-1.5477867126464844,1.2363885641098022,0.5936505794525146
202.800554161,0.0015339808305725,-1.5493206977844238,1.2363885641098022,0.5921165943145752
202.854733114,0.0015339808305725,-1.5477867126464844,1.2363885641098022,0.5921165943145752
202.908503962,0.0015339808305725,-1.5477867126464844,1.2363885641098022,0.5921165943145752
202.960484167,0.0015339808305725,-1.5477867126464844,1.2363885641098022,0.5921165943145752
202.989403393,0.0015339808305725,-1.5477867126464844,1.2363885641098022,0.5921165943145752
203.043857725,0.0015339808305725,-1.5477867126464844,1.2363885641098022,0.5921165943145752
203.072377563,0.003067961661145,-1.5477867126464844,1.2363885641098022,0.5921165943145752
203.125206765,0.0015339808305725,-1.5477867126464844,1.2363885641098022,0.5921165943145752
203.153592085,0.0015339808305725,-1.5477867126464844,1.2363885641098022,0.5921165943145752
203.20970597,0.003067961661145,-1.5477867126464844,1.2363885641098022,0.5921165943145752
203.235843892,0.0015339808305725,-1.5477867126464844,1.2363885641098022,0.5921165943145752
203.289877191,0.0015339808305725,-1.5477867126464844,1.2363885641098022,0.5921165943145752
203.319645455,0.0015339808305725,-1.5477867126464844,1.2363885641098022,0.5921165943145752
203.37827257,0.0015339808305725,-1.5477867126464844,1.2363885641098022,0.5921165943145752
203.405179133,0.0015339808305725,-1.5477867126464844,1.2363885641098022,0.5921165943145752
203.458666707,0.0015339808305725,-1.5477867126464844,1.2363885641098022,0.5921165943145752
203.489713004,0.0015339808305725,-1.5477867126464844,1.2363885641098022,0.5921165943145752
203.566707247,0.0015339808305725,-1.5477867126464844,1.2363885641098022,0.5921165943145752
203.613875938,0.0015339808305725,-1.5477867126464844,1.2363885641098022,0.5921165943145752
203.696783378,0.0015339808305725,-1.5477867126464844,1.2363885641098022,0.5921165943145752
203.732802869,0.0015339808305725,-1.5477867126464844,1.2363885641098022,0.5936505794525146
203.820429152,0.0015339808305725,-1.5477867126464844,1.2363885641098022,0.5921165943145752
203.865772948,0.0015339808305725,-1.5493206977844238,1.2363885641098022,0.5921165943145752
203.952225361,0.0015339808305725,-1.5477867126464844,1.2363885641098022,0.5921165943145752
203.99563997,0.0015339808305725,-1.5493206977844238,1.2363885641098022,0.5921165943145752
204.0847781,0.0015339808305725,-1.5477867126464844,1.2363885641098022,0.5921165943145752
204.121507317,0.0015339808305725,-1.5493206977844238,1.2363885641098022,0.5921165943145752
204.206247957,0.0015339808305725,-1.5477867126464844,1.2363885641098022,0.5921165943145752
204.253390454,0.0015339808305725,-1.5477867126464844,1.2363885641098022,0.5921165943145752
204.337964274,0.0015339808305725,-1.5477867126464844,1.2363885641098022,0.5921165943145752
204.379219034,0.0015339808305725,-1.5477867126464844,1.2363885641098022,0.5921165943145752
204.464254832,0.0015339808305725,-1.5477867126464844,1.2363885641098022,0.5921165943145752
204.512499963,0.0015339808305725,-1.5477867126464844,1.2363885641098022,0.5921165943145752
204.596150428,0.0015339808305725,-1.5477867126464844,1.2363885641098022,0.5921165943145752
204.64507828,0.0015339808305725,-1.5477867126464844,1.2363885641098022,0.5921165943145752
204.727431923,0.0015339808305725,-1.5477867126464844,1.2363885641098022,0.5921165943145752
204.763273916,0.0015339808305725,-1.5477867126464844,1.2363885641098022,0.5921165943145752
204.850807242,0.0015339808305725,-1.5477867126464844,1.2363885641098022,0.5921165943145752
204.895195419,0.0015339808305725,-1.5477867126464844,1.2363885641098022,0.5921165943145752
204.981340576,0.0015339808305725,-1.5477867126464844,1.2363885641098022,0.5921165943145752
205.026592671,0.0015339808305725,-1.5477867126464844,1.2363885641098022,0.5921165943145752
205.116766396,0.0015339808305725,-1.5477867126464844,1.2363885641098022,0.5921165943145752
205.151244919,0.0015339808305725,-1.5477867126464844,1.2363885641098022,0.5921165943145752
205.235787933,0.0015339808305725,-1.5477867126464844,1.2363885641098022,0.5921165943145752
205.284318996,0.0015339808305725,-1.5477867126464844,1.2363885641098022,0.5921165943145752
205.368044486,0.003067961661145,-1.5477867126464844,1.2363885641098022,0.5921165943145752
205.416662169,0.0015339808305725,-1.5477867126464844,1.2363885641098022,0.5921165943145752
205.505815091,0.0015339808305725,-1.5477867126464844,1.2363885641098022,0.5921165943145752
205.545854154,0.0015339808305725,-1.5477867126464844,1.2363885641098022,0.5921165943145752
205.629995903,0.0015339808305725,-1.5477867126464844,1.2363885641098022,0.5921165943145752
205.678807243,0.0015339808305725,-1.5477867126464844,1.2363885641098022,0.5921165943145752
205.761980117,0.0015339808305725,-1.5493206977844238,1.2363885641098022,0.5921165943145752
205.798305378,0.0015339808305725,-1.5493206977844238,1.2363885641098022,0.5921165943145752
205.885549433,0.0015339808305725,-1.5477867126464844,1.2363885641098022,0.5921165943145752
205.929483423,0.0015339808305725,-1.5477867126464844,1.2363885641098022,0.5921165943145752
206.021084131,0.0015339808305725,-1.5477867126464844,1.2363885641098022,0.5921165943145752
206.068511244,0.0015339808305725,-1.5477867126464844,1.2363885641098022,0.5921165943145752
206.157023639,0.0015339808305725,-1.5477867126464844,1.2363885641098022,0.5921165943145752
206.193500656,0.0015339808305725,-1.5477867126464844,1.2363885641098022,0.5921165943145752
206.280014306,0.0015339808305725,-1.5477867126464844,1.2363885641098022,0.5921165943145752
206.316818317,0.0015339808305725,-1.5493206977844238,1.2363885641098022,0.5921165943145752
206.401815498,0.0015339808305725,-1.5477867126464844,1.2363885641098022,0.5921165943145752
206.453682136,0.0015339808305725,-1.5493206977844238,1.2363885641098022,0.5921165943145752
206.543199147,0.0015339808305725,-1.5477867126464844,1.2363885641098022,0.5921165943145752
206.5822443,0.0015339808305725,-1.5477867126464844,1.2363885641098022,0.5921165943145752
206.680134662,0.0015339808305725,-1.5477867126464844,1.2363885641098022,0.5921165943145752
206.718175395,0.0015339808305725,-1.5477867126464844,1.2363885641098022,0.5921165943145752
206.79083352,0.0015339808305725,-1.5477867126464844,1.2363885641098022,0.5921165943145752
206.82060206,0.0015339808305725,-1.5477867126464844,1.2363885641098022,0.5921165943145752
206.87525897,0.0015339808305725,-1.5493206977844238,1.2363885641098022,0.5921165943145752
206.902798054,0.0015339808305725,-1.5477867126464844,1.2363885641098022,0.5921165943145752
206.95755187,0.0015339808305725,-1.5493206977844238,1.2363885641098022,0.5921165943145752
206.982645889,0.0015339808305725,-1.5477867126464844,1.2363885641098022,0.5921165943145752
207.03509766,0.0015339808305725,-1.5477867126464844,1.2363885641098022,0.5921165943145752
207.064050978,0.0015339808305725,-1.5477867126464844,1.2363885641098022,0.5921165943145752
207.150569089,0.0015339808305725,-1.5477867126464844,1.2363885641098022,0.5936505794525146
207.192509089,0.0015339808305725,-1.5477867126464844,1.2363885641098022,0.5921165943145752
207.281920572,0.0015339808305725,-1.5477867126464844,1.2363885641098022,0.5921165943145752
207.318268827,0.0015339808305725,-1.5477867126464844,1.2363885641098022,0.5921165943145752
207.402245116,0.0015339808305725,-1.5477867126464844,1.2363885641098022,0.5921165943145752
207.451408348,0.0015339808305725,-1.5477867126464844,1.2363885641098022,0.5921165943145752
207.541525916,0.0015339808305725,-1.5477867126464844,1.2363885641098022,0.5921165943145752
207.58691347,0.0015339808305725,-1.5477867126464844,1.2363885641098022,0.5921165943145752
207.671608738,0.0015339808305725,-1.5477867126464844,1.2363885641098022,0.5921165943145752
207.712008985,0.0015339808305725,-1.5493206977844238,1.2363885641098022,0.5921165943145752
207.798630276,0.0015339808305725,-1.5477867126464844,1.2363885641098022,0.5921165943145752
207.837110525,0.0015339808305725,-1.5477867126464844,1.2363885641098022,0.5921165943145752
207.929272769,0.0015339808305725,-1.5493206977844238,1.2363885641098022,0.5921165943145752
207.978532669,0.0015339808305725,-1.5477867126464844,1.2363885641098022,0.5921165943145752
208.065670838,0.0015339808305725,-1.5477867126464844,1.2363885641098022,0.5921165943145752
208.114602673,0.0015339808305725,-1.5477867126464844,1.2363885641098022,0.5921165943145752
208.197612755,0.0015339808305725,-1.5477867126464844,1.2363885641098022,0.5921165943145752
208.232576635,0.0015339808305725,-1.5493206977844238,1.2363885641098022,0.5921165943145752
208.320011884,0.0015339808305725,-1.5477867126464844,1.2363885641098022,0.5921165943145752
208.365402786,0.0015339808305725,-1.5477867126464844,1.2363885641098022,0.5921165943145752
208.451485288,0.0015339808305725,-1.5477867126464844,1.2363885641098022,0.5921165943145752
208.498953945,0.0015339808305725,-1.5477867126464844,1.2363885641098022,0.5921165943145752
208.597857879,0.0015339808305725,-1.5477867126464844,1.2363885641098022,0.5921165943145752
208.626042904,0.0015339808305725,-1.5477867126464844,1.2363885641098022,0.5921165943145752
208.719351043,0.0015339808305725,-1.5477867126464844,1.2363885641098022,0.5921165943145752
208.749008901,0.0015339808305725,-1.5477867126464844,1.2363885641098022,0.5921165943145752
208.831078125,0.0015339808305725,-1.5477867126464844,1.2363885641098022,0.5921165943145752
208.87746614,0.0015339808305725,-1.5477867126464844,1.2363885641098022,0.5921165943145752
208.96081499,0.0015339808305725,-1.5477867126464844,1.2363885641098022,0.5921165943145752
209.007457859,0.0015339808305725,-1.5477867126464844,1.2363885641098022,0.5921165943145752
209.098771156,0.0015339808305725,-1.5477867126464844,1.2363885641098022,0.5921165943145752
209.126787409,0.0015339808305725,-1.5477867126464844,1.2363885641098022,0.5921165943145752
209.219037259,0.0015339808305725,-1.5493206977844238,1.2363885641098022,0.5921165943145752
209.255204285,0.0015339808305725,-1.5477867126464844,1.2363885641098022,0.5921165943145752
209.335875524,0.0015339808305725,-1.5477867126464844,1.2363885641098022,0.5921165943145752
209.384778005,0.0015339808305725,-1.5477867126464844,1.2363885641098022,0.5921165943145752
209.468073676,0.0015339808305725,-1.5477867126464844,1.2363885641098022,0.5921165943145752
209.504512908,0.0015339808305725,-1.5477867126464844,1.2363885641098022,0.5921165943145752
209.592447666,0.0015339808305725,-1.5477867126464844,1.2363885641098022,0.5936505794525146
209.637685927,0.0015339808305725,-1.5477867126464844,1.2363885641098022,0.5921165943145752
209.723163297,0.0015339808305725,-1.5477867126464844,1.2363885641098022,0.5921165943145752
209.766586696,0.0015339808305725,-1.5477867126464844,1.2363885641098022,0.5921165943145752
209.855409331,0.0015339808305725,-1.5477867126464844,1.2363885641098022,0.5921165943145752
209.892093336,0.0015339808305725,-1.5477867126464844,1.2363885641098022,0.5921165943145752
209.980104105,0.0015339808305725,-1.5477867126464844,1.2363885641098022,0.5921165943145752
210.018271173,0.0015339808305725,-1.5477867126464844,1.2363885641098022,0.5921165943145752
210.102279623,0.0015339808305725,-1.5477867126464844,1.2363885641098022,0.5921165943145752
210.148970287,0.0015339808305725,-1.5477867126464844,1.2363885641098022,0.5921165943145752
210.246508974,0.0015339808305725,-1.5493206977844238,1.2363885641098022,0.5921165943145752
210.28351182,0.0015339808305725,-1.5493206977844238,1.2363885641098022,0.5921165943145752
210.357439463,0.0015339808305725,-1.5477867126464844,1.2363885641098022,0.5921165943145752
210.380457808,0.0015339808305725,-1.5477867126464844,1.2363885641098022,0.5921165943145752
210.43650573,0.0015339808305725,-1.5493206977844238,1.2363885641098022,0.5921165943145752
210.466744058,0.003067961661145,-1.5477867126464844,1.2363885641098022,0.5921165943145752
210.530014696,0.0015339808305725,-1.5477867126464844,1.2363885641098022,0.5921165943145752
210.553745787,0.0015339808305725,-1.5493206977844238,1.2363885641098022,0.5921165943145752
210.613191396,0.0015339808305725,-1.5477867126464844,1.2363885641098022,0.5921165943145752
210.634125679,0.003067961661145,-1.5477867126464844,1.2363885641098022,0.5921165943145752
210.69477775,0.0015339808305725,-1.5477867126464844,1.2363885641098022,0.5921165943145752
210.724264978,0.0015339808305725,-1.5477867126464844,1.2363885641098022,0.5921165943145752
210.781987101,0.0015339808305725,-1.5477867126464844,1.2363885641098022,0.5921165943145752
210.803669634,0.0015339808305725,-1.5477867126464844,1.2363885641098022,0.5921165943145752
210.86428766,0.0015339808305725,-1.5477867126464844,1.2363885641098022,0.5921165943145752
210.889359863,0.0015339808305725,-1.5477867126464844,1.2363885641098022,0.5921165943145752
210.947575678,0.0015339808305725,-1.5477867126464844,1.2363885641098022,0.5921165943145752
210.979467052,0.0015339808305725,-1.5477867126464844,1.2363885641098022,0.5921165943145752
211.036560449,0.0015339808305725,-1.5493206977844238,1.2363885641098022,0.5921165943145752
211.061761399,0.0015339808305725,-1.5477867126464844,1.2363885641098022,0.5921165943145752
211.121351217,0.0015339808305725,-1.5477867126464844,1.2363885641098022,0.5921165943145752
211.150829428,0.0015339808305725,-1.5477867126464844,1.2363885641098022,0.5921165943145752
211.210113377,0.0015339808305725,-1.5477867126464844,1.2363885641098022,0.5921165943145752
211.231365333,0.0015339808305725,-1.5477867126464844,1.2363885641098022,0.5921165943145752
211.284903018,0.0015339808305725,-1.5477867126464844,1.2363885641098022,0.5921165943145752
211.319830081,0.0015339808305725,-1.5477867126464844,1.2363885641098022,0.5921165943145752
211.402254163,0.0015339808305725,-1.5477867126464844,1.2363885641098022,0.5921165943145752
211.441830848,0.0015339808305725,-1.5477867126464844,1.2363885641098022,0.5921165943145752
211.526038932,0.0015339808305725,-1.5477867126464844,1.2363885641098022,0.5921165943145752
211.56380317,0.0015339808305725,-1.5477867126464844,1.2363885641098022,0.5936505794525146
211.666796914,0.0015339808305725,-1.5477867126464844,1.2363885641098022,0.5921165943145752
211.697489544,0.0015339808305725,-1.5477867126464844,1.2363885641098022,0.5921165943145752
211.78563919,0.0015339808305725,-1.5477867126464844,1.2363885641098022,0.5921165943145752
211.830588541,0.0015339808305725,-1.5477867126464844,1.2363885641098022,0.5921165943145752
211.917437855,0.0015339808305725,-1.5477867126464844,1.2363885641098022,0.5921165943145752
211.962307473,0.0015339808305725,-1.5477867126464844,1.2363885641098022,0.5921165943145752
212.050897802,0.0015339808305725,-1.5477867126464844,1.2363885641098022,0.5921165943145752
212.088098792,0.0015339808305725,-1.5477867126464844,1.2363885641098022,0.5921165943145752
212.183163134,0.0015339808305725,-1.5477867126464844,1.2363885641098022,0.5921165943145752
212.211225571,0.0015339808305725,-1.5477867126464844,1.2363885641098022,0.5921165943145752
212.302127301,0.0015339808305725,-1.5477867126464844,1.2363885641098022,0.5921165943145752
212.341575438,0.0015339808305725,-1.5477867126464844,1.2363885641098022,0.5921165943145752
212.435558731,0.0015339808305725,-1.5477867126464844,1.2363885641098022,0.5921165943145752
212.472145454,0.0015339808305725,-1.5477867126464844,1.2363885641098022,0.5921165943145752
212.564691737,0.0015339808305725,-1.5477867126464844,1.2363885641098022,0.5921165943145752
212.601880509,0.0015339808305725,-1.5493206977844238,1.2363885641098022,0.5921165943145752
212.700250804,0.0015339808305725,-1.5493206977844238,1.2363885641098022,0.5921165943145752
212.737228813,0.0015339808305725,-1.5477867126464844,1.2363885641098022,0.5921165943145752
212.830808519,0.0015339808305725,-1.5477867126464844,1.2363885641098022,0.5921165943145752
212.868014592,0.0015339808305725,-1.5477867126464844,1.2363885641098022,0.5921165943145752
212.963249754,0.0015339808305725,-1.5477867126464844,1.2363885641098022,0.5921165943145752
213.000253322,0.0015339808305725,-1.5493206977844238,1.2363885641098022,0.5921165943145752
213.096570911,0.003067961661145,-1.5477867126464844,1.2363885641098022,0.5921165943145752
213.131637359,0.0015339808305725,-1.5477867126464844,1.2363885641098022,0.5921165943145752
213.226189932,0.0015339808305725,-1.5477867126464844,1.2363885641098022,0.5921165943145752
213.262669496,0.0015339808305725,-1.5493206977844238,1.2363885641098022,0.5921165943145752
213.355368054,0.0015339808305725,-1.5477867126464844,1.2363885641098022,0.5936505794525146
213.391636039,0.0015339808305725,-1.5477867126464844,1.2363885641098022,0.5921165943145752
213.486876433,0.0015339808305725,-1.5477867126464844,1.2363885641098022,0.5921165943145752
213.534427902,0.0015339808305725,-1.5477867126464844,1.2363885641098022,0.5921165943145752
213.622230136,0.0015339808305725,-1.5477867126464844,1.2363885641098022,0.5921165943145752
213.658149852,0.0015339808305725,-1.5477867126464844,1.2363885641098022,0.5921165943145752
213.751150361,0.0015339808305725,-1.5477867126464844,1.2363885641098022,0.5921165943145752
213.789210275,0.0015339808305725,-1.5477867126464844,1.2363885641098022,0.5921165943145752
213.884461842,0.0015339808305725,-1.5477867126464844,1.2363885641098022,0.5921165943145752
213.918779622,0.0015339808305725,-1.5477867126464844,1.2363885641098022,0.5921165943145752
214.014802798,0.0015339808305725,-1.5493206977844238,1.2363885641098022,0.5936505794525146
214.05187189,0.0015339808305725,-1.5477867126464844,1.2363885641098022,0.5921165943145752
214.147585046,0.0015339808305725,-1.5477867126464844,1.2363885641098022,0.5921165943145752
214.175659963,0.0015339808305725,-1.5477867126464844,1.2363885641098022,0.5921165943145752
214.268031299,0.0015339808305725,-1.5493206977844238,1.2363885641098022,0.5921165943145752
214.303736321,0.0015339808305725,-1.5477867126464844,1.2363885641098022,0.5921165943145752
214.397224956,0.0015339808305725,-1.5477867126464844,1.2363885641098022,0.5921165943145752
214.433275535,0.0015339808305725,-1.5493206977844238,1.2363885641098022,0.5921165943145752
214.528727887,0.0015339808305725,-1.5477867126464844,1.2363885641098022,0.5921165943145752
214.56713853,0.0015339808305725,-1.5477867126464844,1.2363885641098022,0.5921165943145752
214.637591596,0.0015339808305725,-1.5493206977844238,1.2363885641098022,0.5921165943145752
214.666446423,0.0015339808305725,-1.5477867126464844,1.2363885641098022,0.5921165943145752
214.728680773,0.0015339808305725,-1.5477867126464844,1.2363885641098022,0.5921165943145752
214.753163931,0.0015339808305725,-1.5477867126464844,1.2363885641098022,0.5921165943145752
214.811492505,0.0015339808305725,-1.5477867126464844,1.2363885641098022,0.5921165943145752
214.833095211,0.0015339808305725,-1.5477867126464844,1.2363885641098022,0.5921165943145752
214.89531495,0.0015339808305725,-1.5477867126464844,1.2363885641098022,0.5921165943145752
214.922146532,0.0015339808305725,-1.5493206977844238,1.2363885641098022,0.5936505794525146
214.98135152,0.0015339808305725,-1.5477867126464844,1.2363885641098022,0.5921165943145752
215.002938243,0.0015339808305725,-1.5477867126464844,1.2363885641098022,0.5921165943145752
215.099749519,0.0015339808305725,-1.5493206977844238,1.2363885641098022,0.5936505794525146
215.135899799,0.0015339808305725,-1.5477867126464844,1.2363885641098022,0.5936505794525146
215.22969394,0.0015339808305725,-1.5477867126464844,1.2363885641098022,0.5936505794525146
215.263553178,0.0015339808305725,-1.5477867126464844,1.2363885641098022,0.5921165943145752
215.3572538,0.0015339808305725,-1.5477867126464844,1.2363885641098022,0.5921165943145752
215.395901125,0.0015339808305725,-1.5477867126464844,1.2363885641098022,0.5921165943145752
215.490799096,0.0015339808305725,-1.5477867126464844,1.2363885641098022,0.5921165943145752
215.526374272,0.0015339808305725,-1.5493206977844238,1.2363885641098022,0.5921165943145752
215.623453368,0.0015339808305725,-1.5477867126464844,1.2363885641098022,0.5921165943145752
215.659560625,0.0015339808305725,-1.5477867126464844,1.2363885641098022,0.5921165943145752
215.754471624,0.0015339808305725,-1.5477867126464844,1.2363885641098022,0.5936505794525146
215.795332586,0.0015339808305725,-1.5477867126464844,1.2363885641098022,0.5921165943145752
215.889337167,0.0015339808305725,-1.5477867126464844,1.2363885641098022,0.5921165943145752
215.925529028,0.0015339808305725,-1.5493206977844238,1.2363885641098022,0.5921165943145752
216.021171682,0.0015339808305725,-1.5493206977844238,1.2363885641098022,0.5921165943145752
216.054160604,0.0015339808305725,-1.5477867126464844,1.2363885641098022,0.5921165943145752
216.146993929,0.0015339808305725,-1.5477867126464844,1.2363885641098022,0.5921165943145752
216.184019769,0.0015339808305725,-1.5477867126464844,1.2363885641098022,0.5921165943145752
216.275040176,0.0015339808305725,-1.5477867126464844,1.2363885641098022,0.5921165943145752
216.313052226,0.0015339808305725,-1.5477867126464844,1.2363885641098022,0.5921165943145752
216.410472131,0.0015339808305725,-1.5477867126464844,1.2363885641098022,0.5921165943145752
216.455355301,0.0015339808305725,-1.5477867126464844,1.2363885641098022,0.5921165943145752
216.550317145,0.0015339808305725,-1.5477867126464844,1.2363885641098022,0.5921165943145752
216.579590582,0.0015339808305725,-1.5477867126464844,1.2363885641098022,0.5921165943145752
216.671156343,0.0015339808305725,-1.5477867126464844,1.2363885641098022,0.5921165943145752
216.711867541,0.0015339808305725,-1.5477867126464844,1.2363885641098022,0.5921165943145752
216.814310291,0.0015339808305725,-1.5477867126464844,1.2363885641098022,0.5921165943145752
216.850542087,0.0015339808305725,-1.5493206977844238,1.2363885641098022,0.5921165943145752
216.946035441,0.0015339808305725,-1.5477867126464844,1.2363885641098022,0.5936505794525146
216.98402944,0.0015339808305725,-1.5493206977844238,1.2363885641098022,0.5921165943145752
217.079203974,0.0015339808305725,-1.5477867126464844,1.2363885641098022,0.5921165943145752
217.117434696,0.0015339808305725,-1.5477867126464844,1.2363885641098022,0.5921165943145752
217.213432915,0.0015339808305725,-1.5477867126464844,1.2363885641098022,0.5921165943145752
217.249776989,0.0015339808305725,-1.5477867126464844,1.2363885641098022,0.5921165943145752
217.342705599,0.0015339808305725,-1.5477867126464844,1.2363885641098022,0.5921165943145752
217.380103806,0.0015339808305725,-1.5477867126464844,1.2363885641098022,0.5921165943145752
217.474335373,0.0015339808305725,-1.5477867126464844,1.2363885641098022,0.5921165943145752
217.511169678,0.0015339808305725,-1.5477867126464844,1.2363885641098022,0.5921165943145752
217.605059994,0.0015339808305725,-1.5493206977844238,1.2363885641098022,0.5921165943145752
217.644413522,0.0015339808305725,-1.5493206977844238,1.2363885641098022,0.5921165943145752
217.735292483,0.0015339808305725,-1.5477867126464844,1.2363885641098022,0.5921165943145752
217.772670441,0.0015339808305725,-1.5477867126464844,1.2363885641098022,0.5921165943145752
217.873963789,0.003067961661145,-1.5493206977844238,1.2363885641098022,0.5921165943145752
217.901970037,0.0015339808305725,-1.5477867126464844,1.2363885641098022,0.5921165943145752
217.998200558,0.0015339808305725,-1.5477867126464844,1.2363885641098022,0.5921165943145752
218.033502202,0.0015339808305725,-1.5477867126464844,1.2363885641098022,0.5921165943145752
218.129936116,0.0015339808305725,-1.5477867126464844,1.2363885641098022,0.5936505794525146
218.157786042,0.003067961661145,-1.5477867126464844,1.2363885641098022,0.5921165943145752
218.253879006,0.0015339808305725,-1.5477867126464844,1.2363885641098022,0.5921165943145752
218.282964225,0.0015339808305725,-1.5477867126464844,1.2363885641098022,0.5921165943145752
218.339874107,0.0015339808305725,-1.5477867126464844,1.2363885641098022,0.5921165943145752
218.362694097,0.0015339808305725,-1.5477867126464844,1.2363885641098022,0.5921165943145752
218.452538645,0.0015339808305725,-1.5477867126464844,1.2363885641098022,0.5921165943145752
218.49636721,0.0015339808305725,-1.5493206977844238,1.2363885641098022,0.5921165943145752
218.59277268,0.0015339808305725,-1.5477867126464844,1.2363885641098022,0.5921165943145752
218.623798622,0.0015339808305725,-1.5477867126464844,1.2363885641098022,0.5921165943145752
218.720008462,0.0015339808305725,-1.5493206977844238,1.2363885641098022,0.5921165943145752
218.748600627,0.0015339808305725,-1.5477867126464844,1.2363885641098022,0.5921165943145752
218.844707751,0.0015339808305725,-1.5477867126464844,1.2363885641098022,0.5921165943145752
218.881661166,0.0015339808305725,-1.5477867126464844,1.2363885641098022,0.5921165943145752
218.974554384,0.0015339808305725,-1.5493206977844238,1.2363885641098022,0.5921165943145752
219.013105258,0.0015339808305725,-1.5477867126464844,1.2363885641098022,0.5921165943145752
219.103315729,0.0015339808305725,-1.5477867126464844,1.2363885641098022,0.5921165943145752
219.143622183,0.0015339808305725,-1.5477867126464844,1.2363885641098022,0.5921165943145752
219.233777496,0.0015339808305725,-1.5477867126464844,1.2363885641098022,0.5921165943145752
219.271841339,0.0015339808305725,-1.5477867126464844,1.2363885641098022,0.5921165943145752
219.364131211,0.003067961661145,-1.5477867126464844,1.2363885641098022,0.5921165943145752
219.398684969,0.0015339808305725,-1.5477867126464844,1.2363885641098022,0.5921165943145752
219.494507535,0.0015339808305725,-1.5477867126464844,1.2363885641098022,0.5921165943145752
219.532346374,0.0015339808305725,-1.5477867126464844,1.2363885641098022,0.5921165943145752
219.628162382,0.0015339808305725,-1.5477867126464844,1.2363885641098022,0.5921165943145752
219.665006834,0.0015339808305725,-1.5477867126464844,1.2363885641098022,0.5921165943145752
219.759163057,0.0015339808305725,-1.5477867126464844,1.2363885641098022,0.5921165943145752
219.796321523,0.0015339808305725,-1.5477867126464844,1.2363885641098022,0.5921165943145752
219.895709808,0.0015339808305725,-1.5493206977844238,1.2363885641098022,0.5921165943145752
219.931497757,0.0015339808305725,-1.5493206977844238,1.2363885641098022,0.5921165943145752
220.027181787,0.0015339808305725,-1.5477867126464844,1.2363885641098022,0.5921165943145752
220.063026634,0.0015339808305725,-1.5477867126464844,1.2363885641098022,0.5921165943145752
220.157215057,0.0015339808305725,-1.5477867126464844,1.2363885641098022,0.5921165943145752
220.193417346,0.0015339808305725,-1.5477867126464844,1.2363885641098022,0.5921165943145752
220.287760317,0.0015339808305725,-1.5477867126464844,1.2363885641098022,0.5921165943145752
220.316308065,0.0015339808305725,-1.5477867126464844,1.2363885641098022,0.5921165943145752
220.41098187,0.0015339808305725,-1.5477867126464844,1.2363885641098022,0.5921165943145752
220.448499207,0.0015339808305725,-1.5477867126464844,1.2363885641098022,0.5921165943145752
220.540724205,0.0015339808305725,-1.5477867126464844,1.2363885641098022,0.5921165943145752
220.580111356,0.0015339808305725,-1.5493206977844238,1.2363885641098022,0.5921165943145752
220.673127519,0.0015339808305725,-1.5493206977844238,1.2363885641098022,0.5921165943145752
220.712896474,0.0015339808305725,-1.5493206977844238,1.2363885641098022,0.5921165943145752
220.807049595,0.0015339808305725,-1.5477867126464844,1.2363885641098022,0.5921165943145752
220.833342369,0.0015339808305725,-1.5477867126464844,1.2363885641098022,0.5921165943145752
220.932404187,0.0015339808305725,-1.5477867126464844,1.2363885641098022,0.5921165943145752
220.967811181,0.0015339808305725,-1.5477867126464844,1.2363885641098022,0.5936505794525146
221.063715435,0.003067961661145,-1.5477867126464844,1.2363885641098022,0.5921165943145752
221.092660118,0.0015339808305725,-1.5477867126464844,1.2363885641098022,0.5921165943145752
221.196664208,0.0015339808305725,-1.5493206977844238,1.2363885641098022,0.5921165943145752
221.234326388,0.0015339808305725,-1.5477867126464844,1.2363885641098022,0.5921165943145752
221.330049313,0.0015339808305725,-1.5477867126464844,1.2363885641098022,0.5921165943145752
221.358937725,0.0015339808305725,-1.5477867126464844,1.2363885641098022,0.5921165943145752
221.453616969,0.0015339808305725,-1.5477867126464844,1.2363885641098022,0.5921165943145752
221.483042525,0.0015339808305725,-1.5477867126464844,1.2363885641098022,0.5921165943145752
221.579647375,0.0015339808305725,-1.5477867126464844,1.2363885641098022,0.5921165943145752
221.615371492,0.0015339808305725,-1.5477867126464844,1.2363885641098022,0.5921165943145752
221.681080976,0.0015339808305725,-1.5477867126464844,1.2363885641098022,0.5921165943145752
221.700193319,0.0015339808305725,-1.5477867126464844,1.2363885641098022,0.5921165943145752
221.779190933,0.0015339808305725,-1.5477867126464844,1.2363885641098022,0.5921165943145752
221.822232312,0.0015339808305725,-1.5477867126464844,1.2363885641098022,0.5921165943145752
221.921221711,0.0015339808305725,-1.5477867126464844,1.2363885641098022,0.5921165943145752
221.94821109,0.0015339808305725,-1.5477867126464844,1.2363885641098022,0.5921165943145752
222.042051394,0.0015339808305725,-1.5477867126464844,1.2363885641098022,0.5921165943145752
222.081880885,0.0015339808305725,-1.5477867126464844,1.2363885641098022,0.5921165943145752
222.178879422,0.0015339808305725,-1.5477867126464844,1.2363885641098022,0.5936505794525146
222.215804444,0.0015339808305725,-1.5477867126464844,1.2363885641098022,0.5921165943145752
222.305263685,0.0015339808305725,-1.5477867126464844,1.2363885641098022,0.5921165943145752
222.344003714,0.0015339808305725,-1.5477867126464844,1.2363885641098022,0.5921165943145752
222.433507431,0.003067961661145,-1.5477867126464844,1.2363885641098022,0.5921165943145752
222.470343345,0.0015339808305725,-1.5477867126464844,1.2363885641098022,0.5921165943145752
222.564041019,0.0015339808305725,-1.5477867126464844,1.2363885641098022,0.5921165943145752
222.59993684,0.0015339808305725,-1.5477867126464844,1.2363885641098022,0.5921165943145752
222.696674704,0.0015339808305725,-1.5477867126464844,1.2363885641098022,0.5921165943145752
222.733464586,0.0015339808305725,-1.5477867126464844,1.2363885641098022,0.5921165943145752
222.827025321,0.0015339808305725,-1.5477867126464844,1.2363885641098022,0.5921165943145752
222.863973783,0.0015339808305725,-1.5477867126464844,1.2363885641098022,0.5921165943145752
222.964031397,0.0015339808305725,-1.5477867126464844,1.2363885641098022,0.5921165943145752
222.999792719,0.0015339808305725,-1.5477867126464844,1.2363885641098022,0.5921165943145752
223.091657462,0.0015339808305725,-1.5477867126464844,1.2363885641098022,0.5921165943145752
223.136326256,0.0015339808305725,-1.5477867126464844,1.2363885641098022,0.5921165943145752
223.230659575,0.0015339808305725,-1.5477867126464844,1.2363885641098022,0.5921165943145752
223.268409999,0.0015339808305725,-1.5477867126464844,1.2363885641098022,0.5921165943145752
223.362309763,0.0015339808305725,-1.5493206977844238,1.2363885641098022,0.5921165943145752
223.390190848,0.0015339808305725,-1.5493206977844238,1.2363885641098022,0.5921165943145752
223.486196898,0.0015339808305725,-1.5477867126464844,1.2363885641098022,0.5921165943145752
223.52082559,0.0015339808305725,-1.5477867126464844,1.2363885641098022,0.5921165943145752
223.617856109,0.0015339808305725,-1.5493206977844238,1.2363885641098022,0.5921165943145752
223.65746871,0.0015339808305725,-1.5477867126464844,1.2363885641098022,0.5921165943145752
223.752223878,0.0015339808305725,-1.5477867126464844,1.2363885641098022,0.5936505794525146
223.787636319,0.0015339808305725,-1.5477867126464844,1.2363885641098022,0.5921165943145752
223.88182419,0.0015339808305725,-1.5477867126464844,1.2363885641098022,0.5921165943145752
223.917709153,0.0015339808305725,-1.5477867126464844,1.2363885641098022,0.5921165943145752
224.013624549,0.0015339808305725,-1.5477867126464844,1.2363885641098022,0.5921165943145752
224.041436723,0.0015339808305725,-1.5477867126464844,1.2363885641098022,0.5921165943145752
224.136912974,0.0015339808305725,-1.5477867126464844,1.2363885641098022,0.5921165943145752
224.183405377,0.0015339808305725,-1.5477867126464844,1.2363885641098022,0.5921165943145752
224.273908749,0.0015339808305725,-1.5477867126464844,1.2363885641098022,0.5921165943145752
224.302048472,0.0015339808305725,-1.5477867126464844,1.2363885641098022,0.5921165943145752
224.398321462,0.0015339808305725,-1.5477867126464844,1.2363885641098022,0.5921165943145752
224.443328041,0.0015339808305725,-1.5477867126464844,1.2363885641098022,0.5921165943145752
224.534523763,0.0015339808305725,-1.5477867126464844,1.2363885641098022,0.5921165943145752
224.563563838,0.0015339808305725,-1.5477867126464844,1.2363885641098022,0.5921165943145752
224.656736137,0.0015339808305725,-1.5477867126464844,1.2363885641098022,0.5921165943145752
224.692373174,0.0015339808305725,-1.5477867126464844,1.2363885641098022,0.5921165943145752
224.784483951,0.0015339808305725,-1.5477867126464844,1.2363885641098022,0.5921165943145752
224.820438569,0.0015339808305725,-1.5477867126464844,1.2363885641098022,0.5921165943145752
224.903187132,0.003067961661145,-1.5477867126464844,1.2363885641098022,0.5921165943145752
224.95145729,0.003067961661145,-1.5493206977844238,1.2363885641098022,0.5921165943145752
225.025327555,0.0015339808305725,-1.5493206977844238,1.2363885641098022,0.5936505794525146
225.044896139,0.0015339808305725,-1.5477867126464844,1.2363885641098022,0.5921165943145752
225.100323624,0.0015339808305725,-1.5477867126464844,1.2363885641098022,0.5921165943145752
225.130100958,0.0015339808305725,-1.5477867126464844,1.2363885641098022,0.5921165943145752
225.188196674,0.0015339808305725,-1.5477867126464844,1.2363885641098022,0.5921165943145752
225.227668173,0.0015339808305725,-1.5477867126464844,1.2363885641098022,0.5921165943145752
225.286159993,0.0015339808305725,-1.5477867126464844,1.2363885641098022,0.5921165943145752
225.303451397,0.0015339808305725,-1.5493206977844238,1.2363885641098022,0.5921165943145752
225.362414632,0.0015339808305725,-1.5477867126464844,1.2363885641098022,0.5921165943145752
225.392263999,0.0015339808305725,-1.5477867126464844,1.2363885641098022,0.5921165943145752
225.449988974,0.0015339808305725,-1.5477867126464844,1.2363885641098022,0.5921165943145752
225.495082965,0.0015339808305725,-1.5477867126464844,1.2363885641098022,0.5921165943145752
225.554675816,0.0015339808305725,-1.5477867126464844,1.2363885641098022,0.5936505794525146
225.594575652,0.0015339808305725,-1.5493206977844238,1.2363885641098022,0.5921165943145752
225.652227193,0.0015339808305725,-1.5477867126464844,1.2363885641098022,0.5921165943145752
225.69898162,0.0015339808305725,-1.5477867126464844,1.2363885641098022,0.5921165943145752
225.757211876,0.0015339808305725,-1.5477867126464844,1.2363885641098022,0.5921165943145752
225.786866536,0.0015339808305725,-1.5477867126464844,1.2363885641098022,0.5921165943145752
225.844883428,0.0015339808305725,-1.5477867126464844,1.2363885641098022,0.5921165943145752
225.866534851,0.0015339808305725,-1.5477867126464844,1.2363885641098022,0.5921165943145752
225.940797361,0.0015339808305725,-1.5477867126464844,1.2363885641098022,0.5921165943145752
225.986995274,0.0015339808305725,-1.5477867126464844,1.2363885641098022,0.5921165943145752
226.083823324,0.0015339808305725,-1.5477867126464844,1.2363885641098022,0.5921165943145752
226.109981243,0.0015339808305725,-1.5493206977844238,1.2363885641098022,0.5921165943145752
226.204284672,0.0015339808305725,-1.5477867126464844,1.2363885641098022,0.5921165943145752
226.248145774,0.0015339808305725,-1.5477867126464844,1.2363885641098022,0.5921165943145752
226.340980032,0.0015339808305725,-1.5477867126464844,1.2363885641098022,0.5921165943145752
226.379795806,0.0015339808305725,-1.5493206977844238,1.2363885641098022,0.5921165943145752
226.470568994,0.0015339808305725,-1.5477867126464844,1.2363885641098022,0.5921165943145752
226.511266097,0.0015339808305725,-1.5477867126464844,1.2363885641098022,0.5921165943145752
226.600402387,0.0015339808305725,-1.5477867126464844,1.2363885641098022,0.5921165943145752
226.637361262,0.0015339808305725,-1.5477867126464844,1.2363885641098022,0.5921165943145752
226.729587782,0.0015339808305725,-1.5493206977844238,1.2363885641098022,0.5921165943145752
226.765321806,0.0015339808305725,-1.5477867126464844,1.2363885641098022,0.5936505794525146
226.86107472,0.0015339808305725,-1.5477867126464844,1.2363885641098022,0.5921165943145752
226.896449908,0.0015339808305725,-1.5493206977844238,1.2363885641098022,0.5921165943145752
226.990341524,0.0015339808305725,-1.5477867126464844,1.2363885641098022,0.5921165943145752
227.026793498,0.0015339808305725,-1.5477867126464844,1.2363885641098022,0.5921165943145752
227.122729239,0.0015339808305725,-1.5493206977844238,1.2363885641098022,0.5921165943145752
227.158595635,0.0015339808305725,-1.5477867126464844,1.2363885641098022,0.5921165943145752
227.25311934,0.0015339808305725,-1.5477867126464844,1.2363885641098022,0.5921165943145752
227.288977474,0.0015339808305725,-1.5477867126464844,1.2363885641098022,0.5921165943145752
227.383902244,0.0015339808305725,-1.5477867126464844,1.2363885641098022,0.5921165943145752
227.420687783,0.0015339808305725,-1.5477867126464844,1.2363885641098022,0.5921165943145752
227.507174159,0.0015339808305725,-1.5477867126464844,1.2363885641098022,0.5921165943145752
227.554181998,0.0015339808305725,-1.5477867126464844,1.2363885641098022,0.5921165943145752
227.649325559,0.0015339808305725,-1.5477867126464844,1.2363885641098022,0.5921165943145752
227.685716141,0.003067961661145,-1.5477867126464844,1.2363885641098022,0.5921165943145752
227.782500492,0.0015339808305725,-1.5477867126464844,1.2363885641098022,0.5921165943145752
227.811762295,0.0015339808305725,-1.5477867126464844,1.2363885641098022,0.5921165943145752
227.90238552,0.0015339808305725,-1.5477867126464844,1.2363885641098022,0.5921165943145752
227.945089538,0.0015339808305725,-1.5477867126464844,1.2363885641098022,0.5921165943145752
228.038785874,0.0015339808305725,-1.5493206977844238,1.2363885641098022,0.5921165943145752
228.077406587,0.0015339808305725,-1.5493206977844238,1.2363885641098022,0.5921165943145752
228.179813429,0.0015339808305725,-1.5493206977844238,1.2363885641098022,0.5921165943145752
228.217571311,0.0015339808305725,-1.5477867126464844,1.2363885641098022,0.5921165943145752
228.311776909,0.0015339808305725,-1.5477867126464844,1.2363885641098022,0.5921165943145752
228.350333297,0.0015339808305725,-1.5477867126464844,1.2363885641098022,0.5921165943145752
228.441483999,0.0015339808305725,-1.5493206977844238,1.2363885641098022,0.5921165943145752
228.480879743,0.0015339808305725,-1.5477867126464844,1.2363885641098022,0.5921165943145752
228.57268249,0.0015339808305725,-1.5493206977844238,1.2363885641098022,0.5921165943145752
228.613988343,0.0015339808305725,-1.5493206977844238,1.2363885641098022,0.5936505794525146
228.712286931,0.0015339808305725,-1.5493206977844238,1.2363885641098022,0.5921165943145752
228.750247613,0.0015339808305725,-1.5477867126464844,1.2363885641098022,0.5921165943145752
228.84882782,0.0015339808305725,-1.5477867126464844,1.2363885641098022,0.5921165943145752
228.885259098,0.0015339808305725,-1.5477867126464844,1.2363885641098022,0.5921165943145752
228.980721241,0.0015339808305725,-1.5477867126464844,1.2363885641098022,0.5921165943145752
229.018060249,0.0015339808305725,-1.5477867126464844,1.2363885641098022,0.5921165943145752
229.112823211,0.0015339808305725,-1.5477867126464844,1.2363885641098022,0.5921165943145752
229.15266859,0.0015339808305725,-1.5477867126464844,1.2363885641098022,0.5921165943145752
229.21709017,0.0015339808305725,-1.5477867126464844,1.2363885641098022,0.5921165943145752
229.243259979,0.0015339808305725,-1.5477867126464844,1.2363885641098022,0.5921165943145752
229.297735257,0.0015339808305725,-1.5477867126464844,1.2363885641098022,0.5921165943145752
229.327639305,0.0015339808305725,-1.5477867126464844,1.2363885641098022,0.5921165943145752
229.38704015,0.0015339808305725,-1.5493206977844238,1.2363885641098022,0.5921165943145752
229.426838147,0.0015339808305725,-1.5493206977844238,1.2363885641098022,0.5921165943145752
229.486078346,0.0015339808305725,-1.5493206977844238,1.2363885641098022,0.5921165943145752
229.509297084,0.0015339808305725,-1.5477867126464844,1.2363885641098022,0.5921165943145752
229.56753538,0.0015339808305725,-1.5477867126464844,1.2363885641098022,0.5921165943145752
229.591652925,0.0015339808305725,-1.5477867126464844,1.2363885641098022,0.5921165943145752
229.64993987,0.0015339808305725,-1.5477867126464844,1.2363885641098022,0.5921165943145752
229.679156358,0.0015339808305725,-1.5477867126464844,1.2363885641098022,0.5921165943145752
229.735034649,0.0015339808305725,-1.5477867126464844,1.2363885641098022,0.5921165943145752
229.758750726,0.0015339808305725,-1.5477867126464844,1.2363885641098022,0.5921165943145752
229.816329803,0.0015339808305725,-1.5477867126464844,1.2363885641098022,0.5921165943145752
229.840038172,0.0015339808305725,-1.5477867126464844,1.2363885641098022,0.5921165943145752
229.896567809,0.0015339808305725,-1.5477867126464844,1.2363885641098022,0.5921165943145752
229.926592859,0.0015339808305725,-1.5477867126464844,1.2363885641098022,0.5921165943145752
229.984767498,0.0015339808305725,-1.5477867126464844,1.2363885641098022,0.5921165943145752
230.029153827,0.0015339808305725,-1.5477867126464844,1.2363885641098022,0.5921165943145752
230.08760031,0.0015339808305725,-1.5493206977844238,1.2363885641098022,0.5921165943145752
230.107465409,0.0015339808305725,-1.5477867126464844,1.2363885641098022,0.5921165943145752
230.167883207,0.0015339808305725,-1.5477867126464844,1.2363885641098022,0.5921165943145752
230.213518324,0.003067961661145,-1.5477867126464844,1.2363885641098022,0.5921165943145752
230.303317026,0.0015339808305725,-1.5493206977844238,1.2363885641098022,0.5921165943145752
230.367751933,0.0015339808305725,-1.5493206977844238,1.2363885641098022,0.5921165943145752
230.462479625,0.003067961661145,-1.5477867126464844,1.2363885641098022,0.5921165943145752
230.499417578,0.0015339808305725,-1.5477867126464844,1.2363885641098022,0.5921165943145752
230.595453525,0.0015339808305725,-1.5477867126464844,1.2363885641098022,0.5921165943145752
230.642274811,0.003067961661145,-1.5477867126464844,1.2363885641098022,0.5921165943145752
230.739670261,0.0015339808305725,-1.5493206977844238,1.2363885641098022,0.5921165943145752
230.766524833,0.0015339808305725,-1.5493206977844238,1.2363885641098022,0.5921165943145752
230.859180177,0.0015339808305725,-1.5477867126464844,1.2363885641098022,0.5921165943145752
230.897534585,0.0015339808305725,-1.5477867126464844,1.2363885641098022,0.5921165943145752
230.989571516,0.0015339808305725,-1.5477867126464844,1.2363885641098022,0.5921165943145752
231.025617827,0.0015339808305725,-1.5477867126464844,1.2363885641098022,0.5921165943145752
231.119635851,0.0015339808305725,-1.5493206977844238,1.2363885641098022,0.5921165943145752
231.164058958,0.0015339808305725,-1.5477867126464844,1.2363885641098022,0.5921165943145752
231.259962735,0.0015339808305725,-1.5477867126464844,1.2363885641098022,0.5921165943145752
231.293420336,0.0015339808305725,-1.5477867126464844,1.2363885641098022,0.5921165943145752
231.387896185,0.0015339808305725,-1.5477867126464844,1.2363885641098022,0.5921165943145752
231.431795791,0.0015339808305725,-1.5477867126464844,1.2363885641098022,0.5921165943145752
231.526604971,0.0015339808305725,-1.5477867126464844,1.2363885641098022,0.5936505794525146
231.554295002,0.0015339808305725,-1.5477867126464844,1.2363885641098022,0.5921165943145752
231.650822673,0.0015339808305725,-1.5477867126464844,1.2363885641098022,0.5921165943145752
231.681060868,0.0015339808305725,-1.5477867126464844,1.2363885641098022,0.5921165943145752
231.775128073,0.0015339808305725,-1.5477867126464844,1.2363885641098022,0.5921165943145752
231.815589373,0.0015339808305725,-1.5477867126464844,1.2363885641098022,0.5921165943145752
231.91323802,0.0015339808305725,-1.5477867126464844,1.2363885641098022,0.5921165943145752
231.950373068,0.0015339808305725,-1.5477867126464844,1.2363885641098022,0.5921165943145752
232.047051734,0.0015339808305725,-1.5477867126464844,1.2363885641098022,0.5921165943145752
232.083647819,0.0015339808305725,-1.5477867126464844,1.2363885641098022,0.5921165943145752
232.179261583,0.0015339808305725,-1.5477867126464844,1.2363885641098022,0.5921165943145752
232.216513547,0.0015339808305725,-1.5493206977844238,1.2363885641098022,0.5921165943145752
232.315475333,0.0015339808305725,-1.5477867126464844,1.2363885641098022,0.5921165943145752
232.351631719,0.0015339808305725,-1.5493206977844238,1.2363885641098022,0.5921165943145752
232.446495813,0.0015339808305725,-1.5493206977844238,1.2363885641098022,0.5921165943145752
232.472537436,0.003067961661145,-1.5493206977844238,1.2363885641098022,0.5921165943145752
232.566239851,0.0015339808305725,-1.5477867126464844,1.2363885641098022,0.5921165943145752
232.601744092,0.0015339808305725,-1.5477867126464844,1.2363885641098022,0.5921165943145752
232.696861408,0.0015339808305725,-1.5477867126464844,1.2363885641098022,0.5921165943145752
232.731738592,0.0015339808305725,-1.5477867126464844,1.2363885641098022,0.5921165943145752
232.823512015,0.0015339808305725,-1.5493206977844238,1.2363885641098022,0.5921165943145752
232.861781507,0.0015339808305725,-1.5477867126464844,1.2363885641098022,0.5921165943145752
232.958096397,0.003067961661145,-1.5477867126464844,1.2363885641098022,0.5921165943145752
232.993538884,0.0015339808305725,-1.5477867126464844,1.2363885641098022,0.5921165943145752
233.088457213,0.0015339808305725,-1.5477867126464844,1.2363885641098022,0.5921165943145752
233.126983608,0.0015339808305725,-1.5477867126464844,1.2363885641098022,0.5921165943145752
233.221734137,0.0015339808305725,-1.5477867126464844,1.2363885641098022,0.5921165943145752
233.265899543,0.0015339808305725,-1.5477867126464844,1.2363885641098022,0.5921165943145752
233.365590514,0.0015339808305725,-1.5477867126464844,1.2363885641098022,0.5921165943145752
233.393237718,0.0015339808305725,-1.5477867126464844,1.2363885641098022,0.5921165943145752
233.464820153,0.0015339808305725,-1.5477867126464844,1.2363885641098022,0.5921165943145752
233.488802138,0.0015339808305725,-1.5493206977844238,1.2363885641098022,0.5921165943145752
233.546067915,0.0015339808305725,-1.5477867126464844,1.2363885641098022,0.5921165943145752
233.576467856,0.0015339808305725,-1.5477867126464844,1.2363885641098022,0.5921165943145752
233.634296897,0.0015339808305725,-1.5477867126464844,1.2363885641098022,0.5921165943145752
233.659273371,0.0015339808305725,-1.5493206977844238,1.2363885641098022,0.5921165943145752
233.753372255,0.0015339808305725,-1.5477867126464844,1.2363885641098022,0.5921165943145752
233.801172669,0.0015339808305725,-1.5477867126464844,1.2363885641098022,0.5921165943145752
233.900148664,0.0015339808305725,-1.5477867126464844,1.2363885641098022,0.5921165943145752
233.935561934,0.0015339808305725,-1.5477867126464844,1.2363885641098022,0.5921165943145752
234.030581803,0.0015339808305725,-1.5477867126464844,1.2363885641098022,0.5921165943145752
234.059961326,0.0015339808305725,-1.5493206977844238,1.2363885641098022,0.5921165943145752
234.156778336,0.0015339808305725,-1.5493206977844238,1.2363885641098022,0.5921165943145752
234.195694782,0.0015339808305725,-1.5477867126464844,1.2363885641098022,0.5921165943145752
234.289128521,0.0015339808305725,-1.5477867126464844,1.2363885641098022,0.5921165943145752
234.324733761,0.0015339808305725,-1.5477867126464844,1.2363885641098022,0.5921165943145752
234.421317193,0.0015339808305725,-1.5477867126464844,1.2363885641098022,0.5921165943145752
234.465459384,0.0015339808305725,-1.5477867126464844,1.2363885641098022,0.5921165943145752
234.561474452,0.0015339808305725,-1.5493206977844238,1.2363885641098022,0.5921165943145752
234.591097208,0.0015339808305725,-1.5477867126464844,1.2363885641098022,0.5921165943145752
234.687948041,0.0015339808305725,-1.5477867126464844,1.2363885641098022,0.5921165943145752
234.716193719,0.0015339808305725,-1.5477867126464844,1.2363885641098022,0.5921165943145752
234.807549684,0.0015339808305725,-1.5477867126464844,1.2363885641098022,0.5921165943145752
234.844588721,0.0015339808305725,-1.5477867126464844,1.2363885641098022,0.5921165943145752
234.945317963,0.0015339808305725,-1.5493206977844238,1.2363885641098022,0.5921165943145752
234.982248921,0.0015339808305725,-1.5477867126464844,1.2363885641098022,0.5921165943145752
235.079197017,0.0015339808305725,-1.5493206977844238,1.2363885641098022,0.5921165943145752
235.104734981,0.0015339808305725,-1.5477867126464844,1.2363885641098022,0.5921165943145752
235.197778535,0.0015339808305725,-1.5477867126464844,1.2363885641098022,0.5921165943145752
235.235343566,0.0015339808305725,-1.5477867126464844,1.2363885641098022,0.5921165943145752
235.327946255,0.0015339808305725,-1.5477867126464844,1.2363885641098022,0.5921165943145752
235.36533214,0.0015339808305725,-1.5477867126464844,1.2363885641098022,0.5921165943145752
235.46377395,0.0015339808305725,-1.5493206977844238,1.2363885641098022,0.5921165943145752
235.500077272,0.0015339808305725,-1.5493206977844238,1.2363885641098022,0.5921165943145752
235.597376057,0.0015339808305725,-1.5477867126464844,1.2363885641098022,0.5921165943145752
235.634560182,0.0015339808305725,-1.5477867126464844,1.2363885641098022,0.5921165943145752
235.734955776,0.0015339808305725,-1.5477867126464844,1.2363885641098022,0.5921165943145752
235.772288829,0.0015339808305725,-1.5477867126464844,1.2363885641098022,0.5921165943145752
235.864588075,0.0015339808305725,-1.5477867126464844,1.2363885641098022,0.5921165943145752
235.901536608,0.0015339808305725,-1.5477867126464844,1.2363885641098022,0.5921165943145752
236.010514899,0.0015339808305725,-1.5493206977844238,1.2363885641098022,0.5921165943145752
236.062894749,0.0015339808305725,-1.5477867126464844,1.2363885641098022,0.5921165943145752
236.206669098,0.0015339808305725,-1.5477867126464844,1.2363885641098022,0.5921165943145752
236.248282439,0.0015339808305725,-1.5477867126464844,1.2363885641098022,0.5921165943145752
236.283201954,0.0015339808305725,-1.5477867126464844,1.2363885641098022,0.5921165943145752
236.371356802,0.0015339808305725,-1.5477867126464844,1.2363885641098022,0.5921165943145752
236.41729385,0.0015339808305725,-1.5477867126464844,1.2363885641098022,0.5921165943145752
236.503902145,0.0015339808305725,-1.5477867126464844,1.2363885641098022,0.5921165943145752
236.548565362,0.0015339808305725,-1.5477867126464844,1.2363885641098022,0.5921165943145752
236.618290142,0.0015339808305725,-1.5477867126464844,1.2333205938339231,0.5936505794525146
236.701415055,0.0015339808305725,-1.4710875749588013,1.0814565420150757,0.6626797318458557
236.797900358,0.0015339808305725,-1.4434759616851809,1.0246992111206057,0.6887574195861816
236.828405291,0.0015339808305725,-1.3621749877929688,0.8636311888694763,0.7654564380645752
236.91413686,0.0015339808305725,-1.3330293893814087,0.8068739175796509,0.7915341258049011
236.931761858,0.0015339808305725,-1.250194430351257,0.6427379846572876,0.8713011145591736
236.991752279,0.0015339808305725,-1.2241166830062866,0.5859806537628174,0.8973788022994995
237.025689508,0.0,-1.1719613075256348,0.4847379326820373,0.9464661478996276
237.122067738,0.0,-1.1428157091140747,0.4295146465301513,0.9725438356399536
237.165766067,0.0,-1.0783885717391968,0.2991262674331665,1.036971092224121
237.263162908,0.0,-1.0507768392562866,0.2454369366168975,1.0630487203598022
237.292670751,0.0,-0.9679418802261353,0.0843689441680908,1.1397477388381958
237.388898566,0.0,-0.9403302669525146,0.029145635664463,1.167359471321106
237.425272689,0.0,-0.8590292930603027,-0.1288543939590454,1.24252450466156
237.522995354,0.0,-0.8298836350440979,-0.185611680150032,1.2701361179351809
237.558978696,0.0,-0.7470486760139465,-0.3466796576976776,1.3453011512756348
237.656864171,0.0,-0.7179030179977417,-0.401902973651886,1.372912883758545
237.684890724,0.0,-0.6366020441055298,-0.5583690404891968,1.4465439319610596
237.780835939,0.0,-0.6043884754180908,-0.6151263117790222,1.4741555452346802
237.818442945,-0.0015339808305725,-0.52001953125,-0.7792622447013855,1.5523885488510132
237.91495657,-0.0015339808305725,-0.4908738732337951,-0.8344855904579163,1.578466296195984
237.9524159,-0.003067961661145,-0.4111068546772003,-0.9909515976905824,1.653631329536438
238.050249933,-0.0015339808305725,-0.3834952116012573,-1.0507768392562866,1.6797089576721191
238.085367011,-0.0015339808305725,-0.2960582971572876,-1.2210487127304075,1.7594760656356812
238.182424797,-0.0015339808305725,-0.2669126689434051,-1.277806043624878,1.7855536937713623
238.214524851,-0.0015339808305725,-0.2040194571018219,-1.38825261592865,1.8392430543899536
238.312696172,-0.0015339808305725,-0.1978835314512252,-1.3974565267562866,1.843845009803772
238.348009482,-0.0015339808305725,-0.1948155611753463,-1.402058482170105,1.8453789949417116
238.441889579,-0.0015339808305725,-0.1948155611753463,-1.402058482170105,1.8453789949417116
238.481859731,-0.0015339808305725,-0.1948155611753463,-1.4035924673080444,1.846912860870361
238.582222486,-0.0015339808305725,-0.1948155611753463,-1.4035924673080444,1.846912860870361
238.618755731,-0.0015339808305725,-0.1948155611753463,-1.4035924673080444,1.846912860870361
238.717149708,-0.0015339808305725,-0.1948155611753463,-1.4035924673080444,1.8453789949417116
238.752939591,-0.0015339808305725,-0.1948155611753463,-1.4035924673080444,1.846912860870361
238.839727388,-0.0015339808305725,-0.1948155611753463,-1.4035924673080444,1.846912860870361
238.886543505,-0.0015339808305725,-0.1948155611753463,-1.4035924673080444,1.8453789949417116
238.979701073,-0.0015339808305725,-0.1948155611753463,-1.4035924673080444,1.846912860870361
239.023984863,-0.0015339808305725,-0.1948155611753463,-1.4035924673080444,1.846912860870361
239.113275949,-0.0015339808305725,-0.1948155611753463,-1.4035924673080444,1.846912860870361
239.150614634,-0.0015339808305725,-0.1810097396373748,-1.422000288963318,1.843845009803772
239.250405093,-0.0015339808305725,-0.1748738139867782,-1.428136110305786,1.8423110246658323
239.289907324,-0.0015339808305725,-0.1533980816602707,-1.44500994682312,1.8361750841140747
239.385550572,-0.0015339808305725,-0.147262156009674,-1.451145887374878,1.8346410989761357
239.422191092,-0.0015339808305725,-0.1303883641958236,-1.4710875749588013,1.8285051584243772
239.517110014,-0.0015339808305725,-0.1242524459958076,-1.4787575006484983,1.8254371881484983
239.561519047,-0.0015339808305725,-0.1058446764945983,-1.4956313371658323,1.82083523273468
239.662279753,-0.0015339808305725,-0.0828349664807319,-1.5186409950256348,1.8146992921829224
239.691369898,-0.0015339808305725,-0.0813009813427925,-1.5201749801635742,1.813165307044983
239.779518576,-0.0015339808305725,-0.0751650631427764,-1.5278449058532717,1.8116313219070437
239.817066505,-0.0015339808305725,-0.0567572899162769,-1.546252727508545,1.8054953813552856
239.912880737,-0.0015339808305725,-0.0475534051656723,-1.5523885488510132,1.8024275302886963
239.951877542,-0.0015339808305725,-0.029145635664463,-1.5707963705062866,1.7962915897369385
240.045996777,-0.0015339808305725,-0.0230097118765115,-1.5769323110580444,1.794757604598999
240.094242837,-0.0015339808305725,-0.0046019423753023,-1.5953400135040283,1.7886216640472412
240.190247925,-0.0015339808305725,0.0015339808305725,-1.6030099391937256,1.7870876789093018
240.219167648,-0.0015339808305725,0.0199417509138584,-1.6198837757110596,1.780951738357544
240.290740961,-0.0015339808305725,0.0276116542518138,-1.6260197162628174,1.7794177532196045
240.315299602,-0.0015339808305725,0.0444854423403739,-1.6444274187088013,1.773281812667847
240.372396768,-0.0015339808305725,0.0521553494036197,-1.650563359260559,1.7717478275299072
240.402189654,-0.0015339808305725,0.0613592341542243,-1.6613012552261353,1.7686798572540283
240.461136158,-0.0015339808305725,0.067495159804821,-1.667437195777893,1.7671458721160889
240.535957151,-0.0015339808305725,0.0813009813427925,-1.6797089576721191,1.7610100507736206
240.635212767,-0.0015339808305725,0.0874369069933891,-1.685844898223877,1.7594760656356812
240.679528837,-0.0015339808305725,0.1058446764945983,-1.7042527198791504,1.7548741102218628
240.776303667,-0.0015339808305725,0.1104466170072555,-1.7057867050170898,1.751806139945984
240.807993705,-0.0015339808305725,0.1104466170072555,-1.7057867050170898,1.751806139945984
240.901482847,-0.0015339808305725,0.111980602145195,-1.7057867050170898,1.751806139945984
240.944430238,-0.0015339808305725,0.111980602145195,-1.7073206901550293,1.751806139945984
241.037191164,-0.0015339808305725,0.111980602145195,-1.7073206901550293,1.751806139945984
241.07814198,-0.0015339808305725,0.1104466170072555,-1.7073206901550293,1.751806139945984
241.17030012,-0.0015339808305725,0.111980602145195,-1.7073206901550293,1.751806139945984
241.214898189,-0.0015339808305725,0.1104466170072555,-1.7073206901550293,1.751806139945984
241.312333683,-0.0015339808305725,0.111980602145195,-1.7073206901550293,1.751806139945984
241.351241744,-0.0015339808305725,0.111980602145195,-1.7073206901550293,1.751806139945984
241.44821827,-0.0015339808305725,0.111980602145195,-1.7073206901550293,1.751806139945984
241.488583051,-0.0015339808305725,0.1104466170072555,-1.7073206901550293,1.751806139945984
241.578175713,-0.0015339808305725,0.111980602145195,-1.7073206901550293,1.7502721548080444
241.62405319,-0.0015339808305725,0.1334563344717025,-1.7241944074630735,1.7364662885665894
241.726357193,-0.0015339808305725,0.1411262303590774,-1.7272623777389526,1.7303303480148315
241.762592035,-0.0015339808305725,0.1641359478235244,-1.7395342588424685,1.716524600982666
241.860906998,-0.0015339808305725,0.1718058586120605,-1.7441362142562866,1.7103886604309082
241.889702155,-0.0015339808305725,0.1932815909385681,-1.7594760656356812,1.6965827941894531
241.971920354,-0.0015339808305725,0.200951486825943,-1.7625439167022705,1.690446853637695
242.021410367,-0.0015339808305725,0.22396120429039,-1.7763497829437256,1.6751071214675903
242.116956338,-0.0015339808305725,0.2300971299409866,-1.780951738357544,1.6689711809158323
242.154627118,-0.0015339808305725,0.2531068325042724,-1.794757604598999,1.6551653146743774
242.251850317,-0.0015339808305725,0.2592427730560303,-1.7993595600128174,1.650563359260559
242.279025315,-0.0015339808305725,0.2807185053825378,-1.8116313219070437,1.6352235078811646
242.370076289,-0.0015339808305725,0.2868544161319732,-1.8162332773208616,1.6306216716766355
242.416199745,-0.0015339808305725,0.3098641335964203,-1.8285051584243772,1.6152818202972412
242.508033731,-0.0015339808305725,0.3175340294837951,-1.8315731287002563,1.6106798648834229
242.551247435,-0.0015339808305725,0.3420777320861816,-1.846912860870361,1.5938060283660889
242.64456747,-0.0015339808305725,0.3512816131114959,-1.85151481628418,1.5876702070236206
242.683995143,-0.0015339808305725,0.374291330575943,-1.8637866973876955,1.572330355644226
242.784920585,-0.0015339808305725,0.3819612264633178,-1.8683886528015137,1.5677284002304075
242.821890278,0.0,0.4049709439277649,-1.8821945190429688,1.5508545637130735
242.917735244,-0.0015339808305725,0.4126408398151397,-1.886796474456787,1.5447187423706057
242.954894735,-0.0015339808305725,0.4341165721416473,-1.902136206626892,1.529378890991211
243.051668471,-0.0015339808305725,0.4433204531669616,-1.9067381620407104,1.5247769355773926
243.088834804,-0.0015339808305725,0.4663301706314087,-1.9205440282821653,1.509437084197998
243.185781613,-0.0015339808305725,0.4724660813808441,-1.9266799688339236,1.5048352479934692
243.220711619,-0.0015339808305725,0.4801360070705414,-1.9282139539718628,1.4986993074417114
243.317829976,-0.0015339808305725,0.4816699922084808,-1.9266799688339236,1.4986993074417114
243.347674149,-0.0015339808305725,0.4801360070705414,-1.9282139539718628,1.4986993074417114
243.442127998,-0.0015339808305725,0.4801360070705414,-1.9282139539718628,1.4986993074417114
243.483893425,-0.0015339808305725,0.4801360070705414,-1.9282139539718628,1.497165322303772
243.580206453,-0.0015339808305725,0.4801360070705414,-1.9282139539718628,1.497165322303772
243.619198093,-0.0015339808305725,0.4801360070705414,-1.9282139539718628,1.497165322303772
243.713753296,-0.0015339808305725,0.4816699922084808,-1.9282139539718628,1.497165322303772
243.736809217,-0.0015339808305725,0.4816699922084808,-1.9282139539718628,1.497165322303772
243.800766329,-0.0015339808305725,0.4816699922084808,-1.9282139539718628,1.497165322303772
243.829989204,-0.0015339808305725,0.4816699922084808,-1.9282139539718628,1.497165322303772
243.923151093,-0.0015339808305725,0.4801360070705414,-1.9282139539718628,1.497165322303772
243.968701799,-0.0015339808305725,0.4816699922084808,-1.9282139539718628,1.497165322303772
244.058912181,-0.0015339808305725,0.4816699922084808,-1.9282139539718628,1.497165322303772
244.104479028,-0.0015339808305725,0.49854376912117,-1.932815790176392,1.4741555452346802
244.200838043,-0.0015339808305725,0.5092816352844238,-1.934349775314331,1.4649516344070437
244.228778594,-0.0015339808305725,0.5338253378868103,-1.934349775314331,1.4388740062713623
244.324651412,0.0,0.5414952039718628,-1.934349775314331,1.4296700954437256
244.374564426,-0.0015339808305725,0.5645049214363098,-1.9404857158660889,1.398990511894226
244.499017377,-0.0015339808305725,0.5737088322639465,-1.9404857158660889,1.3897866010665894
244.532267071,-0.0015339808305725,0.6013205051422119,-1.9404857158660889,1.3606410026550293
244.619693119,-0.0015339808305725,0.607456386089325,-1.9420197010040283,1.3514370918273926
244.651483397,-0.0015339808305725,0.6350680589675903,-1.946621656417847,1.320757508277893
244.726776053,-0.0015339808305725,0.6412039995193481,-1.946621656417847,1.3130875825881958
244.792260926,-0.0015339808305725,0.6688156127929688,-1.948155641555786,1.2808740139007568
244.890038651,-0.0015339808305725,0.676485538482666,-1.9496896266937256,1.27167010307312
244.926979493,-0.0015339808305725,0.7010292410850525,-1.954291582107544,1.2440584897994995
245.023359743,-0.0015339808305725,0.7086991667747498,-1.954291582107544,1.2348545789718628
245.068829483,-0.0015339808305725,0.7332428097724915,-1.9588935375213623,1.2072429656982422
245.164328019,-0.0015339808305725,0.7424467206001282,-1.9604275226593015,1.199573040008545
245.193034495,-0.0015339808305725,0.7669904232025146,-1.9634954929351809,1.1719613075256348
245.288926451,-0.0015339808305725,0.7761942744255066,-1.96502947807312,1.161223530769348
245.327509211,-0.0015339808305725,0.7992039918899536,-1.968097448348999,1.133611798286438
245.42079653,-0.0015339808305725,0.8068739175796509,-1.968097448348999,1.1244080066680908
245.457276757,-0.0015339808305725,0.8298836350440979,-1.9726994037628172,1.0952622890472412
245.554414193,0.0,0.8375535607337952,-1.9726994037628172,1.0860583782196045
245.590284381,-0.0015339808305725,0.8620972037315369,-1.9773012399673464,1.0599807500839231
245.686582371,-0.0015339808305725,0.8697671294212341,-1.9757672548294067,1.052310824394226
245.724087937,-0.0015339808305725,0.8759030699729919,-1.9773012399673464,1.0461748838424685
245.821353252,-0.0015339808305725,0.8759030699729919,-1.9788352251052856,1.0461748838424685
245.851122692,0.0,0.8759030699729919,-1.9819031953811648,1.0446408987045288
245.950496229,-0.0015339808305725,0.8759030699729919,-1.9819031953811648,1.0446408987045288
245.987428457,-0.0015339808305725,0.8759030699729919,-1.9819031953811648,1.0461748838424685
246.08375359,-0.0015339808305725,0.8759030699729919,-1.9819031953811648,1.0446408987045288
246.120487796,0.0,0.8759030699729919,-1.9819031953811648,1.0446408987045288
246.219520987,-0.0015339808305725,0.8759030699729919,-1.9819031953811648,1.0461748838424685
246.255375928,0.0,0.8759030699729919,-1.9819031953811648,1.0446408987045288
246.350051219,-0.0015339808305725,0.8759030699729919,-1.9819031953811648,1.0446408987045288
246.386844329,-0.0015339808305725,0.8759030699729919,-1.9819031953811648,1.0446408987045288
246.484269336,-0.0015339808305725,0.8759030699729919,-1.9819031953811648,1.0446408987045288
246.524189339,-0.0015339808305725,0.8759030699729919,-1.9819031953811648,1.0446408987045288
246.612623172,-0.0015339808305725,0.8759030699729919,-1.9819031953811648,1.0446408987045288
246.658245387,0.0,0.8866409063339233,-1.9819031953811648,1.0170292854309082
246.752365913,-0.0015339808305725,0.8927768468856812,-1.9819031953811648,1.0047574043273926
246.781663617,0.0,0.9142525792121888,-1.9773012399673464,0.9710098505020142
246.873120385,-0.0015339808305725,0.921922504901886,-1.9742332696914675,0.9602720141410828
246.917839945,0.0,0.9372622966766356,-1.96502947807312,0.9234564304351808
247.017570781,-0.0015339808305725,0.9433982372283936,-1.9619615077972408,0.9111846089363098
247.0473012,-0.0015339808305725,0.9618059992790222,-1.9527575969696045,0.8759030699729919
247.116553123,0.0,0.9679418802261353,-1.948155641555786,0.8636311888694763
247.139442685,-0.0015339808305725,0.9863497018814088,-1.9389517307281492,0.8283496499061584
247.198163631,0.0,0.9940195679664612,-1.9358837604522705,0.8176117539405823
247.227786434,0.0,1.0047574043273926,-1.9312819242477417,0.7992039918899536
247.29309944,-0.0015339808305725,1.0108933448791504,-1.9282139539718628,0.7869321703910828
247.321154265,0.0,1.020097255706787,-1.922078013420105,0.7700583934783936
247.417146853,-0.0015339808305725,1.026233196258545,-1.9205440282821653,0.7577865123748779
247.481262788,-0.0015339808305725,1.0431069135665894,-1.9098061323165891,0.7225049734115601
247.57633201,-0.0015339808305725,1.0661166906356812,-1.8975342512130735,0.6810874938964844
247.603141072,-0.0015339808305725,1.0676506757736206,-1.8975342512130735,0.6795535087585449
247.698443507,-0.0015339808305725,1.087592363357544,-1.885262489318848,0.6350680589675903
247.727291102,-0.0015339808305725,1.0891263484954834,-1.885262489318848,0.6335340738296509
247.81752062,0.0,1.0952622890472412,-1.8821945190429688,0.62126225233078
247.854603258,-0.0015339808305725,1.115204095840454,-1.8714566230773928,0.5859806537628174
247.952275805,-0.0015339808305725,1.1228740215301514,-1.869922637939453,0.5737088322639465
247.987604944,-0.0015339808305725,1.1412817239761353,-1.859184741973877,0.5384272933006287
248.090100986,0.0,1.1489516496658323,-1.856116771697998,0.526155412197113
248.126484979,-0.0015339808305725,1.168893337249756,-1.846912860870361,0.4893398880958557
248.223120656,0.0,1.1734952926635742,-1.843845009803772,0.4786020219326019
248.2595502,-0.0015339808305725,1.179631233215332,-1.8377090692520144,0.4647961854934692
248.356828135,0.0,1.1780972480773926,-1.8377090692520144,0.4647961854934692
248.39610321,0.0,1.179631233215332,-1.8377090692520144,0.4632622003555298
248.491343355,0.0,1.1780972480773926,-1.8377090692520144,0.4632622003555298
248.530007648,0.0,1.1780972480773926,-1.8377090692520144,0.4632622003555298
248.623387997,0.0,1.179631233215332,-1.8377090692520144,0.4632622003555298
248.653497906,0.0,1.1780972480773926,-1.8377090692520144,0.4632622003555298
248.748205415,0.0,1.1780972480773926,-1.8377090692520144,0.4632622003555298
248.786559583,0.0,1.1780972480773926,-1.8377090692520144,0.4632622003555298
248.880389185,0.0,1.1780972480773926,-1.8377090692520144,0.4632622003555298
248.920062566,0.0,1.1780972480773926,-1.8377090692520144,0.4632622003555298
249.000573662,0.0,1.1780972480773926,-1.8377090692520144,0.4617282152175903
249.040740787,0.0,1.1780972480773926,-1.82236921787262,0.4371845424175262
249.141533231,0.0,1.1811652183532717,-1.8162332773208616,0.4264466762542724
249.179823524,-0.0015339808305725,1.1873011589050293,-1.79168963432312,0.3942330777645111
249.275603503,-0.0015339808305725,1.1903691291809082,-1.7855536937713623,0.3834952116012573
249.315844267,0.0,1.1919031143188477,-1.76407790184021,0.3497476279735565
249.404189884,0.0,1.1919031143188477,-1.7579420804977417,0.3374757766723633
249.441315221,0.0,1.199573040008545,-1.7380002737045288,0.3037281930446625
249.537759829,0.0,1.2011070251464844,-1.7303303480148315,0.2929903268814087
249.577981079,-0.0015339808305725,1.2041749954223633,-1.7073206901550293,0.2607767283916473
249.668332862,-0.0015339808305725,1.2041749954223633,-1.7011847496032717,0.2485048919916153
249.707903566,0.0,1.2103108167648315,-1.6797089576721191,0.2132233381271362
249.800832712,-0.0015339808305725,1.2133787870407104,-1.6720391511917114,0.2024854719638824
249.8365427,-0.0015339808305725,1.2179807424545288,-1.653631329536438,0.1702718734741211
249.931507514,0.0,1.2195147275924685,-1.6459614038467407,0.1580000221729278
249.968398159,0.0,1.2241166830062866,-1.624485731124878,0.1273204088211059
250.063711952,-0.0015339808305725,1.228718638420105,-1.61834979057312,0.1150485649704933
250.102172445,0.0,1.2302526235580444,-1.5968739986419678,0.0813009813427925
250.201550789,-0.0015339808305725,1.2302526235580444,-1.58920419216156,0.0705631151795387
250.239937428,0.0,1.2348545789718628,-1.5677284002304075,0.0352815575897693
250.334945759,0.0,1.2379225492477417,-1.56159245967865,0.0230097118765115
250.384571946,-0.0015339808305725,1.245592474937439,-1.5385828018188477,-0.0092038847506046
250.478378815,0.0,1.2471264600753784,-1.5324468612670898,-0.0199417509138584
250.502512941,-0.0015339808305725,1.248660445213318,-1.5109710693359375,-0.0536893308162689
250.57542767,-0.0015339808305725,1.2517284154891968,-1.5033012628555298,-0.0644271969795227
250.603044151,-0.0015339808305725,1.257864236831665,-1.4925633668899536,-0.0782330259680748
250.679953572,-0.0015339808305725,1.260932207107544,-1.4925633668899536,-0.0797670036554336
250.717369452,0.0,1.2624661922454834,-1.4925633668899536,-0.0813009813427925
250.812393608,0.0,1.2624661922454834,-1.4925633668899536,-0.0813009813427925
250.851281575,0.0,1.2624661922454834,-1.494097352027893,-0.0813009813427925
250.945853791,0.0,1.2624661922454834,-1.4925633668899536,-0.0813009813427925
250.984055524,0.0,1.2624661922454834,-1.494097352027893,-0.0813009813427925
251.080800198,-0.0015339808305725,1.2624661922454834,-1.4925633668899536,-0.0813009813427925
251.117281383,0.0,1.2624661922454834,-1.4925633668899536,-0.0813009813427925
251.215459868,-0.0015339808305725,1.2624661922454834,-1.494097352027893,-0.0813009813427925
251.25077048,0.0,1.2624661922454834,-1.4925633668899536,-0.0797670036554336
251.347124613,0.0,1.2624661922454834,-1.4925633668899536,-0.0813009813427925
251.378807412,0.0,1.2624661922454834,-1.4925633668899536,-0.0813009813427925
251.4641143,-0.0015339808305725,1.2624661922454834,-1.4925633668899536,-0.0813009813427925
251.500703955,0.0,1.2624661922454834,-1.4925633668899536,-0.0813009813427925
251.587334835,-0.0015339808305725,1.2624661922454834,-1.4925633668899536,-0.0828349664807319
251.634582533,-0.0015339808305725,1.2624661922454834,-1.4695535898208618,-0.1058446764945983
251.734548293,0.0,1.2624661922454834,-1.4588158130645752,-0.1135145798325538
251.779448938,0.0,1.2624661922454834,-1.434272050857544,-0.1380582749843597
251.869520805,0.0,1.2624661922454834,-1.4250681400299072,-0.147262156009674
251.90685242,0.0,1.2624661922454834,-1.3974565267562866,-0.1748738139867782
252.003412512,0.0,1.2624661922454834,-1.38825261592865,-0.1840776950120926
252.032689323,-0.0015339808305725,1.2624661922454834,-1.3606410026550293,-0.2101553678512573
252.126469953,0.0,1.2624661922454834,-1.3514370918273926,-0.2193592637777328
252.162604935,0.0,1.260932207107544,-1.3268934488296509,-0.2469709068536758
252.262625615,0.0,1.2593982219696045,-1.3176895380020142,-0.2546408176422119
252.300211051,0.0,1.2563302516937256,-1.2900779247283936,-0.2822524607181549
252.393332473,0.0,1.2563302516937256,-1.2808740139007568,-0.2914563715457916
252.429624139,-0.0015339808305725,1.254796266555786,-1.254796266555786,-0.3175340294837951
252.52615869,0.0,1.2517284154891968,-1.2440584897994995,-0.3267379105091095
252.5622587,0.0,1.245592474937439,-1.2179807424545288,-0.3528155982494354
252.65752017,0.0,1.2409905195236206,-1.2087769508361816,-0.3604854941368103
252.694690062,-0.0015339808305725,1.2363885641098022,-1.1842331886291504,-0.3880971372127533
252.78876247,0.0,1.2363885641098022,-1.1750292778015137,-0.39730104804039
252.825204323,0.0,1.2363885641098022,-1.147417664527893,-0.4218447208404541
252.921674525,-0.0015339808305725,1.2363885641098022,-1.1382137537002563,-0.4310486018657684
252.9583042,-0.0015339808305725,1.2210487127304075,-1.1106021404266355,-0.4571262896060943
253.052432267,-0.0015339808305725,1.21491277217865,-1.1029322147369385,-0.4663301706314087
253.089512819,0.0,1.2072429656982422,-1.0799225568771362,-0.4939418137073517
253.184528881,-0.0015339808305725,1.2072429656982422,-1.0707186460494995,-0.503145694732666
253.221075359,-0.0015339808305725,1.2072429656982422,-1.0599807500839231,-0.5092816352844238
253.320017567,0.0,1.2072429656982422,-1.0615147352218628,-0.5092816352844238
253.35685832,0.0,1.2072429656982422,-1.0615147352218628,-0.5123496055603027
253.450778211,0.0,1.2072429656982422,-1.0599807500839231,-0.5123496055603027
253.478810884,0.0,1.2072429656982422,-1.0615147352218628,-0.5123496055603027
253.569875038,0.0,1.2057089805603027,-1.0615147352218628,-0.5108156204223633
253.610460884,0.0,1.2057089805603027,-1.0615147352218628,-0.5123496055603027
253.701994263,0.0,1.2057089805603027,-1.0599807500839231,-0.5108156204223633
253.737377388,0.0,1.2057089805603027,-1.0615147352218628,-0.5123496055603027
253.83164427,0.0,1.2057089805603027,-1.0615147352218628,-0.5123496055603027
253.880288559,0.0,1.2057089805603027,-1.0615147352218628,-0.5108156204223633
253.946898461,0.0,1.2057089805603027,-1.0615147352218628,-0.5108156204223633
253.963566504,0.0,1.2072429656982422,-1.0615147352218628,-0.5123496055603027
254.02215584,0.0,1.2057089805603027,-1.0615147352218628,-0.5123496055603027
254.054814172,0.0,1.2072429656982422,-1.055378794670105,-0.5169515609741211
254.113253387,0.0,1.2026410102844238,-1.0461748838424685,-0.5230874419212341
254.135109388,0.0,1.1980390548706057,-1.0323691368103027,-0.5322913527488708
254.194133048,0.0,1.1980390548706057,-1.0216312408447266,-0.5384272933006287
254.218392411,-0.0015339808305725,1.1888351440429688,-1.0078253746032717,-0.5506991147994995
254.281403374,-0.0015339808305725,1.182699203491211,-0.99708753824234,-0.5568350553512573
254.310855468,0.0,1.1719613075256348,-0.9817477464675904,-0.5691068768501282
254.367359186,-0.0015339808305725,1.1658254861831665,-0.9725438356399536,-0.5767768025398254
254.391349766,0.0,1.1596895456314087,-0.9587380290031432,-0.5875146389007568
254.450606567,-0.0015339808305725,1.1581555604934692,-0.9495341181755066,-0.5951845645904541
254.473125442,-0.0015339808305725,1.1581555604934692,-0.9357283115386964,-0.6059224009513855
254.531855268,0.0,1.1581555604934692,-0.9265244007110596,-0.6135923266410828
254.561645769,-0.0015339808305725,1.1535536050796509,-0.9111846089363098,-0.6243302226066589
254.620850625,-0.0015339808305725,1.1489516496658323,-0.9004467725753784,-0.630466103553772
254.646587606,0.0,1.136679768562317,-0.8881748914718628,-0.6412039995193481
254.701480094,0.0,1.1290098428726196,-0.8789710402488708,-0.6504078507423401
254.735270848,-0.0015339808305725,1.121340036392212,-0.8651651740074158,-0.6611457467079163
254.829043902,0.0,1.1167380809783936,-0.8544273376464844,-0.6688156127929688
254.875403447,-0.0015339808305725,1.1167380809783936,-0.8314176201820374,-0.6856894493103027
254.96725165,0.0,1.1167380809783936,-0.8206797242164612,-0.6918253302574158
255.002599233,0.0,1.104466199874878,-0.79460209608078,-0.7117670774459839
255.096463007,-0.0015339808305725,1.0952622890472412,-0.7853981852531433,-0.7194370031356812
255.134550088,-0.0015339808305725,1.076854586601257,-0.7593204975128174,-0.7409127354621887
255.22822254,0.0,1.075320601463318,-0.748582661151886,-0.748582661151886
255.262974552,-0.0015339808305725,1.075320601463318,-0.7209709882736206,-0.7669904232025146
255.36270896,-0.0015339808305725,1.0737866163253784,-0.7102331519126892,-0.7746603488922119
255.399590712,-0.0015339808305725,1.0507768392562866,-0.6810874938964844,-0.7976700067520142
255.492496112,0.0,1.0431069135665894,-0.6734175682067871,-0.803805947303772
255.529296831,0.0,1.0323691368103027,-0.6458059549331665,-0.8252816796302795
255.623137788,-0.0015339808305725,1.0323691368103027,-0.6381360292434692,-0.8329516053199768
255.660142903,-0.0015339808305725,1.0323691368103027,-0.6089903712272644,-0.8513593673706055
255.753947914,0.0,1.0308351516723633,-0.6028544902801514,-0.8544273376464844
255.789894904,-0.0015339808305725,1.0246992111206057,-0.6013205051422119,-0.8559613227844238
255.884149478,0.0,1.020097255706787,-0.6013205051422119,-0.8559613227844238
255.920942787,-0.0015339808305725,1.0185632705688477,-0.6013205051422119,-0.8574953079223633
256.01803287,-0.0015339808305725,1.0185632705688477,-0.6013205051422119,-0.8574953079223633
256.054895367,0.0,1.0185632705688477,-0.6013205051422119,-0.8559613227844238
256.148688904,-0.0015339808305725,1.0185632705688477,-0.6013205051422119,-0.8574953079223633
256.176599889,0.0,1.0185632705688477,-0.6013205051422119,-0.8559613227844238
256.262520691,-0.0015339808305725,1.0185632705688477,-0.5997865200042725,-0.8574953079223633
256.310038293,0.0,1.006291389465332,-0.5767768025398254,-0.8697671294212341
256.411783523,-0.0015339808305725,1.0016894340515137,-0.5675728917121887,-0.8759030699729919
256.437034216,0.0,0.9924855828285216,-0.5430291891098022,-0.8927768468856812
256.531746575,0.0,0.9878836274147034,-0.5322913527488708,-0.8973788022994995
256.56831143,-0.0015339808305725,0.977145791053772,-0.5062136650085449,-0.9142525792121888
256.667866695,-0.0015339808305725,0.9710098505020142,-0.4954757988452911,-0.9188545346260072
256.705996536,0.0,0.954136073589325,-0.4693981409072876,-0.9357283115386964
256.795964328,-0.0015339808305725,0.9526020884513856,-0.4601942598819732,-0.9403302669525146
256.835047484,0.0,0.9464661478996276,-0.4356505572795868,-0.9556700587272644
256.930564,-0.0015339808305725,0.9433982372283936,-0.424912691116333,-0.9602720141410828
256.965542568,-0.0015339808305725,0.9234564304351808,-0.3988350033760071,-0.977145791053772
257.057602405,0.0,0.9157865643501282,-0.3911651074886322,-0.9832817316055298
257.095493207,0.0,0.9035146832466124,-0.3650874495506286,-0.9986215233802797
257.190232328,-0.0015339808305725,0.9035146832466124,-0.3558835387229919,-1.0032234191894531
257.225849525,-0.0015339808305725,0.8927768468856812,-0.3282718956470489,-1.0185632705688477
257.320866032,0.0,0.8851069211959839,-0.3190680146217346,-1.0246992111206057
257.35679977,-0.0015339808305725,0.8682331442832947,-0.2960582971572876,-1.0400390625
257.455376658,-0.0015339808305725,0.8651651740074158,-0.2853204309940338,-1.0461748838424685
257.492231783,-0.0015339808305725,0.8620972037315369,-0.2607767283916473,-1.0615147352218628
257.587969937,0.0,0.8559613227844238,-0.251572847366333,-1.0676506757736206
257.616071703,-0.0015339808305725,0.8375535607337952,-0.2270291596651077,-1.0814565420150757
257.712333518,-0.0015339808305725,0.8329516053199768,-0.2178252786397934,-1.087592363357544
257.749614484,0.0,0.8222137093544006,-0.1902136206626892,-1.1029322147369385
257.844185554,-0.0015339808305725,0.8206797242164612,-0.1810097396373748,-1.1090681552886963
257.882145048,0.0,0.8114758729934692,-0.1610679924488067,-1.115204095840454
257.97179416,0.0,0.8068739175796509,-0.1610679924488067,-1.115204095840454
257.989980773,-0.0015339808305725,0.803805947303772,-0.1610679924488067,-1.118272066116333
258.049638144,-0.0015339808305725,0.803805947303772,-0.1595340073108673,-1.118272066116333
258.071107658,-0.0015339808305725,0.803805947303772,-0.1610679924488067,-1.118272066116333
258.129722256,-0.0015339808305725,0.803805947303772,-0.1610679924488067,-1.118272066116333
258.159181505,-0.0015339808305725,0.803805947303772,-0.1610679924488067,-1.118272066116333
258.218258518,0.0,0.803805947303772,-0.1610679924488067,-1.118272066116333
258.242305599,-0.0015339808305725,0.803805947303772,-0.1595340073108673,-1.118272066116333
258.298512067,0.0,0.803805947303772,-0.1610679924488067,-1.118272066116333
258.3242427,0.0,0.803805947303772,-0.1610679924488067,-1.118272066116333
258.38517572,-0.0015339808305725,0.803805947303772,-0.1610679924488067,-1.118272066116333
258.414637202,-0.0015339808305725,0.803805947303772,-0.1610679924488067,-1.118272066116333
258.4663327,-0.0015339808305725,0.803805947303772,-0.1610679924488067,-1.118272066116333
258.507959248,-0.0015339808305725,0.803805947303772,-0.1610679924488067,-1.118272066116333
258.600694645,0.0,0.803805947303772,-0.1595340073108673,-1.118272066116333
258.63731935,-0.0015339808305725,0.803805947303772,-0.1610679924488067,-1.1167380809783936
258.730767794,0.0,0.803805947303772,-0.1610679924488067,-1.115204095840454
258.766848399,0.0,0.8053399324417114,-0.1610679924488067,-1.1106021404266355
258.861095671,-0.0015339808305725,0.803805947303772,-0.1610679924488067,-1.1090681552886963
258.898537642,-0.0015339808305725,0.803805947303772,-0.1672039031982422,-1.1060001850128174
258.99257416,0.0,0.803805947303772,-0.1672039031982422,-1.1029322147369385
259.028720033,-0.0015339808305725,0.803805947303772,-0.1733398288488388,-1.0998642444610596
259.122403445,0.0,0.803805947303772,-0.1748738139867782,-1.09833025932312
259.162178841,0.0,0.803805947303772,-0.1779417693614959,-1.0952622890472412
259.254352506,-0.0015339808305725,0.803805947303772,-0.1794757544994354,-1.0921943187713623
259.299201508,0.0,0.803805947303772,-0.1840776950120926,-1.0891263484954834
259.394659385,0.0,0.8053399324417114,-0.1840776950120926,-1.087592363357544
259.422668258,-0.0015339808305725,0.803805947303772,-0.1886796355247497,-1.084524393081665
259.522198512,-0.0015339808305725,0.803805947303772,-0.1948155611753463,-1.0829904079437256
259.558538298,0.0,0.803805947303772,-0.200951486825943,-1.0799225568771362
259.65452687,0.0,0.803805947303772,-0.200951486825943,-1.076854586601257
259.682498135,-0.0015339808305725,0.8053399324417114,-0.2070874124765396,-1.0737866163253784
259.779067491,0.0,0.803805947303772,-0.208621397614479,-1.072252631187439
259.817424084,-0.0015339808305725,0.803805947303772,-0.2147573232650756,-1.06918466091156
259.909233131,0.0,0.803805947303772,-0.2147573232650756,-1.0676506757736206
259.949174355,-0.0015339808305725,0.803805947303772,-0.2193592637777328,-1.0630487203598022
260.042363784,-0.0015339808305725,0.803805947303772,-0.2193592637777328,-1.0615147352218628
260.088454496,0.0,0.803805947303772,-0.2254951894283294,-1.0569127798080444
260.183742239,0.0,0.803805947303772,-0.2270291596651077,-1.055378794670105
260.211118673,0.0,0.8053399324417114,-0.2316311001777649,-1.0507768392562866
260.301898918,0.0,0.8053399324417114,-0.2346990704536438,-1.0492428541183472
260.340711605,0.0,0.8053399324417114,-0.2423689663410186,-1.0446408987045288
260.432267295,-0.0015339808305725,0.8053399324417114,-0.2439029514789581,-1.0446408987045288
260.46809015,-0.0015339808305725,0.8053399324417114,-0.2485048919916153,-1.0400390625
260.56764218,0.0,0.8053399324417114,-0.2500388622283935,-1.0385050773620603
260.604131812,-0.0015339808305725,0.8099418878555298,-0.2577087879180908,-1.0339031219482422
260.697675378,-0.0015339808305725,0.8099418878555298,-0.2561748027801513,-1.0339031219482422
260.733753813,-0.0015339808305725,0.8114758729934692,-0.2607767283916473,-1.0293011665344238
260.826117293,0.0,0.8114758729934692,-0.2653786838054657,-1.026233196258545
260.862814234,0.0,0.8114758729934692,-0.2715145945549011,-1.023165225982666
260.954544209,-0.0015339808305725,0.8114758729934692,-0.2730485796928406,-1.0216312408447266
260.990434741,-0.0015339808305725,0.8145438432693481,-0.2761165499687195,-1.0170292854309082
261.084174998,-0.0015339808305725,0.8145438432693481,-0.2776505351066589,-1.0154953002929688
261.121118685,-0.0015339808305725,0.8160778284072876,-0.2853204309940338,-1.0124273300170898
261.210039742,-0.0015339808305725,0.8160778284072876,-0.2883884012699127,-1.0108933448791504
261.254350388,-0.0015339808305725,0.8160778284072876,-0.2899223864078522,-1.006291389465332
261.339520161,0.0,0.8191457390785217,-0.2929903268814087,-1.0047574043273926
261.37839608,0.0,0.8222137093544006,-0.297592282295227,-1.0032234191894531
261.46302618,-0.0015339808305725,0.8222137093544006,-0.297592282295227,-1.0016894340515137
261.512099769,-0.0015339808305725,0.8237476944923401,-0.3052621781826019,-0.99708753824234
261.611869759,-0.0015339808305725,0.8237476944923401,-0.3067961633205414,-0.99708753824234
261.638081978,0.0,0.8237476944923401,-0.3083301484584808,-0.9924855828285216
261.726576913,0.0,0.8252816796302795,-0.3098641335964203,-0.9924855828285216
261.758040255,0.0,0.8283496499061584,-0.3190680146217346,-0.9878836274147034
261.816226661,-0.0015339808305725,0.8283496499061584,-0.3221359848976135,-0.9863497018814088
261.841402523,-0.0015339808305725,0.8314176201820374,-0.32520392537117,-0.9832817316055298
261.899178803,-0.0015339808305725,0.8314176201820374,-0.32520392537117,-0.9817477464675904
261.924257061,0.0,0.8314176201820374,-0.3282718956470489,-0.9786797761917114
262.014742311,-0.0015339808305725,0.8314176201820374,-0.3313398659229278,-0.9786797761917114
262.056533122,-0.0015339808305725,0.8314176201820374,-0.3344078063964844,-0.9756118059158324
262.150226891,-0.0015339808305725,0.8329516053199768,-0.3374757766723633,-0.9740778207778932
262.180196079,0.0,0.8375535607337952,-0.3405437469482422,-0.9710098505020142
262.27169543,0.0,0.8390874862670898,-0.3405437469482422,-0.9694758653640748
262.311940554,0.0,0.8390874862670898,-0.3466796576976776,-0.9633399844169616
262.394986282,-0.0015339808305725,0.8390874862670898,-0.3497476279735565,-0.9618059992790222
262.442381273,0.0,0.8421554565429688,-0.3543495833873749,-0.9587380290031432
262.528543588,0.0,0.8436894416809082,-0.3558835387229919,-0.957204043865204
262.574429512,-0.0015339808305725,0.8452234268188477,-0.3589515089988708,-0.954136073589325
262.671300264,-0.0015339808305725,0.8452234268188477,-0.3604854941368103,-0.9526020884513856
262.699589181,0.0,0.8452234268188477,-0.3696893751621246,-0.9495341181755066
262.784515671,0.0,0.8452234268188477,-0.3712233603000641,-0.9480001330375672
262.831594669,-0.0015339808305725,0.8452234268188477,-0.374291330575943,-0.9433982372283936
262.919433132,-0.0015339808305725,0.8482913970947266,-0.3758253157138824,-0.941864252090454
262.962569841,-0.0015339808305725,0.8528933525085449,-0.3804272413253784,-0.9387962818145752
263.057351128,-0.0015339808305725,0.8528933525085449,-0.3819612264633178,-0.9372622966766356
263.093626461,0.0,0.8528933525085449,-0.3880971372127533,-0.931126356124878
263.189255051,-0.0015339808305725,0.8528933525085449,-0.3896311223506927,-0.9295923709869384
263.218267084,0.0,0.8528933525085449,-0.3926990926265716,-0.9265244007110596
263.310917927,-0.0015339808305725,0.8544273376464844,-0.3957670629024505,-0.92499041557312
263.349361434,0.0,0.8574953079223633,-0.401902973651886,-0.9203885197639464
263.444821687,0.0,0.8574953079223633,-0.4049709439277649,-0.9188545346260072
263.481581529,0.0,0.8574953079223633,-0.4141748249530792,-0.9142525792121888
263.572635457,0.0,0.8605632185935974,-0.4141748249530792,-0.9127185940742492
263.611313849,0.0,0.8605632185935974,-0.4172427952289581,-0.9096506237983704
263.704043534,0.0,0.8636311888694763,-0.4203107357025146,-0.9081166386604308
263.744748646,0.0,0.8651651740074158,-0.4233787059783935,-0.9035146832466124
263.839300105,0.0,0.8666991591453552,-0.4233787059783935,-0.9035146832466124
263.885463627,-0.0015339808305725,0.8682331442832947,-0.4325825870037079,-0.8973788022994995
263.969337209,0.0,0.8682331442832947,-0.4325825870037079,-0.8958448171615601
264.006803044,0.0,0.8682331442832947,-0.4371845424175262,-0.8927768468856812
264.09119067,0.0,0.8713011145591736,-0.4402525126934051,-0.8912428617477417
264.140038996,0.0,0.872835099697113,-0.4417864680290222,-0.8866409063339233
264.225611671,-0.0015339808305725,0.872835099697113,-0.4417864680290222,-0.8851069211959839
264.272004139,-0.0015339808305725,0.872835099697113,-0.4509903788566589,-0.8805050253868103
264.365695117,0.0,0.872835099697113,-0.4555923044681549,-0.8789710402488708
264.394034782,0.0,0.8774370551109314,-0.4601942598819732,-0.8759030699729919
264.488034531,0.0,0.8789710402488708,-0.4601942598819732,-0.8743690848350525
264.523639612,-0.0015339808305725,0.882038950920105,-0.4647961854934692,-0.8697671294212341
264.60788596,-0.0015339808305725,0.882038950920105,-0.4663301706314087,-0.8697671294212341
264.654389235,-0.0015339808305725,0.882038950920105,-0.470932126045227,-0.8651651740074158
264.742718682,-0.0015339808305725,0.882038950920105,-0.470932126045227,-0.8651651740074158
264.779667575,-0.0015339808305725,0.8866409063339233,-0.4770680367946625,-0.8620972037315369
264.864314052,0.0,0.8866409063339233,-0.4786020219326019,-0.8605632185935974
264.911463786,0.0,0.8866409063339233,-0.4847379326820373,-0.8559613227844238
264.997057549,0.0,0.8866409063339233,-0.4862719178199768,-0.8544273376464844
265.041596567,-0.0015339808305725,0.8897088766098022,-0.4939418137073517,-0.849825382232666
265.126277672,-0.0015339808305725,0.8927768468856812,-0.4939418137073517,-0.849825382232666
265.163025484,-0.0015339808305725,0.8943108320236206,-0.4954757988452911,-0.8452234268188477
265.23038584,0.0,0.8958448171615601,-0.49854376912117,-0.8421554565429688
265.260321352,0.0,0.8943108320236206,-0.5062136650085449,-0.8390874862670898
265.321746697,0.0,0.8958448171615601,-0.5092816352844238,-0.8375535607337952
265.368616443,0.0,0.8943108320236206,-0.5077476501464844,-0.8360195755958557
265.454519301,0.0,0.8958448171615601,-0.5092816352844238,-0.8344855904579163
265.499769884,0.0,0.8943108320236206,-0.5154175758361816,-0.8314176201820374
265.586398242,0.0,0.8958448171615601,-0.5184855461120605,-0.8298836350440979
265.62125101,-0.0015339808305725,0.8973788022994995,-0.5215534567832947,-0.826815664768219
265.717594806,0.0,0.901980757713318,-0.5230874419212341,-0.8252816796302795
265.746181241,0.0,0.9035146832466124,-0.5246214270591736,-0.8206797242164612
265.82828813,0.0,0.9035146832466124,-0.5292233824729919,-0.8191457390785217
265.876046483,-0.0015339808305725,0.901980757713318,-0.5384272933006287,-0.8160778284072876
265.968556353,0.0,0.901980757713318,-0.5430291891098022,-0.8145438432693481
266.007886626,-0.0015339808305725,0.9065826535224916,-0.5460971593856812,-0.8099418878555298
266.090123063,0.0,0.9081166386604308,-0.5491651296615601,-0.8084079027175903
266.136577427,0.0,0.9111846089363098,-0.552233099937439,-0.803805947303772
266.221216246,0.0,0.9111846089363098,-0.552233099937439,-0.8022719621658325
266.256655775,-0.0015339808305725,0.9096506237983704,-0.552233099937439,-0.7976700067520142
266.340404429,-0.0015339808305725,0.9096506237983704,-0.5506991147994995,-0.7961360216140747
266.386797801,-0.0015339808305725,0.9111846089363098,-0.552233099937439,-0.7915341258049011
266.471834627,0.0,0.9096506237983704,-0.5506991147994995,-0.7900001406669617
266.52111707,-0.0015339808305725,0.9096506237983704,-0.5506991147994995,-0.7900001406669617
266.601837044,0.0,0.9096506237983704,-0.552233099937439,-0.7900001406669617
266.6426386,-0.0015339808305725,0.9111846089363098,-0.552233099937439,-0.7900001406669617
266.736706755,-0.0015339808305725,0.9111846089363098,-0.552233099937439,-0.7900001406669617
266.782043338,0.0,0.9111846089363098,-0.552233099937439,-0.7900001406669617
266.878939707,0.0,0.9111846089363098,-0.552233099937439,-0.7900001406669617
266.915275172,0.0,0.9111846089363098,-0.552233099937439,-0.7915341258049011
267.011254494,-0.0015339808305725,0.9111846089363098,-0.5506991147994995,-0.7900001406669617
267.036746377,0.0,0.9111846089363098,-0.552233099937439,-0.7900001406669617
267.128718972,-0.0015339808305725,0.9111846089363098,-0.552233099937439,-0.7900001406669617
267.166853388,-0.0015339808305725,0.9096506237983704,-0.552233099937439,-0.7900001406669617
267.260308197,0.0,0.9111846089363098,-0.552233099937439,-0.7900001406669617
267.305136646,-0.0015339808305725,0.9111846089363098,-0.552233099937439,-0.7900001406669617
267.399265031,-0.0015339808305725,0.9111846089363098,-0.552233099937439,-0.7900001406669617
267.427283062,0.0,0.9111846089363098,-0.552233099937439,-0.7900001406669617
267.510579867,-0.0015339808305725,0.9111846089363098,-0.552233099937439,-0.7900001406669617
267.548585874,-0.0015339808305725,0.9111846089363098,-0.552233099937439,-0.7900001406669617
267.627894193,-0.0015339808305725,0.9111846089363098,-0.5506991147994995,-0.7900001406669617
267.673232272,0.0,0.9111846089363098,-0.552233099937439,-0.7900001406669617
267.76550406,-0.0015339808305725,0.9111846089363098,-0.552233099937439,-0.7900001406669617
267.801714354,-0.0015339808305725,0.9096506237983704,-0.552233099937439,-0.7900001406669617
267.889459497,0.0,0.9111846089363098,-0.552233099937439,-0.7900001406669617
267.931773137,-0.0015339808305725,0.9111846089363098,-0.552233099937439,-0.7915341258049011
268.019296786,0.0,0.9111846089363098,-0.552233099937439,-0.7900001406669617
268.062763555,-0.0015339808305725,0.9096506237983704,-0.552233099937439,-0.7900001406669617
268.146992442,-0.0015339808305725,0.9111846089363098,-0.552233099937439,-0.7900001406669617
268.184695932,0.0,0.9111846089363098,-0.552233099937439,-0.7900001406669617
268.267792508,0.0,0.9096506237983704,-0.552233099937439,-0.7900001406669617
268.314944797,-0.0015339808305725,0.9096506237983704,-0.552233099937439,-0.7900001406669617
268.399121055,-0.0015339808305725,0.9111846089363098,-0.552233099937439,-0.7900001406669617
268.447581091,0.0,0.9096506237983704,-0.552233099937439,-0.7900001406669617
268.529944253,0.0,0.9096506237983704,-0.5506991147994995,-0.7900001406669617
268.569401483,-0.0015339808305725,0.9096506237983704,-0.552233099937439,-0.7900001406669617
268.622807255,0.0,0.9111846089363098,-0.552233099937439,-0.7900001406669617
268.646728028,0.0,0.9111846089363098,-0.552233099937439,-0.7900001406669617
268.700255983,-0.0015339808305725,0.9096506237983704,-0.552233099937439,-0.7900001406669617
268.73033003,-0.0015339808305725,0.9111846089363098,-0.552233099937439,-0.7900001406669617
268.78326287,-0.0015339808305725,0.9111846089363098,-0.552233099937439,-0.7900001406669617
268.834794096,0.0,0.9096506237983704,-0.5506991147994995,-0.7900001406669617
268.858866374,0.0,0.9096506237983704,-0.552233099937439,-0.7915341258049011
268.918709049,-0.0015339808305725,0.9111846089363098,-0.5506991147994995,-0.7915341258049011
268.9353848,-0.0015339808305725,0.9111846089363098,-0.552233099937439,-0.7900001406669617
268.996762324,0.0,0.9096506237983704,-0.552233099937439,-0.7900001406669617
269.015642522,-0.0015339808305725,0.9096506237983704,-0.552233099937439,-0.7900001406669617
269.066602894,0.0,0.9111846089363098,-0.552233099937439,-0.7900001406669617
269.096670877,0.0,0.9111846089363098,-0.552233099937439,-0.7900001406669617
269.149504316,0.0,0.9096506237983704,-0.5506991147994995,-0.7900001406669617
269.206813873,-0.0015339808305725,0.9111846089363098,-0.552233099937439,-0.7900001406669617
269.291304233,0.0,0.9111846089363098,-0.552233099937439,-0.7900001406669617
269.353447322,0.0,0.9111846089363098,-0.552233099937439,-0.7900001406669617
269.435681279,-0.0015339808305725,0.9096506237983704,-0.5506991147994995,-0.7900001406669617
269.472817425,-0.0015339808305725,0.9111846089363098,-0.552233099937439,-0.7900001406669617
269.563460859,0.0,0.9111846089363098,-0.552233099937439,-0.7900001406669617
269.591175465,0.0,0.9111846089363098,-0.552233099937439,-0.7900001406669617
269.674482127,0.0,0.9111846089363098,-0.552233099937439,-0.7900001406669617
269.720693797,0.0,0.9111846089363098,-0.5506991147994995,-0.7900001406669617
269.809493978,0.0,0.9111846089363098,-0.552233099937439,-0.7900001406669617
269.848155043,0.0,0.9111846089363098,-0.552233099937439,-0.7900001406669617
269.931462758,0.0,0.9111846089363098,-0.552233099937439,-0.7900001406669617
269.97740366,-0.0015339808305725,0.9111846089363098,-0.552233099937439,-0.7900001406669617
270.060547929,0.0,0.9096506237983704,-0.552233099937439,-0.7900001406669617
270.105058537,0.0,0.9111846089363098,-0.5506991147994995,-0.7900001406669617
270.190071239,-0.0015339808305725,0.9111846089363098,-0.552233099937439,-0.7900001406669617
270.233311503,0.0,0.9111846089363098,-0.552233099937439,-0.7900001406669617
270.317418452,-0.0015339808305725,0.9111846089363098,-0.552233099937439,-0.7900001406669617
270.35400041,0.0,0.9111846089363098,-0.552233099937439,-0.7900001406669617
270.437536026,-0.0015339808305725,0.9111846089363098,-0.5506991147994995,-0.7900001406669617
270.485099461,-0.0015339808305725,0.9096506237983704,-0.552233099937439,-0.7900001406669617
270.568594267,-0.0015339808305725,0.9096506237983704,-0.552233099937439,-0.7900001406669617
270.615778071,0.0,0.9111846089363098,-0.552233099937439,-0.7900001406669617
270.699224758,-0.0015339808305725,0.9111846089363098,-0.552233099937439,-0.7900001406669617
270.734721431,0.0,0.9111846089363098,-0.552233099937439,-0.7900001406669617
270.821374742,0.0,0.9111846089363098,-0.552233099937439,-0.7900001406669617
270.865143876,0.0,0.9111846089363098,-0.552233099937439,-0.7900001406669617
270.951444355,0.0,0.9096506237983704,-0.552233099937439,-0.7900001406669617
270.995485383,-0.0015339808305725,0.9111846089363098,-0.552233099937439,-0.7900001406669617
271.080945412,0.0,0.9096506237983704,-0.552233099937439,-0.7900001406669617
271.118219052,0.0,0.9096506237983704,-0.552233099937439,-0.7900001406669617
271.200172727,0.0,0.9111846089363098,-0.552233099937439,-0.7915341258049011
271.247232286,-0.0015339808305725,0.9111846089363098,-0.552233099937439,-0.7900001406669617
271.330064699,0.0,0.9096506237983704,-0.552233099937439,-0.7900001406669617
271.377124191,-0.0015339808305725,0.9111846089363098,-0.552233099937439,-0.7900001406669617
271.459732416,-0.0015339808305725,0.9111846089363098,-0.552233099937439,-0.7900001406669617
271.495599697,0.0,0.9096506237983704,-0.552233099937439,-0.7900001406669617
271.57890171,0.0,0.9111846089363098,-0.552233099937439,-0.7900001406669617
271.62252409,0.0,0.9111846089363098,-0.552233099937439,-0.7900001406669617
271.702880698,0.0,0.9111846089363098,-0.5506991147994995,-0.7915341258049011
271.753217046,0.0,0.9111846089363098,-0.552233099937439,-0.7900001406669617
271.839776844,0.0,0.9111846089363098,-0.552233099937439,-0.7900001406669617
271.878179365,-0.0015339808305725,0.9111846089363098,-0.552233099937439,-0.7900001406669617
271.960764918,-0.0015339808305725,0.9111846089363098,-0.552233099937439,-0.7915341258049011
272.003156811,0.0,0.9111846089363098,-0.5506991147994995,-0.7900001406669617
272.091076378,-0.0015339808305725,0.9096506237983704,-0.552233099937439,-0.7900001406669617
272.136022675,0.0,0.9111846089363098,-0.552233099937439,-0.7900001406669617
272.2214959,0.0,0.9096506237983704,-0.552233099937439,-0.7900001406669617
272.257201859,-0.0015339808305725,0.9111846089363098,-0.552233099937439,-0.7900001406669617
272.340515457,-0.0015339808305725,0.9096506237983704,-0.552233099937439,-0.7900001406669617
272.387266411,-0.0015339808305725,0.9096506237983704,-0.552233099937439,-0.7900001406669617
272.455838712,0.0,0.9096506237983704,-0.5506991147994995,-0.7900001406669617
272.484258474,-0.0015339808305725,0.9096506237983704,-0.552233099937439,-0.7900001406669617
272.535016811,0.0,0.9096506237983704,-0.5506991147994995,-0.7900001406669617
272.565479972,0.0,0.9111846089363098,-0.552233099937439,-0.7900001406669617
272.617125891,-0.0015339808305725,0.9096506237983704,-0.552233099937439,-0.7900001406669617
272.657691038,0.0,0.9096506237983704,-0.552233099937439,-0.7900001406669617
272.709499357,0.0,0.9111846089363098,-0.5506991147994995,-0.7900001406669617
272.763801846,0.0,0.9111846089363098,-0.552233099937439,-0.7900001406669617
272.787364568,0.0,0.9111846089363098,-0.552233099937439,-0.7900001406669617
272.847428878,0.0,0.9111846089363098,-0.552233099937439,-0.7900001406669617
272.864218745,0.0,0.9111846089363098,-0.552233099937439,-0.7900001406669617
272.923968167,0.0,0.9096506237983704,-0.552233099937439,-0.7900001406669617
272.954532909,-0.0015339808305725,0.9111846089363098,-0.5506991147994995,-0.7900001406669617
273.037378576,-0.0015339808305725,0.9111846089363098,-0.552233099937439,-0.7915341258049011
273.085746473,-0.0015339808305725,0.9111846089363098,-0.552233099937439,-0.7900001406669617
273.1675124,-0.0015339808305725,0.9111846089363098,-0.552233099937439,-0.7900001406669617
273.214667591,-0.0015339808305725,0.9111846089363098,-0.5506991147994995,-0.7900001406669617
273.296680474,0.0,0.9111846089363098,-0.552233099937439,-0.7900001406669617
273.332646826,-0.0015339808305725,0.9111846089363098,-0.552233099937439,-0.7900001406669617
273.419009304,-0.0015339808305725,0.9111846089363098,-0.552233099937439,-0.7900001406669617
273.46247632,-0.0015339808305725,0.9111846089363098,-0.552233099937439,-0.7900001406669617
273.546417432,-0.0015339808305725,0.9096506237983704,-0.552233099937439,-0.7900001406669617
273.583674054,0.0,0.9111846089363098,-0.552233099937439,-0.7900001406669617
273.663312477,0.0,0.9111846089363098,-0.552233099937439,-0.7900001406669617
273.709215032,-0.0015339808305725,0.9111846089363098,-0.552233099937439,-0.7900001406669617
273.79184287,-0.0015339808305725,0.9111846089363098,-0.552233099937439,-0.7900001406669617
273.845760932,-0.0015339808305725,0.9096506237983704,-0.552233099937439,-0.7900001406669617
273.927558305,-0.0015339808305725,0.9111846089363098,-0.552233099937439,-0.7900001406669617
273.96327913,0.0,0.9111846089363098,-0.552233099937439,-0.7900001406669617
274.051115797,-0.0015339808305725,0.9111846089363098,-0.552233099937439,-0.7915341258049011
274.095663794,0.0,0.9111846089363098,-0.552233099937439,-0.7900001406669617
274.182252236,0.0,0.9111846089363098,-0.552233099937439,-0.7900001406669617
274.226139693,0.0,0.9111846089363098,-0.552233099937439,-0.7900001406669617
274.31523989,0.0,0.9111846089363098,-0.552233099937439,-0.7900001406669617
274.349919338,-0.0015339808305725,0.9111846089363098,-0.552233099937439,-0.7900001406669617
274.435463244,-0.0015339808305725,0.9111846089363098,-0.552233099937439,-0.7900001406669617
274.481381805,-0.0015339808305725,0.9111846089363098,-0.552233099937439,-0.7900001406669617
274.563649818,0.0,0.9111846089363098,-0.552233099937439,-0.7900001406669617
274.610986124,-0.0015339808305725,0.9111846089363098,-0.552233099937439,-0.7900001406669617
274.696580351,0.0,0.9111846089363098,-0.552233099937439,-0.7900001406669617
274.733098411,0.0,0.9096506237983704,-0.552233099937439,-0.7900001406669617
274.820577047,0.0,0.9096506237983704,-0.552233099937439,-0.7900001406669617
274.864654456,0.0,0.9111846089363098,-0.552233099937439,-0.7900001406669617
274.951058765,-0.0015339808305725,0.9111846089363098,-0.552233099937439,-0.7900001406669617
274.995158393,0.0,0.9096506237983704,-0.5506991147994995,-0.7900001406669617
275.07952788,-0.0015339808305725,0.9111846089363098,-0.552233099937439,-0.7900001406669617
275.115906605,0.0,0.9111846089363098,-0.552233099937439,-0.7900001406669617
275.198316504,0.0,0.9096506237983704,-0.5506991147994995,-0.7900001406669617
275.244837949,0.0,0.9111846089363098,-0.552233099937439,-0.7900001406669617
275.329150822,0.0,0.9096506237983704,-0.552233099937439,-0.7900001406669617
275.373939457,0.0,0.9111846089363098,-0.5506991147994995,-0.7900001406669617
275.457713556,-0.0015339808305725,0.9111846089363098,-0.552233099937439,-0.7900001406669617
275.495109476,0.0,0.9111846089363098,-0.552233099937439,-0.7900001406669617
275.580109542,0.0,0.9096506237983704,-0.5506991147994995,-0.7900001406669617
275.623793406,0.0,0.9111846089363098,-0.552233099937439,-0.7900001406669617
275.70488007,0.0,0.9111846089363098,-0.552233099937439,-0.7900001406669617
275.750825828,0.0,0.9111846089363098,-0.552233099937439,-0.7900001406669617
275.837470443,0.0,0.9111846089363098,-0.552233099937439,-0.7900001406669617
275.874684858,-0.0015339808305725,0.9111846089363098,-0.552233099937439,-0.7900001406669617
275.959910545,0.0,0.9111846089363098,-0.552233099937439,-0.7900001406669617
276.004555336,0.0,0.9111846089363098,-0.552233099937439,-0.7900001406669617
276.086058234,-0.0015339808305725,0.9111846089363098,-0.552233099937439,-0.7900001406669617
276.130278508,0.0,0.9111846089363098,-0.552233099937439,-0.7900001406669617
276.205177668,-0.0015339808305725,0.9111846089363098,-0.552233099937439,-0.7900001406669617
276.233597555,-0.0015339808305725,0.9111846089363098,-0.552233099937439,-0.7900001406669617
276.28680187,-0.0015339808305725,0.9111846089363098,-0.552233099937439,-0.7900001406669617
276.30964784,-0.0015339808305725,0.9111846089363098,-0.552233099937439,-0.7900001406669617
276.360339483,-0.0015339808305725,0.9111846089363098,-0.552233099937439,-0.7900001406669617
276.400448964,-0.0015339808305725,0.9111846089363098,-0.552233099937439,-0.7900001406669617
276.45414154,-0.0015339808305725,0.9111846089363098,-0.552233099937439,-0.7900001406669617
276.484772928,-0.0015339808305725,0.9111846089363098,-0.552233099937439,-0.7900001406669617
276.533065757,0.0,0.9111846089363098,-0.552233099937439,-0.7900001406669617
276.56270286,-0.0015339808305725,0.9096506237983704,-0.552233099937439,-0.7900001406669617
276.623187612,-0.0015339808305725,0.9096506237983704,-0.552233099937439,-0.7900001406669617
276.668245839,-0.0015339808305725,0.9111846089363098,-0.552233099937439,-0.7900001406669617
276.754683842,-0.0015339808305725,0.9111846089363098,-0.552233099937439,-0.7900001406669617
276.802225869,-0.0015339808305725,0.9096506237983704,-0.552233099937439,-0.7900001406669617
276.890635002,0.0,0.9111846089363098,-0.552233099937439,-0.7915341258049011
276.936149347,0.0,0.9111846089363098,-0.552233099937439,-0.7900001406669617
277.021700604,-0.0015339808305725,0.9111846089363098,-0.552233099937439,-0.7900001406669617
277.059676535,-0.0015339808305725,0.9096506237983704,-0.552233099937439,-0.7900001406669617
277.142050864,-0.0015339808305725,0.9111846089363098,-0.552233099937439,-0.7900001406669617
277.186694558,0.0,0.9111846089363098,-0.552233099937439,-0.7900001406669617
277.267653272,-0.0015339808305725,0.9111846089363098,-0.552233099937439,-0.7900001406669617
277.313806557,0.0,0.9111846089363098,-0.552233099937439,-0.7900001406669617
277.395328489,-0.0015339808305725,0.9111846089363098,-0.552233099937439,-0.7900001406669617
277.43112407,0.0,0.9111846089363098,-0.552233099937439,-0.7900001406669617
277.51448534,0.0,0.9096506237983704,-0.552233099937439,-0.7900001406669617
277.560503071,-0.0015339808305725,0.9111846089363098,-0.552233099937439,-0.7900001406669617
277.644252494,-0.0015339808305725,0.9111846089363098,-0.552233099937439,-0.7915341258049011
277.687103431,-0.0015339808305725,0.9111846089363098,-0.552233099937439,-0.7900001406669617
277.768443273,-0.0015339808305725,0.9111846089363098,-0.5506991147994995,-0.7900001406669617
277.804043643,-0.0015339808305725,0.9111846089363098,-0.5506991147994995,-0.7900001406669617
277.89352977,-0.0015339808305725,0.9111846089363098,-0.552233099937439,-0.7900001406669617
277.939306963,-0.0015339808305725,0.9111846089363098,-0.552233099937439,-0.7900001406669617
278.020152198,-0.0015339808305725,0.9111846089363098,-0.552233099937439,-0.7900001406669617
278.064962171,0.0,0.9111846089363098,-0.552233099937439,-0.7900001406669617
278.150057241,-0.0015339808305725,0.9096506237983704,-0.552233099937439,-0.7900001406669617
278.186394574,0.0,0.9096506237983704,-0.552233099937439,-0.7900001406669617
278.266782812,0.0,0.9111846089363098,-0.552233099937439,-0.7900001406669617
278.312676294,-0.0015339808305725,0.9096506237983704,-0.552233099937439,-0.7900001406669617
278.395467326,-0.0015339808305725,0.9096506237983704,-0.552233099937439,-0.7900001406669617
278.441396401,-0.0015339808305725,0.9111846089363098,-0.552233099937439,-0.7900001406669617
278.522001525,-0.0015339808305725,0.9111846089363098,-0.552233099937439,-0.7900001406669617
278.559186335,0.0,0.9111846089363098,-0.552233099937439,-0.7900001406669617
278.645292391,0.0,0.9111846089363098,-0.552233099937439,-0.7900001406669617
278.689773959,-0.0015339808305725,0.9111846089363098,-0.552233099937439,-0.7900001406669617
278.77409815,0.0,0.9096506237983704,-0.552233099937439,-0.7900001406669617
278.81211821,0.0,0.9111846089363098,-0.552233099937439,-0.7900001406669617
278.898171036,0.0,0.9111846089363098,-0.552233099937439,-0.7900001406669617
278.946757975,0.0,0.9111846089363098,-0.552233099937439,-0.7900001406669617
279.028989029,0.0,0.9111846089363098,-0.552233099937439,-0.7900001406669617
279.075386156,-0.0015339808305725,0.9096506237983704,-0.552233099937439,-0.7900001406669617
279.158261454,0.0,0.9111846089363098,-0.552233099937439,-0.7900001406669617
279.201638394,-0.0015339808305725,0.9111846089363098,-0.5506991147994995,-0.7900001406669617
279.28747561,0.0,0.9111846089363098,-0.552233099937439,-0.7900001406669617
279.327542652,0.0,0.9111846089363098,-0.552233099937439,-0.7900001406669617
279.41254744,-0.0015339808305725,0.9111846089363098,-0.552233099937439,-0.7900001406669617
279.454685172,0.0,0.9111846089363098,-0.552233099937439,-0.7900001406669617
279.536987744,0.0,0.9096506237983704,-0.552233099937439,-0.7900001406669617
279.583919817,0.0,0.9096506237983704,-0.552233099937439,-0.7900001406669617
279.667613127,0.0,0.9111846089363098,-0.552233099937439,-0.7900001406669617
279.704742972,-0.0015339808305725,0.9111846089363098,-0.552233099937439,-0.7915341258049011
279.787573672,-0.0015339808305725,0.9111846089363098,-0.552233099937439,-0.7900001406669617
279.831705781,0.0,0.9111846089363098,-0.552233099937439,-0.7900001406669617
279.896222401,0.0,0.9111846089363098,-0.552233099937439,-0.7900001406669617
279.920485818,-0.0015339808305725,0.9111846089363098,-0.552233099937439,-0.7900001406669617
279.982203771,-0.0015339808305725,0.9111846089363098,-0.552233099937439,-0.7900001406669617
280.026248957,0.0,0.9096506237983704,-0.552233099937439,-0.7900001406669617
280.108175035,0.0,0.9111846089363098,-0.552233099937439,-0.7900001406669617
280.174051017,-0.0015339808305725,0.9111846089363098,-0.552233099937439,-0.7900001406669617
280.255640314,-0.0015339808305725,0.9111846089363098,-0.552233099937439,-0.7900001406669617
280.299856376,-0.0015339808305725,0.9111846089363098,-0.552233099937439,-0.7915341258049011
280.38251937,0.0,0.9111846089363098,-0.552233099937439,-0.7900001406669617
280.42846243,0.0,0.9096506237983704,-0.552233099937439,-0.7900001406669617
280.512248604,-0.0015339808305725,0.9111846089363098,-0.552233099937439,-0.7900001406669617
280.547692309,0.0,0.9096506237983704,-0.552233099937439,-0.7900001406669617
280.630040626,0.0,0.9111846089363098,-0.552233099937439,-0.7900001406669617
280.674789227,0.0,0.9111846089363098,-0.552233099937439,-0.7900001406669617
280.757670905,0.0,0.9111846089363098,-0.552233099937439,-0.7900001406669617
280.79437346,0.0,0.9111846089363098,-0.5506991147994995,-0.7900001406669617
280.88012655,-0.0015339808305725,0.9111846089363098,-0.552233099937439,-0.7900001406669617
280.930056418,-0.0015339808305725,0.9111846089363098,-0.552233099937439,-0.7915341258049011
281.013726606,-0.0015339808305725,0.9111846089363098,-0.552233099937439,-0.7900001406669617
281.049952589,-0.0015339808305725,0.9111846089363098,-0.552233099937439,-0.7900001406669617
281.132189199,-0.0015339808305725,0.9111846089363098,-0.552233099937439,-0.7900001406669617
281.180097305,-0.0015339808305725,0.9111846089363098,-0.552233099937439,-0.7900001406669617
281.260037876,-0.0015339808305725,0.9096506237983704,-0.552233099937439,-0.7900001406669617
281.305511377,-0.0015339808305725,0.9111846089363098,-0.552233099937439,-0.7900001406669617
281.391203565,-0.0015339808305725,0.9096506237983704,-0.552233099937439,-0.7900001406669617
281.434702816,-0.0015339808305725,0.9096506237983704,-0.552233099937439,-0.7900001406669617
281.520057649,0.0,0.9111846089363098,-0.552233099937439,-0.7900001406669617
281.554878487,0.0,0.9111846089363098,-0.552233099937439,-0.7900001406669617
281.635686715,0.0,0.9111846089363098,-0.552233099937439,-0.7900001406669617
281.683146778,-0.0015339808305725,0.9111846089363098,-0.552233099937439,-0.7900001406669617
281.766316456,-0.0015339808305725,0.9111846089363098,-0.552233099937439,-0.7900001406669617
281.81392952,-0.0015339808305725,0.9111846089363098,-0.552233099937439,-0.7915341258049011
281.905614762,0.0,0.9111846089363098,-0.552233099937439,-0.7900001406669617
281.95284822,-0.0015339808305725,0.9111846089363098,-0.552233099937439,-0.7900001406669617
282.034393995,0.0,0.9096506237983704,-0.5506991147994995,-0.7900001406669617
282.070586661,0.0,0.9111846089363098,-0.552233099937439,-0.7900001406669617
282.154353937,0.0,0.9111846089363098,-0.552233099937439,-0.7900001406669617
282.200883837,0.0,0.9111846089363098,-0.552233099937439,-0.7900001406669617
282.283099016,0.0,0.9096506237983704,-0.552233099937439,-0.7900001406669617
282.318871331,0.0,0.9111846089363098,-0.552233099937439,-0.7900001406669617
282.402204032,-0.0015339808305725,0.9111846089363098,-0.552233099937439,-0.7900001406669617
282.450662409,-0.0015339808305725,0.9111846089363098,-0.552233099937439,-0.7900001406669617
282.530503234,0.0,0.9111846089363098,-0.552233099937439,-0.7900001406669617
282.577876069,0.0,0.9111846089363098,-0.552233099937439,-0.7900001406669617
282.660718416,0.0,0.9111846089363098,-0.552233099937439,-0.7900001406669617
282.697071292,-0.0015339808305725,0.9111846089363098,-0.5506991147994995,-0.7900001406669617
282.780124177,0.0,0.9096506237983704,-0.552233099937439,-0.7900001406669617
282.824173257,-0.0015339808305725,0.9111846089363098,-0.5506991147994995,-0.7900001406669617
282.912340422,0.0,0.9111846089363098,-0.552233099937439,-0.7900001406669617
282.958016481,-0.0015339808305725,0.9111846089363098,-0.552233099937439,-0.7900001406669617
283.039562259,-0.0015339808305725,0.9096506237983704,-0.5506991147994995,-0.7900001406669617
283.077858441,0.0,0.9111846089363098,-0.552233099937439,-0.7900001406669617
283.159535308,0.0,0.9111846089363098,-0.552233099937439,-0.7900001406669617
283.204103122,0.0,0.9096506237983704,-0.552233099937439,-0.7900001406669617
283.262080913,-0.0015339808305725,0.9111846089363098,-0.552233099937439,-0.7900001406669617
283.291412238,0.0,0.9111846089363098,-0.5506991147994995,-0.7900001406669617
283.344815775,0.0,0.9096506237983704,-0.552233099937439,-0.7915341258049011
283.372074302,-0.0015339808305725,0.9096506237983704,-0.552233099937439,-0.7900001406669617
283.424704495,0.0,0.9111846089363098,-0.552233099937439,-0.7900001406669617
283.453119059,-0.0015339808305725,0.9111846089363098,-0.552233099937439,-0.7900001406669617
283.5045791,-0.0015339808305725,0.9096506237983704,-0.552233099937439,-0.7900001406669617
283.532744909,0.0,0.9111846089363098,-0.552233099937439,-0.7900001406669617
283.58475919,-0.0015339808305725,0.9111846089363098,-0.552233099937439,-0.7900001406669617
283.613990534,0.0,0.9096506237983704,-0.552233099937439,-0.7900001406669617
283.662778293,0.0,0.9111846089363098,-0.552233099937439,-0.7900001406669617
283.692575812,0.0,0.9111846089363098,-0.552233099937439,-0.7900001406669617
283.759477264,0.0,0.9111846089363098,-0.552233099937439,-0.7900001406669617
283.804803402,-0.0015339808305725,0.9111846089363098,-0.552233099937439,-0.7900001406669617
283.893851602,0.0,0.9111846089363098,-0.552233099937439,-0.7900001406669617
283.94189157,0.0,0.9111846089363098,-0.552233099937439,-0.7900001406669617
284.023255438,0.0,0.9111846089363098,-0.552233099937439,-0.7900001406669617
284.060023992,-0.0015339808305725,0.9111846089363098,-0.552233099937439,-0.7900001406669617
284.141717188,-0.0015339808305725,0.9096506237983704,-0.552233099937439,-0.7900001406669617
284.186953325,0.0,0.9111846089363098,-0.552233099937439,-0.7900001406669617
284.282821667,0.0,0.9096506237983704,-0.552233099937439,-0.7900001406669617
284.319077246,0.0,0.9111846089363098,-0.552233099937439,-0.7900001406669617
284.416393101,-0.0015339808305725,0.9111846089363098,-0.552233099937439,-0.7900001406669617
284.444568111,0.0,0.9111846089363098,-0.552233099937439,-0.7900001406669617
284.536692277,0.0,0.9111846089363098,-0.552233099937439,-0.7900001406669617
284.578202875,-0.0015339808305725,0.9111846089363098,-0.552233099937439,-0.7900001406669617
284.666522155,0.0,0.9111846089363098,-0.552233099937439,-0.7900001406669617
284.701586315,0.0,0.9111846089363098,-0.552233099937439,-0.7900001406669617
284.785625861,0.0,0.9096506237983704,-0.552233099937439,-0.7900001406669617
284.829249,0.0,0.9111846089363098,-0.552233099937439,-0.7900001406669617
284.9204051,0.0,0.9111846089363098,-0.552233099937439,-0.7900001406669617
284.966307453,-0.0015339808305725,0.9111846089363098,-0.552233099937439,-0.7900001406669617
285.050091162,-0.0015339808305725,0.9111846089363098,-0.552233099937439,-0.7900001406669617
285.093299208,-0.0015339808305725,0.9096506237983704,-0.552233099937439,-0.7900001406669617
285.176697758,0.0,0.9111846089363098,-0.552233099937439,-0.7900001406669617
285.21446244,0.0,0.9111846089363098,-0.552233099937439,-0.7900001406669617
285.29663542,0.0,0.9096506237983704,-0.552233099937439,-0.7900001406669617
285.332713747,-0.0015339808305725,0.9111846089363098,-0.552233099937439,-0.7900001406669617
285.424860003,-0.0015339808305725,0.9111846089363098,-0.552233099937439,-0.7900001406669617
285.461530485,0.0,0.9111846089363098,-0.5506991147994995,-0.7900001406669617
285.553750379,0.0,0.9111846089363098,-0.552233099937439,-0.7900001406669617
285.58939296,-0.0015339808305725,0.9111846089363098,-0.552233099937439,-0.7900001406669617
285.68206399,0.0,0.9111846089363098,-0.552233099937439,-0.7900001406669617
285.718860311,0.0,0.9111846089363098,-0.552233099937439,-0.7900001406669617
285.808291925,-0.0015339808305725,0.9111846089363098,-0.552233099937439,-0.7900001406669617
285.847951148,0.0,0.9111846089363098,-0.552233099937439,-0.7900001406669617
285.934768162,0.0,0.9111846089363098,-0.552233099937439,-0.7915341258049011
285.983343024,0.0,0.9096506237983704,-0.552233099937439,-0.7900001406669617
286.064288034,-0.0015339808305725,0.9111846089363098,-0.5506991147994995,-0.7900001406669617
286.110450307,-0.0015339808305725,0.9096506237983704,-0.552233099937439,-0.7900001406669617
286.19036539,-0.0015339808305725,0.9111846089363098,-0.5506991147994995,-0.7900001406669617
286.227158002,-0.0015339808305725,0.9111846089363098,-0.552233099937439,-0.7900001406669617
286.310820267,0.0,0.9096506237983704,-0.552233099937439,-0.7900001406669617
286.355584404,0.0,0.9111846089363098,-0.552233099937439,-0.7900001406669617
286.447960688,-0.0015339808305725,0.9096506237983704,-0.552233099937439,-0.7900001406669617
286.483298127,-0.0015339808305725,0.9111846089363098,-0.552233099937439,-0.7900001406669617
286.563690693,-0.0015339808305725,0.9111846089363098,-0.552233099937439,-0.7900001406669617
286.599772226,-0.0015339808305725,0.9111846089363098,-0.552233099937439,-0.7900001406669617
286.689765905,-0.0015339808305725,0.9111846089363098,-0.552233099937439,-0.7900001406669617
286.724897964,0.0,0.9096506237983704,-0.552233099937439,-0.7900001406669617
286.817870278,0.0,0.9111846089363098,-0.552233099937439,-0.7900001406669617
286.859956269,0.0,0.9111846089363098,-0.552233099937439,-0.7900001406669617
286.957778949,0.0,0.9111846089363098,-0.552233099937439,-0.7900001406669617
286.991015443,-0.0015339808305725,0.9111846089363098,-0.552233099937439,-0.7900001406669617
287.051187238,0.0,0.9111846089363098,-0.552233099937439,-0.7900001406669617
287.067858585,0.0,0.9111846089363098,-0.552233099937439,-0.7900001406669617
287.145581996,0.0,0.9111846089363098,-0.552233099937439,-0.7900001406669617
287.210869559,-0.0015339808305725,0.9096506237983704,-0.552233099937439,-0.7900001406669617
287.292595372,-0.0015339808305725,0.9096506237983704,-0.552233099937439,-0.7900001406669617
287.328226903,-0.0015339808305725,0.9111846089363098,-0.552233099937439,-0.7900001406669617
287.421882118,0.0,0.9111846089363098,-0.552233099937439,-0.7900001406669617
287.449763069,0.0,0.9111846089363098,-0.552233099937439,-0.7900001406669617
287.543870421,-0.0015339808305725,0.9111846089363098,-0.552233099937439,-0.7900001406669617
287.56935378,0.0,0.9111846089363098,-0.552233099937439,-0.7900001406669617
287.662303845,0.0,0.9111846089363098,-0.5506991147994995,-0.7900001406669617
287.699441839,0.0,0.9111846089363098,-0.552233099937439,-0.7900001406669617
287.791675905,-0.0015339808305725,0.9111846089363098,-0.552233099937439,-0.7900001406669617
287.82764533,-0.0015339808305725,0.9111846089363098,-0.552233099937439,-0.7900001406669617
287.926747356,-0.0015339808305725,0.9111846089363098,-0.552233099937439,-0.7900001406669617
287.965682866,0.0,0.9111846089363098,-0.552233099937439,-0.7900001406669617
288.058889502,0.0,0.9111846089363098,-0.552233099937439,-0.7900001406669617
288.095840298,-0.0015339808305725,0.9111846089363098,-0.552233099937439,-0.7900001406669617
288.188584757,-0.0015339808305725,0.9111846089363098,-0.552233099937439,-0.7900001406669617
288.223846316,0.0,0.9096506237983704,-0.552233099937439,-0.7900001406669617
288.319265267,0.0,0.9111846089363098,-0.552233099937439,-0.7900001406669617
288.362470097,0.0,0.9096506237983704,-0.552233099937439,-0.7900001406669617
288.454760663,0.0,0.9111846089363098,-0.552233099937439,-0.7900001406669617
288.4835338,-0.0015339808305725,0.9111846089363098,-0.552233099937439,-0.7900001406669617
288.578324652,0.0,0.9096506237983704,-0.552233099937439,-0.7900001406669617
288.616415161,-0.0015339808305725,0.9111846089363098,-0.552233099937439,-0.7900001406669617
288.708168235,-0.0015339808305725,0.9111846089363098,-0.5506991147994995,-0.7900001406669617
288.747767772,0.0,0.9096506237983704,-0.552233099937439,-0.7900001406669617
288.83783376,0.0,0.9111846089363098,-0.552233099937439,-0.7900001406669617
288.877789672,0.0,0.9096506237983704,-0.552233099937439,-0.7900001406669617
288.977098687,-0.0015339808305725,0.9111846089363098,-0.552233099937439,-0.7900001406669617
289.014904852,-0.0015339808305725,0.9096506237983704,-0.552233099937439,-0.7900001406669617
289.103833466,0.0,0.9111846089363098,-0.552233099937439,-0.7900001406669617
289.143719807,-0.0015339808305725,0.9111846089363098,-0.552233099937439,-0.7900001406669617
289.23244408,-0.0015339808305725,0.9111846089363098,-0.552233099937439,-0.7900001406669617
289.280504047,-0.0015339808305725,0.9111846089363098,-0.552233099937439,-0.7900001406669617
289.372149497,-0.0015339808305725,0.9096506237983704,-0.552233099937439,-0.7900001406669617
289.403119948,-0.0015339808305725,0.9096506237983704,-0.552233099937439,-0.7900001406669617
289.495627705,0.0,0.9111846089363098,-0.552233099937439,-0.7900001406669617
289.541733902,0.0,0.9111846089363098,-0.552233099937439,-0.7900001406669617
289.634148883,0.0,0.9096506237983704,-0.552233099937439,-0.7900001406669617
289.6610263,-0.0015339808305725,0.9111846089363098,-0.552233099937439,-0.7900001406669617
289.755961647,-0.0015339808305725,0.9111846089363098,-0.552233099937439,-0.7900001406669617
289.79889525,-0.0015339808305725,0.9096506237983704,-0.552233099937439,-0.7900001406669617
289.885308054,-0.0015339808305725,0.9111846089363098,-0.552233099937439,-0.7915341258049011
289.919709506,0.0,0.9111846089363098,-0.552233099937439,-0.7900001406669617
290.018161467,0.0,0.9111846089363098,-0.552233099937439,-0.7900001406669617
290.050060408,-0.0015339808305725,0.9111846089363098,-0.552233099937439,-0.7900001406669617
290.141063515,0.0,0.9111846089363098,-0.552233099937439,-0.7900001406669617
290.167644934,-0.0015339808305725,0.9111846089363098,-0.552233099937439,-0.7900001406669617
290.259669247,-0.0015339808305725,0.9096506237983704,-0.552233099937439,-0.7900001406669617
290.29592816,-0.0015339808305725,0.9096506237983704,-0.552233099937439,-0.7915341258049011
290.372533451,0.0,0.9111846089363098,-0.552233099937439,-0.7900001406669617
290.401486471,-0.0015339808305725,0.9111846089363098,-0.552233099937439,-0.7900001406669617
290.464740023,0.0,0.9111846089363098,-0.552233099937439,-0.7900001406669617
290.501131219,-0.0015339808305725,0.9111846089363098,-0.552233099937439,-0.7900001406669617
290.591090911,0.0,0.9111846089363098,-0.552233099937439,-0.7900001406669617
290.627768247,-0.0015339808305725,0.9111846089363098,-0.552233099937439,-0.7900001406669617
290.723160487,-0.0015339808305725,0.9111846089363098,-0.552233099937439,-0.7900001406669617
290.75900832,0.0,0.9111846089363098,-0.5506991147994995,-0.7900001406669617
290.851557416,-0.0015339808305725,0.9096506237983704,-0.552233099937439,-0.7900001406669617
290.887617327,0.0,0.9111846089363098,-0.552233099937439,-0.7900001406669617
290.977774257,-0.0015339808305725,0.9111846089363098,-0.552233099937439,-0.7900001406669617
291.014660838,0.0,0.9111846089363098,-0.5506991147994995,-0.7900001406669617
291.105429204,-0.0015339808305725,0.9111846089363098,-0.552233099937439,-0.7900001406669617
291.141366939,-0.0015339808305725,0.9096506237983704,-0.552233099937439,-0.7900001406669617
291.231301036,-0.0015339808305725,0.9111846089363098,-0.552233099937439,-0.7900001406669617
291.266142906,-0.0015339808305725,0.9111846089363098,-0.552233099937439,-0.7900001406669617
291.359971148,0.0,0.9111846089363098,-0.552233099937439,-0.7900001406669617
291.39611205,-0.0015339808305725,0.9096506237983704,-0.552233099937439,-0.7900001406669617
291.488341657,-0.0015339808305725,0.9111846089363098,-0.552233099937439,-0.7900001406669617
291.517783609,0.0,0.9111846089363098,-0.552233099937439,-0.7900001406669617
291.607970556,-0.0015339808305725,0.9111846089363098,-0.552233099937439,-0.7915341258049011
291.648499302,-0.0015339808305725,0.9111846089363098,-0.552233099937439,-0.7900001406669617
291.735870939,-0.0015339808305725,0.9111846089363098,-0.552233099937439,-0.7900001406669617
291.777502128,0.0,0.9111846089363098,-0.552233099937439,-0.7900001406669617
291.865689155,0.0,0.9096506237983704,-0.552233099937439,-0.7900001406669617
291.910457053,0.0,0.9096506237983704,-0.552233099937439,-0.7900001406669617
292.003074561,-0.0015339808305725,0.9111846089363098,-0.552233099937439,-0.7900001406669617
292.043657168,0.0,0.9096506237983704,-0.552233099937439,-0.7900001406669617
292.132959225,-0.0015339808305725,0.9111846089363098,-0.552233099937439,-0.7900001406669617
292.170475389,-0.0015339808305725,0.9111846089363098,-0.552233099937439,-0.7900001406669617
292.263928208,-0.0015339808305725,0.9111846089363098,-0.552233099937439,-0.7900001406669617
292.300765218,-0.0015339808305725,0.9096506237983704,-0.552233099937439,-0.7900001406669617
292.392478803,0.0,0.9111846089363098,-0.5506991147994995,-0.7900001406669617
292.428696914,0.0,0.9111846089363098,-0.552233099937439,-0.7900001406669617
292.522473243,-0.0015339808305725,0.9111846089363098,-0.552233099937439,-0.7900001406669617
292.558185299,0.0,0.9111846089363098,-0.5506991147994995,-0.7900001406669617
292.650299526,0.0,0.9111846089363098,-0.552233099937439,-0.7900001406669617
292.68577851,0.0,0.9096506237983704,-0.5506991147994995,-0.7900001406669617
292.768318843,0.0,0.9111846089363098,-0.5506991147994995,-0.7900001406669617
292.816007691,-0.0015339808305725,0.9111846089363098,-0.552233099937439,-0.7900001406669617
292.911840186,-0.0015339808305725,0.9111846089363098,-0.5506991147994995,-0.7915341258049011
292.948694665,0.0,0.9111846089363098,-0.552233099937439,-0.7900001406669617
293.048914698,0.0,0.9111846089363098,-0.552233099937439,-0.7900001406669617
293.077790525,-0.0015339808305725,0.9096506237983704,-0.552233099937439,-0.7900001406669617
293.167505999,0.0,0.9096506237983704,-0.552233099937439,-0.7900001406669617
293.203996603,-0.0015339808305725,0.9111846089363098,-0.552233099937439,-0.7900001406669617
293.296860761,0.0,0.9096506237983704,-0.552233099937439,-0.7915341258049011
293.331932941,-0.0015339808305725,0.9111846089363098,-0.552233099937439,-0.7900001406669617
293.428251369,-0.0015339808305725,0.9111846089363098,-0.552233099937439,-0.7900001406669617
293.465619693,0.0,0.9111846089363098,-0.552233099937439,-0.7900001406669617
293.55654006,0.0,0.9111846089363098,-0.552233099937439,-0.7900001406669617
293.592415258,-0.0015339808305725,0.9111846089363098,-0.552233099937439,-0.7900001406669617
293.683659881,0.0,0.9111846089363098,-0.5506991147994995,-0.7900001406669617
293.714155461,-0.0015339808305725,0.9111846089363098,-0.552233099937439,-0.7900001406669617
293.769611746,0.0,0.9111846089363098,-0.552233099937439,-0.7900001406669617
293.788990746,0.0,0.9111846089363098,-0.552233099937439,-0.7900001406669617
293.847089639,-0.0015339808305725,0.9096506237983704,-0.552233099937439,-0.7900001406669617
293.875071405,0.0,0.9111846089363098,-0.552233099937439,-0.7900001406669617
293.93159433,-0.0015339808305725,0.9096506237983704,-0.552233099937439,-0.7900001406669617
293.981090334,-0.0015339808305725,0.9096506237983704,-0.5506991147994995,-0.7900001406669617
294.039957833,0.0,0.9111846089363098,-0.552233099937439,-0.7900001406669617
294.057004716,-0.0015339808305725,0.9111846089363098,-0.552233099937439,-0.7900001406669617
294.114608001,0.0,0.9111846089363098,-0.552233099937439,-0.7900001406669617
294.14435749,0.0,0.9111846089363098,-0.552233099937439,-0.7900001406669617
294.200552739,0.0,0.9111846089363098,-0.5506991147994995,-0.7900001406669617
294.242952878,-0.0015339808305725,0.9096506237983704,-0.5506991147994995,-0.7900001406669617
294.298149225,0.0,0.9111846089363098,-0.5506991147994995,-0.7900001406669617
294.326378168,0.0,0.9111846089363098,-0.5506991147994995,-0.7900001406669617
294.383515434,0.0,0.9111846089363098,-0.552233099937439,-0.7900001406669617
294.426214678,-0.0015339808305725,0.9111846089363098,-0.552233099937439,-0.7900001406669617
294.48342313,-0.0015339808305725,0.9111846089363098,-0.552233099937439,-0.7900001406669617
294.513850834,0.0,0.9111846089363098,-0.552233099937439,-0.7900001406669617
294.568708672,-0.0015339808305725,0.9111846089363098,-0.552233099937439,-0.7900001406669617
294.591936683,0.0,0.9111846089363098,-0.552233099937439,-0.7900001406669617
294.667714988,-0.0015339808305725,0.9111846089363098,-0.552233099937439,-0.7900001406669617
294.715036221,0.0,0.9111846089363098,-0.5506991147994995,-0.7900001406669617
294.805662385,-0.0015339808305725,0.9096506237983704,-0.552233099937439,-0.7900001406669617
294.833720605,0.0,0.9111846089363098,-0.552233099937439,-0.7900001406669617
294.927703213,-0.0015339808305725,0.9111846089363098,-0.552233099937439,-0.7900001406669617
294.963713267,0.0,0.9096506237983704,-0.552233099937439,-0.7900001406669617
295.063886855,0.0,0.9111846089363098,-0.552233099937439,-0.7900001406669617
295.099053308,-0.0015339808305725,0.9111846089363098,-0.552233099937439,-0.7900001406669617
295.192129773,0.0,0.9111846089363098,-0.5506991147994995,-0.7900001406669617
295.229279572,0.0,0.9111846089363098,-0.552233099937439,-0.7900001406669617
295.322473608,-0.0015339808305725,0.9096506237983704,-0.552233099937439,-0.7900001406669617
295.360117718,-0.0015339808305725,0.9096506237983704,-0.552233099937439,-0.7900001406669617
295.453840555,0.0,0.9111846089363098,-0.552233099937439,-0.7900001406669617
295.48951966,-0.0015339808305725,0.9111846089363098,-0.552233099937439,-0.7900001406669617
295.586252789,-0.0015339808305725,0.9111846089363098,-0.552233099937439,-0.7900001406669617
295.622365978,0.0,0.9111846089363098,-0.552233099937439,-0.7900001406669617
295.716385075,-0.0015339808305725,0.9111846089363098,-0.552233099937439,-0.7900001406669617
295.743604189,-0.0015339808305725,0.9111846089363098,-0.552233099937439,-0.7900001406669617
295.832563303,0.0,0.9111846089363098,-0.552233099937439,-0.7900001406669617
295.868346073,0.0,0.9111846089363098,-0.552233099937439,-0.7900001406669617
295.960204711,-0.0015339808305725,0.9096506237983704,-0.552233099937439,-0.7900001406669617
295.995762971,0.0,0.9111846089363098,-0.552233099937439,-0.7900001406669617
296.093213877,0.0,0.9111846089363098,-0.552233099937439,-0.7900001406669617
296.130390146,0.0,0.9096506237983704,-0.552233099937439,-0.7900001406669617
296.221150994,0.0,0.9096506237983704,-0.552233099937439,-0.7900001406669617
296.264231516,-0.0015339808305725,0.9111846089363098,-0.552233099937439,-0.7900001406669617
296.356201351,0.0,0.9111846089363098,-0.5506991147994995,-0.7915341258049011
296.389347737,-0.0015339808305725,0.9111846089363098,-0.552233099937439,-0.7915341258049011
296.482214401,0.0,0.9111846089363098,-0.552233099937439,-0.7900001406669617
296.512043894,0.0,0.9111846089363098,-0.552233099937439,-0.7900001406669617
296.602909831,0.0,0.9111846089363098,-0.552233099937439,-0.7900001406669617
296.638627197,-0.0015339808305725,0.9111846089363098,-0.552233099937439,-0.7900001406669617
296.7302194,0.0,0.9111846089363098,-0.552233099937439,-0.7900001406669617
296.778075406,0.0,0.9111846089363098,-0.552233099937439,-0.7900001406669617
296.867343543,-0.0015339808305725,0.9111846089363098,-0.552233099937439,-0.7900001406669617
296.903098961,-0.0015339808305725,0.9096506237983704,-0.552233099937439,-0.7900001406669617
296.99980833,0.0,0.9111846089363098,-0.552233099937439,-0.7900001406669617
297.03529595,0.0,0.9111846089363098,-0.552233099937439,-0.7900001406669617
297.132156255,0.0,0.9111846089363098,-0.552233099937439,-0.7900001406669617
297.1684085,-0.0015339808305725,0.9111846089363098,-0.552233099937439,-0.7900001406669617
297.263358515,0.0,0.9096506237983704,-0.552233099937439,-0.7900001406669617
297.298888903,-0.0015339808305725,0.9111846089363098,-0.552233099937439,-0.7900001406669617
297.391701543,0.0,0.9111846089363098,-0.552233099937439,-0.7900001406669617
297.427334345,-0.0015339808305725,0.9096506237983704,-0.552233099937439,-0.7900001406669617
297.524035168,0.0,0.9096506237983704,-0.552233099937439,-0.7900001406669617
297.56013916,0.0,0.9111846089363098,-0.552233099937439,-0.7915341258049011
297.657596163,0.0,0.9111846089363098,-0.552233099937439,-0.7900001406669617
297.693183518,-0.0015339808305725,0.9096506237983704,-0.552233099937439,-0.7900001406669617
297.786593931,0.0,0.9096506237983704,-0.552233099937439,-0.7900001406669617
297.822609192,0.0,0.9111846089363098,-0.552233099937439,-0.7900001406669617
297.903732376,0.0,0.9111846089363098,-0.552233099937439,-0.7900001406669617
297.921365424,-0.0015339808305725,0.9111846089363098,-0.552233099937439,-0.7900001406669617
297.979188815,0.0,0.9111846089363098,-0.552233099937439,-0.7900001406669617
298.015178264,-0.0015339808305725,0.9096506237983704,-0.552233099937439,-0.7900001406669617
298.111260499,0.0,0.9111846089363098,-0.5506991147994995,-0.7900001406669617
298.154467189,0.0,0.9111846089363098,-0.552233099937439,-0.7900001406669617
298.248166792,-0.0015339808305725,0.9096506237983704,-0.5506991147994995,-0.7900001406669617
298.278397315,-0.0015339808305725,0.9111846089363098,-0.552233099937439,-0.7900001406669617
298.367083993,-0.0015339808305725,0.9111846089363098,-0.552233099937439,-0.7900001406669617
298.404091131,-0.0015339808305725,0.9111846089363098,-0.552233099937439,-0.7900001406669617
298.497044109,0.0,0.9111846089363098,-0.5506991147994995,-0.7900001406669617
298.535037045,-0.0015339808305725,0.9096506237983704,-0.5506991147994995,-0.7900001406669617
298.630620191,0.0,0.9111846089363098,-0.552233099937439,-0.7900001406669617
298.666899637,0.0,0.9111846089363098,-0.552233099937439,-0.7900001406669617
298.757873633,0.0,0.9111846089363098,-0.552233099937439,-0.7900001406669617
298.794689215,0.0,0.9111846089363098,-0.552233099937439,-0.7900001406669617
298.887098923,-0.0015339808305725,0.9111846089363098,-0.552233099937439,-0.7900001406669617
298.922557578,-0.0015339808305725,0.9111846089363098,-0.552233099937439,-0.7900001406669617
299.014319399,-0.0015339808305725,0.9111846089363098,-0.552233099937439,-0.7900001406669617
299.051410802,0.0,0.9111846089363098,-0.552233099937439,-0.7900001406669617
299.145350092,0.0,0.9111846089363098,-0.552233099937439,-0.7900001406669617
299.183206497,0.0,0.9111846089363098,-0.552233099937439,-0.7900001406669617
299.277114451,-0.0015339808305725,0.9111846089363098,-0.552233099937439,-0.7900001406669617
299.314134951,-0.0015339808305725,0.9111846089363098,-0.552233099937439,-0.7900001406669617
299.4044609,0.0,0.9111846089363098,-0.552233099937439,-0.7900001406669617
299.449804466,0.0,0.9111846089363098,-0.552233099937439,-0.7900001406669617
299.544691539,0.0,0.9111846089363098,-0.552233099937439,-0.7900001406669617
299.581073068,0.0,0.9111846089363098,-0.5506991147994995,-0.7900001406669617
299.671247924,0.0,0.9096506237983704,-0.552233099937439,-0.7900001406669617
299.699598419,0.0,0.9111846089363098,-0.552233099937439,-0.7900001406669617
299.791426594,-0.0015339808305725,0.9096506237983704,-0.552233099937439,-0.7900001406669617
299.826111807,-0.0015339808305725,0.9111846089363098,-0.552233099937439,-0.7900001406669617
299.920259755,0.0,0.9111846089363098,-0.552233099937439,-0.7915341258049011
299.956116151,-0.0015339808305725,0.9111846089363098,-0.5506991147994995,-0.7900001406669617
300.051428257,-0.0015339808305725,0.9111846089363098,-0.552233099937439,-0.7900001406669617
300.079132502,0.0,0.9111846089363098,-0.552233099937439,-0.7900001406669617
300.173684672,-0.0015339808305725,0.9111846089363098,-0.552233099937439,-0.7900001406669617
300.210122652,0.0,0.9111846089363098,-0.552233099937439,-0.7900001406669617
300.302781796,0.0,0.9111846089363098,-0.552233099937439,-0.7900001406669617
300.340406358,0.0,0.9111846089363098,-0.552233099937439,-0.7900001406669617
300.43414608,-0.0015339808305725,0.9111846089363098,-0.552233099937439,-0.7900001406669617
300.473091602,-0.0015339808305725,0.9111846089363098,-0.5506991147994995,-0.7900001406669617
300.566129745,-0.0015339808305725,0.9111846089363098,-0.552233099937439,-0.7900001406669617
300.601928663,0.0,0.9111846089363098,-0.552233099937439,-0.7900001406669617
300.695546943,-0.0015339808305725,0.9111846089363098,-0.552233099937439,-0.7900001406669617
300.730232128,-0.0015339808305725,0.9111846089363098,-0.552233099937439,-0.7900001406669617
300.823706142,0.0,0.9096506237983704,-0.552233099937439,-0.7900001406669617
300.86138003,0.0,0.9111846089363098,-0.552233099937439,-0.7900001406669617
300.954065417,0.0,0.9111846089363098,-0.552233099937439,-0.7900001406669617
300.987747411,-0.0015339808305725,0.9111846089363098,-0.552233099937439,-0.7900001406669617
301.083794336,0.0,0.9111846089363098,-0.552233099937439,-0.7900001406669617
301.120168217,0.0,0.9111846089363098,-0.552233099937439,-0.7900001406669617
301.218726521,-0.0015339808305725,0.9111846089363098,-0.552233099937439,-0.7900001406669617
301.250344225,0.0,0.9096506237983704,-0.552233099937439,-0.7900001406669617
301.301490847,-0.0015339808305725,0.9111846089363098,-0.552233099937439,-0.7900001406669617
301.330674011,-0.0015339808305725,0.9111846089363098,-0.552233099937439,-0.7900001406669617
301.415373977,-0.0015339808305725,0.9111846089363098,-0.552233099937439,-0.7900001406669617
301.48032677,0.0,0.9111846089363098,-0.5506991147994995,-0.7900001406669617
301.571224203,0.0,0.9111846089363098,-0.552233099937439,-0.7900001406669617
301.608023139,0.0,0.9111846089363098,-0.552233099937439,-0.7900001406669617
301.700451464,-0.0015339808305725,0.9096506237983704,-0.552233099937439,-0.7900001406669617
301.73732065,-0.0015339808305725,0.9096506237983704,-0.552233099937439,-0.7900001406669617
301.832413852,-0.0015339808305725,0.9096506237983704,-0.552233099937439,-0.7900001406669617
301.868299163,-0.0015339808305725,0.9111846089363098,-0.552233099937439,-0.7900001406669617
301.960246445,0.0,0.9111846089363098,-0.552233099937439,-0.7900001406669617
302.000172316,0.0,0.9111846089363098,-0.552233099937439,-0.7900001406669617
302.095984755,-0.0015339808305725,0.9111846089363098,-0.552233099937439,-0.7915341258049011
302.131765986,-0.0015339808305725,0.9111846089363098,-0.552233099937439,-0.7900001406669617
302.22867756,-0.0015339808305725,0.9111846089363098,-0.5506991147994995,-0.7900001406669617
302.256483876,0.0,0.9096506237983704,-0.552233099937439,-0.7900001406669617
302.351265327,-0.0015339808305725,0.9111846089363098,-0.5506991147994995,-0.7900001406669617
302.389116482,0.0,0.9111846089363098,-0.552233099937439,-0.7900001406669617
302.484116873,0.0,0.9096506237983704,-0.5506991147994995,-0.7900001406669617
302.520535775,0.0,0.9096506237983704,-0.552233099937439,-0.7900001406669617
302.616656953,0.0,0.9111846089363098,-0.552233099937439,-0.7900001406669617
302.652082234,0.0,0.9111846089363098,-0.552233099937439,-0.7900001406669617
302.744043133,0.0,0.9111846089363098,-0.552233099937439,-0.7900001406669617
302.780969597,0.0,0.9111846089363098,-0.552233099937439,-0.7900001406669617
302.870138727,0.0,0.9111846089363098,-0.5506991147994995,-0.7900001406669617
302.908491986,-0.0015339808305725,0.9111846089363098,-0.552233099937439,-0.7900001406669617
303.002610397,-0.0015339808305725,0.9096506237983704,-0.552233099937439,-0.7900001406669617
303.039723767,-0.0015339808305725,0.9096506237983704,-0.552233099937439,-0.7900001406669617
303.13161701,0.0,0.9111846089363098,-0.552233099937439,-0.7900001406669617
303.167942991,0.0,0.9111846089363098,-0.552233099937439,-0.7900001406669617
303.266661497,0.0,0.9111846089363098,-0.552233099937439,-0.7900001406669617
303.303683154,-0.0015339808305725,0.9111846089363098,-0.552233099937439,-0.7900001406669617
303.39775386,-0.0015339808305725,0.9111846089363098,-0.552233099937439,-0.7900001406669617
303.432216438,0.0,0.9111846089363098,-0.552233099937439,-0.7900001406669617
303.526706907,-0.0015339808305725,0.9111846089363098,-0.552233099937439,-0.7900001406669617
303.563478516,0.0,0.9111846089363098,-0.552233099937439,-0.7900001406669617
303.653907797,-0.0015339808305725,0.9096506237983704,-0.552233099937439,-0.7900001406669617
303.689731232,0.0,0.9111846089363098,-0.552233099937439,-0.7900001406669617
303.784306059,0.0,0.9111846089363098,-0.552233099937439,-0.7900001406669617
303.822244908,0.0,0.9111846089363098,-0.552233099937439,-0.7900001406669617
303.915515736,0.0,0.9111846089363098,-0.552233099937439,-0.7900001406669617
303.950512489,-0.0015339808305725,0.9111846089363098,-0.552233099937439,-0.7900001406669617
304.038736661,-0.0015339808305725,0.9111846089363098,-0.552233099937439,-0.7900001406669617
304.06843087,-0.0015339808305725,0.9111846089363098,-0.552233099937439,-0.7915341258049011
304.161553172,-0.0015339808305725,0.9111846089363098,-0.552233099937439,-0.7900001406669617
304.208601848,-0.0015339808305725,0.9111846089363098,-0.552233099937439,-0.7900001406669617
304.306871025,-0.0015339808305725,0.9111846089363098,-0.552233099937439,-0.7900001406669617
304.34656102,0.0,0.9096506237983704,-0.552233099937439,-0.7900001406669617
304.444491652,0.0,0.9111846089363098,-0.552233099937439,-0.7900001406669617
304.469571618,-0.0015339808305725,0.9111846089363098,-0.552233099937439,-0.7900001406669617
304.570826176,-0.0015339808305725,0.9111846089363098,-0.5506991147994995,-0.7900001406669617
304.607018708,0.0,0.9096506237983704,-0.552233099937439,-0.7900001406669617
304.66339333,0.0,0.9111846089363098,-0.5506991147994995,-0.7915341258049011
304.686865036,0.0,0.9111846089363098,-0.552233099937439,-0.7900001406669617
304.766990134,-0.0015339808305725,0.9111846089363098,-0.552233099937439,-0.7900001406669617
304.803169564,0.0,0.9111846089363098,-0.552233099937439,-0.7900001406669617
304.895221942,0.0,0.9111846089363098,-0.552233099937439,-0.7900001406669617
304.933244706,0.0,0.9111846089363098,-0.552233099937439,-0.7900001406669617
305.024450495,0.0,0.9111846089363098,-0.552233099937439,-0.7900001406669617
305.062706996,-0.0015339808305725,0.9111846089363098,-0.552233099937439,-0.7900001406669617
305.153303222,0.0,0.9111846089363098,-0.552233099937439,-0.7900001406669617
305.188472845,-0.0015339808305725,0.9111846089363098,-0.552233099937439,-0.7900001406669617
305.286898935,-0.0015339808305725,0.9111846089363098,-0.552233099937439,-0.7900001406669617
305.322638929,-0.0015339808305725,0.9111846089363098,-0.552233099937439,-0.7900001406669617
305.416618967,0.0,0.9096506237983704,-0.552233099937439,-0.7900001406669617
305.45312604,0.0,0.9111846089363098,-0.552233099937439,-0.7900001406669617
305.547115869,0.0,0.9111846089363098,-0.552233099937439,-0.7900001406669617
305.585186087,0.0,0.9096506237983704,-0.552233099937439,-0.7900001406669617
305.678483647,0.0,0.9111846089363098,-0.552233099937439,-0.7900001406669617
305.71597639,-0.0015339808305725,0.9111846089363098,-0.552233099937439,-0.7900001406669617
305.806636471,0.0,0.9096506237983704,-0.552233099937439,-0.7900001406669617
305.844716633,0.0,0.9111846089363098,-0.552233099937439,-0.7900001406669617
305.936032565,-0.0015339808305725,0.9111846089363098,-0.552233099937439,-0.7900001406669617
305.973162024,-0.0015339808305725,0.9096506237983704,-0.552233099937439,-0.7900001406669617
306.067293598,0.0,0.9111846089363098,-0.552233099937439,-0.7900001406669617
306.102401941,0.0,0.9111846089363098,-0.5506991147994995,-0.7900001406669617
