%time,field.linear.x,field.linear.y,field.linear.z,field.angular.x,field.angular.y,field.angular.z
1779682961967452812,0.0,0.0,0.0,0.0,0.0,0.0
1779682962066253377,0.0,0.0,0.0,0.0,0.0,0.0
1779682962165489232,0.0,0.0,0.0,0.0,0.0,0.0
1779682962267145959,0.0,0.0,0.0,0.0,0.0,0.0
1779682962368444736,0.0,0.0,0.0,0.0,0.0,0.0
1779682962454882158,0.0,0.0,0.0,0.0,0.0,-0.35
1779682962555303869,0.0,0.0,0.0,0.0,0.0,-0.35
1779682962654726899,0.0,0.0,0.0,0.0,0.0,-0.35
1779682962754804725,0.0,0.0,0.0,0.0,0.0,-0.35
1779682962854834780,0.0,0.0,0.0,0.0,0.0,-0.35
1779682962955111181,0.0,0.0,0.0,0.0,0.0,-0.3065220576362667
1779682963054803748,0.0,0.0,0.0,0.0,0.0,-0.24828266428608958
1779682963154969085,0.0,0.0,0.0,0.0,0.0,-0.2099597327826903
1779682963255242313,0.0,0.0,0.0,0.0,0.0,-0.17472373859327184
1779682963355124422,0.0,0.0,0.0,0.0,0.0,-0.13714946362924407
1779682963455627637,0.0,0.0,0.0,0.0,0.0,-0.10804538111267015
1779682963554879340,0.022335463023378212,0.0,0.0,0.0,0.0,-0.08389902548602723
1779682963654842395,0.02213330325886249,0.0,0.0,0.0,0.0,-0.061960309348346176
1779682963766378328,0.0,0.0,0.0,0.0,0.0,0.0
1779682963854707099,0.0,0.0,0.0,0.0,0.0,0.19887291273008134
1779682963970500892,0.0,0.0,0.0,0.0,0.0,0.0
1779682964054973687,0.0,0.0,0.0,0.0,0.0,0.18932595848275513
1779682964154971186,0.0,0.0,0.0,0.0,0.0,0.17166621551579686
1779682964254881393,0.0,0.0,0.0,0.0,0.0,0.16124966540838848
1779682964355151793,0.0,0.0,0.0,0.0,0.0,0.13701027129205545
1779682964454719757,0.0,0.0,0.0,0.0,0.0,0.10337943019202167
1779682964555631819,0.025396197997646596,0.0,0.0,0.0,0.0,0.0845800747557105
1779682964655174817,0.02540378569816443,0.0,0.0,0.0,0.0,0.06947564149088992
1779682964754894837,0.025217922703707873,0.0,0.0,0.0,0.0,0.059014000767204755
1779682964854751940,0.025217922703707873,0.0,0.0,0.0,0.0,0.059014000767204755
1779682964955311837,0.025217922703707873,0.0,0.0,0.0,0.0,0.059014000767204755
1779682965054998319,0.024162894461914053,0.0,0.0,0.0,0.0,0.03275273288065117
1779682965154928786,0.023631446178203546,0.0,0.0,0.0,0.0,0.02237696099280051
1779682965254925406,0.023316326945050304,0.0,0.0,0.0,0.0,0.016515668120160143
1779682965354937420,0.022997427981985983,0.0,0.0,0.0,0.0,0.012387242622681094
1779682965455901891,0.022693721414482938,0.0,0.0,0.0,0.0,0.009597421281249408
1779682965555519957,0.02227983593843285,0.0,0.0,0.0,0.0,0.006998516045659153
1779682965655452182,0.02197991357562467,0.0,0.0,0.0,0.0,0.0057205569920749655
1779682965755456672,0.02165721979911719,0.0,0.0,0.0,0.0,0.004905195460415679
1779682965854729680,0.02120540605256428,0.0,0.0,0.0,0.0,0.0031281049430298413
1779682965955030674,0.020920677552618658,0.0,0.0,0.0,0.0,0.002354542192548159
1779682966055420269,0.020632148195857646,0.0,0.0,0.0,0.0,0.002229856121314655
1779682966155371836,0.020366358694180766,0.0,0.0,0.0,0.0,0.002409598798682633
1779682966255160386,0.020111982795339482,0.0,0.0,0.0,0.0,0.0021007620957229634
1779682966354818062,0.01973613318363232,0.0,0.0,0.0,0.0,0.0021784148429679906
1779682966455576550,0.019493159757907448,0.0,0.0,0.0,0.0,0.0024032721200389906
1779682966555000756,0.019060336977727594,0.0,0.0,0.0,0.0,0.002462190736933323
1779682966654834614,0.01880973777280171,0.0,0.0,0.0,0.0,0.002484194283703278
1779682966754882820,0.0185705447434201,0.0,0.0,0.0,0.0,0.0024951510713661085
1779682966856557578,0.01834653454279995,0.0,0.0,0.0,0.0,0.0026330801125692416
1779682966955574923,0.018001046943506002,0.0,0.0,0.0,0.0,0.0024754368637920354
1779682967067405996,0.0,0.0,0.0,0.0,0.0,0.0
1779682967155137748,0.025025676810672536,0.0,0.0,0.0,0.0,-0.005623085343981482
1779682967255036756,0.024809236027107818,0.0,0.0,0.0,0.0,-0.0055874859660802745
1779682967354892236,0.024596675435842753,0.0,0.0,0.0,0.0,-0.004227333814604273
1779682967455437502,0.024285326413272173,0.0,0.0,0.0,0.0,-0.0032520266732921632
1779682967554995718,0.02387523509899286,0.0,0.0,0.0,0.0,-0.002765594362776791
1779682967655280776,0.02357149408629779,0.0,0.0,0.0,0.0,-0.002733351054940103
1779682967755771885,0.023104484561620644,0.0,0.0,0.0,0.0,-0.0021064434429616252
1779682967855720549,0.022793118948028507,0.0,0.0,0.0,0.0,-0.0018579012143985496
1779682967955362690,0.02249319050537235,0.0,0.0,0.0,0.0,-0.0015652698203323379
1779682968054717447,0.022204606984337332,0.0,0.0,0.0,0.0,-0.0012970078942713403
1779682968155678938,0.021805943750906043,0.0,0.0,0.0,0.0,-0.0014626042078212942
1779682968255123999,0.021532630379276236,0.0,0.0,0.0,0.0,-0.0015337384823903566
1779682968355369238,0.021190966385154705,0.0,0.0,0.0,0.0,-0.0009789730376995598
1779682968455590944,0.020879705350533875,0.0,0.0,0.0,0.0,-0.0011171032939826242
1779682968555171530,0.020416510499080352,0.0,0.0,0.0,0.0,-0.0005208377750247628
1779682968655113825,0.020169683417163724,0.0,0.0,0.0,0.0,-0.00048458967622189153
1779682968754957838,0.019922913724088637,0.0,0.0,0.0,0.0,-0.00021489423974618838
1779682968855177810,0.019676130031003207,0.0,0.0,0.0,0.0,0.0020119565483615043
1779682968955117896,0.019300222954155455,0.0,0.0,0.0,0.0,0.002144228305821838
1779682969054833419,0.01904586450107867,0.0,0.0,0.0,0.0,0.0019640584873470424
1779682969154955967,0.0187497130965719,0.0,0.0,0.0,0.0,0.0020153295739846477
1779682969254965253,0.01850293797013367,0.0,0.0,0.0,0.0,0.0019472740568382552
1779682969354964841,0.018259939479648,0.0,0.0,0.0,0.0,0.0021014814375633906
1779682969465999274,0.0,0.0,0.0,0.0,0.0,0.0
1779682969554871770,0.025072400478153515,0.0,0.0,0.0,0.0,-0.003530393715479696
1779682969655086120,0.024996520246361134,0.0,0.0,0.0,0.0,-0.003566088129239753
1779682969754933112,0.02478014063118315,0.0,0.0,0.0,0.0,-0.0021968044443436696
1779682969854986172,0.024442258846785744,0.0,0.0,0.0,0.0,-0.0016331341804814992
1779682969955111168,0.024127142821911335,0.0,0.0,0.0,0.0,-0.0016033664140793213
1779682970054878384,0.02372087713350021,0.0,0.0,0.0,0.0,-0.0014881252270422252
1779682970155415703,0.0234133941600463,0.0,0.0,0.0,0.0,-0.0014861441983624601
1779682970254922363,0.023086887912006537,0.0,0.0,0.0,0.0,-0.00140404112037118
1779682970355190287,0.022729948801165925,0.0,0.0,0.0,0.0,-0.0013946456351300318
1779682970455416689,0.02219088202829597,0.0,0.0,0.0,0.0,-0.0013206939265555384
1779682970554920642,0.02190618375072219,0.0,0.0,0.0,0.0,-0.0012066605918339413
1779682970655987246,0.021629000291063568,0.0,0.0,0.0,0.0,-0.001460303761264048
1779682970755649886,0.021344283082070616,0.0,0.0,0.0,0.0,-0.0006474764467312433
1779682970854832225,0.020960798736488578,0.0,0.0,0.0,0.0,-0.0008878908954221831
1779682970954932513,0.020679858078723218,0.0,0.0,0.0,0.0,-0.0008481821151495872
1779682971054998662,0.02039512572509269,0.0,0.0,0.0,0.0,-0.0008747342267216851
1779682971155061106,0.020068623699939534,0.0,0.0,0.0,0.0,-0.0008535945131230571
1779682971254924496,0.019666180875869913,0.0,0.0,0.0,0.0,-0.0009377050044995228
1779682971354849343,0.01941184310788326,0.0,0.0,0.0,0.0,-0.0012383841877111612
1779682971454977995,0.019202990558756943,0.0,0.0,0.0,0.0,-0.0009451322155420439
1779682971555120886,0.0188195710173255,0.0,0.0,0.0,0.0,-0.0007261859662799353
1779682971654971699,0.018557634707346893,0.0,0.0,0.0,0.0,-0.0009448383231766
1779682971754889969,0.018269110667703987,0.0,0.0,0.0,0.0,-0.0011243054742711145
1779682971863368660,0.0,0.0,0.0,0.0,0.0,0.0
1779682971955075688,0.02522604850270827,0.0,0.0,0.0,0.0,-0.004588321073791701
1779682972054926553,0.025153899755760014,0.0,0.0,0.0,0.0,-0.0047063713272206265
1779682972154772212,0.02494889712693555,0.0,0.0,0.0,0.0,-0.0049841156482028914
1779682972254880235,0.02451612652874042,0.0,0.0,0.0,0.0,-0.00469654744909398
1779682972354843979,0.024189626142418135,0.0,0.0,0.0,0.0,-0.004851922835299116
1779682972454838932,0.0237074456990168,0.0,0.0,0.0,0.0,-0.00489157458770928
1779682972554732484,0.023415112497882175,0.0,0.0,0.0,0.0,-0.004717352379870476
1779682972655002587,0.023130328422175935,0.0,0.0,0.0,0.0,-0.004348023181249161
1779682972755251760,0.02271270188877534,0.0,0.0,0.0,0.0,-0.003278866472996911
1779682972855142067,0.022412773809880056,0.0,0.0,0.0,0.0,-0.0029977119493410642
1779682972955659011,0.021953328221675953,0.0,0.0,0.0,0.0,-0.0027212621234229406
1779682973054884460,0.02166853264301651,0.0,0.0,0.0,0.0,-0.0026361023706930053
1779682973154950802,0.02139897234980423,0.0,0.0,0.0,0.0,-0.0027238172057919563
1779682973255766946,0.021136976387854653,0.0,0.0,0.0,0.0,-0.0018865067728391915
1779682973355232726,0.020757293183268466,0.0,0.0,0.0,0.0,-0.0011259402107586247
1779682973455739002,0.020491535822555855,0.0,0.0,0.0,0.0,-0.0011782276908802736
1779682973555436283,0.020062552923793654,0.0,0.0,0.0,0.0,-0.001171325472860807
1779682973655337948,0.019815776891347697,0.0,0.0,0.0,0.0,-0.0014649309878312922
1779682973755717372,0.01956520535892835,0.0,0.0,0.0,0.0,-0.0011416498116297857
1779682973855070727,0.01932980821187223,0.0,0.0,0.0,0.0,-0.001297165506768727
1779682973955176426,0.01904886122848842,0.0,0.0,0.0,0.0,-0.0005233767312333715
1779682974054975594,0.018771686872084702,0.0,0.0,0.0,0.0,-0.0009010733299694706
1779682974155502152,0.018433727413666938,0.0,0.0,0.0,0.0,-0.0007194938417280916
1779682974255313679,0.018175538196618338,0.0,0.0,0.0,0.0,-0.0009335589206346251
1779682974367331343,0.0,0.0,0.0,0.0,0.0,0.0
1779682974455414598,0.025071732401298636,0.0,0.0,0.0,0.0,-0.0031772166174141026
1779682974555145013,0.024999621795169086,0.0,0.0,0.0,0.0,-0.003164366604120672
1779682974656371184,0.024714925534223123,0.0,0.0,0.0,0.0,-0.0033196271740253414
1779682974754873328,0.024388410360483666,0.0,0.0,0.0,0.0,-0.0028932094265611275
1779682974854842470,0.024084660528798978,0.0,0.0,0.0,0.0,-0.0033956797660710247
1779682974955071676,0.023648019033203616,0.0,0.0,0.0,0.0,-0.0032772469588581155
1779682975055128046,0.02334427690095393,0.0,0.0,0.0,0.0,-0.003393730575630971
1779682975154794909,0.023070875785840998,0.0,0.0,0.0,0.0,-0.0027785839184778505
1779682975255327994,0.022755788449530575,0.0,0.0,0.0,0.0,-0.001893823648323023
1779682975355084164,0.02231154711875787,0.0,0.0,0.0,0.0,-0.00131507417612986
1779682975455004807,0.0218520855410961,0.0,0.0,0.0,0.0,-0.001301676489893766
1779682975554833870,0.02045611880248737,0.0,0.0,0.0,0.0,0.03338527973415972
1779682975665878936,0.0,0.0,0.0,0.0,0.0,0.0
1779682975755310137,0.0,0.0,0.0,0.0,0.0,0.14641755836039616
1779682975855006183,0.0,0.0,0.0,0.0,0.0,0.14491439191572952
1779682975956296340,0.0,0.0,0.0,0.0,0.0,0.1373713963253983
1779682976055655386,0.0,0.0,0.0,0.0,0.0,0.11913188946572562
1779682976154985226,0.0,0.0,0.0,0.0,0.0,0.09169258519168688
1779682976255232837,0.023157857429550534,0.0,0.0,0.0,0.0,0.07638118621940648
1779682976354994960,0.02315407280668143,0.0,0.0,0.0,0.0,0.06358136791546676
1779682976454903666,0.022953013024829435,0.0,0.0,0.0,0.0,0.05205623742479559
1779682976555429308,0.02263046777653688,0.0,0.0,0.0,0.0,0.04177844338761394
1779682976655281147,0.022307847128208963,0.0,0.0,0.0,0.0,0.03342493108644029
1779682976755377003,0.02187889765761313,0.0,0.0,0.0,0.0,0.02442186148410397
1779682976855266705,0.021605610595563346,0.0,0.0,0.0,0.0,0.0202367798372739
1779682976955337328,0.021165235438756026,0.0,0.0,0.0,0.0,0.014758836562298594
1779682977055641835,0.020872913688551948,0.0,0.0,0.0,0.0,0.012123298312770037
1779682977155154008,0.02058056011943775,0.0,0.0,0.0,0.0,0.009570523954396615
1779682977255523912,0.020326153837487263,0.0,0.0,0.0,0.0,0.007814858301057659
1779682977355030472,0.019946513376884006,0.0,0.0,0.0,0.0,0.0064449953799985416
1779682977455171008,0.019707328230390956,0.0,0.0,0.0,0.0,0.00567442805769236
1779682977555310520,0.01942639280400099,0.0,0.0,0.0,0.0,0.004959563887724561
1779682977654821610,0.01901254915024135,0.0,0.0,0.0,0.0,0.00460381349208594
1779682977754996854,0.018910020126525245,0.0,0.0,0.0,0.0,0.004307653036782488
1779682977855044049,0.018465806249634,0.0,0.0,0.0,0.0,0.0032731889177746165
1779682977954951001,0.01820385096199697,0.0,0.0,0.0,0.0,0.0037111805560888778
1779682978064487948,0.0,0.0,0.0,0.0,0.0,0.0
1779682978154967203,0.025222068576112214,0.0,0.0,0.0,0.0,-0.034130555048557554
1779682978255081457,0.02507404692396949,0.0,0.0,0.0,0.0,-0.033930375738126406
1779682978354987591,0.02483869053493859,0.0,0.0,0.0,0.0,-0.03291999962413816
1779682978455198114,0.024516038101183624,0.0,0.0,0.0,0.0,-0.029505311628080122
1779682978555313384,0.024003540866567138,0.0,0.0,0.0,0.0,-0.023559908476959324
1779682978655647958,0.02361251929442267,0.0,0.0,0.0,0.0,-0.019469471775206748
1779682978755528417,0.02330498391287456,0.0,0.0,0.0,0.0,-0.01594845856803151
1779682978854879951,0.023008857722780832,0.0,0.0,0.0,0.0,-0.01295586169570273
1779682978955312384,0.022727925044448753,0.0,0.0,0.0,0.0,-0.010616270546141893
1779682979055554204,0.022310340509450893,0.0,0.0,0.0,0.0,-0.007613104163081141
1779682979155084923,0.022021840131285265,0.0,0.0,0.0,0.0,-0.006197930634297855
1779682979255497162,0.021744679822452116,0.0,0.0,0.0,0.0,-0.005693477945709402
1779682979354976415,0.021273853493976952,0.0,0.0,0.0,0.0,-0.004536270410309018
1779682979455623957,0.021000454404143935,0.0,0.0,0.0,0.0,-0.003434451182272258
1779682979555036566,0.020727054778690017,0.0,0.0,0.0,0.0,-0.0026562898856690165
1779682979655072255,0.02041569616642168,0.0,0.0,0.0,0.0,-0.0020306505988021417
1779682979755543204,0.02015371932787611,0.0,0.0,0.0,0.0,-0.002517627442207293
1779682979854793889,0.01979679190694238,0.0,0.0,0.0,0.0,-0.0021847690661532804
1779682979954809385,0.019523407792126104,0.0,0.0,0.0,0.0,-0.0023205285330202274
1779682980054868088,0.019269009313242564,0.0,0.0,0.0,0.0,-0.002069736625658236
1779682980154849900,0.01883993573077319,0.0,0.0,0.0,0.0,-0.0006135925229431294
1779682980254676710,0.01861215777546875,0.0,0.0,0.0,0.0,-0.0002613957942112499
1779682980354828017,0.018376785452268358,0.0,0.0,0.0,0.0,-0.0005634254280981743
1779682980454833420,0.018042703562885877,0.0,0.0,0.0,0.0,-0.0014692360137593674
1779682980565890313,0.0,0.0,0.0,0.0,0.0,0.0
1779682980654754615,0.025059602168914178,0.0,0.0,0.0,0.0,-0.027024189513338737
1779682980755155405,0.02481667593548114,0.0,0.0,0.0,0.0,-0.027077671624397892
1779682980855040377,0.024607849237455605,0.0,0.0,0.0,0.0,-0.024963044897270636
1779682980955213675,0.024205503254631767,0.0,0.0,0.0,0.0,-0.020940560611794612
1779682981055009853,0.023894241217825792,0.0,0.0,0.0,0.0,-0.01815866541530964
1779682981154968871,0.023552546135287553,0.0,0.0,0.0,0.0,-0.015513009378318898
1779682981254972041,0.023218435860053344,0.0,0.0,0.0,0.0,-0.012477491876888291
1779682981355074362,0.022914678094427165,0.0,0.0,0.0,0.0,-0.01025062898199336
1779682981454773971,0.02247045320059762,0.0,0.0,0.0,0.0,-0.006969093278234029
1779682981554997527,0.02217812642377426,0.0,0.0,0.0,0.0,-0.005677925749677071
1779682981655378322,0.021904787993469437,0.0,0.0,0.0,0.0,-0.00449569245651027
1779682981755034503,0.021604818927447107,0.0,0.0,0.0,0.0,-0.004245339613396237
1779682981855116523,0.02112268984481301,0.0,0.0,0.0,0.0,-0.0029728768054929633
1779682981955047056,0.020822768421040146,0.0,0.0,0.0,0.0,-0.0017506418747984531
1779682982055370678,0.02055701735834163,0.0,0.0,0.0,0.0,-0.0008609300297808264
1779682982155145936,0.020276077451982153,0.0,0.0,0.0,0.0,3.670022009427676e-05
1779682982255149951,0.019926763717994504,0.0,0.0,0.0,0.0,0.0004245098320015961
1779682982354884259,0.01965342063956177,0.0,0.0,0.0,0.0,9.114860958403526e-05
1779682982454831237,0.019383849560083682,0.0,0.0,0.0,0.0,0.00035873124185714644
1779682982555773468,0.01897008095527105,0.0,0.0,0.0,0.0,0.00034879482326954925
1779682982655027831,0.018719506741948413,0.0,0.0,0.0,0.0,0.00023954181848784284
1779682982755047116,0.018476573058417198,0.0,0.0,0.0,0.0,4.34354507148349e-05
1779682982855344495,0.018241140626524734,0.0,0.0,0.0,0.0,0.00029959361239539906
1779682982968909865,0.0,0.0,0.0,0.0,0.0,0.0
1779682983055324402,0.02517540148185191,0.0,0.0,0.0,0.0,-0.016927243688761084
1779682983155360519,0.024955177717002928,0.0,0.0,0.0,0.0,-0.01687505526468447
1779682983255212500,0.024890643846220306,0.0,0.0,0.0,0.0,-0.017055708836555605
1779682983355325184,0.024393276050292113,0.0,0.0,0.0,0.0,-0.01498078414633075
1779682983454917232,0.024059204224466557,0.0,0.0,0.0,0.0,-0.013289344019022264
1779682983554919171,0.023679557542689095,0.0,0.0,0.0,0.0,-0.011212429826081838
1779682983655176742,0.023353030222378914,0.0,0.0,0.0,0.0,-0.008629199000152132
1779682983755110050,0.023030333844291786,0.0,0.0,0.0,0.0,-0.007394823929169569
1779682983854982807,0.022688659659909086,0.0,0.0,0.0,0.0,-0.005710537382216163
1779682983955290530,0.02238874831599917,0.0,0.0,0.0,0.0,-0.004149413567171245
1779682984055250120,0.022092601614753064,0.0,0.0,0.0,0.0,-0.003201477240913242
1779682984155169337,0.021712964884663517,0.0,0.0,0.0,0.0,-0.0023556934173479815
1779682984255354397,0.021424444397397404,0.0,0.0,0.0,0.0,-0.0017459189581536805
1779682984354694863,0.020961290170380485,0.0,0.0,0.0,0.0,-0.0004325871370950418
1779682984454736955,0.020680395857866667,0.0,0.0,0.0,0.0,-0.0008036636775222705
1779682984554945504,0.020410846786591733,0.0,0.0,0.0,0.0,-0.0010078758022702416
1779682984654752103,0.02014883345729545,0.0,0.0,0.0,0.0,-0.0007030071447428066
1779682984754987546,0.01991342080780862,0.0,0.0,0.0,0.0,-0.0011473842805628243
1779682984855123927,0.019545070707068627,0.0,0.0,0.0,0.0,-0.0008696779923355047
1779682984955453079,0.019271767684178612,0.0,0.0,0.0,0.0,-0.0004542128582848415
1779682985054878751,0.0189680302309968,0.0,0.0,0.0,0.0,2.0248864639360598e-05
1779682985155246617,0.018774380044545225,0.0,0.0,0.0,0.0,-0.00025593976043480904
1779682985254781607,0.01840996450243143,0.0,0.0,0.0,0.0,-0.00040561557182383634
1779682985355811717,0.018174524140385125,0.0,0.0,0.0,0.0,-0.0004834714554365904
1779682985468912989,0.0,0.0,0.0,0.0,0.0,0.0
1779682985554828906,0.025053797600721187,0.0,0.0,0.0,0.0,-0.012201968825293785
1779682985654758984,0.024974053794027003,0.0,0.0,0.0,0.0,-0.012189519960405182
1779682985755044554,0.024738665954926197,0.0,0.0,0.0,0.0,-0.011405154598774225
1779682985855218574,0.024412166812440742,0.0,0.0,0.0,0.0,-0.010492862120923374
1779682985954724394,0.0239680000797779,0.0,0.0,0.0,0.0,-0.009193507852669258
1779682986054993739,0.02365293642215046,0.0,0.0,0.0,0.0,-0.008675109804909042
1779682986154727967,0.02332263341250986,0.0,0.0,0.0,0.0,-0.007415289486364829
1779682986255203090,0.022829084202271293,0.0,0.0,0.0,0.0,-0.0053217682919640685
1779682986354824092,0.022487333030845318,0.0,0.0,0.0,0.0,-0.004107673381057109
1779682986454776880,0.022168400155087985,0.0,0.0,0.0,0.0,-0.004367811557770218
1779682986555319771,0.02186844567941899,0.0,0.0,0.0,0.0,-0.0043041661378355744
1779682986655418778,0.021545699827369518,0.0,0.0,0.0,0.0,-0.004191574869415016
1779682986755066774,0.021131807390325563,0.0,0.0,0.0,0.0,0.019879789574523632
1779682986855181422,0.0,0.0,0.0,0.0,0.0,0.17197099551798156
1779682986954973049,0.0,0.0,0.0,0.0,0.0,0.35
1779682987055129294,0.0,0.0,0.0,0.0,0.0,0.35
1779682987155089776,0.0,0.0,0.0,0.0,0.0,0.35
1779682987255062877,0.0,0.0,0.0,0.0,0.0,0.3368876719115508
1779682987355036412,0.0,0.0,0.0,0.0,0.0,0.2920823614445922
1779682987454972431,0.0,0.0,0.0,0.0,0.0,0.2514804277167615
1779682987554836670,0.0,0.0,0.0,0.0,0.0,0.21398955435867084
1779682987655526032,0.0,0.0,0.0,0.0,0.0,0.1668420656474543
1779682987754960070,0.0,0.0,0.0,0.0,0.0,0.1366931486282147
1779682987854878022,0.0,0.0,0.0,0.0,0.0,0.09736355987111889
1779682987954967478,0.01918553607043448,0.0,0.0,0.0,0.0,0.07770910435607248
1779682988054910822,0.019178006205214027,0.0,0.0,0.0,0.0,0.0643420356699731
1779682988155050014,0.019026285976514953,0.0,0.0,0.0,0.0,0.05406778504991849
1779682988255029564,0.0,0.0,0.0,0.0,0.0,0.10302288471738774
1779682988365053040,0.0,0.0,0.0,0.0,0.0,0.0
1779682988456661236,0.023838897938751196,0.0,0.0,0.0,0.0,0.07875530715713408
1779682988555865388,0.0,0.0,0.0,0.0,0.0,0.12488799264486705
1779682988655024978,0.0,0.0,0.0,0.0,0.0,0.1337091177622961
1779682988755303383,0.0,0.0,0.0,0.0,0.0,0.12249580682484473
1779682988854930498,0.0,0.0,0.0,0.0,0.0,0.10712194225743887
1779682988955145369,0.0,0.0,0.0,0.0,0.0,0.09095097143734188
1779682989055092573,0.022958590001230062,0.0,0.0,0.0,0.0,0.07591147015408717
1779682989154952438,0.022958590001230128,0.0,0.0,0.0,0.0,0.05840917923613176
1779682989255381604,0.022787879559978203,0.0,0.0,0.0,0.0,0.052187934370214295
1779682989354777370,0.02229077808136977,0.0,0.0,0.0,0.0,0.04512715543743406
1779682989455210424,0.02197954269302411,0.0,0.0,0.0,0.0,0.037723573466163285
1779682989555117649,0.021683532294513492,0.0,0.0,0.0,0.0,0.03240993489833477
1779682989654883250,0.021398868405599892,0.0,0.0,0.0,0.0,0.027247694184395543
1779682989755715003,0.0211141625414698,0.0,0.0,0.0,0.0,0.022526773877363016
1779682989855791245,0.020837001086023318,0.0,0.0,0.0,0.0,0.017805200480546235
1779682989955188308,0.020457371242204227,0.0,0.0,0.0,0.0,0.013578521496946383
1779682990057508993,0.020168875219610766,0.0,0.0,0.0,0.0,0.010764460922204178
1779682990155808194,0.01975128963004627,0.0,0.0,0.0,0.0,0.008270934711720579
1779682990255065685,0.01948178240238362,0.0,0.0,0.0,0.0,0.007541051417584099
1779682990355724452,0.019223660261511222,0.0,0.0,0.0,0.0,0.005556346439779092
1779682990455599043,0.018965547023613315,0.0,0.0,0.0,0.0,0.0038589611700602378
1779682990555114391,0.01873778039718686,0.0,0.0,0.0,0.0,0.0033033464486794673
1779682990655356471,0.018373274885276486,0.0,0.0,0.0,0.0,0.0023769132648221447
1779682990754944305,0.018005050234751657,0.0,0.0,0.0,0.0,0.002049844031777104
1779682990867678406,0.0,0.0,0.0,0.0,0.0,0.0
1779682990955262568,0.0,0.0,0.0,0.0,0.0,-0.14744108697922398
1779682991054777843,0.0,0.0,0.0,0.0,0.0,-0.14792904088697423
1779682991154803853,0.0,0.0,0.0,0.0,0.0,-0.1418761090883054
1779682991254956188,0.0,0.0,0.0,0.0,0.0,-0.12393315498568891
1779682991355130389,0.0,0.0,0.0,0.0,0.0,-0.1067851039871387
1779682991455028388,0.02458269086939132,0.0,0.0,0.0,0.0,-0.08451038168573644
1779682991554839474,0.024578893295969143,0.0,0.0,0.0,0.0,-0.0714289022545358
1779682991654750834,0.024389135178338545,0.0,0.0,0.0,0.0,-0.0517659884170949
1779682991754851432,0.02408171549128856,0.0,0.0,0.0,0.0,-0.0415662093031931
1779682991854965298,0.023740193225286296,0.0,0.0,0.0,0.0,-0.03436377333665874
1779682991955428217,0.023459324938606807,0.0,0.0,0.0,0.0,-0.028978416468332213
1779682992054873763,0.02314428537557463,0.0,0.0,0.0,0.0,-0.024095052242731452
1779682992154797719,0.02272289615185314,0.0,0.0,0.0,0.0,-0.018710662389087918
1779682992255624085,0.022415366801317633,0.0,0.0,0.0,0.0,-0.016312488042443674
1779682992354838755,0.02194458351198458,0.0,0.0,0.0,0.0,-0.01326327089866619
1779682992454808117,0.02162183993356764,0.0,0.0,0.0,0.0,-0.010867935991798583
1779682992554757807,0.021337087058423364,0.0,0.0,0.0,0.0,-0.00923653815583192
1779682992655021648,0.02105235307905762,0.0,0.0,0.0,0.0,-0.00683034000781968
1779682992755164863,0.020775145938818285,0.0,0.0,0.0,0.0,-0.005950084246393872
1779682992855623985,0.020414492431252988,0.0,0.0,0.0,0.0,-0.005046767184603729
1779682992955029230,0.0201411394807113,0.0,0.0,0.0,0.0,-0.004945528309481584
1779682993054925801,0.019856400107112183,0.0,0.0,0.0,0.0,-0.004910588496945367
1779682993154924931,0.019427402516376535,0.0,0.0,0.0,0.0,-0.0032707408346460687
1779682993254825397,0.019108495748888704,0.0,0.0,0.0,0.0,-0.0028137002561056113
1779682993355826341,0.019009763540816432,0.0,0.0,0.0,0.0,-0.0028645619816675127
1779682993455534760,0.01856938075315876,0.0,0.0,0.0,0.0,-0.002243164041564105
1779682993555498457,0.018284635712431198,0.0,0.0,0.0,0.0,-0.0026169862522215093
1779682993655288740,0.018193544088325863,0.0,0.0,0.0,0.0,-0.0024029688608652178
1779682993766804402,0.0,0.0,0.0,0.0,0.0,0.0
1779682993854714401,0.0,0.0,0.0,0.0,0.0,-0.10585909168986729
1779682993954885955,0.0,0.0,0.0,0.0,0.0,-0.10627702672952166
1779682994054761047,0.0,0.0,0.0,0.0,0.0,-0.10138391584144113
1779682994154734761,0.024794122447641443,0.0,0.0,0.0,0.0,-0.08919678668049535
1779682994255033909,0.024794122447641443,0.0,0.0,0.0,0.0,-0.07475318129602937
1779682994355291121,0.02460066038695955,0.0,0.0,0.0,0.0,-0.06072029520632316
1779682994455453773,0.024285764738545358,0.0,0.0,0.0,0.0,-0.051089781545660684
1779682994555255151,0.02394802924214388,0.0,0.0,0.0,0.0,-0.042282391430696675
1779682994655111117,0.023420481064972062,0.0,0.0,0.0,0.0,-0.030387154177496267
1779682994754908776,0.023120598616703632,0.0,0.0,0.0,0.0,-0.02478292504820845
1779682994855040737,0.022824497654999342,0.0,0.0,0.0,0.0,-0.01989532014746398
1779682994955133743,0.022482807518470913,0.0,0.0,0.0,0.0,-0.015036891162737986
1779682995055480705,0.022186693522121267,0.0,0.0,0.0,0.0,-0.012031450774723229
1779682995155263687,0.021871600690962317,0.0,0.0,0.0,0.0,-0.010818531287347777
1779682995255259698,0.021526097341609506,0.0,0.0,0.0,0.0,-0.008617170118365491
1779682995354945317,0.021135034589842203,0.0,0.0,0.0,0.0,-0.006450436988644559
1779682995454701718,0.0208464683181489,0.0,0.0,0.0,0.0,-0.005151249773153399
1779682995555043247,0.020584534375372294,0.0,0.0,0.0,0.0,-0.00334526351742781
1779682995654896401,0.02012897403485375,0.0,0.0,0.0,0.0,-0.0018754125325394222
1779682995755275971,0.019870821689867743,0.0,0.0,0.0,0.0,-0.0016288834999652613
1779682995856029042,0.019593683081265478,0.0,0.0,0.0,0.0,-0.0017136003561680768
1779682995955371298,0.0192823699157451,0.0,0.0,0.0,0.0,-0.0011565555463686206
1779682996055246622,0.01902419415614925,0.0,0.0,0.0,0.0,-0.0009439739866875518
1779682996155177836,0.018731849243790292,0.0,0.0,0.0,0.0,-0.0011310160760323873
1779682996255434217,0.018473669883635368,0.0,0.0,0.0,0.0,-0.0005255679557618631
1779682996355210206,0.01819269907325671,0.0,0.0,0.0,0.0,-0.0009934970830889345
1779682996464412816,0.0,0.0,0.0,0.0,0.0,0.0
1779682996554962625,0.02504543808266922,0.0,0.0,0.0,0.0,-0.0718908789549062
1779682996655026288,0.02496579602095884,0.0,0.0,0.0,0.0,-0.07200097351816448
1779682996755253853,0.024745835520609754,0.0,0.0,0.0,0.0,-0.07266439547383596
1779682996855349423,0.02422246163423942,0.0,0.0,0.0,0.0,-0.06128829297910987
1779682996955620865,0.023892447364384912,0.0,0.0,0.0,0.0,-0.05332407529537675
1779682997055426623,0.02359646601185185,0.0,0.0,0.0,0.0,-0.046356001547521175
1779682997155301152,0.023285343302228548,0.0,0.0,0.0,0.0,-0.04024876516007658
1779682997255276961,0.022970342160915005,0.0,0.0,0.0,0.0,-0.03532929302325982
1779682997355064181,0.022556609511164588,0.0,0.0,0.0,0.0,-0.028972469635835107
1779682997454948716,0.02225669614884184,0.0,0.0,0.0,0.0,-0.024404475893869848
1779682997554976554,0.021770808314209973,0.0,0.0,0.0,0.0,-0.018607647320359244
1779682997655420684,0.021474657938511256,0.0,0.0,0.0,0.0,-0.016129342755324072
1779682997754823635,0.021201300813794798,0.0,0.0,0.0,0.0,-0.013524563041328763
1779682997854888841,0.020927974233880414,0.0,0.0,0.0,0.0,-0.01167493644942974
1779682997956249394,0.020658455986111605,0.0,0.0,0.0,0.0,-0.009522845315395378
1779682998056054404,0.02038127449201457,0.0,0.0,0.0,0.0,-0.009047917048155663
1779682998155061369,0.019990285105034023,0.0,0.0,0.0,0.0,-0.007499391657907806
1779682998255122076,0.019728283316674002,0.0,0.0,0.0,0.0,-0.007150485510712179
1779682998355171030,0.01945496362103361,0.0,0.0,0.0,0.0,-0.007087154914815708
1779682998455069883,0.019158807179643567,0.0,0.0,0.0,0.0,-0.0063257860964131
1779682998554861827,0.01873355885143569,0.0,0.0,0.0,0.0,-0.00463827169035036
1779682998655056969,0.01846778908680957,0.0,0.0,0.0,0.0,-0.004462238232055271
1779682998754784514,0.01819064571788065,0.0,0.0,0.0,0.0,-0.00498717661378123
1779682998864714947,0.0,0.0,0.0,0.0,0.0,0.0
1779682998956268278,0.025159743905183645,0.0,0.0,0.0,0.0,-0.05242018128636561
1779682999054921949,0.024985235415283254,0.0,0.0,0.0,0.0,-0.05294623314886715
1779682999155310180,0.02490181711424713,0.0,0.0,0.0,0.0,-0.05304865406784676
1779682999255161756,0.024450383367007115,0.0,0.0,0.0,0.0,-0.049742491267843136
1779682999355074942,0.024146833207845875,0.0,0.0,0.0,0.0,-0.04375355286736915
1779682999455063793,0.02379383122764771,0.0,0.0,0.0,0.0,-0.036121547620187155
1779682999555622817,0.023285163821551397,0.0,0.0,0.0,0.0,-0.02800595473529477
1779682999655383552,0.022970091469049627,0.0,0.0,0.0,0.0,-0.023671914044568032
1779682999754906866,0.022655006635271955,0.0,0.0,0.0,0.0,-0.022774543971450067
1779682999855250498,0.02235889993216279,0.0,0.0,0.0,0.0,-0.020228238211736027
1779682999954911625,0.022062772424326506,0.0,0.0,0.0,0.0,-0.017661273917012
1779683000054959023,0.021772694590527136,0.0,0.0,0.0,0.0,0.06435727336013708
1779683000155258024,0.0,0.0,0.0,0.0,0.0,0.20055438233529788
1779683000254876030,0.0,0.0,0.0,0.0,0.0,0.28942602717978383
1779683000355020956,0.0,0.0,0.0,0.0,0.0,0.2777551571100434
1779683000454909392,0.0,0.0,0.0,0.0,0.0,0.25050762544302174
1779683000555424578,0.0,0.0,0.0,0.0,0.0,0.2135751356649329
1779683000655310613,0.0,0.0,0.0,0.0,0.0,0.17462261670825796
1779683000755156714,0.0,0.0,0.0,0.0,0.0,0.143901960473917
1779683000855248382,0.0,0.0,0.0,0.0,0.0,0.11814543079262518
1779683000955333936,0.0218291804923233,0.0,0.0,0.0,0.0,0.089460942971612
1779683001055981596,0.02183300319557774,0.0,0.0,0.0,0.0,0.07349289886421217
1779683001154865140,0.021502945904626848,0.0,0.0,0.0,0.0,0.05093311295945213
1779683001255611028,0.02122596240711662,0.0,0.0,0.0,0.0,0.04117903152881042
1779683001355998809,0.02094891699658243,0.0,0.0,0.0,0.0,0.03368418407649709
1779683001455433741,0.020667968545965677,0.0,0.0,0.0,0.0,0.02769372617531851
1779683001555888013,0.02039084809544025,0.0,0.0,0.0,0.0,0.023139821962148255
1779683001655275403,0.020121283534947312,0.0,0.0,0.0,0.0,0.018555553492484833
1779683001754917770,0.01974163744855032,0.0,0.0,0.0,0.0,0.013495709067201767
1779683001854907369,0.01947588378185784,0.0,0.0,0.0,0.0,0.010998578780556656
1779683001955446843,0.019058251543453784,0.0,0.0,0.0,0.0,0.007843369323130567
1779683002055116518,0.018807732151723287,0.0,0.0,0.0,0.0,0.006520273153165501
1779683002155805914,0.018553427597026464,0.0,0.0,0.0,0.0,0.005383865975741808
1779683002255097900,0.01830280430581284,0.0,0.0,0.0,0.0,0.004309290872338334
1779683002355123090,0.018059807723028592,0.0,0.0,0.0,0.0,0.0031030885508723793
1779683002469562699,0.0,0.0,0.0,0.0,0.0,0.0
1779683002555355893,0.0,0.0,0.0,0.0,0.0,-0.1043766076528525
1779683002654953539,0.0,0.0,0.0,0.0,0.0,-0.10543282737455006
1779683002755638518,0.0,0.0,0.0,0.0,0.0,-0.1021466210121309
1779683002855309830,0.024623006632730704,0.0,0.0,0.0,0.0,-0.08812866687751608
1779683002955429150,0.024611594095405843,0.0,0.0,0.0,0.0,-0.07612905883140542
1779683003055903824,0.024494030838817998,0.0,0.0,0.0,0.0,-0.06484071073228115
1779683003155214234,0.024076712991466756,0.0,0.0,0.0,0.0,-0.0559088946284626
1779683003255538468,0.02376563089798599,0.0,0.0,0.0,0.0,-0.04728480149491798
1779683003355095174,0.02323812447456824,0.0,0.0,0.0,0.0,-0.03592062356707382
1779683003455627189,0.022953398266707586,0.0,0.0,0.0,0.0,-0.030647051075734177
1779683003554976863,0.02265348204847154,0.0,0.0,0.0,0.0,-0.02563088074709463
1779683003655197497,0.022357399142335647,0.0,0.0,0.0,0.0,-0.022090022268902554
1779683003755210419,0.022065101270607825,0.0,0.0,0.0,0.0,-0.019080929576380967
1779683003855060952,0.021666506642258956,0.0,0.0,0.0,0.0,-0.014865996469950016
1779683003954968731,0.02138171871528003,0.0,0.0,0.0,0.0,-0.012605749386184084
1779683004055086748,0.020941299249457607,0.0,0.0,0.0,0.0,-0.009192366864842372
1779683004155048251,0.020652718044371993,0.0,0.0,0.0,0.0,-0.007669455524752067
1779683004254983644,0.02037559309132929,0.0,0.0,0.0,0.0,-0.00577898499710916
1779683004355077052,0.020098426563182437,0.0,0.0,0.0,0.0,-0.005078674239076597
1779683004455480560,0.019817468408269562,0.0,0.0,0.0,0.0,-0.003983187913721098
1779683004555042246,0.019547934565906786,0.0,0.0,0.0,0.0,-0.0041247059635112215
1779683004655050909,0.019206232290293657,0.0,0.0,0.0,0.0,-0.003042541638513585
1779683004754899404,0.01895563715089044,0.0,0.0,0.0,0.0,-0.002275308680865118
1779683004854915018,0.01856075413738349,0.0,0.0,0.0,0.0,-0.0015730350448593944
1779683004954977606,0.018306427852091398,0.0,0.0,0.0,0.0,-0.0012023639249356677
1779683005054919905,0.018059637514927625,0.0,0.0,0.0,0.0,-0.0016093925285827204
1779683005166156956,0.0,0.0,0.0,0.0,0.0,0.0
1779683005255375921,0.02500482033983166,0.0,0.0,0.0,0.0,-0.07378029789069984
1779683005355112949,0.02485689714153169,0.0,0.0,0.0,0.0,-0.07460700368497242
1779683005455707767,0.024640696276406682,0.0,0.0,0.0,0.0,-0.07168293174270723
1779683005554969813,0.024322146717333293,0.0,0.0,0.0,0.0,-0.0634942055235117
1779683005654926802,0.023791016659684253,0.0,0.0,0.0,0.0,-0.0493774220106481
1779683005754825124,0.023407676892712604,0.0,0.0,0.0,0.0,-0.040047183991224755
1779683005855343049,0.023043352629329723,0.0,0.0,0.0,0.0,-0.032957897157628535
1779683005954882525,0.022918060584312026,0.0,0.0,0.0,0.0,-0.030545327945464384
1779683006054992317,0.022398013265686245,0.0,0.0,0.0,0.0,-0.022745205876756436
1779683006154941545,0.02207533154459479,0.0,0.0,0.0,0.0,-0.018237127238559525
1779683006255825873,0.02179064099522762,0.0,0.0,0.0,0.0,-0.014771688107059977
1779683006354992531,0.021513493001018468,0.0,0.0,0.0,0.0,-0.012299683123446647
1779683006455327559,0.02111480385275025,0.0,0.0,0.0,0.0,-0.008471550980964526
1779683006555042201,0.02082626726670001,0.0,0.0,0.0,0.0,-0.006178405611788063
1779683006655201743,0.020571899348474126,0.0,0.0,0.0,0.0,-0.005251751057891774
1779683006755425561,0.020123935614630686,0.0,0.0,0.0,0.0,-0.0038895415954062207
1779683006855176718,0.019865746790470686,0.0,0.0,0.0,0.0,-0.0028308218077847114
1779683006955089051,0.019588568685265772,0.0,0.0,0.0,0.0,-0.001988624535082084
1779683007054924031,0.019334169608586575,0.0,0.0,0.0,0.0,-0.00019773008926393665
1779683007155085070,0.019072193554801,0.0,0.0,0.0,0.0,-3.1937716564733876e-05
1779683007254804761,0.018726621931257764,0.0,0.0,0.0,0.0,0.00011211342170869276
1779683007355428320,0.018460827195858426,0.0,0.0,0.0,0.0,0.0002546866705263051
1779683007455118361,0.018085005137061377,0.0,0.0,0.0,0.0,0.000469505833117001
1779683007564309382,0.0,0.0,0.0,0.0,0.0,0.0
1779683007654790334,0.025063974467264334,0.0,0.0,0.0,0.0,-0.04835505783207683
1779683007755320858,0.024991902078810205,0.0,0.0,0.0,0.0,-0.0486810064260913
1779683007854899612,0.02491602672414141,0.0,0.0,0.0,0.0,-0.048209783927378624
1779683007954771821,0.02446442572413507,0.0,0.0,0.0,0.0,-0.04149409646152136
1779683008054667366,0.023971005001808116,0.0,0.0,0.0,0.0,-0.03305853357806554
1779683008154915129,0.02363318973371692,0.0,0.0,0.0,0.0,-0.028276011937006573
1779683008254909883,0.02328396879195136,0.0,0.0,0.0,0.0,-0.023147847731487037
1779683008355394993,0.022968885558560474,0.0,0.0,0.0,0.0,-0.0191944688723773
1779683008455305438,0.02266140886739104,0.0,0.0,0.0,0.0,-0.016625495021802217
1779683008556200244,0.02236534025217099,0.0,0.0,0.0,0.0,-0.013986800492192697
1779683008656376051,0.022076807242871237,0.0,0.0,0.0,0.0,-0.011811457092174682
1779683008755012425,0.021681999813211946,0.0,0.0,0.0,0.0,-0.010044167798708314
1779683008855083365,0.021382133907915813,0.0,0.0,0.0,0.0,-0.008574428047467553
1779683008954896733,0.02092656832451883,0.0,0.0,0.0,0.0,-0.0068037939779340695
1779683009055461667,0.02064558495270141,0.0,0.0,0.0,0.0,-0.0063673914638526785
1779683009154862488,0.020387430224529702,0.0,0.0,0.0,0.0,-0.005928315482991331
1779683009256075386,0.02009886285837026,0.0,0.0,0.0,0.0,-0.0047822560761552335
1779683009356634075,0.019844462434526068,0.0,0.0,0.0,0.0,-0.0038083551120994263
1779683009454932575,0.019578679499179363,0.0,0.0,0.0,0.0,-0.004149165354460527
1779683009555268207,0.01920659331377229,0.0,0.0,0.0,0.0,-0.0038689446837459895
1779683009656573868,0.018963605035129127,0.0,0.0,0.0,0.0,-0.004075574593385589
1779683009755164334,0.018576380785939265,0.0,0.0,0.0,0.0,-0.003992536779207523
1779683009855218558,0.018337210833741006,0.0,0.0,0.0,0.0,-0.0035234091342792873
1779683009955144463,0.01809425433449327,0.0,0.0,0.0,0.0,-0.003049273460183022
1779683010066210733,0.0,0.0,0.0,0.0,0.0,0.0
1779683010155481031,0.025105530469978064,0.0,0.0,0.0,0.0,-0.03590004385303125
1779683010255422498,0.024930931452584203,0.0,0.0,0.0,0.0,-0.035919995909602154
1779683010355418537,0.02488917897311728,0.0,0.0,0.0,0.0,-0.0358440715600894
1779683010455073821,0.024566538223988934,0.0,0.0,0.0,0.0,-0.03391132954858955
1779683010555282945,0.024073025572958266,0.0,0.0,0.0,0.0,-0.02733440340789617
1779683010655132537,0.023750336033694894,0.0,0.0,0.0,0.0,-0.02281382682615085
1779683010755480395,0.02343150452208312,0.0,0.0,0.0,0.0,-0.019028036813447113
1779683010855212619,0.023127784260615954,0.0,0.0,0.0,0.0,-0.015805930382592592
1779683010955206690,0.02282025049709305,0.0,0.0,0.0,0.0,-0.0130707489565971
1779683011056361440,0.02237607044680149,0.0,0.0,0.0,0.0,-0.010204050648028207
1779683011155556741,0.02207231278634279,0.0,0.0,0.0,0.0,-0.00867848729549392
1779683011255133801,0.0,0.0,0.0,0.0,0.0,0.14580587469228423
1779683011355293120,0.0,0.0,0.0,0.0,0.0,0.35
1779683011455382123,0.0,0.0,0.0,0.0,0.0,0.35
1779683011555434575,0.0,0.0,0.0,0.0,0.0,0.35
1779683011655411471,0.0,0.0,0.0,0.0,0.0,0.35
1779683011755503348,0.0,0.0,0.0,0.0,0.0,0.3195826799868804
1779683011855285980,0.0,0.0,0.0,0.0,0.0,0.2754603635435863
1779683011954904127,0.0,0.0,0.0,0.0,0.0,0.204202655892174
1779683012055163812,0.0,0.0,0.0,0.0,0.0,0.19141997002884947
1779683012154933932,0.0,0.0,0.0,0.0,0.0,0.13108451644343733
1779683012255291060,0.0,0.0,0.0,0.0,0.0,0.10495208995233629
1779683012355203792,0.022678880881431805,0.0,0.0,0.0,0.0,0.08566422410348196
1779683012455930686,0.02267509433706839,0.0,0.0,0.0,0.0,0.07175592265035924
1779683012555102543,0.0,0.0,0.0,0.0,0.0,0.2373875537943444
1779683012655238937,0.0,0.0,0.0,0.0,0.0,0.34623935003840856
1779683012754781847,0.0,0.0,0.0,0.0,0.0,0.32945552016422874
1779683012854876704,0.0,0.0,0.0,0.0,0.0,0.2952298271703464
1779683012955024517,0.0,0.0,0.0,0.0,0.0,0.2527091716411797
1779683013054860961,0.0,0.0,0.0,0.0,0.0,0.21184381021243748
1779683013154947984,0.0,0.0,0.0,0.0,0.0,0.17604064659080643
1779683013254998822,0.0,0.0,0.0,0.0,0.0,0.14712777685088085
1779683013355243242,0.0,0.0,0.0,0.0,0.0,0.10945532673633429
1779683013454957881,0.024307603108737506,0.0,0.0,0.0,0.0,0.08935878130429553
1779683013554787055,0.024303828987426206,0.0,0.0,0.0,0.0,0.06352546804408532
1779683013654907674,0.024230218339157863,0.0,0.0,0.0,0.0,0.0694610348953355
1779683013754999344,0.0,0.0,0.0,0.0,0.0,0.1413135562217419
1779683013855520589,0.0,0.0,0.0,0.0,0.0,0.20986289717778694
1779683013954958141,0.0,0.0,0.0,0.0,0.0,0.19917666392542466
1779683014055042343,0.0,0.0,0.0,0.0,0.0,0.1729191481332546
1779683014155280318,0.0,0.0,0.0,0.0,0.0,0.14676680260550445
1779683014254867233,0.0,0.0,0.0,0.0,0.0,0.12396291673225779
1779683014355065286,0.0,0.0,0.0,0.0,0.0,0.0995160658844585
1779683014455202200,0.02515007074456317,0.0,0.0,0.0,0.0,0.06963227730660648
1779683014554951289,0.025157675601867466,0.0,0.0,0.0,0.0,0.054511136400631655
1779683014655060359,0.02494140732737697,0.0,0.0,0.0,0.0,0.04277890606909729
1779683014755335074,0.024603611679263403,0.0,0.0,0.0,0.0,0.034387570366504416
1779683014855495723,0.024265750075185884,0.0,0.0,0.0,0.0,0.02794325856247437
1779683014955447940,0.02395448397129328,0.0,0.0,0.0,0.0,0.022685185931065277
1779683015055274966,0.023517937642763845,0.0,0.0,0.0,0.0,0.018038577026041613
1779683015155020033,0.023221792905618835,0.0,0.0,0.0,0.0,0.015157307778441709
1779683015254979956,0.02292186818776268,0.0,0.0,0.0,0.0,0.012884095990283395
1779683015354849098,0.022413103156172065,0.0,0.0,0.0,0.0,0.008917977769570706
1779683015455559993,0.022117006934716184,0.0,0.0,0.0,0.0,0.006421809374180576
1779683015555098774,0.02184361466834952,0.0,0.0,0.0,0.0,0.005125002583458382
1779683015654949141,0.021562669741327055,0.0,0.0,0.0,0.0,0.004643517083101845
1779683015755229237,0.021262701134667328,0.0,0.0,0.0,0.0,0.0034746936293752473
1779683015854947764,0.020966606420038697,0.0,0.0,0.0,0.0,0.0021884704909003183
1779683015954926546,0.0205831618065235,0.0,0.0,0.0,0.0,0.0010561754918740895
1779683016054899032,0.020313599865940446,0.0,0.0,0.0,0.0,0.00037815907071747645
1779683016155207933,0.01988839038104883,0.0,0.0,0.0,0.0,3.574423271768268e-05
1779683016254895684,0.019626426067110615,0.0,0.0,0.0,0.0,-0.0004248936892445876
1779683016355497452,0.019368284362667427,0.0,0.0,0.0,0.0,7.452986291389685e-05
1779683016454858896,0.01912154996194972,0.0,0.0,0.0,0.0,1.6600160831936606e-05
1779683016554821124,0.018757129803216584,0.0,0.0,0.0,0.0,-0.00033416512896855544
1779683016654847696,0.018510357329660065,0.0,0.0,0.0,0.0,-0.0009755206237545
1779683016755580945,0.018274960433622103,0.0,0.0,0.0,0.0,-0.0011229085234227831
1779683016868365483,0.0,0.0,0.0,0.0,0.0,0.0
1779683016955499892,0.0,0.0,0.0,0.0,0.0,-0.24600672954660385
1779683017055116980,0.0,0.0,0.0,0.0,0.0,-0.24652320455379528
1779683017155090277,0.0,0.0,0.0,0.0,0.0,-0.23810156916161274
1779683017255593616,0.0,0.0,0.0,0.0,0.0,-0.20642322955996517
1779683017355285568,0.0,0.0,0.0,0.0,0.0,-0.17571357211988325
1779683017455127659,0.0,0.0,0.0,0.0,0.0,-0.14613222801126724
1779683017555158704,0.0,0.0,0.0,0.0,0.0,-0.11185124224832321
1779683017654981494,0.024243484773635585,0.0,0.0,0.0,0.0,-0.07683492804127212
1779683017756673060,0.024232067486462474,0.0,0.0,0.0,0.0,-0.0601654680413648
1779683017855368497,0.024042415728162736,0.0,0.0,0.0,0.0,-0.05289076273601245
1779683017955409480,0.02373889662079096,0.0,0.0,0.0,0.0,-0.048019791661707556
1779683018056075005,0.023454280956004082,0.0,0.0,0.0,0.0,-0.04133561896730842
1779683018155375017,0.02312404459163808,0.0,0.0,0.0,0.0,-0.03520234775452724
1779683018255992491,0.02270650545446409,0.0,0.0,0.0,0.0,-0.029198043247217642
1779683018355670560,0.02238764279872392,0.0,0.0,0.0,0.0,-0.025263061636717432
1779683018455394718,0.022076369487289416,0.0,0.0,0.0,0.0,-0.021033130625808805
1779683018555486207,0.02158281527332079,0.0,0.0,0.0,0.0,-0.016317872752038887
1779683018655571604,0.021290466397009933,0.0,0.0,0.0,0.0,-0.013186773638944826
1779683018755611712,0.02097537205217444,0.0,0.0,0.0,0.0,-0.011008473879610459
1779683018855695385,0.02067920704163093,0.0,0.0,0.0,0.0,-0.009184392016941656
1779683018955521226,0.020394501896506892,0.0,0.0,0.0,0.0,-0.007456640375952284
1779683019055435127,0.020132550352754502,0.0,0.0,0.0,0.0,-0.006724347597869773
1779683019155263552,0.019760442622795044,0.0,0.0,0.0,0.0,-0.0055486064438639016
1779683019254919590,0.019487100547876588,0.0,0.0,0.0,0.0,-0.00504105256684273
1779683019355390149,0.019221359429594142,0.0,0.0,0.0,0.0,-0.005080425868386196
1779683019455355216,0.018849266927140527,0.0,0.0,0.0,0.0,-0.0033917313834641583
1779683019555042795,0.01857973606120505,0.0,0.0,0.0,0.0,-0.0029043566433963885
1779683019655064566,0.018332980113526243,0.0,0.0,0.0,0.0,-0.0022362016979701194
1779683019755273539,0.018067261012347468,0.0,0.0,0.0,0.0,-0.0029510058310011633
1779683019868195246,0.0,0.0,0.0,0.0,0.0,0.0
1779683019955156841,0.0,0.0,0.0,0.0,0.0,-0.17621862210198636
1779683020055420359,0.0,0.0,0.0,0.0,0.0,-0.17661297579497037
1779683020154771900,0.0,0.0,0.0,0.0,0.0,-0.15711453490885252
1779683020255261062,0.0,0.0,0.0,0.0,0.0,-0.13507030764820382
1779683020355002609,0.0,0.0,0.0,0.0,0.0,-0.11298393085971514
1779683020454662205,0.0,0.0,0.0,0.0,0.0,-0.09557746008069212
1779683020554882100,0.02452894323410517,0.0,0.0,0.0,0.0,-0.078291298354348
1779683020654886840,0.02452512672717941,0.0,0.0,0.0,0.0,-0.06462174023519263
1779683020754976282,0.024437899628463555,0.0,0.0,0.0,0.0,-0.05383836974693079
1779683020855180885,0.024009103534150894,0.0,0.0,0.0,0.0,-0.04354332290950402
1779683020955190814,0.02368269855828011,0.0,0.0,0.0,0.0,-0.035812638357438975
1779683021055186839,0.023181617010004985,0.0,0.0,0.0,0.0,-0.026117952969785252
1779683021155404621,0.022858942246205428,0.0,0.0,0.0,0.0,-0.02220544552649595
1779683021255126932,0.022559019599627098,0.0,0.0,0.0,0.0,-0.020268381136076985
1779683021355292269,0.022259068594882726,0.0,0.0,0.0,0.0,-0.017292286832207626
1779683021455151374,0.02195916236379429,0.0,0.0,0.0,0.0,-0.01490373248963206
1779683021555620863,0.021560517604523266,0.0,0.0,0.0,0.0,-0.011953659591484866
1779683021655052584,0.021275772503136576,0.0,0.0,0.0,0.0,-0.009873175487831398
1779683021754952154,0.020987253438022112,0.0,0.0,0.0,0.0,-0.00816687532011906
1779683021854745441,0.020508881235457802,0.0,0.0,0.0,0.0,-0.005825546045123309
1779683021954797864,0.02022034874280706,0.0,0.0,0.0,0.0,-0.004723567507954662
1779683022054947684,0.019939431211346118,0.0,0.0,0.0,0.0,-0.004806692784035782
1779683022154833215,0.019669928203393368,0.0,0.0,0.0,0.0,-0.004259885822461507
1779683022255389777,0.019430714136556445,0.0,0.0,0.0,0.0,-0.0032417733070277954
1779683022354808436,0.019070042615883083,0.0,0.0,0.0,0.0,-0.0025537160989982377
1779683022455122729,0.01882704404908363,0.0,0.0,0.0,0.0,-0.002046155857457488
1779683022554756233,0.018413173620637373,0.0,0.0,0.0,0.0,-0.0009186257699989042
1779683022655173496,0.01815498630353184,0.0,0.0,0.0,0.0,-0.0008191554808644197
1779683022762235425,0.0,0.0,0.0,0.0,0.0,0.0
1779683022854826555,0.0,0.0,0.0,0.0,0.0,-0.120605327179784
1779683022955143541,0.0,0.0,0.0,0.0,0.0,-0.12121792160201805
1779683023054749918,0.0,0.0,0.0,0.0,0.0,-0.11550276387052905
1779683023154805141,0.0,0.0,0.0,0.0,0.0,-0.10107439192821477
1779683023255619870,0.02487652692529157,0.0,0.0,0.0,0.0,-0.08609155513745526
1779683023354993871,0.024876526858398064,0.0,0.0,0.0,0.0,-0.06215985127594248
1779683023455083817,0.02467170594982951,0.0,0.0,0.0,0.0,-0.05228325040066373
1779683023555070314,0.02435295724491912,0.0,0.0,0.0,0.0,-0.04434315156407742
1779683023654880892,0.02402655297665771,0.0,0.0,0.0,0.0,-0.038217431310419214
1779683023755150580,0.023707725398134396,0.0,0.0,0.0,0.0,-0.03248608984333956
1779683023855120329,0.023271243109813513,0.0,0.0,0.0,0.0,-0.02473629331742766
1779683023954944682,0.022963704029685266,0.0,0.0,0.0,0.0,-0.020511301321587627
1779683024054871466,0.022637279288169155,0.0,0.0,0.0,0.0,-0.01690694211538002
1779683024155006348,0.022288034763577127,0.0,0.0,0.0,0.0,-0.013771360249886011
1779683024254892914,0.021821129898392428,0.0,0.0,0.0,0.0,-0.009934722770732263
1779683024354716512,0.021517438030636563,0.0,0.0,0.0,0.0,-0.008282588904742538
1779683024455321255,0.02123269845055505,0.0,0.0,0.0,0.0,-0.007354671405183533
1779683024555215979,0.02097077389749879,0.0,0.0,0.0,0.0,-0.006014063332585806
1779683024655269927,0.020625306339407214,0.0,0.0,0.0,0.0,-0.004906699791002445
1779683024754967270,0.020332980991820498,0.0,0.0,0.0,0.0,-0.004138537462164638
1779683024855047581,0.020071052928397518,0.0,0.0,0.0,0.0,-0.0034294013284997815
1779683024955210663,0.019626876265334773,0.0,0.0,0.0,0.0,-0.003786922616099142
1779683025055255464,0.01937632080999135,0.0,0.0,0.0,0.0,-0.003743848146917639
1779683025155089586,0.01911060169439068,0.0,0.0,0.0,0.0,-0.0034923083976295954
1779683025255002740,0.018879000491272842,0.0,0.0,0.0,0.0,-0.003788154023032231
1779683025358309099,0.018643608234812085,0.0,0.0,0.0,0.0,-0.003142470369756678
1779683025456948179,0.01829434553315758,0.0,0.0,0.0,0.0,-0.002976149998415334
1779683025555029264,0.018039998381438764,0.0,0.0,0.0,0.0,-0.003195026401687784
1779683025669138585,0.0,0.0,0.0,0.0,0.0,0.0
1779683025756042903,0.02483458757955122,0.0,0.0,0.0,0.0,-0.08703470824284387
1779683025855615628,0.0247588259580955,0.0,0.0,0.0,0.0,-0.08695235070861618
1779683025955187152,0.024508689501845256,0.0,0.0,0.0,0.0,-0.08693476520675714
1779683026055295271,0.02419402318797786,0.0,0.0,0.0,0.0,-0.07769367234871383
1779683026155525170,0.023879285207481733,0.0,0.0,0.0,0.0,-0.06825207708173475
1779683026255614051,0.023420260669785333,0.0,0.0,0.0,0.0,-0.05442389779858703
1779683026354922190,0.023128098464977206,0.0,0.0,0.0,0.0,-0.047507882407451185
1779683026454860228,0.022821019617625657,0.0,0.0,0.0,0.0,-0.012139965471088532
1779683026554859066,0.023376181608358207,0.0,0.0,0.0,0.0,0.08371757270703362
1779683026655937580,0.0,0.0,0.0,0.0,0.0,0.16732539476158614
1779683026755549034,0.0,0.0,0.0,0.0,0.0,0.16716953408153423
1779683026854911224,0.0,0.0,0.0,0.0,0.0,0.15521052475523656
1779683026955393928,0.0,0.0,0.0,0.0,0.0,0.13652201377614925
1779683027055060156,0.0,0.0,0.0,0.0,0.0,0.10706836914407969
1779683027155165299,0.02361613232989378,0.0,0.0,0.0,0.0,0.0890417086783809
1779683027255900328,0.02360477558077413,0.0,0.0,0.0,0.0,0.06477125553084295
1779683027355241762,0.023434039789145746,0.0,0.0,0.0,0.0,0.05192874099750355
1779683027454998632,0.02315700419432645,0.0,0.0,0.0,0.0,0.04206914764327063
1779683027554956831,0.022838218205060323,0.0,0.0,0.0,0.0,0.035151664226588
1779683027655324111,0.02253078897404896,0.0,0.0,0.0,0.0,0.02854510217812145
1779683027755395236,0.022113206736037255,0.0,0.0,0.0,0.0,0.02092478353415861
1779683027854903749,0.02180953523520542,0.0,0.0,0.0,0.0,0.017125097228094854
1779683027956258776,0.021524795811200242,0.0,0.0,0.0,0.0,0.013835521076601909
1779683028055283661,0.021054020018116723,0.0,0.0,0.0,0.0,0.009712167786223858
1779683028154902012,0.020761666005576575,0.0,0.0,0.0,0.0,0.006912611341158947
1779683028255095082,0.020488344758100047,0.0,0.0,0.0,0.0,0.005739992113211412
1779683028354978180,0.02022640493615654,0.0,0.0,0.0,0.0,0.004693046316867511
1779683028454812420,0.019972050948183592,0.0,0.0,0.0,0.0,0.0038716617358686145
1779683028555232697,0.01960000772622775,0.0,0.0,0.0,0.0,0.0039042993688881422
1779683028654808822,0.01936843958334784,0.0,0.0,0.0,0.0,0.00375116915009599
1779683028754730833,0.018935608275164842,0.0,0.0,0.0,0.0,0.0024077938452382597
1779683028855044774,0.018688832461878604,0.0,0.0,0.0,0.0,0.0031409739668694092
1779683028955023207,0.01843825814167999,0.0,0.0,0.0,0.0,0.0025985502830565554
1779683029054781036,0.01818768324019726,0.0,0.0,0.0,0.0,0.0030577476550401883
1779683029163764792,0.0,0.0,0.0,0.0,0.0,0.0
1779683029255508777,0.0,0.0,0.0,0.0,0.0,-0.1017090529985829
1779683029354780452,0.0,0.0,0.0,0.0,0.0,-0.10203273693837189
1779683029455503019,0.0,0.0,0.0,0.0,0.0,-0.09786146671801033
1779683029555208244,0.0248989481051365,0.0,0.0,0.0,0.0,-0.08487506112022736
1779683029654771526,0.02489515792475364,0.0,0.0,0.0,0.0,-0.073921893367211
1779683029755124837,0.024690339867644635,0.0,0.0,0.0,0.0,-0.06253193789746814
1779683029854985072,0.02435650708409429,0.0,0.0,0.0,0.0,-0.05343280308096532
1779683029954743252,0.02391253462586761,0.0,0.0,0.0,0.0,-0.041165681582534974
1779683030054885050,0.023589918818644758,0.0,0.0,0.0,0.0,-0.034462754018918185
1779683030154671625,0.02328246045473617,0.0,0.0,0.0,0.0,-0.029082310333335637
1779683030255135997,0.022770018929722496,0.0,0.0,0.0,0.0,-0.020356502955543143
1779683030355053037,0.02247771022315951,0.0,0.0,0.0,0.0,-0.017006884247636078
1779683030455328577,0.022170235209328037,0.0,0.0,0.0,0.0,-0.01350994443202802
1779683030555406786,0.021908317173937982,0.0,0.0,0.0,0.0,-0.011553042279678238
1779683030655131130,0.021615999178243882,0.0,0.0,0.0,0.0,-0.009270019154199338
1779683030755326323,0.021217393058827454,0.0,0.0,0.0,0.0,-0.00712060434023587
1779683030855546090,0.020925069867531516,0.0,0.0,0.0,0.0,-0.005690360393886373
1779683030954833407,0.020477105742404987,0.0,0.0,0.0,0.0,-0.00443961208268584
1779683031055118611,0.020222759689356648,0.0,0.0,0.0,0.0,-0.0032905447701239154
1779683031155399979,0.019945595611406363,0.0,0.0,0.0,0.0,-0.0024030835299341247
1779683031255253640,0.019691247237018435,0.0,0.0,0.0,0.0,-0.001104305204653322
1779683031355378976,0.01942552501409438,0.0,0.0,0.0,0.0,-0.0008065477346130834
1779683031455153674,0.01917875695112577,0.0,0.0,0.0,0.0,-0.0002280743732534507
1779683031555264120,0.018810536271697407,0.0,0.0,0.0,0.0,-0.0006935376587834385
1779683031655043699,0.018563768150615008,0.0,0.0,0.0,0.0,-0.0004985515277314834
1779683031754973948,0.01818031155722975,0.0,0.0,0.0,0.0,-1.6050735894723722e-05
1779683031862301889,0.0,0.0,0.0,0.0,0.0,0.0
1779683031955254890,0.02515293441331533,0.0,0.0,0.0,0.0,-0.07184971847622779
1779683032055284928,0.025073345168259677,0.0,0.0,0.0,0.0,-0.0722014817029597
1779683032156166064,0.024849572782541265,0.0,0.0,0.0,0.0,-0.06956208321127155
1779683032255232238,0.02442093750999777,0.0,0.0,0.0,0.0,-0.060295355719061194
1779683032355328987,0.02405671013272005,0.0,0.0,0.0,0.0,-0.05201215369795731
1779683032455091053,0.02373420084469983,0.0,0.0,0.0,0.0,-0.044672135082281184
1779683032555012150,0.023214190122218193,0.0,0.0,0.0,0.0,-0.03174983544017407
1779683032655294319,0.02291054199911965,0.0,0.0,0.0,0.0,-0.025768571655339745
1779683032756305269,0.022618209288011153,0.0,0.0,0.0,0.0,-0.021282298994790394
1779683032854839539,0.022322102342006992,0.0,0.0,0.0,0.0,-0.016790606318717316
1779683032954847608,0.02203733495666486,0.0,0.0,0.0,0.0,-0.013552889415724856
1779683033054794727,0.021593109320392958,0.0,0.0,0.0,0.0,-0.009597512526611007
1779683033155063537,0.021285636930194817,0.0,0.0,0.0,0.0,-0.008378299328779426
1779683033255481376,0.02095536600135683,0.0,0.0,0.0,0.0,-0.006632024739085196
1779683033355423707,0.020655449669765177,0.0,0.0,0.0,0.0,-0.005426309576237354
1779683033455264116,0.02038588838796133,0.0,0.0,0.0,0.0,-0.00381199498024698
1779683033555148155,0.01994544604813285,0.0,0.0,0.0,0.0,-0.0016108692333858254
1779683033655287701,0.019668259650700046,0.0,0.0,0.0,0.0,-0.002014540777940499
1779683033755661767,0.019406263014714282,0.0,0.0,0.0,0.0,-0.002021978205501318
1779683033855711488,0.0191594545724867,0.0,0.0,0.0,0.0,-0.0019250450205898773
1779683033955234271,0.01881771591382,0.0,0.0,0.0,0.0,-0.0014843978551883907
1779683034055209860,0.01857089911541973,0.0,0.0,0.0,0.0,-0.0009313531841881328
1779683034155059872,0.01817977492927038,0.0,0.0,0.0,0.0,0.0002420247687782151
1779683034268396763,0.0,0.0,0.0,0.0,0.0,0.0
1779683034354866633,0.02513985489926007,0.0,0.0,0.0,0.0,-0.04819513436946554
1779683034455432320,0.025063945978449735,0.0,0.0,0.0,0.0,-0.04850841806402717
1779683034555035193,0.0248438754409934,0.0,0.0,0.0,0.0,-0.04744677647931406
1779683034655371842,0.024399904783508605,0.0,0.0,0.0,0.0,-0.04139024011071901
1779683034755350951,0.024062101636275878,0.0,0.0,0.0,0.0,-0.035484612899432055
1779683034855480230,0.023750842470188164,0.0,0.0,0.0,0.0,-0.030257774594193765
1779683034955939680,0.02343574864495023,0.0,0.0,0.0,0.0,-0.025460929691606293
1779683035055141881,0.022904305252451813,0.0,0.0,0.0,0.0,-0.01778019200532055
1779683035155389379,0.02258538023959095,0.0,0.0,0.0,0.0,-0.014395047407805728
1779683035255359151,0.022285411684638923,0.0,0.0,0.0,0.0,-0.011145554565653804
1779683035355495957,0.021974116093857427,0.0,0.0,0.0,0.0,-0.009122184462363125
1779683035454958839,0.021696965251513125,0.0,0.0,0.0,0.0,-0.008184296264324598
1779683035555036438,0.021298354681502565,0.0,0.0,0.0,0.0,-0.0057885537559431155
1779683035655603902,0.02101740743525604,0.0,0.0,0.0,0.0,-0.004229516955027046
1779683035755441550,0.020732631644282302,0.0,0.0,0.0,0.0,-0.0035052686046411763
1779683035855284343,0.020425137964876196,0.0,0.0,0.0,0.0,-0.002537272395402801
1779683035955730084,0.020113823230892433,0.0,0.0,0.0,0.0,-0.002017557832403094
1779683036055028595,0.019692388000730834,0.0,0.0,0.0,0.0,-0.0019770817587390077
1779683036155128369,0.01943041573490107,0.0,0.0,0.0,0.0,-0.0017627348627304862
1779683036255039270,0.019172248650877122,0.0,0.0,0.0,0.0,-0.0017786042945571179
1779683036355371192,0.01887995229894209,0.0,0.0,0.0,0.0,-0.0013074137050403944
1779683036455415613,0.018644617950489075,0.0,0.0,0.0,0.0,-0.0010749527858111563
1779683036555158573,0.018386438318454032,0.0,0.0,0.0,0.0,-0.0010160171230534365
1779683036655680118,0.018124451838795165,0.0,0.0,0.0,0.0,-0.0013689267975167674
1779683036764129415,0.0,0.0,0.0,0.0,0.0,0.0
1779683036855193707,0.02505591993305509,0.0,0.0,0.0,0.0,-0.034143204898998025
1779683036955610328,0.024831991458166985,0.0,0.0,0.0,0.0,-0.03422939597690422
1779683037055459828,0.02458908059025702,0.0,0.0,0.0,0.0,-0.0321338321147252
1779683037155222794,0.02434028642084562,0.0,0.0,0.0,0.0,0.005685769007163555
1779683037255557791,0.0,0.0,0.0,0.0,0.0,0.10462272710911713
1779683037354937036,0.0,0.0,0.0,0.0,0.0,0.18671299177103373
1779683037454996701,0.0,0.0,0.0,0.0,0.0,0.1848498175986526
1779683037555310287,0.0,0.0,0.0,0.0,0.0,0.16964331978702019
1779683037655351000,0.0,0.0,0.0,0.0,0.0,0.1338322268084987
1779683037755006792,0.0,0.0,0.0,0.0,0.0,0.11152818000073061
1779683037855960206,0.0,0.0,0.0,0.0,0.0,0.09211296314094553
1779683037955145408,0.02431374881879284,0.0,0.0,0.0,0.0,0.07553878675445325
1779683038055072089,0.02431374881879284,0.0,0.0,0.0,0.0,0.06321638750913006
1779683038154934496,0.02412023396582513,0.0,0.0,0.0,0.0,0.0470561392025578
1779683038254873806,0.023790063295540623,0.0,0.0,0.0,0.0,0.03990754520895523
1779683038355014214,0.023437042360846778,0.0,0.0,0.0,0.0,0.03229933533540941
1779683038455056105,0.02310300261276913,0.0,0.0,0.0,0.0,0.02573198697821466
1779683038554969350,0.022613358541898484,0.0,0.0,0.0,0.0,0.01742815031161149
1779683038655004865,0.02230206132829323,0.0,0.0,0.0,0.0,0.014334055533200218
1779683038755196734,0.022017357835007214,0.0,0.0,0.0,0.0,0.011449519328141089
1779683038855066409,0.021744014027941135,0.0,0.0,0.0,0.0,0.008305341973367741
1779683038955372094,0.021436532569818097,0.0,0.0,0.0,0.0,0.0066412440824955565
1779683039054885177,0.021151793489448293,0.0,0.0,0.0,0.0,0.005470041871162401
1779683039155479616,0.0207569450620717,0.0,0.0,0.0,0.0,0.00531305480264499
1779683039255430461,0.020327898166193768,0.0,0.0,0.0,0.0,0.005198074855396029
1779683039355176137,0.020050736044911577,0.0,0.0,0.0,0.0,0.004112433398564264
1779683039455311383,0.019803975205786268,0.0,0.0,0.0,0.0,0.0033353307036972923
1779683039555228251,0.01954197153364944,0.0,0.0,0.0,0.0,0.0026342868804941633
1779683039654903734,0.01927996480778466,0.0,0.0,0.0,0.0,0.002269626273962766
1779683039755243818,0.01892301466310451,0.0,0.0,0.0,0.0,0.0025138916155602598
1779683039854965432,0.018679968375708005,0.0,0.0,0.0,0.0,0.0026004580337339878
1779683039955051643,0.018433128547377352,0.0,0.0,0.0,0.0,0.0022947446611466527
1779683040054849600,0.018163538550149905,0.0,0.0,0.0,0.0,0.002720661189309137
1779683040167603880,0.0,0.0,0.0,0.0,0.0,0.0
1779683040254860872,0.02492755365816321,0.0,0.0,0.0,0.0,-0.07087017140909158
1779683040354944802,0.024847937095534997,0.0,0.0,0.0,0.0,-0.07101733152793899
1779683040455065977,0.02457484932868759,0.0,0.0,0.0,0.0,-0.06669547346491422
1779683040555398694,0.02422969196997758,0.0,0.0,0.0,0.0,-0.058469935177041354
1779683040655500715,0.02394518513653143,0.0,0.0,0.0,0.0,-0.050974026624473034
1779683040755508732,0.023652995144453355,0.0,0.0,0.0,0.0,-0.043029511923561525
1779683040854896877,0.02321275766836623,0.0,0.0,0.0,0.0,-0.03445295808504045
1779683040954918821,0.022909123258221493,0.0,0.0,0.0,0.0,-0.028335073484224482
1779683041054983781,0.022563621591764522,0.0,0.0,0.0,0.0,-0.022465002655409183
1779683041154851203,0.022225744889031097,0.0,0.0,0.0,0.0,-0.018365011859425517
1779683041255046670,0.021751146058701987,0.0,0.0,0.0,0.0,-0.013006874580474781
1779683041355566312,0.021470229893929906,0.0,0.0,0.0,0.0,-0.010010415128494543
1779683041455377410,0.02118550823864501,0.0,0.0,0.0,0.0,-0.0069138422432019064
1779683041555019039,0.020923524980563914,0.0,0.0,0.0,0.0,-0.005554195069915835
1779683041655597722,0.020551430399274123,0.0,0.0,0.0,0.0,-0.0040354492299390365
1779683041755523993,0.020289435203967816,0.0,0.0,0.0,0.0,-0.0032479186318261632
1779683041854993702,0.01986037838246085,0.0,0.0,0.0,0.0,-0.0026500411864046614
1779683041955510339,0.01958700023079758,0.0,0.0,0.0,0.0,-0.0015865311722693676
1779683042054858182,0.01931741034016175,0.0,0.0,0.0,0.0,-0.0013683659930938674
1779683042155659460,0.019078226033930116,0.0,0.0,0.0,0.0,-0.00041762829924296696
1779683042254843788,0.018823799194411087,0.0,0.0,0.0,0.0,-0.00023676846122799855
1779683042354855720,0.018584611923365236,0.0,0.0,0.0,0.0,-0.0003635749948052158
1779683042455408568,0.01825427142598021,0.0,0.0,0.0,0.0,-1.2186665545366182e-05
1779683042554914102,0.018007427707062075,0.0,0.0,0.0,0.0,3.9775870414038295e-06
1779683042663869785,0.0,0.0,0.0,0.0,0.0,0.0
1779683042755682818,0.024937292356833948,0.0,0.0,0.0,0.0,-0.04922110546750191
1779683042855032757,0.02469444205890678,0.0,0.0,0.0,0.0,-0.04909555819512135
1779683042954848034,0.02440981205789167,0.0,0.0,0.0,0.0,-0.04549804443233385
1779683043055105289,0.024288363806556083,0.0,0.0,0.0,0.0,-0.043765342021479414
1779683043154972035,0.023711453209343685,0.0,0.0,0.0,0.0,-0.03356307313322693
1779683043255551220,0.02338883573770274,0.0,0.0,0.0,0.0,-0.0275167907989029
1779683043354925920,0.02305475961406629,0.0,0.0,0.0,0.0,-0.02260906113503547
1779683043454948460,0.02276622953785102,0.0,0.0,0.0,0.0,-0.018853862404159427
1779683043554786590,0.022481449536843445,0.0,0.0,0.0,0.0,-0.01549126203943052
1779683043654934598,0.022052460036308293,0.0,0.0,0.0,0.0,-0.011562436046831381
1779683043755184974,0.021763945058294553,0.0,0.0,0.0,0.0,-0.009120655023229784
1779683043855006494,0.02129694279417666,0.0,0.0,0.0,0.0,-0.005238410675130645
1779683043954755969,0.020970385908296772,0.0,0.0,0.0,0.0,-0.00388133489730913
1779683044055251093,0.020708366369555517,0.0,0.0,0.0,0.0,-0.002818333263580941
1779683044155523704,0.020419824247490323,0.0,0.0,0.0,0.0,-0.0017344050864952498
1779683044255165756,0.02010468541927364,0.0,0.0,0.0,0.0,-0.00044536777531278826
1779683044354924266,0.01983131072084229,0.0,0.0,0.0,0.0,6.58004284905811e-05
1779683044455003766,0.01955420018828447,0.0,0.0,0.0,0.0,0.0011451884267640322
1779683044555011879,0.019292278838954312,0.0,0.0,0.0,0.0,0.0005935110509711627
1779683044655124624,0.018946799305068943,0.0,0.0,0.0,0.0,0.0012062060214422798
1779683044755023383,0.01866588427351478,0.0,0.0,0.0,0.0,0.0012944762341458027
1779683044855425498,0.01839256465265578,0.0,0.0,0.0,0.0,0.0012962790342033736
1779683044954907645,0.01814203669466391,0.0,0.0,0.0,0.0,0.0011612004275000087
1779683045064820188,0.0,0.0,0.0,0.0,0.0,0.0
1779683045154826622,0.02492563676896147,0.0,0.0,0.0,0.0,-0.031095943716021535
1779683045254788102,0.024842095683245042,0.0,0.0,0.0,0.0,-0.03121357427989735
1779683045354985773,0.024656094611447434,0.0,0.0,0.0,0.0,-0.030756031437479736
1779683045454997050,0.024352412869117563,0.0,0.0,0.0,0.0,-0.027528878304763138
1779683045555054548,0.02391204480646253,0.0,0.0,0.0,0.0,-0.023180957452794693
1779683045655291629,0.023604561462187337,0.0,0.0,0.0,0.0,-0.0196836333712902
1779683045755681978,0.02312244884925235,0.0,0.0,0.0,0.0,-0.014475601770031377
1779683045854958662,0.022807360321753668,0.0,0.0,0.0,0.0,-0.012358323324968556
1779683045954985230,0.022533985595151282,0.0,0.0,0.0,0.0,-0.010871371535178698
1779683046056133869,0.022241644802428042,0.0,0.0,0.0,0.0,-0.009068358125302267
1779683046154907651,0.021835469501770195,0.0,0.0,0.0,0.0,-0.006589876484759172
1779683046254710888,0.021543130911118223,0.0,0.0,0.0,0.0,-0.005107087082700135
1779683046354900857,0.021258440936975376,0.0,0.0,0.0,0.0,-0.003473583140005454
1779683046454773729,0.020806652646610756,0.0,0.0,0.0,0.0,-0.0023661274950231848
1779683046555284086,0.020529538486752527,0.0,0.0,0.0,0.0,-0.002546487130943742
1779683046654873868,0.020199239477763826,0.0,0.0,0.0,0.0,-0.002310217193559616
1779683046755124708,0.01992972374659338,0.0,0.0,0.0,0.0,-0.001215743106202205
1779683046855134019,0.01966773515794674,0.0,0.0,0.0,0.0,-0.0010836842647866662
1779683046954865806,0.019413350269437638,0.0,0.0,0.0,0.0,-0.0007638860134643322
1779683047054879692,0.01907548181342002,0.0,0.0,0.0,0.0,-0.0006149621290826301
1779683047155054524,0.01882489764163385,0.0,0.0,0.0,0.0,-0.0006813232854919749
1779683047255491158,0.0185667780183873,0.0,0.0,0.0,0.0,-0.0007868977025938806
1779683047355090410,0.01817952618166247,0.0,0.0,0.0,0.0,-0.000873400475192132
1779683047464197336,0.0,0.0,0.0,0.0,0.0,0.0
1779683047555329402,0.025179520457384242,0.0,0.0,0.0,0.0,-0.022339312241505982
1779683047655054177,0.025012501226315004,0.0,0.0,0.0,0.0,-0.022394056544343233
1779683047755107758,0.02481184683716328,0.0,0.0,0.0,0.0,-0.008561303514406537
1779683047854870335,0.024543394295066294,0.0,0.0,0.0,0.0,0.08011776958309547
1779683047954800726,0.0,0.0,0.0,0.0,0.0,0.18653471452753534
1779683048056111089,0.0,0.0,0.0,0.0,0.0,0.19126024515674855
1779683048155646907,0.0,0.0,0.0,0.0,0.0,0.18990734037491297
1779683048254941816,0.0,0.0,0.0,0.0,0.0,0.17836553086672868
1779683048355168719,0.0,0.0,0.0,0.0,0.0,0.1511800836074788
1779683048455267302,0.0,0.0,0.0,0.0,0.0,0.1296764176047175
1779683048555051684,0.0,0.0,0.0,0.0,0.0,0.10961452882959
1779683048655137605,0.023781121160477776,0.0,0.0,0.0,0.0,0.08433704755817595
1779683048755029519,0.023773549119177707,0.0,0.0,0.0,0.0,0.07275623572378498
1779683048855693628,0.023583919388724655,0.0,0.0,0.0,0.0,0.07048399421763907
1779683048955188334,0.02318574397049904,0.0,0.0,0.0,0.0,0.07312365942820187
1779683049054856727,0.0228178780876211,0.0,0.0,0.0,0.0,0.0737930147044269
1779683049156032645,0.022597979512767725,0.0,0.0,0.0,0.0,0.07470282666473471
1779683049255372062,0.022142982894477983,0.0,0.0,0.0,0.0,0.07603597655133532
1779683049355006859,0.02182072607108924,0.0,0.0,0.0,0.0,0.07542584031023425
1779683049454994251,0.021543961702070093,0.0,0.0,0.0,0.0,0.07188464480992829
1779683049555020227,0.021115505100328735,0.0,0.0,0.0,0.0,0.07233338884942764
1779683049655406800,0.020842453062476753,0.0,0.0,0.0,0.0,0.07385205083363844
1779683049755672805,0.020561838285285506,0.0,0.0,0.0,0.0,0.07423047304492991
1779683049855509257,0.02030401842755227,0.0,0.0,0.0,0.0,0.07496570495572763
1779683049954913608,0.020034847387751836,0.0,0.0,0.0,0.0,0.07609128685675037
1779683050054978069,0.01966324885313556,0.0,0.0,0.0,0.0,0.07668110068597411
1779683050154734126,0.019401661059920087,0.0,0.0,0.0,0.0,0.07668840738509053
1779683050254953293,0.01900355738500562,0.0,0.0,0.0,0.0,0.0749387191347688
1779683050354713177,0.01874195325927071,0.0,0.0,0.0,0.0,0.07417507010367586
1779683050454857758,0.0185030606407608,0.0,0.0,0.0,0.0,0.07302156278272165
1779683050555407379,0.018222428768204398,0.0,0.0,0.0,0.0,0.06986709076902164
1779683050666177634,0.0,0.0,0.0,0.0,0.0,0.0
1779683050754791343,0.02517354406100881,0.0,0.0,0.0,0.0,-0.013830909155159832
1779683050854721943,0.025002737279225726,0.0,0.0,0.0,0.0,-0.012501926955873821
1779683050955034708,0.024869840249095332,0.0,0.0,0.0,0.0,-0.010672511651380168
1779683051054912296,0.02444082360662006,0.0,0.0,0.0,0.0,-0.007473405212883977
1779683051155224141,0.02409914224125565,0.0,0.0,0.0,0.0,-0.005916004638187755
1779683051255275494,0.023582795293478145,0.0,0.0,0.0,0.0,-0.003642052904459292
1779683051354958846,0.023229671738093094,0.0,0.0,0.0,0.0,-0.0017509596712026454
1779683051455130427,0.022929763895818016,0.0,0.0,0.0,0.0,-0.0015842235387384385
1779683051554878513,0.022652672825533782,0.0,0.0,0.0,0.0,-0.0014933754610884087
1779683051654910687,0.02234139262471856,0.0,0.0,0.0,0.0,-0.000322969055670419
1779683051755156244,0.022041485218070415,0.0,0.0,0.0,0.0,-0.000563519871250806
1779683051855858896,0.02162391812901699,0.0,0.0,0.0,0.0,-1.1448558414617338e-06
1779683051955276539,0.021305056542749497,0.0,0.0,0.0,0.0,-1.2539904628350307e-05
1779683052055022467,0.02097475088377938,0.0,0.0,0.0,0.0,5.488576016376978e-05
1779683052154889570,0.02069758893142279,0.0,0.0,0.0,0.0,0.0003060990363555893
1779683052255191771,0.02045461627714108,0.0,0.0,0.0,0.0,0.0007320639392546235
1779683052355050866,0.020021814825149874,0.0,0.0,0.0,0.0,0.0013580494429230594
1779683052455362091,0.019718117114028513,0.0,0.0,0.0,0.0,0.0007375457753350245
1779683052554907615,0.01944474619569429,0.0,0.0,0.0,0.0,0.0009509718546379942
1779683052655111393,0.019209355341998063,0.0,0.0,0.0,0.0,0.00041199909194034046
1779683052754732830,0.018867677203864897,0.0,0.0,0.0,0.0,0.0004481859437290847
1779683052855504087,0.018628495519460195,0.0,0.0,0.0,0.0,0.0010337658571119013
1779683052954961577,0.018237465265248876,0.0,0.0,0.0,0.0,0.0013094934336873587
1779683053055000689,0.018005865572973498,0.0,0.0,0.0,0.0,0.0025223680444447227
1779683053164966737,0.0,0.0,0.0,0.0,0.0,0.0
1779683053254875528,0.024943358653673135,0.0,0.0,0.0,0.0,-0.04880631807690361
1779683053355721442,0.02487129925737055,0.0,0.0,0.0,0.0,-0.04923891756222276
1779683053455753113,0.024636032226786904,0.0,0.0,0.0,0.0,-0.047918519300140794
1779683053554971842,0.024336194113012605,0.0,0.0,0.0,0.0,-0.04396332409618786
1779683053655202493,0.023892096284468083,0.0,0.0,0.0,0.0,-0.036063719200592925
1779683053755068416,0.023596033576641376,0.0,0.0,0.0,0.0,-0.03099652793061658
1779683053854907595,0.02311782178833387,0.0,0.0,0.0,0.0,-0.022516864976415585
1779683053954868113,0.022814162132963698,0.0,0.0,0.0,0.0,-0.01958694664918459
1779683054055138540,0.022518063884410567,0.0,0.0,0.0,0.0,-0.016859808164429113
1779683054155040444,0.02211183376347359,0.0,0.0,0.0,0.0,-0.013092098944382125
1779683054255242870,0.02181189985481597,0.0,0.0,0.0,0.0,-0.011208973907262387
1779683054355006460,0.02159552586017297,0.0,0.0,0.0,0.0,-0.009688821374337797
1779683054455665341,0.021208196071716253,0.0,0.0,0.0,0.0,-0.007787560270729799
1779683054556246569,0.020752581159585663,0.0,0.0,0.0,0.0,-0.005677441445653186
1779683054654759292,0.020475423556663635,0.0,0.0,0.0,0.0,-0.0049660049160848985
1779683054754947965,0.020202124046261587,0.0,0.0,0.0,0.0,-0.003931915230938943
1779683054855109960,0.01994398858468906,0.0,0.0,0.0,0.0,-0.0025225646479105635
1779683054954943317,0.019594743261427364,0.0,0.0,0.0,0.0,-0.002199504259456808
1779683055055234704,0.01934418443000833,0.0,0.0,0.0,0.0,-0.001235470005435002
1779683055155001529,0.01894174816406842,0.0,0.0,0.0,0.0,-0.0004788418429458874
1779683055255133804,0.018698765616771026,0.0,0.0,0.0,0.0,0.0004934469379689332
1779683055354901476,0.018448193436336892,0.0,0.0,0.0,0.0,0.0003673238843323601
1779683055455010260,0.018212794799305206,0.0,0.0,0.0,0.0,0.0005068543403312642
1779683055566161034,0.0,0.0,0.0,0.0,0.0,0.0
1779683055655176637,0.025127444633621522,0.0,0.0,0.0,0.0,-0.03434148493040312
1779683055755531410,0.02493003050063843,0.0,0.0,0.0,0.0,-0.03452384201055769
1779683055855031588,0.024687106011903492,0.0,0.0,0.0,0.0,-0.03379806795558482
1779683055955116051,0.02436451455563725,0.0,0.0,0.0,0.0,-0.030413763608147848
1779683056055261511,0.024045667099682463,0.0,0.0,0.0,0.0,-0.026817525889040406
1779683056154991836,0.023711592399494105,0.0,0.0,0.0,0.0,-0.02321705059199375
1779683056255552231,0.023392715182099063,0.0,0.0,0.0,0.0,-0.01935195988315197
1779683056354938006,0.022948542869184855,0.0,0.0,0.0,0.0,-0.014819463582603332
1779683056454874916,0.02265240364843103,0.0,0.0,0.0,0.0,-0.011890416242668289
1779683056555407351,0.022181662274711248,0.0,0.0,0.0,0.0,-0.007808843863389758
1779683056654973952,0.021832362241201074,0.0,0.0,0.0,0.0,-0.006709102663344679
1779683056755506518,0.02152100467317537,0.0,0.0,0.0,0.0,-0.004302158003182011
1779683056855029716,0.02122862021883031,0.0,0.0,0.0,0.0,-0.004057359991978093
1779683056954967505,0.02094762049595492,0.0,0.0,0.0,0.0,-0.003326955402492393
1779683057055057989,0.020693191420911094,0.0,0.0,0.0,0.0,-0.002059363945970727
1779683057155162391,0.020321098136060832,0.0,0.0,0.0,0.0,-0.0012189545100217414
1779683057255117420,0.02004014106328186,0.0,0.0,0.0,0.0,-0.0011327157059138893
1779683057355704553,0.01960734288191448,0.0,0.0,0.0,0.0,-0.0008229213780398537
1779683057454991192,0.019512399468383106,0.0,0.0,0.0,0.0,-0.0009183725557883049
1779683057554786497,0.019037755427096594,0.0,0.0,0.0,0.0,-0.0005975653632200872
1779683057654989572,0.01874539900156608,0.0,0.0,0.0,0.0,-0.0007331313059160127
1779683057755237410,0.018475831518472506,0.0,0.0,0.0,0.0,-0.0011995042947473555
1779683057854903791,0.01824423998770499,0.0,0.0,0.0,0.0,-0.0003552671160426124
1779683057955508002,0.018005048156311765,0.0,0.0,0.0,0.0,-0.0004046351574618079
1779683058065968564,0.0,0.0,0.0,0.0,0.0,0.0
1779683058155306048,0.025030864819900786,0.0,0.0,0.0,0.0,-0.024095684488469216
1779683058254861455,0.024863783130268626,0.0,0.0,0.0,0.0,-0.02403245830459877
1779683058355610405,0.024662593323737218,0.0,0.0,0.0,0.0,-0.023678368330997013
1779683058455272170,0.0,0.0,0.0,0.0,0.0,0.19859204455679225
1779683058555044324,0.0,0.0,0.0,0.0,0.0,0.35
1779683058655718865,0.0,0.0,0.0,0.0,0.0,0.35
1779683058755451248,0.0,0.0,0.0,0.0,0.0,0.32647820540864403
1779683058855539282,0.0,0.0,0.0,0.0,0.0,0.28067487260873336
1779683058955145874,0.0,0.0,0.0,0.0,0.0,0.22891205114373503
1779683059055445122,0.0,0.0,0.0,0.0,0.0,0.18753358797960695
1779683059155064574,0.0,0.0,0.0,0.0,0.0,0.15738387593111658
1779683059254959442,0.0,0.0,0.0,0.0,0.0,0.11136874845687772
1779683059355163020,0.0,0.0,0.0,0.0,0.0,0.0900060838761576
1779683059455058906,0.024335101557707864,0.0,0.0,0.0,0.0,0.07186778791101356
1779683059554993955,0.024338920900538054,0.0,0.0,0.0,0.0,0.05905224051496305
1779683059655112010,0.02416821475973871,0.0,0.0,0.0,0.0,0.05385605753749334
1779683059755409538,0.023735734867971037,0.0,0.0,0.0,0.0,0.05433907370320734
1779683059855085533,0.023534616896469285,0.0,0.0,0.0,0.0,0.05166270672767337
1779683059954991397,0.023534616896469285,0.0,0.0,0.0,0.0,0.05166270672767337
1779683060054905342,0.023534616896469285,0.0,0.0,0.0,0.0,0.05166270672767337
1779683060155443681,0.023165159242881168,0.0,0.0,0.0,0.0,0.08578339660641687
1779683060255601981,0.0,0.0,0.0,0.0,0.0,0.1359957788956666
1779683060354880152,0.0,0.0,0.0,0.0,0.0,0.13013049881067396
1779683060455480401,0.0,0.0,0.0,0.0,0.0,0.12569174131792327
1779683060555063331,0.0,0.0,0.0,0.0,0.0,0.10646989101092463
1779683060654809499,0.0,0.0,0.0,0.0,0.0,0.09604328329649137
1779683060754687969,0.022706758324839572,0.0,0.0,0.0,0.0,0.08310817210162258
1779683060854864364,0.022706758324839572,0.0,0.0,0.0,0.0,0.08310817210162258
1779683060955179749,0.022706758324839572,0.0,0.0,0.0,0.0,0.08310817210162258
1779683061055673603,0.022274163701349253,0.0,0.0,0.0,0.0,0.04466106962048533
1779683061155152555,0.021818703247069495,0.0,0.0,0.0,0.0,0.034298993812406975
1779683061255556802,0.021534051951696987,0.0,0.0,0.0,0.0,0.034505572372289794
1779683061356940945,0.02121145693875068,0.0,0.0,0.0,0.0,0.030703678844926974
1779683061454959999,0.020938144051777626,0.0,0.0,0.0,0.0,0.027250975242321562
1779683061555167321,0.020638254449465685,0.0,0.0,0.0,0.0,0.02411864866828428
1779683061655501087,0.02037255960456178,0.0,0.0,0.0,0.0,0.021711429179242292
1779683061755290988,0.020000556634216703,0.0,0.0,0.0,0.0,0.017542164003892746
1779683061854986651,0.0197500019243014,0.0,0.0,0.0,0.0,0.014025631724653875
1779683061955213534,0.01935514341886189,0.0,0.0,0.0,0.0,0.01022251877044622
1779683062055452865,0.019078034548441255,0.0,0.0,0.0,0.0,0.008275282290485575
1779683062155330296,0.018816039612744983,0.0,0.0,0.0,0.0,0.008369497942403381
1779683062255551257,0.018584400365576546,0.0,0.0,0.0,0.0,0.009936986364055378
1779683062354942755,0.018322459224353126,0.0,0.0,0.0,0.0,0.009559053053016187
1779683062466696284,0.0,0.0,0.0,0.0,0.0,0.0
1779683062555492319,0.0,0.0,0.0,0.0,0.0,-0.1461714168896343
1779683062655411003,0.0,0.0,0.0,0.0,0.0,-0.14884244192437657
1779683062755063418,0.0,0.0,0.0,0.0,0.0,-0.14634770779807493
1779683062855131332,0.0,0.0,0.0,0.0,0.0,-0.12566940312033958
1779683062954918698,0.0,0.0,0.0,0.0,0.0,-0.10731777708056911
1779683063055244689,0.024647786550096716,0.0,0.0,0.0,0.0,-0.08671024094106294
1779683063155282581,0.02465159107081757,0.0,0.0,0.0,0.0,-0.07159530765947097
1779683063255416141,0.024454341030471057,0.0,0.0,0.0,0.0,-0.04941317136564671
1779683063355139475,0.02413552990216937,0.0,0.0,0.0,0.0,-0.038884434953762814
1779683063455279014,0.023809067626968824,0.0,0.0,0.0,0.0,-0.030777177211398277
1779683063555102751,0.02350160858046737,0.0,0.0,0.0,0.0,-0.02537776051260454
1779683063654806877,0.023182705893726528,0.0,0.0,0.0,0.0,-0.02076375877842429
1779683063754697351,0.0227802705233663,0.0,0.0,0.0,0.0,-0.016650394369213117
1779683063855280675,0.022476603850963877,0.0,0.0,0.0,0.0,-0.01401003262809275
1779683063954757906,0.02199062431935674,0.0,0.0,0.0,0.0,-0.010609565500722007
1779683064055057232,0.021690649961089513,0.0,0.0,0.0,0.0,-0.00766034749970157
1779683064155412101,0.021417279758395406,0.0,0.0,0.0,0.0,-0.00638331968561856
1779683064255317680,0.021151562854393565,0.0,0.0,0.0,0.0,-0.004935732022990913
1779683064355171151,0.02088579799257526,0.0,0.0,0.0,0.0,-0.004635194766689166
1779683064454850202,0.020494754515528006,0.0,0.0,0.0,0.0,-0.003355641368286144
1779683064555197278,0.020213821840485424,0.0,0.0,0.0,0.0,-0.0031660893082786634
1779683064654850520,0.01975823786216944,0.0,0.0,0.0,0.0,-0.0008685864519334396
1779683064755020497,0.01948491602217296,0.0,0.0,0.0,0.0,-0.0006682988412941571
1779683064854982683,0.0192495633978256,0.0,0.0,0.0,0.0,-0.00010857862150548403
1779683064955353700,0.01900654065402595,0.0,0.0,0.0,0.0,-0.00025124764906070407
1779683065054978454,0.01874077452079825,0.0,0.0,0.0,0.0,0.0003647136055499045
1779683065155580106,0.01840286688176681,0.0,0.0,0.0,0.0,0.000108631768449996
1779683065255131115,0.018144718605706767,0.0,0.0,0.0,0.0,0.000574863973513362
1779683065361724014,0.0,0.0,0.0,0.0,0.0,0.0
1779683065455258417,0.0,0.0,0.0,0.0,0.0,-0.10429721498271771
1779683065555118199,0.0,0.0,0.0,0.0,0.0,-0.10575824389907407
1779683065654964775,0.0,0.0,0.0,0.0,0.0,-0.10315323844723268
1779683065754718213,0.0,0.0,0.0,0.0,0.0,-0.09224046155768884
1779683065854895241,0.02470591030652163,0.0,0.0,0.0,0.0,-0.08096090307876391
1779683065955001490,0.024702088760709652,0.0,0.0,0.0,0.0,-0.07291590603993514
1779683066055242131,0.02438723735493839,0.0,0.0,0.0,0.0,-0.0580653138939532
1779683066154956294,0.02406470562746647,0.0,0.0,0.0,0.0,-0.047966928466860015
1779683066255395257,0.023757318866278642,0.0,0.0,0.0,0.0,-0.04058022394272309
1779683066355063141,0.02325639136563622,0.0,0.0,0.0,0.0,-0.030383408135218892
1779683066455075330,0.022910941162630375,0.0,0.0,0.0,0.0,-0.023385248633460143
1779683066555225547,0.02262626650572737,0.0,0.0,0.0,0.0,-0.019637280405885527
1779683066655188211,0.022326349269241458,0.0,0.0,0.0,0.0,-0.016365105391728973
1779683066755304637,0.02206060418910132,0.0,0.0,0.0,0.0,-0.014175880017812892
1779683066855174503,0.021627836050073464,0.0,0.0,0.0,0.0,-0.010300853647874586
1779683066955230182,0.021343085716226177,0.0,0.0,0.0,0.0,-0.008310282110079448
1779683067055002286,0.020887481449019082,0.0,0.0,0.0,0.0,-0.005199134447776199
1779683067154785771,0.02061788393828308,0.0,0.0,0.0,0.0,-0.004186720796308219
1779683067254738187,0.020336881213567557,0.0,0.0,0.0,0.0,-0.004116302333454391
1779683067355757125,0.02005588151075871,0.0,0.0,0.0,0.0,-0.004155308831038984
1779683067455493121,0.019797717765608448,0.0,0.0,0.0,0.0,-0.003429279900911797
1779683067555145678,0.01952434952060578,0.0,0.0,0.0,0.0,-0.002191994331704805
1779683067654839414,0.019182670611395183,0.0,0.0,0.0,0.0,-0.0004426338737293367
1779683067755188626,0.018916946483892236,0.0,0.0,0.0,0.0,-0.0005334370243555986
1779683067856052012,0.018518356931437066,0.0,0.0,0.0,0.0,-0.00072638851257667
1779683067955089121,0.01826777725991917,0.0,0.0,0.0,0.0,-0.0003574653711798659
1779683068055508675,0.0180286148023948,0.0,0.0,0.0,0.0,7.790950534714014e-07
1779683068164438025,0.0,0.0,0.0,0.0,0.0,0.0
1779683068255243153,0.024979881536181043,0.0,0.0,0.0,0.0,-0.07334194490631285
1779683068355218502,0.02482058725717487,0.0,0.0,0.0,0.0,-0.07388170959805118
1779683068455315800,0.02459305409848848,0.0,0.0,0.0,0.0,-0.07160173897671107
1779683068556343349,0.024270659549800688,0.0,0.0,0.0,0.0,-0.06422727398090333
1779683068655589610,0.02374327789348705,0.0,0.0,0.0,0.0,-0.05100803220558536
1779683068756317055,0.023401723415537853,0.0,0.0,0.0,0.0,-0.04229230521842642
1779683068855105008,0.02309045869940488,0.0,0.0,0.0,0.0,-0.03555350184442185
1779683068955454752,0.0227868294666272,0.0,0.0,0.0,0.0,-0.030138565949867635
1779683069055288491,0.022380640819851253,0.0,0.0,0.0,0.0,-0.023348993673691143
1779683069155573548,0.02217187956648718,0.0,0.0,0.0,0.0,-0.019455791400722178
1779683069255290558,0.02175425836398773,0.0,0.0,0.0,0.0,-0.014202852874338534
1779683069356065108,0.0214619332998395,0.0,0.0,0.0,0.0,-0.011524048657413521
1779683069455260109,0.020987402647959945,0.0,0.0,0.0,0.0,-0.008479768683982258
1779683069554932037,0.020702700446319066,0.0,0.0,0.0,0.0,-0.005756008829372439
1779683069655058432,0.020418010265529474,0.0,0.0,0.0,0.0,-0.004566016645467408
1779683069755577132,0.020133330696026717,0.0,0.0,0.0,0.0,-0.002572010273209746
1779683069855422089,0.019871414275324132,0.0,0.0,0.0,0.0,-0.002360911583196068
1779683069955512226,0.019507026537370544,0.0,0.0,0.0,0.0,-0.0012769344852250342
1779683070055413317,0.01922608005547506,0.0,0.0,0.0,0.0,-0.0016349615275041973
1779683070154872011,0.01896416933407738,0.0,0.0,0.0,0.0,-0.0012486878050801398
1779683070254885227,0.018554200107336598,0.0,0.0,0.0,0.0,-0.0011046008325874546
1779683070355300686,0.018307461560037274,0.0,0.0,0.0,0.0,-0.0011136479275849487
1779683070455331557,0.01805693064827575,0.0,0.0,0.0,0.0,-0.0008526655187539589
1779683070568647842,0.0,0.0,0.0,0.0,0.0,0.0
1779683070654833430,0.025061820741965897,0.0,0.0,0.0,0.0,-0.05096150950725831
1779683070755509160,0.02490626722697566,0.0,0.0,0.0,0.0,-0.051144557242205235
1779683070856321423,0.02467097187564059,0.0,0.0,0.0,0.0,-0.0496018227590409
1779683070954937191,0.02434463499748581,0.0,0.0,0.0,0.0,-0.04506367535054867
1779683071054859575,0.023805672195566493,0.0,0.0,0.0,0.0,-0.03537236195661819
1779683071155104340,0.02349062972489043,0.0,0.0,0.0,0.0,-0.029771553151428987
1779683071254860049,0.02321735166791083,0.0,0.0,0.0,0.0,-0.026277351636768254
1779683071355601072,0.02290230267874708,0.0,0.0,0.0,0.0,-0.02189988026042
1779683071455242191,0.022651732933331236,0.0,0.0,0.0,0.0,-0.012530907078796227
1779683071555107266,0.02274931001249621,0.0,0.0,0.0,0.0,0.03791421461489797
1779683071654913006,0.022746164042458317,0.0,0.0,0.0,0.0,0.06674673734793579
1779683071754800158,0.02230235942121195,0.0,0.0,0.0,0.0,0.06562037839352641
1779683071854945334,0.021979985498892605,0.0,0.0,0.0,0.0,0.05977913342869223
1779683071954771033,0.021699293595077763,0.0,0.0,0.0,0.0,0.05435078040059882
1779683072055048956,0.021418549672810882,0.0,0.0,0.0,0.0,0.04843637004357182
1779683072155025155,0.021137743887742085,0.0,0.0,0.0,0.0,0.041911208511832054
1779683072254987095,0.020746778935695976,0.0,0.0,0.0,0.0,0.03301082596843108
1779683072354993422,0.020473484006078374,0.0,0.0,0.0,0.0,0.0282659052266776
1779683072454930605,0.02020401308925975,0.0,0.0,0.0,0.0,0.024367194242490453
1779683072554857867,0.019786413376496247,0.0,0.0,0.0,0.0,0.01699538882901175
1779683072654934761,0.019532085849138795,0.0,0.0,0.0,0.0,0.013881852567940056
1779683072754882114,0.0192815266879333,0.0,0.0,0.0,0.0,0.011648127411868492
1779683072854992127,0.019023358872938344,0.0,0.0,0.0,0.0,0.009607349065295923
1779683072955050706,0.018693002641628553,0.0,0.0,0.0,0.0,0.008016638151256528
1779683073055317531,0.01843480848119908,0.0,0.0,0.0,0.0,0.0072566657706782944
1779683073155061384,0.01805515677882137,0.0,0.0,0.0,0.0,0.005701315279359465
1779683073261601370,0.0,0.0,0.0,0.0,0.0,0.0
1779683073355233873,0.025046209069839388,0.0,0.0,0.0,0.0,-0.053680844830250374
1779683073455112837,0.024958967530107432,0.0,0.0,0.0,0.0,-0.05356934691717441
1779683073554922065,0.024871726752585456,0.0,0.0,0.0,0.0,-0.05329629201553765
1779683073654777666,0.024435328527501136,0.0,0.0,0.0,0.0,-0.04659287646920429
1779683073755248471,0.02410515995127198,0.0,0.0,0.0,0.0,-0.03994839416133755
1779683073855737000,0.023604154632235714,0.0,0.0,0.0,0.0,-0.029579791973690428
1779683073955397510,0.023289064369575677,0.0,0.0,0.0,0.0,-0.024567871546900655
1779683074055197021,0.02298915415767701,0.0,0.0,0.0,0.0,-0.020647286283125843
1779683074155316713,0.02267022415762881,0.0,0.0,0.0,0.0,-0.017768505402519397
1779683074254864085,0.022347510101356133,0.0,0.0,0.0,0.0,-0.015326453106204174
1779683074354839007,0.021952695456344398,0.0,0.0,0.0,0.0,-0.011380385434403006
1779683074455258203,0.021667984289950627,0.0,0.0,0.0,0.0,-0.008791854863681281
1779683074555072855,0.0212162477509352,0.0,0.0,0.0,0.0,-0.005809973504356414
1779683074655433750,0.02090872956278394,0.0,0.0,0.0,0.0,-0.004225206489098188
1779683074755263644,0.020635407133863207,0.0,0.0,0.0,0.0,-0.0023281919919336813
1779683074855631891,0.020358295765417717,0.0,0.0,0.0,0.0,-0.002168681191361266
1779683074955505191,0.020103932288800513,0.0,0.0,0.0,0.0,-0.0013763534176016723
1779683075055222781,0.01984577828679321,0.0,0.0,0.0,0.0,-0.001179722879465217
1779683075154742854,0.019477540204408002,0.0,0.0,0.0,0.0,-0.0005490129385676834
1779683075254900048,0.01921180632133235,0.0,0.0,0.0,0.0,-2.6526443133056965e-05
1779683075355450553,0.01879421453959514,0.0,0.0,0.0,0.0,-0.0004947175461639253
1779683075455249377,0.018520827095885577,0.0,0.0,0.0,0.0,0.0002271947805114749
1779683075554843021,0.018281631623603693,0.0,0.0,0.0,0.0,0.0004674745191856067
1779683075655211406,0.01805760032824455,0.0,0.0,0.0,0.0,-0.00020890766794023907
1779683075764084977,0.0,0.0,0.0,0.0,0.0,0.0
1779683075855041879,0.025048558158012987,0.0,0.0,0.0,0.0,-0.03861839149095425
1779683075954745306,0.0248815912930048,0.0,0.0,0.0,0.0,-0.03871043733440083
1779683076054888237,0.024646335542004235,0.0,0.0,0.0,0.0,-0.03759392477666745
1779683076154748278,0.02412253184259362,0.0,0.0,0.0,0.0,-0.030885883101587686
1779683076254860236,0.023818817251669885,0.0,0.0,0.0,0.0,-0.026933847525177357
1779683076355172773,0.023511371351023675,0.0,0.0,0.0,0.0,-0.022646687681080024
1779683076454925443,0.023188679267652525,0.0,0.0,0.0,0.0,-0.019477883119758954
1779683076555205173,0.022896371955858637,0.0,0.0,0.0,0.0,-0.016089012015433002
1779683076654811919,0.022471089079863033,0.0,0.0,0.0,0.0,-0.012186673045456398
1779683076755110160,0.022197785959878237,0.0,0.0,0.0,0.0,-0.010082926562574368
1779683076854932640,0.021719402753396025,0.0,0.0,0.0,0.0,-0.007386278804740853
1779683076955361377,0.021427058006946224,0.0,0.0,0.0,0.0,-0.005766142746710057
1779683077054914846,0.02112333575063235,0.0,0.0,0.0,0.0,-0.00484200748059016
1779683077155441142,0.020834846316155484,0.0,0.0,0.0,0.0,-0.003917860849159238
1779683077255843692,0.020538699322762356,0.0,0.0,0.0,0.0,-0.0029582642494894174
1779683077355078973,0.02030328186444651,0.0,0.0,0.0,0.0,-0.0025420838762139075
1779683077454876694,0.019908412872587877,0.0,0.0,0.0,0.0,-0.001762447606758144
1779683077555191220,0.019631288065460304,0.0,0.0,0.0,0.0,-0.0012229158658088046
1779683077654961267,0.019365535093901366,0.0,0.0,0.0,0.0,-0.0009589827230735981
1779683077755199431,0.0189592875963243,0.0,0.0,0.0,0.0,-0.000612448740704874
1779683077855562123,0.018697323866763243,0.0,0.0,0.0,0.0,0.0001364768108871317
1779683077955058789,0.01845810729913803,0.0,0.0,0.0,0.0,0.00030338948288866074
1779683078055412415,0.018218890731529366,0.0,0.0,0.0,0.0,-0.00031652923447378356
1779683078161845845,0.0,0.0,0.0,0.0,0.0,0.0
1779683078254933549,0.025136779085026678,0.0,0.0,0.0,0.0,-0.02549805682000128
1779683078355173952,0.024901458614113654,0.0,0.0,0.0,0.0,-0.025566246132762926
1779683078455219285,0.024654756952194618,0.0,0.0,0.0,0.0,-0.02204282158070392
1779683078555128835,0.024313110570738466,0.0,0.0,0.0,0.0,-0.019629159321195133
1779683078654891558,0.02399805329479721,0.0,0.0,0.0,0.0,-0.016870384120962645
1779683078755132201,0.023694351241322697,0.0,0.0,0.0,0.0,-0.013929800878450083
1779683078855802577,0.02336787735928033,0.0,0.0,0.0,0.0,-0.01180395784671373
1779683078955689090,0.023052760800682765,0.0,0.0,0.0,0.0,-0.009182709819909318
1779683079055940065,0.02260474202730357,0.0,0.0,0.0,0.0,-0.006283294184150634
1779683079156024097,0.0222933811330636,0.0,0.0,0.0,0.0,-0.004973797576349304
1779683079255124129,0.021830218161292946,0.0,0.0,0.0,0.0,-0.002641497043118446
1779683079355211776,0.021541659995770398,0.0,0.0,0.0,0.0,-0.0017416129051744944
1779683079455086751,0.021222677245115413,0.0,0.0,0.0,0.0,-0.00043565437532011586
1779683079557058295,0.020937970153662843,0.0,0.0,0.0,0.0,0.0005304107622556842
1779683079655917472,0.02065325766934639,0.0,0.0,0.0,0.0,0.0010611811543662641
1779683079755754519,0.020402682959183245,0.0,0.0,0.0,0.0,0.0008086626490929616
1779683079855613401,0.020015477114743604,0.0,0.0,0.0,0.0,0.0011567814125573728
1779683079955423694,0.019742142412974603,0.0,0.0,0.0,0.0,0.0010588855514142015
1779683080055227447,0.019316929023283507,0.0,0.0,0.0,0.0,0.0011398809336007343
1779683080155110385,0.019047387237242173,0.0,0.0,0.0,0.0,0.0011418462409878982
1779683080255712546,0.018785431590698287,0.0,0.0,0.0,0.0,0.0016040746276221318
1779683080355353800,0.01855761910310436,0.0,0.0,0.0,0.0,-1.9229841414891702e-05
1779683080456049287,0.018307051369062226,0.0,0.0,0.0,0.0,-0.0002101321461807082
1779683080566082834,0.0,0.0,0.0,0.0,0.0,0.0
1779683080654960009,0.025222126542006743,0.0,0.0,0.0,0.0,-0.01813089852893146
1779683080754877626,0.025005716666856706,0.0,0.0,0.0,0.0,-0.017719576034526785
1779683080855108695,0.02478550185341175,0.0,0.0,0.0,0.0,-0.014749735109253037
1779683080954881903,0.0244742263594275,0.0,0.0,0.0,0.0,-0.013413840571832147
1779683081055306580,0.024140172725481072,0.0,0.0,0.0,0.0,-0.011602224492421986
1779683081155281671,0.02382506879560567,0.0,0.0,0.0,0.0,-0.009935159004220928
1779683081255284583,0.023396055203653534,0.0,0.0,0.0,0.0,-0.00844449401248315
1779683081354977774,0.02307711950276351,0.0,0.0,0.0,0.0,-0.006713516071518932
1779683081454817194,0.022758171501162456,0.0,0.0,0.0,0.0,-0.005602400976433719
1779683081554907555,0.022140343832598216,0.0,0.0,0.0,0.0,0.03380331167309769
1779683081654783309,0.021803189345163922,0.0,0.0,0.0,0.0,0.05659980982745738
1779683081754964570,0.021514852943122425,0.0,0.0,0.0,0.0,0.057261257735289006
1779683081855320702,0.02123789990875473,0.0,0.0,0.0,0.0,0.05527071394432603
1779683081955001543,0.0209723299115606,0.0,0.0,0.0,0.0,0.05505434239370888
1779683082055274791,0.0205815679475173,0.0,0.0,0.0,0.0,0.0543142157523786
1779683082155531529,0.020312149763211145,0.0,0.0,0.0,0.0,0.0515957499881885
1779683082254792220,0.019860606912379147,0.0,0.0,0.0,0.0,0.046776657113996034
1779683082354691996,0.01957983244837348,0.0,0.0,0.0,0.0,0.04423314853198246
1779683082454867542,0.019336976607214243,0.0,0.0,0.0,0.0,0.04074759280633544
1779683082554850308,0.01908654304250607,0.0,0.0,0.0,0.0,0.0368784464069869
1779683082655146807,0.0187828947703555,0.0,0.0,0.0,0.0,0.03399143669950255
1779683082755085051,0.018536116794335162,0.0,0.0,0.0,0.0,0.03151706503260088
1779683082855259197,0.01831215908482751,0.0,0.0,0.0,0.0,0.029414923800907156
1779683082965082213,0.0,0.0,0.0,0.0,0.0,0.0
1779683083054997862,0.025219488398327564,0.0,0.0,0.0,0.0,-0.008650679914444126
1779683083155010862,0.024999315801174544,0.0,0.0,0.0,0.0,-0.013354528990239034
1779683083255109427,0.02479810533547917,0.0,0.0,0.0,0.0,-0.012637412131825454
1779683083354913691,0.024452614589818213,0.0,0.0,0.0,0.0,-0.010802192486722983
1779683083455036199,0.02414509769340292,0.0,0.0,0.0,0.0,-0.009169458667818042
1779683083554924187,0.023822409433338392,0.0,0.0,0.0,0.0,-0.008119676121350672
1779683083655384332,0.023484549964407422,0.0,0.0,0.0,0.0,-0.007084378823327686
1779683083755170214,0.023055545034561763,0.0,0.0,0.0,0.0,-0.004949713552277246
1779683083855483586,0.022744209175251717,0.0,0.0,0.0,0.0,-0.0037269401234613087
1779683083954848318,0.02228864465084445,0.0,0.0,0.0,0.0,-0.0023502433346961338
1779683084055126487,0.021984953077426792,0.0,0.0,0.0,0.0,-0.0016805989527977072
1779683084155081370,0.02170400858251583,0.0,0.0,0.0,0.0,-0.0011600224401759895
1779683084255046067,0.021415477301918378,0.0,0.0,0.0,0.0,-1.4475706412553357e-05
1779683084355042202,0.021123151139432163,0.0,0.0,0.0,0.0,0.000257773062752098
1779683084455239139,0.020724509388876846,0.0,0.0,0.0,0.0,0.0008110685202356027
1779683084555173525,0.02045493049770466,0.0,0.0,0.0,0.0,0.001061492095858818
1779683084654962971,0.020185352004680062,0.0,0.0,0.0,0.0,0.0009477970727546081
1779683084754939116,0.01972975897498454,0.0,0.0,0.0,0.0,0.00131375788243282
1779683084855118606,0.019452596278785494,0.0,0.0,0.0,0.0,0.0009111394564494946
1779683084955180826,0.0191906016030935,0.0,0.0,0.0,0.0,0.0011455741407571107
1779683085054858400,0.018943774551281083,0.0,0.0,0.0,0.0,0.0007045333246575858
1779683085155047652,0.018712186037727323,0.0,0.0,0.0,0.0,0.0013295126777951305
1779683085255076421,0.018366626825448644,0.0,0.0,0.0,0.0,0.0011813494829564508
1779683085354936039,0.018112214585409903,0.0,0.0,0.0,0.0,0.0013295397855558333
1779683085461599293,0.0,0.0,0.0,0.0,0.0,0.0
1779683085554787982,0.02496858676087329,0.0,0.0,0.0,0.0,-0.019951911599721317
1779683085654850022,0.024881310708778,0.0,0.0,0.0,0.0,-0.019589943164700307
1779683085754927277,0.024653526816145525,0.0,0.0,0.0,0.0,-0.01694579752041714
1779683085854918040,0.024327066740286948,0.0,0.0,0.0,0.0,-0.014638871487521188
1779683085955306807,0.02401575725504657,0.0,0.0,0.0,0.0,-0.012810728127904958
1779683086055270818,0.02357534861635939,0.0,0.0,0.0,0.0,-0.010274184085267257
1779683086154905137,0.023248831264800304,0.0,0.0,0.0,0.0,-0.008361092728033204
1779683086254824212,0.02274761368725461,0.0,0.0,0.0,0.0,-0.0058827236042200415
1779683086354874904,0.022466652294470143,0.0,0.0,0.0,0.0,-0.004897875520117445
1779683086454984194,0.022174306340198447,0.0,0.0,0.0,0.0,-0.0050108336374452556
1779683086554857385,0.021889615708936428,0.0,0.0,0.0,0.0,-0.003978932258385637
1779683086655326105,0.02157829447694977,0.0,0.0,0.0,0.0,-0.002887503733731589
1779683086755262118,0.021198688335195056,0.0,0.0,0.0,0.0,-0.0021501448462107886
1779683086855288960,0.02091018374459911,0.0,0.0,0.0,0.0,-0.0015225905303791754
1779683086955856925,0.020469803032981043,0.0,0.0,0.0,0.0,-0.0015963956621066755
1779683087055294108,0.020188882913712736,0.0,0.0,0.0,0.0,-0.0013665927204787875
1779683087155274782,0.019930719811730353,0.0,0.0,0.0,0.0,-0.0006221885300209395
1779683087255315726,0.01966876051092598,0.0,0.0,0.0,0.0,-0.0005105981047837105
1779683087355436451,0.019403008651056215,0.0,0.0,0.0,0.0,-0.0009466467555514502
1779683087455047518,0.01914105100685554,0.0,0.0,0.0,0.0,-0.0008970609923230066
1779683087554876888,0.018787979272452716,0.0,0.0,0.0,0.0,-0.0007785330531474566
1779683087654888178,0.018537402288917672,0.0,0.0,0.0,0.0,-0.0009990295119123305
1779683087755307933,0.018271651095960996,0.0,0.0,0.0,0.0,-0.0009691846197720233
1779683087865527948,0.0,0.0,0.0,0.0,0.0,0.0
1779683087956311669,0.025119793560023314,0.0,0.0,0.0,0.0,-0.014112906373291212
1779683088055453977,0.025040062621321604,0.0,0.0,0.0,0.0,-0.01370452730337568
1779683088155072023,0.024812248904466115,0.0,0.0,0.0,0.0,-0.01432075083524953
1779683088254887185,0.02449339332670702,0.0,0.0,0.0,0.0,-0.013451652826179439
1779683088355063588,0.02404168734819094,0.0,0.0,0.0,0.0,-0.012496076329206018
1779683088455199282,0.023719013209430314,0.0,0.0,0.0,0.0,-0.010555554360399455
1779683088555293782,0.023396314104136635,0.0,0.0,0.0,0.0,-0.008438822006998858
1779683088655387966,0.022883739834152234,0.0,0.0,0.0,0.0,-0.006894313485973913
1779683088755520492,0.022580052888669058,0.0,0.0,0.0,0.0,-0.006597558655206948
1779683088855253404,0.022280087534247144,0.0,0.0,0.0,0.0,-0.006664986012569818
1779683088955543914,0.021968737892353343,0.0,0.0,0.0,0.0,-0.00626810579048287
1779683089055525098,0.021680219610628326,0.0,0.0,0.0,0.0,-0.0055179123402994135
1779683089154976876,0.021277777413301887,0.0,0.0,0.0,0.0,-0.003359690738543253
1779683089255236902,0.021000614334267285,0.0,0.0,0.0,0.0,-0.0023213732174246493
1779683089355284935,0.02054880702172416,0.0,0.0,0.0,0.0,-0.001636535770967451
1779683089455113715,0.020241277888961264,0.0,0.0,0.0,0.0,-0.002569546018335256
1779683089555625365,0.01998308382637805,0.0,0.0,0.0,0.0,-0.0019006601367660414
1779683089655225720,0.01969832385637596,0.0,0.0,0.0,0.0,-0.0021907606370803467
1779683089755933538,0.019440122156572117,0.0,0.0,0.0,0.0,-0.0006924064465385626
1779683089855368586,0.019174321815425794,0.0,0.0,0.0,0.0,0.00022978905097092994
1779683089955555156,0.01882495678898002,0.0,0.0,0.0,0.0,-0.0005373699740585103
1779683090055636746,0.018581926868350137,0.0,0.0,0.0,0.0,-0.00031537338331399933
1779683090154929790,0.018179432138515434,0.0,0.0,0.0,0.0,-1.6363920336104343e-05
1779683090262750339,0.0,0.0,0.0,0.0,0.0,0.0
1779683090355252654,0.025142950842993127,0.0,0.0,0.0,0.0,-0.010110603411874752
1779683090455158449,0.02506325568137159,0.0,0.0,0.0,0.0,-0.009593396894737705
1779683090555052174,0.024846866330419437,0.0,0.0,0.0,0.0,-0.009770756120320745
1779683090654924808,0.02454311479426753,0.0,0.0,0.0,0.0,-0.00909198394791888
1779683090755148435,0.024098856989251644,0.0,0.0,0.0,0.0,-0.007825355126582112
1779683090855208564,0.023760923904988962,0.0,0.0,0.0,0.0,-0.007099680020934973
1779683090955117239,0.023468599152005293,0.0,0.0,0.0,0.0,-0.0065522789450193075
1779683091055344130,0.022933281115332167,0.0,0.0,0.0,0.0,-0.006037242849303515
1779683091155565438,0.02265233225353629,0.0,0.0,0.0,0.0,-0.0056762713096187856
1779683091254975844,0.02235619676060872,0.0,0.0,0.0,0.0,-0.005425205238776543
1779683091355435953,0.022243146276522716,0.0,0.0,0.0,0.0,0.0021640978208354866
1779683091454879880,0.022129259313377815,0.0,0.0,0.0,0.0,0.01245224114651633
1779683091554889130,0.021801274993259588,0.0,0.0,0.0,0.0,0.01653398439018683
1779683091654850655,0.02152413218722047,0.0,0.0,0.0,0.0,0.015968271644978937
1779683091754842062,0.021057162923901526,0.0,0.0,0.0,0.0,0.014184210663112151
1779683091855156100,0.020795155603645976,0.0,0.0,0.0,0.0,0.012583756276723812
1779683091955140272,0.02050660107130992,0.0,0.0,0.0,0.0,0.009709952344351236
1779683092054768898,0.020229449464543203,0.0,0.0,0.0,0.0,0.007850698659285893
1779683092154804247,0.019978871362161275,0.0,0.0,0.0,0.0,0.006916814360641732
1779683092254778930,0.01970173848082865,0.0,0.0,0.0,0.0,0.005996270298757822
1779683092355163393,0.019356243668437325,0.0,0.0,0.0,0.0,0.005240240448822542
1779683092454969690,0.01910947535256563,0.0,0.0,0.0,0.0,0.004660909751372122
1779683092554742480,0.018707017765151938,0.0,0.0,0.0,0.0,0.0020880008024771746
1779683092655268372,0.018456405351241007,0.0,0.0,0.0,0.0,0.0015785596683277614
1779683092755123613,0.018217178112191458,0.0,0.0,0.0,0.0,0.001042596199266388
1779683092863270264,0.0,0.0,0.0,0.0,0.0,0.0
1779683092954882516,0.0,0.0,0.0,0.0,0.0,-0.35
1779683093055139205,0.0,0.0,0.0,0.0,0.0,-0.35
1779683093154730916,0.0,0.0,0.0,0.0,0.0,-0.35
1779683093254910648,0.0,0.0,0.0,0.0,0.0,-0.35
1779683093354829647,0.0,0.0,0.0,0.0,0.0,-0.35
1779683093455302503,0.0,0.0,0.0,0.0,0.0,-0.35
1779683093556177446,0.0,0.0,0.0,0.0,0.0,-0.35
1779683093655475832,0.0,0.0,0.0,0.0,0.0,-0.3476715000319385
1779683093755029234,0.0,0.0,0.0,0.0,0.0,-0.3047557737600911
1779683093855697420,0.0,0.0,0.0,0.0,0.0,-0.24722801740801104
1779683093954825117,0.0,0.0,0.0,0.0,0.0,-0.2028713628196982
1779683094054864132,0.0,0.0,0.0,0.0,0.0,-0.14372427273243316
1779683094154973496,0.01882586876401268,0.0,0.0,0.0,0.0,-0.07039267554815487
1779683094255397999,0.018820719028926538,0.0,0.0,0.0,0.0,0.014426873013416275
1779683094355278021,0.01868759010396945,0.0,0.0,0.0,0.0,0.06794212160194457
1779683094454810251,0.01838802130218314,0.0,0.0,0.0,0.0,0.07619297140783765
1779683094554961860,0.018145361079288196,0.0,0.0,0.0,0.0,0.07378106479574931
1779683094664874229,0.0,0.0,0.0,0.0,0.0,0.0
1779683094755133086,0.0,0.0,0.0,0.0,0.0,-0.35
1779683094855041047,0.0,0.0,0.0,0.0,0.0,-0.35
1779683094955150564,0.0,0.0,0.0,0.0,0.0,-0.35
1779683095055346420,0.0,0.0,0.0,0.0,0.0,-0.35
1779683095155162874,0.0,0.0,0.0,0.0,0.0,-0.35
1779683095255407809,0.0,0.0,0.0,0.0,0.0,-0.35
1779683095356101422,0.0,0.0,0.0,0.0,0.0,-0.29617906882346
1779683095455226750,0.0,0.0,0.0,0.0,0.0,-0.25816525030754367
1779683095554882882,0.0,0.0,0.0,0.0,0.0,-0.19617310062404103
1779683095655124739,0.0,0.0,0.0,0.0,0.0,-0.16428336803166566
1779683095754881685,0.0,0.0,0.0,0.0,0.0,-0.09700598414408224
1779683095855444620,0.020328883272477224,0.0,0.0,0.0,0.0,-0.023497170155375613
1779683095955462690,0.02020591503993004,0.0,0.0,0.0,0.0,0.019104423806704518
1779683096054885532,0.020057873778361462,0.0,0.0,0.0,0.0,0.032833589806152585
1779683096155034053,0.019856701623993573,0.0,0.0,0.0,0.0,0.0366186822050128
1779683096255347270,0.019484760987433427,0.0,0.0,0.0,0.0,0.036842074814997516
1779683096355457109,0.01926458454157147,0.0,0.0,0.0,0.0,0.03714016698927308
1779683096454888063,0.018843309619453685,0.0,0.0,0.0,0.0,0.03740388242497289
1779683096554874851,0.01858898441984126,0.0,0.0,0.0,0.0,0.036849593617656495
1779683096655357894,0.01834222100368555,0.0,0.0,0.0,0.0,0.03533003751201097
1779683096755444769,0.018095544006361833,0.0,0.0,0.0,0.0,0.03376135677556341
1779683096865946716,0.0,0.0,0.0,0.0,0.0,0.0
1779683096955390349,0.0,0.0,0.0,0.0,0.0,-0.35
1779683097054900738,0.0,0.0,0.0,0.0,0.0,-0.35
1779683097154839725,0.0,0.0,0.0,0.0,0.0,-0.35
1779683097255183073,0.0,0.0,0.0,0.0,0.0,-0.35
1779683097355142247,0.0,0.0,0.0,0.0,0.0,-0.32095326813114017
1779683097455414437,0.0,0.0,0.0,0.0,0.0,-0.2816308793028805
1779683097555059963,0.0,0.0,0.0,0.0,0.0,-0.25023387405794106
1779683097654953705,0.0,0.0,0.0,0.0,0.0,-0.20359030217184387
1779683097755274899,0.0,0.0,0.0,0.0,0.0,-0.16977566261010557
1779683097854735889,0.0,0.0,0.0,0.0,0.0,-0.1473879259662203
1779683097954712049,0.0,0.0,0.0,0.0,0.0,-0.12634997029456496
1779683098054765996,0.021618352885219558,0.0,0.0,0.0,0.0,-0.08198110761542488
1779683098154787580,0.021384666418847776,0.0,0.0,0.0,0.0,-0.06208352943292694
1779683098255044379,0.021221510274718088,0.0,0.0,0.0,0.0,-0.0477983459737954
1779683098355028678,0.020959656507696846,0.0,0.0,0.0,0.0,-0.03945656513225532
1779683098455324388,0.020659787881802675,0.0,0.0,0.0,0.0,-0.030849696571418506
1779683098555076920,0.020276357409565054,0.0,0.0,0.0,0.0,-0.023159447271096867
1779683098655056541,0.019995431108124084,0.0,0.0,0.0,0.0,-0.018502060329354253
1779683098754866552,0.01973729897294003,0.0,0.0,0.0,0.0,-0.015013501051532263
1779683098854885874,0.01933108739494666,0.0,0.0,0.0,0.0,-0.011710710135358793
1779683098954930483,0.01908049031477418,0.0,0.0,0.0,0.0,-0.008198699610019733
1779683099055138757,0.018826130391706858,0.0,0.0,0.0,0.0,-0.006433092762757553
1779683099155177885,0.018567956536104487,0.0,0.0,0.0,0.0,-0.005632067593046852
1779683099255083904,0.018332572798712796,0.0,0.0,0.0,0.0,-0.004327276150540238
1779683099354866287,0.018009885837553478,0.0,0.0,0.0,0.0,-0.004339262833175872
1779683099466449263,0.0,0.0,0.0,0.0,0.0,0.0
1779683099554818154,0.0,0.0,0.0,0.0,0.0,-0.3250312788170458
1779683099655375038,0.0,0.0,0.0,0.0,0.0,-0.32744423737710787
1779683099754834197,0.0,0.0,0.0,0.0,0.0,-0.31420068443232785
1779683099854921267,0.0,0.0,0.0,0.0,0.0,-0.27850971525849216
1779683099955072350,0.0,0.0,0.0,0.0,0.0,-0.24270206210670947
1779683100054886372,0.0,0.0,0.0,0.0,0.0,-0.21319994713839757
1779683100155265085,0.0,0.0,0.0,0.0,0.0,-0.18770386245505377
1779683100255389108,0.0,0.0,0.0,0.0,0.0,-0.16039953021753905
1779683100354868774,0.0,0.0,0.0,0.0,0.0,-0.12892507920580537
1779683100454995990,0.0,0.0,0.0,0.0,0.0,-0.10517752124062402
1779683100555078248,0.023287891573186746,0.0,0.0,0.0,0.0,-0.08400227406809274
1779683100655013569,0.023273709319077098,0.0,0.0,0.0,0.0,-0.06091783076253593
1779683100755391610,0.023084020982201442,0.0,0.0,0.0,0.0,-0.047865597977240715
1779683100854877829,0.02279179475291129,0.0,0.0,0.0,0.0,-0.03776036012320383
1779683100957073262,0.022495732499151558,0.0,0.0,0.0,0.0,-0.031789689589870995
1779683101055157911,0.02219964418469014,0.0,0.0,0.0,0.0,-0.025927458963927452
1779683101154900982,0.021782094070783565,0.0,0.0,0.0,0.0,-0.018285321708300883
1779683101255052830,0.021493591897608,0.0,0.0,0.0,0.0,-0.014447963431020283
1779683101354985383,0.02103041166761967,0.0,0.0,0.0,0.0,-0.009758517828514779
1779683101455119517,0.020749465449863922,0.0,0.0,0.0,0.0,-0.007939265072829438
1779683101555619036,0.0204609418519526,0.0,0.0,0.0,0.0,-0.005341817165407825
1779683101655844081,0.020191383306827817,0.0,0.0,0.0,0.0,-0.003869106489986396
1779683101755335640,0.019925634110051906,0.0,0.0,0.0,0.0,-0.002895518697801358
1779683101855308452,0.019595326909098983,0.0,0.0,0.0,0.0,0.0003791639170376282
1779683101955323462,0.019340931881018663,0.0,0.0,0.0,0.0,0.0018291470309131364
1779683102055456721,0.018923305912668848,0.0,0.0,0.0,0.0,0.003193937890454135
1779683102155313742,0.01867275350051651,0.0,0.0,0.0,0.0,0.0036750272595453826
1779683102255100518,0.018418378719779176,0.0,0.0,0.0,0.0,0.004062564160622617
1779683102355664472,0.018175407442009333,0.0,0.0,0.0,0.0,0.0032485087521114675
1779683102465827217,0.0,0.0,0.0,0.0,0.0,0.0
1779683102555481583,0.0,0.0,0.0,0.0,0.0,-0.22982127335312558
1779683102655485198,0.0,0.0,0.0,0.0,0.0,-0.22957117340537928
1779683102754902412,0.0,0.0,0.0,0.0,0.0,-0.2084447076555979
1779683102855264672,0.0,0.0,0.0,0.0,0.0,-0.1907520799273081
1779683102954911763,0.0,0.0,0.0,0.0,0.0,-0.16826723779528563
1779683103055225051,0.0,0.0,0.0,0.0,0.0,-0.15243414191035534
1779683103155157759,0.0,0.0,0.0,0.0,0.0,-0.14100311156312736
1779683103255727040,0.0,0.0,0.0,0.0,0.0,-0.13047672047093176
1779683103354881613,0.0,0.0,0.0,0.0,0.0,-0.11528806072445108
1779683103455774457,0.0,0.0,0.0,0.0,0.0,-0.10524670028294397
1779683103554969773,0.024337109441076595,0.0,0.0,0.0,0.0,-0.06912027790188369
1779683103655020343,0.024729444430164005,0.0,0.0,0.0,0.0,-0.028663538222552604
1779683103754804506,0.02479691218055642,0.0,0.0,0.0,0.0,0.0015474542747359876
1779683103855103296,0.024481786758100768,0.0,0.0,0.0,0.0,0.00943195929883417
1779683103954857258,0.024151492987889385,0.0,0.0,0.0,0.0,0.01267003375304726
1779683104054919682,0.023718683649057645,0.0,0.0,0.0,0.0,0.013011944731038338
1779683104154822342,0.02339597522841714,0.0,0.0,0.0,0.0,0.013194708558098983
1779683104255278679,0.02289868214268796,0.0,0.0,0.0,0.0,0.011650145080459029
1779683104355058969,0.02259496865477415,0.0,0.0,0.0,0.0,0.010518214987805835
1779683104455084673,0.022298856343399544,0.0,0.0,0.0,0.0,0.009410130508748837
1779683104555043418,0.02198374080503187,0.0,0.0,0.0,0.0,0.008312422567827826
1779683104655089259,0.021699004904980605,0.0,0.0,0.0,0.0,0.0074310766535797546
1779683104755221223,0.021323146383625858,0.0,0.0,0.0,0.0,0.008261998541967575
1779683104855095480,0.02103081856450464,0.0,0.0,0.0,0.0,0.012649698438418316
1779683104955233726,0.02072329003209845,0.0,0.0,0.0,0.0,0.017301845151340894
1779683105054867816,0.020275319335338392,0.0,0.0,0.0,0.0,0.022193444617210706
1779683105155268398,0.019998182516931584,0.0,0.0,0.0,0.0,0.02267269179151865
1779683105255295559,0.01971727097024735,0.0,0.0,0.0,0.0,0.02105574170075028
1779683105355053937,0.019443918490395076,0.0,0.0,0.0,0.0,0.019808139096967714
1779683105454870607,0.019185767813347274,0.0,0.0,0.0,0.0,0.01760524786108575
1779683105554992513,0.018942810105231543,0.0,0.0,0.0,0.0,0.014543483600675589
1779683105655072271,0.018574575279746288,0.0,0.0,0.0,0.0,0.011167562127738173
1779683105755453950,0.01832022179137153,0.0,0.0,0.0,0.0,0.009590947310889608
1779683105866092206,0.0,0.0,0.0,0.0,0.0,0.0
1779683105955950816,0.0,0.0,0.0,0.0,0.0,0.35
1779683106055465773,0.0,0.0,0.0,0.0,0.0,0.35
1779683106155033893,0.0,0.0,0.0,0.0,0.0,0.35
1779683106255098004,0.0,0.0,0.0,0.0,0.0,0.35
1779683106355511759,0.0,0.0,0.0,0.0,0.0,0.35
1779683106454978747,0.0,0.0,0.0,0.0,0.0,0.35
1779683106555122892,0.0,0.0,0.0,0.0,0.0,0.35
1779683106655107433,0.0,0.0,0.0,0.0,0.0,0.35
1779683106755318925,0.0,0.0,0.0,0.0,0.0,0.35
1779683106855116633,0.0,0.0,0.0,0.0,0.0,0.35
1779683106955531211,0.0,0.0,0.0,0.0,0.0,0.35
1779683107055431478,0.0,0.0,0.0,0.0,0.0,0.35
1779683107155564610,0.0,0.0,0.0,0.0,0.0,0.35
1779683107255129255,0.0,0.0,0.0,0.0,0.0,0.35
1779683107355885611,0.0,0.0,0.0,0.0,0.0,0.35
1779683107455153489,0.0,0.0,0.0,0.0,0.0,0.35
1779683107555509402,0.0,0.0,0.0,0.0,0.0,0.35
1779683107655119319,0.0,0.0,0.0,0.0,0.0,0.35
1779683107755709361,0.0,0.0,0.0,0.0,0.0,0.35
1779683107855109817,0.0,0.0,0.0,0.0,0.0,0.35
1779683107955358337,0.0,0.0,0.0,0.0,0.0,0.35
1779683108055386499,0.0,0.0,0.0,0.0,0.0,0.35
1779683108155627809,0.0,0.0,0.0,0.0,0.0,0.35
1779683108255164832,0.0,0.0,0.0,0.0,0.0,0.35
1779683108355093423,0.0,0.0,0.0,0.0,0.0,0.35
1779683108455200799,0.0,0.0,0.0,0.0,0.0,0.35
1779683108554835129,0.0,0.0,0.0,0.0,0.0,0.35
1779683108655184087,0.0,0.0,0.0,0.0,0.0,0.35
1779683108755835771,0.0,0.0,0.0,0.0,0.0,0.35
1779683108855460680,0.0,0.0,0.0,0.0,0.0,0.35
1779683108954818312,0.0,0.0,0.0,0.0,0.0,0.35
1779683109055087487,0.0,0.0,0.0,0.0,0.0,0.35
1779683109156285337,0.0,0.0,0.0,0.0,0.0,0.35
1779683109254996210,0.0,0.0,0.0,0.0,0.0,0.35
1779683109354779476,0.0,0.0,0.0,0.0,0.0,0.35
1779683109454861717,0.0,0.0,0.0,0.0,0.0,0.35
1779683109554963721,0.0,0.0,0.0,0.0,0.0,0.35
1779683109655816528,0.0,0.0,0.0,0.0,0.0,0.35
1779683109754873303,0.0,0.0,0.0,0.0,0.0,0.35
1779683109855753703,0.0,0.0,0.0,0.0,0.0,0.35
1779683109955581897,0.0,0.0,0.0,0.0,0.0,0.35
1779683110054942977,0.0,0.0,0.0,0.0,0.0,0.35
1779683110155079896,0.0,0.0,0.0,0.0,0.0,0.35
1779683110255104960,0.0,0.0,0.0,0.0,0.0,0.35
1779683110354916959,0.0,0.0,0.0,0.0,0.0,0.35
1779683110454886423,0.0,0.0,0.0,0.0,0.0,0.35
1779683110555648027,0.0,0.0,0.0,0.0,0.0,0.35
1779683110654831861,0.0,0.0,0.0,0.0,0.0,0.35
1779683110754815473,0.0,0.0,0.0,0.0,0.0,0.35
1779683110856119204,0.0,0.0,0.0,0.0,0.0,0.35
1779683110954758145,0.0,0.0,0.0,0.0,0.0,0.35
1779683111054982138,0.0,0.0,0.0,0.0,0.0,0.35
1779683111155001644,0.0,0.0,0.0,0.0,0.0,0.35
1779683111255609848,0.0,0.0,0.0,0.0,0.0,0.35
1779683111354910426,0.0,0.0,0.0,0.0,0.0,0.35
1779683111454919766,0.0,0.0,0.0,0.0,0.0,0.35
1779683111555768022,0.0,0.0,0.0,0.0,0.0,0.33236185975385335
1779683111654884108,0.0,0.0,0.0,0.0,0.0,0.28719850505713085
1779683111755180579,0.0,0.0,0.0,0.0,0.0,0.2454440792090944
1779683111854995607,0.0,0.0,0.0,0.0,0.0,0.20862119811173696
1779683111954987602,0.0,0.0,0.0,0.0,0.0,0.16175983347323353
1779683112055369826,0.0,0.0,0.0,0.0,0.0,0.1315334481001751
1779683112155424202,0.0,0.0,0.0,0.0,0.0,0.09677390586742862
1779683112256007325,0.0,0.0,0.0,0.0,0.0,0.09677390586742862
1779683112354774942,0.0,0.0,0.0,0.0,0.0,0.09677390586742862
1779683112455341126,0.0,0.0,0.0,0.0,0.0,0.09677390586742862
1779683112554989157,0.0,0.0,0.0,0.0,0.0,0.09677390586742862
1779683112654900717,0.0,0.0,0.0,0.0,0.0,0.09677390586742862
1779683112755377719,0.0,0.0,0.0,0.0,0.0,0.09677390586742862
1779683112855029760,0.0,0.0,0.0,0.0,0.0,0.09677390586742862
1779683112955525734,0.0,0.0,0.0,0.0,0.0,0.09677390586742862
1779683113055024247,0.0,0.0,0.0,0.0,0.0,0.09677390586742862
1779683113155841832,0.0,0.0,0.0,0.0,0.0,0.09677390586742862
1779683113255800821,0.0,0.0,0.0,0.0,0.0,0.09677390586742862
1779683113355431488,0.0,0.0,0.0,0.0,0.0,0.09677390586742862
1779683113455554559,0.0,0.0,0.0,0.0,0.0,0.09677390586742862
1779683113554980487,0.0,0.0,0.0,0.0,0.0,-0.09908278265004467
1779683113655165078,0.0,0.0,0.0,0.0,0.0,-0.11831144208307731
1779683113755466047,0.0,0.0,0.0,0.0,0.0,-0.11999905521726673
1779683113855220596,0.0,0.0,0.0,0.0,0.0,-0.11213766613555953
1779683113955455527,0.0,0.0,0.0,0.0,0.0,-0.09610274502636962
1779683114055202158,0.0,0.0,0.0,0.0,0.0,-0.09610274502636962
1779683114155146660,0.0,0.0,0.0,0.0,0.0,-0.09610274502636962
1779683114254801244,0.0,0.0,0.0,0.0,0.0,-0.09610274502636962
1779683114355193023,0.0,0.0,0.0,0.0,0.0,-0.09610274502636962
1779683114455283777,0.0,0.0,0.0,0.0,0.0,-0.09610274502636962
1779683114555540036,0.0,0.0,0.0,0.0,0.0,-0.09610274502636962
1779683114655261333,0.0,0.0,0.0,0.0,0.0,-0.09610274502636962
1779683114755559058,0.0,0.0,0.0,0.0,0.0,-0.09610274502636962
1779683114854919848,0.0,0.0,0.0,0.0,0.0,-0.09610274502636962
1779683114955737036,0.0,0.0,0.0,0.0,0.0,-0.09610274502636962
1779683115054886109,0.0,0.0,0.0,0.0,0.0,-0.09610274502636962
1779683115155124598,0.0,0.0,0.0,0.0,0.0,-0.09610274502636962
1779683115254913503,0.0,0.0,0.0,0.0,0.0,0.09052144032664944
1779683115357150740,0.0,0.0,0.0,0.0,0.0,0.10159493377350448
1779683115455271396,0.0,0.0,0.0,0.0,0.0,0.11080526868630436
1779683115555245561,0.0,0.0,0.0,0.0,0.0,0.10268787157344694
1779683115655347160,0.0,0.0,0.0,0.0,0.0,0.09017947237459523
1779683115754923207,0.0,0.0,0.0,0.0,0.0,0.09017947237459523
1779683115855245254,0.0,0.0,0.0,0.0,0.0,0.09017947237459523
1779683115957430158,0.0,0.0,0.0,0.0,0.0,0.09017947237459523
1779683116055115590,0.0,0.0,0.0,0.0,0.0,0.09017947237459523
1779683116155852707,0.0,0.0,0.0,0.0,0.0,0.09017947237459523
1779683116255819798,0.0,0.0,0.0,0.0,0.0,0.09017947237459523
1779683116356593693,0.0,0.0,0.0,0.0,0.0,0.09017947237459523
1779683116455775426,0.0,0.0,0.0,0.0,0.0,0.09017947237459523
1779683116555332830,0.0,0.0,0.0,0.0,0.0,0.09017947237459523
1779683116655256074,0.0,0.0,0.0,0.0,0.0,0.09017947237459523
1779683116755257583,0.0,0.0,0.0,0.0,0.0,0.09017947237459523
1779683116856371490,0.0,0.0,0.0,0.0,0.0,0.09017947237459523
1779683116955474980,0.0,0.0,0.0,0.0,0.0,0.09017947237459523
1779683117055131103,0.0,0.0,0.0,0.0,0.0,-0.09436825592344622
1779683117155012205,0.0,0.0,0.0,0.0,0.0,-0.10986933623327944
1779683117255554261,0.0,0.0,0.0,0.0,0.0,-0.1142399062255135
1779683117355501515,0.0,0.0,0.0,0.0,0.0,-0.09847248547850396
1779683117456337811,0.0,0.0,0.0,0.0,0.0,-0.09847248547850396
1779683117554793649,0.0,0.0,0.0,0.0,0.0,-0.09847248547850396
1779683117655590349,0.0,0.0,0.0,0.0,0.0,-0.09847248547850396
1779683117755730142,0.0,0.0,0.0,0.0,0.0,-0.09847248547850396
1779683117855490550,0.0,0.0,0.0,0.0,0.0,-0.09847248547850396
1779683117954903811,0.0,0.0,0.0,0.0,0.0,-0.09847248547850396
1779683118055726438,0.0,0.0,0.0,0.0,0.0,-0.09847248547850396
1779683118155049628,0.0,0.0,0.0,0.0,0.0,-0.09847248547850396
1779683118255485439,0.0,0.0,0.0,0.0,0.0,-0.09847248547850396
1779683118355209776,0.0,0.0,0.0,0.0,0.0,-0.09847248547850396
1779683118454894394,0.0,0.0,0.0,0.0,0.0,-0.09847248547850396
1779683118555239501,0.0,0.0,0.0,0.0,0.0,-0.09847248547850396
1779683118655612110,0.0,0.0,0.0,0.0,0.0,-0.09847248547850396
1779683118755100955,0.0,0.0,0.0,0.0,0.0,0.0932118497826222
1779683118855047338,0.0,0.0,0.0,0.0,0.0,0.10661714368232866
1779683118955069607,0.0,0.0,0.0,0.0,0.0,0.10839950799936049
1779683119054908032,0.0,0.0,0.0,0.0,0.0,0.09573950880355087
1779683119155133184,0.0,0.0,0.0,0.0,0.0,0.09573950880355087
1779683119255343315,0.0,0.0,0.0,0.0,0.0,0.09573950880355087
1779683119355716133,0.0,0.0,0.0,0.0,0.0,0.09573950880355087
1779683119455463452,0.0,0.0,0.0,0.0,0.0,0.09573950880355087
1779683119555853519,0.0,0.0,0.0,0.0,0.0,0.09573950880355087
1779683119655941432,0.0,0.0,0.0,0.0,0.0,0.09573950880355087
1779683119755426380,0.0,0.0,0.0,0.0,0.0,0.09573950880355087
1779683119855010540,0.0,0.0,0.0,0.0,0.0,0.09573950880355087
1779683119955135092,0.0,0.0,0.0,0.0,0.0,0.09573950880355087
1779683120055083397,0.0,0.0,0.0,0.0,0.0,0.09573950880355087
1779683120155053239,0.0,0.0,0.0,0.0,0.0,0.09573950880355087
1779683120255172692,0.0,0.0,0.0,0.0,0.0,0.09573950880355087
1779683120355023094,0.0,0.0,0.0,0.0,0.0,0.09573950880355087
1779683120455098407,0.0,0.0,0.0,0.0,0.0,-0.09381648808812515
1779683120555065210,0.0,0.0,0.0,0.0,0.0,-0.10615754924257437
1779683120655182021,0.0,0.0,0.0,0.0,0.0,-0.11660024129334912
1779683120754803099,0.0,0.0,0.0,0.0,0.0,-0.10919913510429291
1779683120854981663,0.0,0.0,0.0,0.0,0.0,-0.09265495931940593
1779683120955167510,0.0,0.0,0.0,0.0,0.0,-0.09265495931940593
1779683121055314595,0.0,0.0,0.0,0.0,0.0,-0.09265495931940593
1779683121154956505,0.0,0.0,0.0,0.0,0.0,-0.09265495931940593
1779683121255141326,0.0,0.0,0.0,0.0,0.0,-0.09265495931940593
1779683121354870383,0.0,0.0,0.0,0.0,0.0,-0.09265495931940593
1779683121454915934,0.0,0.0,0.0,0.0,0.0,-0.09265495931940593
1779683121555280518,0.0,0.0,0.0,0.0,0.0,-0.09265495931940593
1779683121654834534,0.0,0.0,0.0,0.0,0.0,-0.09265495931940593
1779683121755134678,0.0,0.0,0.0,0.0,0.0,-0.09265495931940593
1779683121854990212,0.0,0.0,0.0,0.0,0.0,-0.09265495931940593
1779683121955162942,0.0,0.0,0.0,0.0,0.0,-0.09265495931940593
1779683122054915874,0.0,0.0,0.0,0.0,0.0,-0.09265495931940593
1779683122154988830,0.0,0.0,0.0,0.0,0.0,-0.09265495931940593
1779683122254734265,0.0,0.0,0.0,0.0,0.0,0.09024307832924383
1779683122354996053,0.0,0.0,0.0,0.0,0.0,0.10186892813944026
1779683122454842547,0.0,0.0,0.0,0.0,0.0,0.10303581081671598
1779683122555305717,0.0,0.0,0.0,0.0,0.0,0.09455400222160404
1779683122655064676,0.0,0.0,0.0,0.0,0.0,0.09455400222160404
1779683122754877957,0.0,0.0,0.0,0.0,0.0,0.09455400222160404
1779683122855247669,0.0,0.0,0.0,0.0,0.0,0.09455400222160404
1779683122955036821,0.0,0.0,0.0,0.0,0.0,0.09455400222160404
1779683123055028980,0.0,0.0,0.0,0.0,0.0,0.09455400222160404
1779683123154992572,0.0,0.0,0.0,0.0,0.0,0.09455400222160404
1779683123254844604,0.0,0.0,0.0,0.0,0.0,0.09455400222160404
1779683123355326473,0.0,0.0,0.0,0.0,0.0,0.09455400222160404
1779683123454815479,0.0,0.0,0.0,0.0,0.0,0.09455400222160404
1779683123554784545,0.0,0.0,0.0,0.0,0.0,0.09455400222160404
1779683123654986967,0.0,0.0,0.0,0.0,0.0,0.09455400222160404
1779683123755136932,0.0,0.0,0.0,0.0,0.0,0.09455400222160404
1779683123855666825,0.0,0.0,0.0,0.0,0.0,0.09455400222160404
1779683123955254199,0.0,0.0,0.0,0.0,0.0,-0.09963511575264672
1779683124054753082,0.0,0.0,0.0,0.0,0.0,-0.11212849103880584
1779683124155762479,0.0,0.0,0.0,0.0,0.0,-0.11425454960182502
1779683124255709219,0.0,0.0,0.0,0.0,0.0,-0.10048158266480534
1779683124355479900,0.0,0.0,0.0,0.0,0.0,-0.10048158266480534
1779683124455295655,0.0,0.0,0.0,0.0,0.0,-0.10048158266480534
1779683124555198985,0.0,0.0,0.0,0.0,0.0,-0.10048158266480534
1779683124655811957,0.0,0.0,0.0,0.0,0.0,-0.10048158266480534
1779683124755528648,0.0,0.0,0.0,0.0,0.0,-0.10048158266480534
1779683124856172581,0.0,0.0,0.0,0.0,0.0,-0.10048158266480534
1779683124955050928,0.0,0.0,0.0,0.0,0.0,-0.10048158266480534
1779683125055247093,0.0,0.0,0.0,0.0,0.0,-0.10048158266480534
1779683125155051507,0.0,0.0,0.0,0.0,0.0,-0.10048158266480534
1779683125255542341,0.0,0.0,0.0,0.0,0.0,-0.10048158266480534
1779683125357100672,0.0,0.0,0.0,0.0,0.0,-0.10048158266480534
1779683125455286802,0.0,0.0,0.0,0.0,0.0,-0.10048158266480534
1779683125555582342,0.0,0.0,0.0,0.0,0.0,-0.10048158266480534
1779683125655378826,0.0,0.0,0.0,0.0,0.0,0.1006973436438785
1779683125754997426,0.0,0.0,0.0,0.0,0.0,0.11310450353604629
1779683125854988665,0.0,0.0,0.0,0.0,0.0,0.12593574020449072
1779683125955920191,0.0,0.0,0.0,0.0,0.0,0.1179557055692404
1779683126055398608,0.0,0.0,0.0,0.0,0.0,0.10227119657905037
1779683126154936105,0.0,0.0,0.0,0.0,0.0,0.10227119657905037
1779683126255277385,0.0,0.0,0.0,0.0,0.0,0.10227119657905037
1779683126355349426,0.0,0.0,0.0,0.0,0.0,0.10227119657905037
1779683126455188083,0.0,0.0,0.0,0.0,0.0,0.10227119657905037
1779683126555169183,0.0,0.0,0.0,0.0,0.0,0.10227119657905037
1779683126655329990,0.0,0.0,0.0,0.0,0.0,0.10227119657905037
1779683126754847480,0.0,0.0,0.0,0.0,0.0,0.10227119657905037
1779683126855296135,0.0,0.0,0.0,0.0,0.0,0.10227119657905037
1779683126955742668,0.0,0.0,0.0,0.0,0.0,0.10227119657905037
1779683127054821038,0.0,0.0,0.0,0.0,0.0,0.10227119657905037
1779683127154968412,0.0,0.0,0.0,0.0,0.0,0.10227119657905037
1779683127255037778,0.0,0.0,0.0,0.0,0.0,0.10227119657905037
1779683127355038527,0.0,0.0,0.0,0.0,0.0,0.10227119657905037
1779683127455126815,0.0,0.0,0.0,0.0,0.0,-0.09924277039255203
1779683127555237892,0.0,0.0,0.0,0.0,0.0,-0.11309909138075036
1779683127655384905,0.0,0.0,0.0,0.0,0.0,-0.123381953710066
1779683127755900235,0.0,0.0,0.0,0.0,0.0,-0.11404746305342428
1779683127855369054,0.0,0.0,0.0,0.0,0.0,-0.09635886710414332
1779683127955034817,0.0,0.0,0.0,0.0,0.0,-0.09635886710414332
1779683128055044981,0.0,0.0,0.0,0.0,0.0,-0.09635886710414332
1779683128155023198,0.0,0.0,0.0,0.0,0.0,-0.09635886710414332
